cluster,split,Complex_ID
0,ext,5Z58
0,ext,6AH0
0,ext,7DVQ
0,ext,7BDI
1,ext,6ICZ
1,ext,7W5A
1,ext,6ID0
1,ext,7W59
2,ext,4RH7
3,ext,7WTB
3,ext,7WTC
4,ext,5JUY
4,ext,5WVE
5,ext,7KTR
6,ext,7R04
6,ext,3P7Z
6,ext,3PG7
6,ext,2E2X
6,ext,2D4Q
6,ext,7PGU
6,ext,7PGQ
7,ext,7SOL
8,ext,6LN5
8,ext,6JJU
8,ext,6LLE
9,ext,8PTX
10,ext,2JG4
10,ext,4PFC
10,ext,4PF9
10,ext,7K1F
10,ext,2G56
10,ext,4GSF
10,ext,4PES
10,ext,6EDS
10,ext,6MQ3
10,ext,2G49
10,ext,4GS8
10,ext,2G47
10,ext,4DWK
10,ext,3H44
10,ext,2JBU
10,ext,4QIA
11,ext,5J6S
12,ext,4FPA
12,ext,1HKC
13,ext,9BMH
14,train,5hfu
14,train,5hex
14,train,5hg1
15,ext,3L4V
15,ext,3L4T
15,ext,3L4Z
15,ext,3L4Y
15,ext,3L4X
15,ext,3L4U
15,ext,3L4W
16,ext,1L5Q
16,ext,3DDS
16,ext,2ZB2
16,ext,1L5R
16,ext,1L7X
16,ext,3DD1
16,ext,3CEH
16,ext,1FA9
17,ext,9CXG
18,ext,7RLF
18,ext,7RLC
18,ext,7RLH
18,ext,4KLN
18,ext,7VCU
18,ext,7VCT
18,ext,7VCX
18,ext,5C1B
18,ext,5C18
18,ext,3HU1
18,ext,7RL7
18,ext,3HU3
18,ext,7VCV
18,ext,7R7S
18,ext,4KO8
18,ext,7RLJ
18,ext,8HL7
18,ext,3HU2
19,ext,8X90
20,train,4tv3
20,train,4waf
20,train,4ykn
20,train,5xgh
20,train,4jps
20,train,3hhm
20,train,5ul1
20,train,5ukj
20,train,4l23
20,train,3zim
20,train,5itd
20,ext,8TSA
20,ext,7K6N
20,ext,8EXL
20,ext,5UBR
20,ext,6GVF
20,ext,5SWP
20,ext,4OVV
20,ext,7K6M
20,ext,8GUA
20,ext,8TWY
20,ext,8V8I
20,ext,7JIU
20,ext,8OW2
20,ext,8V8U
20,ext,7MLK
20,ext,8W9B
20,ext,4A55
20,ext,6PYS
20,ext,5SXF
20,ext,5DXH
20,ext,5DXT
20,ext,8TSD
20,ext,6OAC
20,ext,5SXE
20,ext,6GVG
20,ext,8TDU
20,ext,8EXO
20,ext,8GUD
20,ext,6GVI
20,ext,4L2Y
20,ext,5FI4
20,ext,8EXU
20,ext,7K6O
20,ext,7R9V
20,ext,7R9Y
20,ext,8EXV
20,ext,6GVH
20,ext,7K71
20,ext,8TSB
20,ext,8ILR
21,ext,6AUI
21,ext,6LKM
22,ext,7LW1
23,ext,3NOX
23,ext,5T4F
23,ext,3EIO
23,ext,2BUB
23,ext,3VJM
23,ext,2FJP
23,ext,6B1O
23,ext,1TKR
23,ext,3W2T
23,ext,2P8S
23,ext,4A5S
23,ext,3VJL
23,ext,3OPM
23,ext,5T4H
23,ext,3VJK
23,ext,3KWF
23,ext,5J3J
23,ext,4PNZ
23,ext,3F8S
24,ext,7SX4
25,ext,8VYJ
25,ext,8VYK
26,ext,7W9M
26,ext,7W9P
26,ext,7W9T
27,ext,5EDU
28,ext,8G0L
29,ext,5O5R
29,ext,4NGS
30,ext,7YAH
30,ext,7YAI
30,ext,7YAJ
31,ext,7OTP
32,ext,6LKN
33,ext,6WZV
33,ext,6X1M
33,ext,7NFY
34,ext,8SXT
35,ext,2Y48
35,ext,6K3E
35,ext,7E0G
35,ext,8BOX
36,ext,6ZY6
36,ext,6ZY5
37,ext,5EBZ
38,ext,7XLQ
39,ext,8JFK
39,ext,8JFL
40,ext,8PNQ
41,ext,7SFL
41,ext,7N3N
42,ext,7EPB
42,ext,8JD0
42,ext,8JCX
42,ext,8JCV
43,ext,8CSG
43,ext,7M05
43,ext,7MXC
43,ext,8CYI
43,ext,7ZVU
43,ext,5EMK
43,ext,7S1S
43,ext,6V0P
43,ext,6RLQ
43,ext,7MXG
43,ext,8G1U
43,ext,7S1R
44,ext,8J3W
44,ext,8ZBU
45,ext,5TE1
45,ext,8G1F
45,ext,5TET
45,ext,5TDE
45,ext,8G5D
46,train,2fah
47,ext,4RSY
47,ext,5AEN
48,ext,8FHD
49,ext,7NTC
49,ext,7WQV
50,ext,3FXI
50,ext,8WTA
51,ext,6WM2
52,ext,2VGL
53,ext,7D3E
54,ext,7Q13
55,ext,8R1A
56,ext,9CTF
56,ext,9CTG
57,ext,7TJ9
58,train,3t0t
58,train,3t07
59,ext,6R7S
59,ext,1TF0
59,ext,8YXB
59,ext,3UIV
59,ext,7JWN
60,ext,5NN4
61,ext,7WLL
62,ext,4AYX
62,ext,4AYT
63,ext,8GZ3
63,ext,8X2L
63,ext,8KEI
63,ext,8WEJ
64,ext,5NDD
64,ext,5NDZ
65,ext,7SR6
66,ext,8EYO
67,ext,7E7O
68,ext,9D3C
68,ext,9IYP
69,ext,5YQZ
69,ext,5XF1
70,ext,7MII
70,ext,7MH1
70,ext,7MIH
71,ext,8CD0
71,ext,8CHS
72,ext,7MIG
72,ext,7MIF
72,ext,7MGZ
72,ext,7MH0
73,ext,5I73
73,ext,6AWP
73,ext,6DZW
73,ext,6AWO
74,train,4wnk
74,ext,6PJX
74,ext,9BRE
74,ext,8UAP
74,ext,8UAQ
74,ext,4TNB
75,ext,7U2P
76,ext,8SS6
76,ext,6DLZ
76,ext,6DM1
76,ext,6DM0
76,ext,6O9G
77,ext,8PU0
77,ext,8PTY
77,ext,8PTZ
78,ext,9GEK
79,ext,9EVJ
80,ext,6S24
81,ext,2D7I
81,ext,2D7R
82,ext,7UAF
83,ext,8T8M
84,ext,6UO8
85,ext,2HRR
85,ext,2HRQ
86,ext,7Y7Y
86,ext,7Y7W
86,ext,7Y7Z
87,ext,4KXB
88,ext,8IMX
88,ext,8IMY
89,ext,2XQK
89,ext,4AQD
89,ext,7BGC
89,ext,4B0O
89,ext,2WIL
89,ext,6EQP
89,ext,4B0P
89,ext,5K5E
89,ext,6EQQ
89,ext,4XII
89,ext,2XQI
89,ext,2XQF
89,ext,6SAM
89,ext,2XQJ
89,ext,7Q1N
89,ext,8AM2
89,ext,2WIJ
89,ext,2WID
89,ext,5DYW
89,ext,2WIK
89,ext,6F7Q
89,ext,2WIG
90,ext,4H2F
91,ext,1RRJ
92,train,4fxf
92,train,1t5a
92,train,4b2d
92,ext,4JPG
92,ext,8G2E
92,ext,4RPP
92,ext,3GR4
92,ext,5X1W
92,ext,4YJ5
92,ext,6NUB
93,ext,8TBT
93,ext,5SC9
93,ext,2VGB
93,ext,2VGI
93,ext,8TBS
93,ext,2VGG
93,ext,8TBU
93,ext,6NN4
93,ext,2VGF
94,ext,9DTQ
95,train,5gn6
95,train,5gn5
96,ext,7VFU
96,ext,7VFS
96,ext,7VFW
96,ext,7VFV
97,ext,8U5Q
97,ext,8U5C
97,ext,9JBH
97,ext,8U56
98,ext,7DSX
99,ext,9CQC
100,ext,8EDW
101,ext,3WF3
102,ext,8HID
102,ext,8WZH
102,ext,1DGG
102,ext,8WZK
102,ext,8WZM
102,ext,8SGV
102,ext,7VD9
102,ext,8PVD
102,ext,8EL9
102,ext,8WZJ
102,ext,1DGB
102,ext,1DGH
103,ext,4YHJ
104,ext,8IO0
104,ext,6GYO
104,ext,3U10
104,ext,3OTF
104,ext,4HBN
104,ext,3U11
105,train,1bo5
106,ext,3KEH
107,ext,3QFB
107,ext,3QFA
108,ext,8JVI
108,ext,8T1B
108,ext,8T1D
108,ext,8FCB
108,ext,8JVJ
108,ext,8JU6
108,ext,8FC8
108,ext,8JU5
108,ext,8T1F
108,ext,8FCA
109,ext,7SD0
110,ext,8PQL
110,ext,8Q7R
111,ext,7URF
111,ext,7MHZ
112,ext,7M3J
112,ext,9AXF
112,ext,7M3G
113,ext,4EY6
113,ext,6NTM
113,ext,6CQV
113,ext,4EY5
113,ext,4EY7
113,ext,5HF9
113,ext,6NTG
113,ext,4M0E
113,ext,6CQU
113,ext,6CQX
113,ext,6WUZ
113,ext,6NTN
114,ext,5FHZ
115,ext,5AM9
115,ext,6ZPT
115,ext,6ZPQ
115,ext,2XYD
116,train,3pp7
117,ext,2HI4
118,train,6bod
118,train,5w5v
118,train,6cq4
118,train,6boe
118,train,4im0
118,train,6bny
118,train,6cq5
118,train,6cq0
118,ext,4IM2
118,ext,6O8C
118,ext,4EUT
119,ext,9EWY
120,ext,6DW3
120,ext,4QFZ
120,ext,7LTT
120,ext,4ZWE
120,ext,4QFX
120,ext,4TO3
120,ext,4TNP
120,ext,6CM2
120,ext,4BZB
120,ext,4TNX
120,ext,4TNQ
120,ext,8QXJ
120,ext,4RXP
120,ext,4TNZ
120,ext,6DW4
120,ext,4QG0
120,ext,4TNY
120,ext,4TO5
120,ext,6DWK
120,ext,4TO0
120,ext,4ZWG
120,ext,4TO4
120,ext,4QFY
120,ext,4RXR
120,ext,4QG1
120,ext,6DW7
120,ext,7S2Y
120,ext,6DW5
120,ext,4TO2
120,ext,4TNR
120,ext,7LU5
120,ext,4RXS
120,ext,4TO1
120,ext,6DWJ
120,ext,6DWD
121,ext,6DWN
122,ext,3NVN
123,ext,8EOI
124,ext,8B4W
124,ext,7O1U
124,ext,8B4V
124,ext,7O1Y
124,ext,7O1W
124,ext,7O20
125,ext,6IGK
125,ext,6IGL
126,ext,7DSQ
127,train,1m51
127,train,3moe
127,train,1nhx
127,train,2gmv
127,train,3moh
128,ext,8Z6H
129,train,3n51
129,train,3upz
129,train,3i7c
129,train,3upx
129,train,3t3v
129,train,3i7b
129,train,4yjn
129,train,4mxa
129,train,4m84
129,train,3sx9
129,train,6bfa
129,train,4mx9
129,train,4ona
130,ext,7WSM
130,ext,7WSN
131,ext,4CYG
132,train,2z60
132,train,3qri
132,train,2hz0
132,train,2hzi
132,train,2f4j
132,train,3kf4
132,train,3qrj
132,train,2xyn
132,train,3oxz
132,train,6hd4
132,train,2e2b
132,train,3qrk
132,train,1iep
132,train,6npu
132,train,2hzn
132,train,3ue4
132,train,6npe
132,train,2hyy
132,train,2hz4
132,train,3kfa
132,train,6npv
132,train,3ik3
132,train,4yc8
132,train,3oy3
132,train,2qoh
132,ext,7N9G
132,ext,2FO0
132,ext,7W7Y
132,ext,3HMI
132,ext,2G2F
132,ext,2V7A
132,ext,7W7X
133,ext,6V2E
134,ext,7K15
135,train,4wbo
135,train,3qc9
135,ext,7MTB
136,train,3krw
136,train,5wg4
136,train,5ukk
136,train,5ukm
136,train,5uuu
136,train,5wg5
136,train,5wg3
136,train,5ukl
136,train,4pnk
136,train,5uvc
136,train,4mk0
136,ext,7PWD
136,ext,5HE3
137,ext,7RHG
138,train,5o0j
139,ext,3IMX
139,ext,4DCH
139,ext,4NO7
139,ext,3IDH
139,ext,3QIC
139,ext,3F9M
139,ext,4ISG
139,ext,3H1V
139,ext,4RCH
139,ext,3FR0
139,ext,3ID8
139,ext,3FGU
139,ext,3A0I
139,ext,4MLH
139,ext,3GOI
139,ext,1V4S
139,ext,4MLE
139,ext,3VEY
139,ext,4ISF
140,train,3el7
140,train,1o4j
140,train,3f3t
140,train,5d11
140,train,4lgh
140,train,1o47
140,train,1o4n
140,train,3el8
140,train,1nlp
140,train,5d10
140,train,5d12
140,train,2bdj
140,train,1o4d
140,train,1a1b
140,train,1o4i
140,train,6f3f
140,train,3f3w
140,train,1o4e
140,train,1a1c
140,train,2hwp
140,train,1bkm
140,train,1o42
140,train,1o4g
140,train,4u5j
140,train,5teh
140,train,1o4q
140,train,1o4b
140,train,3g6h
140,train,4mcv
140,train,5xp7
140,train,3lok
140,train,2hwo
140,train,5sys
140,train,4dgg
140,train,1a09
140,train,1o41
140,train,3u4w
140,train,1o4m
140,train,3f3u
140,train,3f3v
140,train,1is0
140,train,1o4h
140,train,4ybj
140,train,1o44
140,train,2bdf
140,train,3u51
140,train,1o43
140,train,1o4k
140,train,1o48
140,train,1y57
140,train,3g6g
140,train,3svv
140,train,1o4r
140,train,1o45
140,train,5swh
140,train,3g5d
140,train,1o4p
140,train,1o4o
140,train,1a07
140,train,1o4f
140,train,3uqg
140,train,2h8h
140,train,1skj
140,train,1o46
140,train,4fic
140,train,1o4a
140,train,1o49
140,train,3uqf
140,train,4lgg
140,ext,3D7T
140,ext,8JN8
140,ext,4MXZ
141,ext,8EVA
141,ext,8EUC
142,ext,4N7E
142,ext,6X4H
142,ext,5MRH
143,ext,3R6N
144,ext,4PYP
144,ext,5EQG
144,ext,6THA
144,ext,5EQI
144,ext,5EQH
145,ext,6TEZ
145,ext,8ONE
145,ext,6TES
145,ext,6TEC
146,ext,5M8M
146,ext,5M8P
147,ext,6FW2
148,train,4rcg
149,ext,4X4S
149,ext,4X4O
149,ext,4X4V
149,ext,4X4R
150,train,3vry
150,train,5h0h
150,train,5h09
150,train,3vs3
150,train,2c0o
150,train,5h0g
150,train,2hk5
150,train,5h0b
150,train,5h0e
150,ext,3VS2
150,ext,2C0I
151,ext,5N5N
151,ext,7M18
151,ext,6PC4
152,ext,7QQG
153,ext,5XR8
153,ext,5XRA
153,ext,7V3Z
153,ext,5TGZ
154,ext,7DDZ
155,ext,9C57
156,ext,6HCY
156,ext,6HD1
157,ext,5SCJ
157,ext,7QDN
157,ext,5SCF
157,ext,7FRZ
157,ext,7FS1
157,ext,5SCD
158,ext,3QE2
158,ext,5EMN
159,ext,6XBL
160,ext,5FA6
160,ext,3QFC
160,ext,3QFR
161,ext,6TA0
161,ext,2E5C
161,ext,4N9E
161,ext,3DKJ
162,ext,8REV
163,ext,3FJO
164,ext,6TD3
165,ext,9CHU
165,ext,9CHX
165,ext,9CHV
166,ext,2A2D
166,ext,2A2C
167,ext,6PKC
167,ext,5DDB
167,ext,5DB2
167,ext,4GQ4
167,ext,6BXY
167,ext,8VA6
167,ext,6WNH
167,ext,7O9X
167,ext,5DDD
167,ext,5DDC
168,ext,9DUQ
168,ext,5JCO
168,ext,6OJQ
169,ext,6WY5
170,train,3r7q
170,train,3nzu
170,train,6aud
170,train,4g11
170,train,5g2n
170,train,4flh
170,train,3zw3
170,train,4kzc
170,train,3r7r
170,train,4ezj
170,train,3l13
170,train,4anx
170,train,3apc
170,train,4ps8
170,train,4wwn
170,train,3dpd
170,train,4wwo
170,train,4ps7
170,train,6c1s
170,train,3tl5
170,train,2a5u
170,train,2a4z
170,train,5jha
170,train,3sd5
170,train,5oq4
170,train,4anu
170,train,4ps3
170,train,3ps6
170,train,4fjz
170,train,4anw
170,train,3nzs
170,train,5t23
170,train,3l08
170,train,4dk5
170,train,4urk
170,train,4kz0
170,train,4j6i
170,train,4aof
170,train,3oaw
170,train,3l54
170,train,4anv
170,train,3lj3
170,train,4f1s
170,train,3l16
170,train,3zvv
170,train,3l17
170,train,3prz
170,train,4wwp
170,train,4ezk
170,train,4hvb
170,train,4ezl
170,ext,6XRL
170,ext,4FA6
170,ext,5KAE
170,ext,3DBS
170,ext,6XRN
170,ext,3P2B
170,ext,3APD
170,ext,7Z61
170,ext,3MJW
170,ext,2CHZ
170,ext,6FH5
170,ext,3TJP
170,ext,6T3B
170,ext,3CSF
170,ext,3ML9
170,ext,7JWZ
170,ext,3ENE
170,ext,6GQ7
170,ext,7JX0
170,ext,4FAD
170,ext,4FUL
170,ext,1E8Z
170,ext,5JHB
170,ext,4GB9
170,ext,4HLE
170,ext,6T3C
170,ext,2V4L
170,ext,3QJZ
170,ext,6XRM
170,ext,3ML8
170,ext,2CHW
170,ext,3T8M
170,ext,7JWE
170,ext,4XX5
170,ext,7KKE
170,ext,4XZ4
170,ext,3CST
170,ext,3PRE
171,ext,7X2U
172,ext,7LLA
172,ext,6UV5
172,ext,5TES
172,ext,5TDF
173,ext,7ZI0
174,ext,7XN5
175,ext,3EJ8
176,ext,8HLP
177,ext,7REC
177,ext,3BHH
177,ext,2VZ6
177,ext,3SOA
178,ext,6YB8
178,ext,7ALE
179,ext,8UBW
179,ext,8UBY
179,ext,8UBZ
180,train,2x6j
180,train,2x6k
181,ext,4IDQ
182,train,1kf0
182,train,1vjd
182,train,1vjc
182,train,5np8
182,ext,3C3A
182,ext,2XE7
182,ext,3C39
182,ext,2XE8
183,train,16pk
184,ext,5AJZ
184,ext,5AK0
184,ext,6ETJ
184,ext,6HVJ
184,ext,3QPV
185,ext,6PAY
185,ext,7PJN
185,ext,6IO0
186,ext,3FEC
187,ext,7XPY
188,ext,8JTT
188,ext,8JTS
189,ext,6ZRC
189,ext,6ZRD
189,ext,8TX8
190,ext,9JD4
190,ext,9JDG
190,ext,9JD3
190,ext,9JD9
191,ext,1D8E
191,ext,1LD8
191,ext,1TN6
191,ext,2H6H
191,ext,1LD7
191,ext,1JCQ
191,ext,2F0Y
191,ext,2H6F
192,ext,6U8R
192,ext,6I0M
193,ext,7VPI
194,ext,6VUM
195,ext,6PT3
195,ext,4RWD
195,ext,4N6H
195,ext,4RWA
196,ext,7RY1
197,ext,6B73
197,ext,4DJH
197,ext,7YIT
198,ext,3QX3
198,ext,5GWI
198,ext,5GWJ
198,ext,4G0V
199,ext,5HZI
200,ext,6L6N
201,ext,8EBT
202,train,4ph4
202,train,4uwh
202,train,4oys
202,train,4uwl
202,train,6i3u
202,train,4uwk
202,train,4uwg
202,train,4uwf
202,ext,5ENN
202,ext,5ANL
202,ext,3LS8
203,train,4u6r
203,train,4z7h
203,train,4pl3
203,train,4pl4
203,train,3p23
203,ext,4YZC
203,ext,6XDB
204,ext,4GZ6
204,ext,5BNW
204,ext,6MA5
204,ext,6MA3
204,ext,4GZ5
204,ext,5C1D
204,ext,6MA2
204,ext,4N3B
204,ext,4XI9
204,ext,6MA1
204,ext,4N3C
205,ext,3TX7
205,ext,7AFW
205,ext,7ZRB
206,ext,6W1D
206,ext,6WI2
206,ext,7RTK
207,ext,4P10
208,ext,9KRH
209,train,2wxl
209,train,5t2d
209,train,5t27
209,train,2wxg
209,train,2wxp
209,train,5ngb
209,train,6ez6
209,train,5t2g
209,train,5t2i
209,train,5t2l
209,train,6ocu
209,train,6oco
209,train,2wxo
209,train,2wxj
209,train,6ftn
209,train,5t2m
209,train,5o83
209,train,6eyz
209,train,2wxq
209,train,5m6u
209,train,5ncy
209,train,6dgt
209,train,2wxm
209,train,2wxi
209,train,4ajw
209,train,2wxk
209,train,2wxf
209,train,2x38
209,train,5t2b
209,train,5vlr
209,train,2wxn
209,train,4v0i
209,train,5ubt
209,train,5l72
209,train,5t28
209,train,2wxh
209,train,5ncz
209,ext,7LQ1
209,ext,6G6W
209,ext,5T8F
209,ext,7LM2
210,ext,4QIN
210,ext,4O9R
211,train,3ncz
211,train,5uzj
211,train,3tv7
211,train,5bml
211,train,3v8s
211,train,4yve
211,train,2etk
211,train,5hvu
211,train,5kkt
211,train,3ndm
211,train,6e9w
211,train,4yvc
211,train,4w7p
211,train,5kks
211,train,3twj
211,train,2esm
211,train,2etr
211,train,3d9v
211,ext,5WNG
211,ext,7JOU
212,ext,5CR7
212,ext,2XJF
212,ext,6DDH
212,ext,2XCV
212,ext,2XJC
213,ext,8TU9
213,ext,8W4A
213,ext,8JL1
213,ext,8JL4
213,ext,8JL3
214,ext,5ED1
214,ext,9D5J
214,ext,7KFN
214,ext,5HP2
214,ext,6D06
214,ext,5HP3
214,ext,6VFF
214,ext,5ED2
215,ext,6CUD
216,ext,1O86
216,ext,1UZE
217,ext,7VSG
217,ext,7BSP
217,ext,7BSU
218,ext,4LXA
218,ext,6DHC
218,ext,4XXS
218,ext,4FM7
218,ext,6EJ3
218,ext,4LXK
218,ext,6UWV
218,ext,2VJ7
218,ext,3UFL
218,ext,3UQW
218,ext,5I3X
218,ext,2QZK
218,ext,5TOL
218,ext,2WF3
218,ext,3IN3
218,ext,2Q11
218,ext,3NSH
218,ext,3SKF
218,ext,3R2F
218,ext,3DM6
218,ext,5QD7
218,ext,3CIC
218,ext,3U6A
218,ext,5QCY
218,ext,3L38
218,ext,3TPP
218,ext,5QD5
218,ext,4D88
218,ext,3L5B
218,ext,5QD2
218,ext,5QCR
218,ext,6NV7
218,ext,3VF3
218,ext,3DV5
218,ext,3S7M
218,ext,3UQX
218,ext,2F3E
218,ext,5HU1
218,ext,3L5E
218,ext,5MXD
218,ext,3IXK
218,ext,2VIZ
218,ext,2QU3
218,ext,4KE0
218,ext,5QD1
218,ext,2VJ6
218,ext,2WF1
218,ext,4DJX
218,ext,3QI1
218,ext,4DI2
218,ext,4B77
218,ext,3KMX
218,ext,6OD6
218,ext,6WNY
218,ext,6BFD
218,ext,2QZL
218,ext,5QD0
218,ext,3I25
218,ext,7B1Q
218,ext,5T1W
218,ext,2WF2
218,ext,5QCX
218,ext,4R95
218,ext,3BUH
218,ext,4H3J
218,ext,2G94
218,ext,5HDU
218,ext,4FM8
218,ext,2VJ9
219,ext,7MSR
220,ext,1WUU
220,ext,6Q3W
220,ext,6GR2
220,ext,6Q8Z
220,ext,6ZFH
220,ext,6ZGV
220,ext,7RCL
221,ext,3HG5
221,ext,3S5Z
221,ext,3HG4
222,ext,8OV6
223,ext,5MKR
223,ext,5AQY
223,ext,5AQX
223,ext,5MKS
223,ext,4IO8
223,ext,5AQW
223,ext,5BN9
223,ext,5AQZ
224,ext,8CTG
225,ext,2A1T
225,ext,1T9G
226,ext,7Y0A
227,ext,1JVQ
227,ext,1LK6
228,train,3nyn
229,ext,9B83
230,ext,7YI7
231,ext,8T4M
231,ext,5U6P
231,ext,6UQF
231,ext,8T50
231,ext,6UQG
231,ext,9BC7
231,ext,8T4Y
232,ext,9GR0
233,ext,2RAK
234,ext,6DFM
234,ext,3LDP
234,ext,6DFO
234,ext,6DWS
234,ext,6DO2
234,ext,5EXW
234,ext,6CZ1
235,ext,7P3B
236,ext,5W4X
237,ext,5AQF
238,ext,8AXZ
238,ext,5A1G
238,ext,7RXV
238,ext,6FBO
238,ext,5A1I
239,ext,7X6I
239,ext,8GVX
240,ext,9N0X
241,ext,2V4M
241,ext,6ZMJ
241,ext,6ZMK
242,train,5wrs
243,ext,7TUN
244,ext,3D5E
244,ext,3F98
245,ext,4X93
246,ext,5C91
247,ext,6UEL
247,ext,6W2J
248,ext,8T45
248,ext,8T3R
248,ext,8T47
249,ext,9FSH
250,ext,5ICN
250,ext,6Z2J
250,ext,7AOA
250,ext,7AO9
250,ext,7AO8
250,ext,6WI3
251,train,3tku
251,ext,4UAL
252,ext,9AUC
252,ext,8F0J
252,ext,7TYW
253,ext,7SCE
253,ext,7SCD
254,ext,7X0T
254,ext,7RR9
255,ext,9AS3
255,ext,6A93
255,ext,6A94
255,ext,9AS7
255,ext,6WH4
255,ext,6WGT
256,ext,8DMQ
256,ext,8DMS
257,ext,9B0U
257,ext,9B0T
257,ext,9B14
258,ext,5MVC
258,ext,3F1Q
258,ext,6JMD
258,ext,7K2U
258,ext,3KVL
258,ext,4JGD
258,ext,3ZWT
258,ext,6LP8
258,ext,6LZL
258,ext,4JS3
258,ext,6CJG
258,ext,8DHF
258,ext,6JME
258,ext,8DHH
258,ext,5ZF8
258,ext,4YLW
258,ext,6LP7
258,ext,3FJL
258,ext,2PRM
258,ext,5H2Z
258,ext,6LP6
258,ext,8DHG
258,ext,6M2B
258,ext,6CJF
258,ext,4RKA
259,train,5xs2
260,ext,5WUK
260,ext,7QJU
260,ext,7QK4
260,ext,6W7G
260,ext,5H17
260,ext,6LO2
260,ext,5U5T
260,ext,5U5K
260,ext,7MSD
260,ext,7SI4
260,ext,5H24
260,ext,5H19
260,ext,7QJG
260,ext,5H15
260,ext,5H25
260,ext,5GSA
261,ext,8W6C
262,ext,8WGB
263,ext,8A5W
264,ext,9IOL
264,ext,7ZVT
265,train,4l6q
265,train,6ed6
265,ext,8X8Z
265,ext,8X92
266,ext,6XDS
267,ext,2WBI
268,ext,3W3K
268,ext,3W3M
268,ext,4R07
269,train,3vzd
269,train,4l02
269,ext,4V24
270,ext,7D73
271,ext,5QIE
271,ext,5QIF
271,ext,5QIC
271,ext,7M2O
271,ext,2NZL
271,ext,5QIH
271,ext,5QID
271,ext,6W45
271,ext,7R4O
271,ext,6W44
271,ext,5QIG
271,ext,7R4P
271,ext,2RDU
271,ext,2RDT
271,ext,6W4C
272,train,2xrw
272,train,4x21
272,train,4z9l
272,train,2ok1
272,train,3rtp
272,train,3kvx
272,train,4qtd
272,train,1pmn
272,train,4hys
272,train,4u79
272,train,4w4w
272,train,2r9s
272,train,2waj
272,train,3v6s
272,train,3v3v
272,train,2zdt
272,train,2p33
272,train,2g01
272,train,3tti
272,train,4y46
272,train,3da6
272,train,2exc
272,train,1pmu
272,train,3ptg
272,train,6ekd
272,train,2no3
272,train,3o2m
272,train,4awi
272,train,6emh
272,train,3ttj
272,train,2b1p
272,train,3fi2
272,train,4w4x
272,train,1pmv
272,train,2h96
272,train,4l7f
272,train,4y5h
272,train,3g90
272,train,3fv8
272,train,2o2u
272,train,2gmx
272,train,3oxi
272,train,3oy1
272,train,4w4v
272,train,4w4y
272,train,3g9l
272,train,4izy
272,train,3g9n
272,train,4whz
272,train,3v6r
272,train,2xs0
272,train,4hyu
272,train,3fi3
272,train,4ux9
272,ext,3CGF
272,ext,8VO4
272,ext,7KSK
272,ext,4KKH
272,ext,7KSI
272,ext,7YL1
272,ext,4G1W
272,ext,8BZP
272,ext,7ORF
272,ext,7S1N
272,ext,1UKI
272,ext,2O0U
272,ext,2ZDU
272,ext,3CGO
272,ext,7KSJ
272,ext,8VNX
272,ext,8ENJ
272,ext,8PT9
273,ext,4N4W
273,ext,4JKV
274,ext,3HCR
274,ext,3HCO
274,ext,3HCP
274,ext,3HCN
274,ext,2QD1
274,ext,4KLR
275,ext,6U1N
276,ext,8U4W
276,ext,5WS0
276,ext,1WOK
276,ext,5WTC
276,ext,7AAB
276,ext,5A00
276,ext,5DS3
276,ext,3GJW
276,ext,6NRH
276,ext,7CMW
276,ext,5WRQ
276,ext,6NRJ
276,ext,6VKO
276,ext,9BPY
276,ext,6BHV
276,ext,4L6S
276,ext,8HE7
276,ext,5XSR
276,ext,4R6E
276,ext,1UK1
276,ext,3GN7
276,ext,8FYY
276,ext,3L3L
276,ext,7AAD
276,ext,7KK3
276,ext,9DMC
276,ext,7ONT
276,ext,7KK6
276,ext,8HLR
276,ext,5WRZ
276,ext,2RD6
276,ext,6NTU
276,ext,1UK0
276,ext,6GHK
276,ext,7KK4
276,ext,4HHY
276,ext,8G0H
276,ext,5XST
276,ext,5KPQ
276,ext,5WS1
276,ext,6NRG
276,ext,7ONR
276,ext,7KK5
276,ext,5KPP
276,ext,5WRY
276,ext,7ONS
276,ext,2RCW
276,ext,8JNZ
276,ext,3L3M
276,ext,7AAC
276,ext,6VKQ
276,ext,6VKK
276,ext,4GV7
277,ext,4G55
278,ext,6I44
279,train,4l8m
279,train,3s3i
279,train,1zzl
279,train,1wbo
279,train,4r3c
279,train,4eh8
279,train,3mvl
279,train,4ehv
279,train,1bl6
279,train,6sfj
279,train,5xyx
279,train,3s4q
279,train,4eh7
279,train,4kip
279,train,4lop
279,train,3ctq
279,train,4aa4
279,train,3hvc
279,train,1ouy
279,train,4eh4
279,train,1ywr
279,train,1ove
279,train,6m9l
279,train,5tco
279,train,4kiq
279,train,3gc7
279,train,3uvq
279,train,3hv7
279,train,3u8w
279,train,4dli
279,train,1wbs
279,train,3nnu
279,train,6ohd
279,train,3p7a
279,train,5ml5
279,train,6sfi
279,train,5xyy
279,train,4loq
279,train,3c5u
279,train,2i0h
279,train,4eh3
279,train,3l8s
279,train,3new
279,train,3mvm
279,train,3mpt
279,train,3uvp
279,train,1yw2
279,train,1kv2
279,train,1zz2
279,train,3que
279,train,1w7h
279,train,3gcq
279,train,2yiw
279,train,3dt1
279,train,1w82
279,train,3gcv
279,train,3lhj
279,train,3hec
279,train,4eh2
279,train,4eh9
279,train,3ocg
279,train,1di9
279,train,3iw8
279,train,1wbn
279,train,2rg6
279,train,4kin
279,train,3heg
279,train,3fc1
279,train,3ds6
279,train,3l8x
279,train,1bmk
279,train,3hv3
279,train,1wbt
279,train,1m7q
279,train,3p7b
279,train,6sfk
279,train,3hv4
279,train,3p5k
279,train,1w84
279,train,2qd9
279,train,1wbv
279,train,3p78
279,train,3nnv
279,train,1ouk
279,train,2yis
279,train,2rg5
279,train,5mz3
279,train,1bl7
279,train,3hv6
279,train,5mtx
279,train,4aa5
279,train,2gfs
279,train,3iw7
279,train,3nnx
279,train,3zya
279,train,3k3j
279,train,1a9u
279,train,4dlj
279,train,1w83
279,train,1wbw
279,train,4aac
279,train,3bx5
279,train,5mty
279,train,4eh6
279,train,3nww
279,train,3p7c
279,train,3nnw
279,train,1zyj
279,train,6m95
279,train,4aa0
279,train,3itz
279,train,6anl
279,train,3gfe
279,train,3k3i
279,train,3rin
279,train,4eh5
279,train,3p79
279,ext,3FMJ
279,ext,2BAK
279,ext,3IW6
279,ext,9CJ4
279,ext,3HA8
279,ext,4F9Y
279,ext,3GCS
279,ext,1OZ1
279,ext,3FLY
279,ext,3HLL
279,ext,3FSF
279,ext,5OMG
279,ext,5N67
279,ext,3O8U
279,ext,3FMN
279,ext,3GCU
279,ext,5N68
279,ext,6ZQS
279,ext,3FI4
279,ext,3GI3
279,ext,2YIX
279,ext,3BV2
279,ext,4ZTH
279,ext,6HWV
279,ext,3HUB
279,ext,3LFD
279,ext,5N64
279,ext,3ZSI
279,ext,5O8V
279,ext,6QE1
279,ext,3O8T
279,ext,5O8U
279,ext,1KV1
279,ext,5TBE
280,ext,5BTR
281,train,3e7o
281,ext,3NPC
282,train,2wu7
282,train,2wu6
282,train,6ft7
282,train,6fyp
282,ext,3RAW
282,ext,6FYR
282,ext,6Z2V
282,ext,6KHF
283,ext,8D96
283,ext,7N2M
284,train,4ock
284,train,4ocv
285,ext,5IN5
285,ext,5IN4
285,ext,1T2A
286,ext,8XB3
287,train,5t31
287,train,4pte
287,train,4ptg
287,train,6h0u
287,train,2o5k
287,train,4acg
287,train,3zrl
287,train,2jld
287,train,3q3b
287,train,1q3d
287,train,3m1s
287,train,5hln
287,train,4afj
287,train,4ach
287,train,5kpm
287,train,4iq6
287,train,3zrm
287,train,3du8
287,train,2ow3
287,train,5kpk
287,train,3f7z
287,train,6b8j
287,train,5f95
287,train,5kpl
287,train,1q4l
287,train,5hlp
287,train,3l1s
287,train,5f94
287,train,3f88
287,train,5k5n
287,train,3pup
287,train,1uv5
287,train,3zrk
287,train,3gb2
287,train,1q41
287,train,4acd
287,train,4ptc
287,ext,8DJE
287,ext,7U36
287,ext,7U2Z
287,ext,7SXJ
287,ext,8FF8
287,ext,7OY5
287,ext,6Y9R
287,ext,3I4B
288,train,4qp7
288,train,5nhh
288,train,2y9q
288,train,6ge0
288,train,5bvd
288,train,5nhl
288,train,5nhv
288,train,4o6e
288,train,4qp6
288,train,6g9a
288,train,6g9n
288,train,6g9m
288,train,3erk
288,train,6g91
288,train,5lck
288,train,4qp9
288,train,6g97
288,train,4qp8
288,train,5nho
288,train,3w55
288,train,6gjb
288,train,5buj
288,train,5bui
288,train,2oji
288,train,4erk
288,train,6gjd
288,train,4qpa
288,train,5ax3
288,train,5nhf
288,train,5nhj
288,train,6dcg
288,train,5ngu
288,train,6g9d
288,train,4qp1
288,train,6g9h
288,train,4fmq
288,train,4h3q
288,train,4xj0
288,train,1wzy
288,train,5nhp
288,train,5bue
288,train,5bvf
288,train,5ke0
288,train,6g9k
288,train,4i5h
288,train,6g92
288,train,5k4i
288,train,6g93
288,train,1tvo
288,train,5bve
288,train,6g9j
288,train,5lcj
288,train,4n4s
288,train,4qta
288,ext,8PT3
288,ext,5V60
288,ext,8PSY
288,ext,6OPH
288,ext,6RQ4
288,ext,4FV1
288,ext,6OPI
289,ext,8CSR
290,train,2zoq
290,train,4qtb
291,ext,4FMC
291,ext,4FME
291,ext,4FMD
292,ext,6WLW
293,train,6fyk
293,train,5unp
293,train,6fyi
293,train,6fyl
293,ext,6KHE
293,ext,3NR9
294,train,5o7i
294,train,4zsg
294,train,4zsl
294,train,6hkn
294,train,5byz
294,train,4zsj
294,train,5byy
294,train,6hkm
294,ext,4B99
295,ext,5ULW
295,ext,3GV7
295,ext,3G6X
295,ext,3Q8S
295,ext,3Q8R
296,train,6eip
296,train,4mq1
296,train,4nct
296,train,5a4t
296,train,5a4l
296,train,4aze
296,train,6eil
296,train,4ylj
296,train,5a4q
296,train,6t6a
296,train,5a4e
296,train,6ej4
296,train,3anr
296,train,4yll
296,train,5a3x
296,train,3anq
296,train,4mq2
296,train,4ylk
296,ext,6S1B
296,ext,6A1G
296,ext,7AK2
296,ext,7OY6
296,ext,7Z5N
296,ext,7A4R
296,ext,7AJ2
296,ext,8C3R
296,ext,7A5B
296,ext,7AJY
296,ext,7FHS
296,ext,8C2Z
296,ext,5AIK
296,ext,9FPX
296,ext,7A4S
296,ext,7AKA
296,ext,8C3Q
296,ext,6EIS
296,ext,7A53
296,ext,6EIV
296,ext,6EIQ
296,ext,7AJS
296,ext,7ZH8
296,ext,7A55
296,ext,8R8E
296,ext,6EIF
296,ext,7A4Z
296,ext,7A5L
296,ext,7A4W
296,ext,7AKB
296,ext,8YEV
296,ext,7AKE
296,ext,6YF8
296,ext,8T2H
296,ext,7A51
296,ext,6LN1
296,ext,6UWY
296,ext,7O7K
296,ext,8C3G
296,ext,7AJ8
296,ext,6EIJ
296,ext,6UIP
296,ext,2VX3
296,ext,7AJV
296,ext,7FHT
296,ext,7AJ5
296,ext,6EIR
296,ext,7AJM
296,ext,7AJ7
296,ext,7AJW
297,train,4o1l
297,train,2i6a
298,ext,5TIO
298,ext,5CFB
298,ext,5VDH
299,ext,1ND5
300,ext,4WMU
300,ext,4WGI
300,ext,6UAB
300,ext,8X62
300,ext,8H7B
300,ext,4WMT
300,ext,4WMX
301,ext,6WHA
301,ext,8DZQ
301,ext,8IRT
301,ext,7EJA
301,ext,8HDP
301,ext,8UWL
301,ext,6D9H
301,ext,7TYX
301,ext,7EVY
301,ext,7F1Z
301,ext,9EE8
301,ext,6K42
301,ext,8YH2
301,ext,9EE9
301,ext,7CMU
301,ext,7W7E
301,ext,8JSR
301,ext,7JHJ
301,ext,9CBM
301,ext,7TD3
301,ext,8IRS
301,ext,9D61
301,ext,6VMS
301,ext,8TZQ
301,ext,8DZR
301,ext,9AS8
301,ext,8DZS
301,ext,8V6U
301,ext,7CMV
301,ext,7LD4
301,ext,7JVR
301,ext,7F9Y
301,ext,9EEA
301,ext,9AS4
301,ext,7RAN
301,ext,7T9N
301,ext,8U02
301,ext,6XBM
301,ext,7TD4
301,ext,9CBL
302,ext,5JWL
302,ext,2WA3
302,ext,8II0
302,ext,5JWK
302,ext,4Z1V
302,ext,4Z2W
303,ext,6F0X
303,ext,7L9P
304,ext,7SIN
305,ext,9FAU
305,ext,4COF
305,ext,9CXC
305,ext,7QND
305,ext,9CTV
306,ext,5KOT
306,ext,3G6Z
306,ext,2G1R
306,ext,3Q3T
306,ext,5TMK
306,ext,5SY3
306,ext,2V0Z
306,ext,5T4S
306,ext,2G1O
306,ext,3VUC
306,ext,4GJ7
306,ext,2IL2
306,ext,3OQF
307,train,5j1w
307,train,5x8i
307,train,6ft9
307,train,6i5i
307,train,5j1v
307,train,6ft8
307,train,6q8k
307,ext,6TW2
307,ext,7OPG
307,ext,8P04
307,ext,8P08
307,ext,6FYO
307,ext,1Z57
307,ext,6YTD
307,ext,6R6E
307,ext,6QTY
307,ext,6YTE
307,ext,6R8J
307,ext,7AK3
307,ext,7O9Y
307,ext,6KHD
307,ext,6Z50
307,ext,2VAG
307,ext,6R6X
307,ext,6YTG
307,ext,6R3D
308,train,4qfs
308,train,6bx6
308,train,5kq5
308,train,4cfe
308,train,4qfr
308,ext,5ISO
308,ext,8BIK
309,ext,6X3U
309,ext,9FAQ
309,ext,9FAP
309,ext,9FAS
309,ext,6X40
309,ext,9FGC
310,train,5htb
310,train,5htc
310,ext,6Z59
310,ext,6Z57
310,ext,6Z56
310,ext,3FMD
310,ext,4QTC
310,ext,2VUW
310,ext,6G34
310,ext,6Z5B
310,ext,6G38
310,ext,3F2N
310,ext,6G36
311,train,4pvv
311,train,6c9n
311,train,6c9q
311,train,6c67
311,train,6c9p
311,train,6c9r
312,train,1svh
312,train,2jdt
312,train,2uzv
312,train,1xh7
312,train,2c1a
312,train,3l9n
312,train,2gnh
312,train,4c36
312,train,3ow3
312,train,4c37
312,train,1veb
312,train,3ama
312,train,1svg
312,train,5uzk
312,train,2gnj
312,train,5ok3
312,train,4c38
312,train,1szm
312,train,6egw
312,train,3mvj
312,train,1rek
312,train,3agm
312,train,5ot3
312,train,1rej
312,train,6e9l
312,train,5o0e
312,train,6em6
312,train,1xh8
312,train,6erw
312,train,2gnl
312,train,2c1b
312,train,2gni
312,train,5o5m
312,train,5ol3
312,train,3zo4
312,train,6esa
312,train,2gnf
312,train,5oua
312,train,4c35
312,train,6em7
312,train,6ert
312,train,2gu8
312,train,3vqh
312,train,3amb
312,train,2ojf
312,train,2oh0
312,train,3l9l
312,train,5nw8
312,train,3l9m
312,train,6eh2
312,train,3zo2
312,train,3zo1
312,train,6ema
312,train,1sve
312,train,2jdv
312,train,1xh6
312,train,1re8
312,train,6c0u
312,ext,2UVX
312,ext,7Y1G
312,ext,3OXT
312,ext,4UJ1
312,ext,5LCQ
312,ext,2UW4
312,ext,2UW0
312,ext,5BX6
312,ext,3POO
312,ext,2UVZ
312,ext,2VO7
313,ext,6HGH
314,train,3nga
314,train,3u4u
314,train,5h8b
314,train,5m44
314,train,5owh
314,train,5n9k
314,train,4kwp
314,train,5b0x
314,train,3mb7
314,train,5n9n
314,train,5oul
314,train,5csh
314,train,5n9l
314,train,5cu2
314,train,3at4
314,train,6gmd
314,train,5m4c
314,train,4rll
314,train,6gih
314,train,3mb6
314,train,6a1c
314,train,3at3
314,train,5m4f
314,train,3u9c
314,train,3r0t
314,train,5n1v
314,train,5moe
314,ext,4UBA
314,ext,6FVG
314,ext,5MO6
314,ext,6TLW
314,ext,6TLL
314,ext,5CU0
314,ext,3PE2
314,ext,5OS7
314,ext,5OYF
314,ext,3OWL
314,ext,5MOW
314,ext,5ORH
314,ext,3Q9X
314,ext,3Q9Y
314,ext,8C6M
314,ext,6L1Z
314,ext,7BU4
314,ext,7QGB
314,ext,6JWA
314,ext,6TLP
315,train,5m56
315,train,5m4u
315,train,3e3b
315,ext,7A2H
315,ext,6QY9
315,ext,3OFM
315,ext,6TE2
315,ext,6QY8
315,ext,6TEW
315,ext,7A1Z
315,ext,8QCD
315,ext,5Y9M
315,ext,6L20
315,ext,7A1B
315,ext,6TGU
315,ext,8Q9S
315,ext,6HMC
315,ext,7XYH
316,ext,3WEF
316,ext,3WC9
317,ext,7DBK
317,ext,7DBJ
317,ext,8S88
317,ext,1I0Z
318,ext,6YV4
318,ext,6TR5
318,ext,6YXI
318,ext,4UZL
318,ext,7B87
318,ext,7BDH
318,ext,7BAC
319,ext,5DEU
320,ext,6I7K
321,ext,8QZ7
322,ext,6FCX
323,ext,5W8K
323,ext,5W8H
323,ext,5W8J
324,train,3otx
325,ext,1LQ8
326,train,5e8z
326,train,3hmm
326,train,5e8w
326,train,3gxl
326,ext,4X2J
326,ext,2WOT
326,ext,3FAA
326,ext,4X2K
326,ext,1RW8
327,ext,6CNJ
328,ext,8HNC
328,ext,8HNH
328,ext,8HND
328,ext,8K6L
329,train,4anm
329,train,4dgn
329,train,6qs5
329,train,4dgm
329,train,1f0q
329,train,4rlk
330,ext,7EZF
330,ext,7EZP
330,ext,6LS5
331,ext,2XZO
332,ext,4U6Q
333,ext,6J7X
334,ext,5VRZ
334,ext,3RH6
334,ext,7RBE
335,train,4hn2
335,train,4nzn
335,train,4nzo
335,train,4nzm
335,ext,3T9F
335,ext,5BYB
336,ext,4FZF
336,ext,4NZW
337,ext,1IHI
337,ext,4XO6
337,ext,4JQ3
337,ext,4JTQ
337,ext,4JQ4
337,ext,4JQ2
337,ext,1J96
337,ext,4L1X
337,ext,4JQA
338,ext,3VW7
339,ext,7UHF
339,ext,8E5B
340,ext,4V0U
341,ext,6KUW
342,ext,8UTB
343,ext,5UKF
343,ext,6BU6
343,ext,5UVF
343,ext,6CQH
343,ext,6VXU
343,ext,3OP5
343,ext,6CNX
343,ext,6NPN
344,ext,6M92
344,ext,6M93
344,ext,6M91
345,train,5xvu
346,ext,8S0E
347,ext,4MRM
347,ext,4MQF
347,ext,4MR9
347,ext,4MS1
348,train,3w0l
349,ext,7M44
349,ext,7M45
349,ext,7M0A
349,ext,4XUS
349,ext,5CA7
349,ext,7M43
349,ext,5CJ7
349,ext,7UN7
350,ext,3C0G
350,ext,7OAJ
350,ext,7OAI
350,ext,7OAK
350,ext,7OAL
351,train,1mto
352,ext,4XVE
352,ext,7X3L
352,ext,1S2A
352,ext,1RY8
352,ext,3R7M
352,ext,4FAL
352,ext,7C7H
352,ext,8JP1
352,ext,6GXK
352,ext,4DZ5
352,ext,3R94
352,ext,4WDW
352,ext,7WQS
352,ext,3R6I
352,ext,7C7G
352,ext,5HNT
352,ext,4WDT
352,ext,3UG8
352,ext,7WQR
352,ext,1RY0
352,ext,4WDU
352,ext,8RB6
352,ext,8I0C
352,ext,1ZQ5
352,ext,7X3O
352,ext,4WDX
352,ext,3R8H
352,ext,7WQM
352,ext,3UGR
352,ext,7X3M
352,ext,6F2U
352,ext,5HNU
352,ext,4XVD
352,ext,3R58
352,ext,7C7F
352,ext,3UWE
352,ext,4HMN
353,ext,4B8W
354,ext,9DNM
355,ext,8YF1
356,ext,7BR3
357,ext,3U2C
357,ext,1AZ2
357,ext,3M4H
357,ext,8B34
357,ext,3GHT
357,ext,6T7Q
357,ext,6SYW
357,ext,3ONC
357,ext,8B3N
357,ext,6F82
357,ext,4PUW
357,ext,1X98
357,ext,3LZ3
357,ext,2I16
357,ext,3GHR
357,ext,1US0
357,ext,3LEP
357,ext,3LQL
357,ext,8AQG
357,ext,6F7R
357,ext,8AQP
357,ext,2QXW
357,ext,1X96
357,ext,8BJL
357,ext,3LBO
357,ext,3LD5
357,ext,6TUC
357,ext,3ONB
357,ext,8CNP
357,ext,3BCJ
357,ext,8B66
357,ext,8B3R
357,ext,3GHS
357,ext,6F8O
357,ext,3GHU
357,ext,8AUU
357,ext,2ACS
357,ext,6Y1P
357,ext,2ACU
357,ext,6F84
357,ext,2I17
357,ext,3LZ5
357,ext,3T42
357,ext,6F81
358,ext,5ZKP
359,ext,6WK0
360,ext,7Z6H
361,ext,3V2W
362,train,3t4n
362,train,3tdh
362,train,3te5
363,ext,6M3I
364,ext,8YPZ
364,ext,8YPY
364,ext,8DBE
365,ext,7QFO
366,train,5sxk
366,train,5swg
367,ext,5UU1
367,ext,8Q1Z
367,ext,6NCG
367,ext,9FET
368,ext,3H67
369,ext,9EY2
370,train,6c0t
370,ext,7T4V
370,ext,7T4T
371,train,2ity
371,train,2j6m
371,train,5c8m
371,train,5cal
371,train,6s9b
371,train,5edq
371,train,5cav
371,train,5em5
371,train,5cao
371,train,2ito
371,train,2itt
371,train,5hcx
371,train,5edr
371,train,2itz
371,train,5em6
371,train,6s9d
371,train,2itp
371,train,5c8k
371,train,5can
371,train,6s9c
371,train,5em7
371,ext,5XGN
371,ext,5UGB
371,ext,6TFV
371,ext,5GTY
371,ext,6JX0
371,ext,8PO1
371,ext,5FEQ
371,ext,5UG9
371,ext,7UKW
371,ext,6Z4B
371,ext,4LQM
371,ext,7JXI
371,ext,6V5N
371,ext,8HV2
371,ext,7LGS
371,ext,7OXB
371,ext,6TFY
371,ext,8FV4
371,ext,5HG8
371,ext,8HV9
371,ext,4I22
371,ext,5X2F
371,ext,5EM8
371,ext,7U9A
371,ext,7T4I
371,ext,8PO4
371,ext,6S89
371,ext,5X28
371,ext,5UWD
371,ext,6WXN
371,ext,1M17
371,ext,3UG2
371,ext,4I24
371,ext,7AEI
371,ext,7U99
371,ext,3W33
371,ext,8F1Z
372,train,6sy7
373,ext,8F0Q
374,train,5y7z
374,train,4y8d
374,train,5y80
374,ext,4C59
374,ext,4O38
375,ext,6CZ5
376,ext,8QNI
376,ext,8QNG
376,ext,8QTG
376,ext,8QTH
376,ext,8QNH
377,ext,4MGI
377,ext,4MGY
377,ext,3CF6
377,ext,4MH0
377,ext,4MGK
378,ext,5WU2
378,ext,5WU3
379,train,3ump
379,train,3umo
380,ext,4FR4
381,ext,8GMD
381,ext,5L4Q
381,ext,9QB5
381,ext,8GMC
382,train,4e8w
382,train,4e8z
382,train,4e8y
383,ext,6WJ3
384,train,3vnt
384,train,3vid
384,train,5ew3
384,train,3c7q
384,train,4agd
384,ext,3BE2
384,ext,2P2I
384,ext,6GQO
384,ext,4AGC
384,ext,4ASE
384,ext,3U6J
384,ext,3WZE
384,ext,6GQQ
385,ext,3Q4T
385,ext,3SOC
385,ext,4ASX
386,train,5o1s
386,train,4jg6
386,train,4mao
386,train,4jg8
386,train,4m8t
386,train,4jg7
386,ext,4D9T
386,ext,4D9U
387,ext,6TO7
387,ext,6TOS
388,train,4bfy
388,train,4bfz
389,train,4w9w
389,train,4w9x
389,ext,5IKW
389,ext,5I3O
389,ext,5I3R
390,ext,4GWK
391,train,2y8q
391,train,4cff
391,train,2y8l
391,ext,6B1U
391,ext,4ZHX
391,ext,4CFH
391,ext,7MYJ
391,ext,6B2E
391,ext,4RER
392,ext,9FRE
392,ext,8RH8
392,ext,8OP9
392,ext,8RHG
393,ext,6I6R
394,ext,9FAW
395,ext,4OAV
395,ext,4G8L
396,train,4acm
396,train,3s2p
396,train,1fvv
396,train,2c6l
396,train,3pxz
396,train,3qu0
396,train,1ykr
396,train,2btr
396,train,4erw
396,train,2c68
396,train,2w1h
396,train,1h07
396,train,2c5n
396,train,3r9h
396,train,2iw8
396,train,1oit
396,train,1jvp
396,train,3s1h
396,train,2vu3
396,train,2duv
396,train,3qtr
396,train,5mhq
396,train,1vyw
396,train,2c6k
396,train,1ke8
396,train,1h08
396,train,3rk7
396,train,2vtl
396,train,3rah
396,train,3pxq
396,train,2a4l
396,train,1y91
396,train,3unj
396,train,3rkb
396,train,2bpm
396,train,1r78
396,train,3ti1
396,train,2b53
396,train,2c6o
396,train,3rk9
396,train,3rmf
396,train,3qts
396,train,2bkz
396,train,2vta
396,train,3rk5
396,train,3ns9
396,train,2b52
396,train,3r8u
396,train,4nj3
396,train,1pf8
396,train,2vth
396,train,3tiy
396,train,2vtm
396,train,2vtq
396,train,3qtz
396,train,3tiz
396,train,3s00
396,train,1ke9
396,train,3qtq
396,train,3py1
396,train,3rzb
396,train,3unk
396,train,1v1k
396,train,5jq8
396,train,1pxk
396,train,2vto
396,train,3ig7
396,train,2wih
396,train,2vtt
396,train,1pye
396,train,3qqk
396,train,2vtr
396,train,3rpv
396,train,3lfs
396,train,2clx
396,train,2c5o
396,train,5d1j
396,train,1p2a
396,train,4lyn
396,train,1g5s
396,train,1pxm
396,train,4rj3
396,train,2vtn
396,train,1fvt
396,train,3wbl
396,train,1aq1
396,train,3rni
396,train,2uue
396,train,1h0w
396,train,2vti
396,train,3pxf
396,train,2c6m
396,train,3sqq
396,train,3rpr
396,train,2vtp
396,train,5k4j
396,train,1wcc
396,train,3r9d
396,train,3rjc
396,train,2b54
396,train,2c6i
396,train,1ke7
396,train,3ral
396,train,3qtu
396,train,3rak
396,train,1oir
396,train,1ke6
396,train,3pxy
396,train,2uzo
396,train,1h01
396,train,4bgh
396,train,3rpy
396,train,2vtj
396,train,3pj8
396,train,3ezv
396,train,2b55
396,train,1ke5
396,train,2r64
396,train,2vts
396,train,2bts
396,train,1oiq
396,train,2uzn
396,train,1h00
396,train,3igg
396,train,1di8
396,train,3lfn
396,train,1urw
396,train,3ezr
396,train,3r8z
396,train,3s0o
396,train,3py0
396,train,4ez3
396,train,1pxj
396,train,3fz1
396,train,3uli
396,train,1pxl
396,train,1vyz
396,train,3qtw
396,train,1dm2
396,train,1b39
396,train,1pxi
396,train,2ds1
396,train,3r9o
396,ext,1GIH
396,ext,4EK5
396,ext,4FKG
396,ext,5ANE
396,ext,6Q3F
396,ext,4FKW
396,ext,1GIJ
396,ext,6Q4G
396,ext,2XMY
396,ext,1Y8Y
396,ext,2R3M
396,ext,5IEY
396,ext,4FKT
396,ext,7S84
396,ext,2R3K
396,ext,2W05
396,ext,4EZ7
396,ext,6YLK
396,ext,6Q49
396,ext,2J9M
396,ext,6Q4E
396,ext,6Q4D
396,ext,7NVQ
396,ext,6Q4C
396,ext,2R3H
396,ext,7UG1
396,ext,6Q4F
396,ext,7S9X
396,ext,2R3J
396,ext,6Q4A
396,ext,5AND
396,ext,3SW4
396,ext,3EJ1
396,ext,1W8C
396,ext,1PXO
397,train,4hgs
397,train,4g16
397,train,4hgl
397,train,4g17
397,ext,2IZR
397,ext,2IZU
397,ext,2C47
397,ext,2CHL
397,ext,2IZS
397,ext,2IZT
398,train,4ra5
398,train,4q9z
398,train,5f9e
398,ext,1XJD
399,train,5hzn
399,train,3nw7
399,train,3nw6
399,train,3f5p
399,train,3nw5
399,train,3lvp
399,ext,3QQU
399,ext,2ZM3
399,ext,5FXQ
399,ext,1K3A
399,ext,4D2R
399,ext,2OJ9
399,ext,3O23
399,ext,3I81
399,ext,3LW0
399,ext,5FXR
400,train,4g3f
400,train,6myn
400,train,4g3e
400,train,4g3g
400,train,5t8q
400,train,4idv
400,ext,6WPP
401,train,4obq
401,train,5ax9
401,train,4rvt
401,train,4u44
401,train,4obp
401,train,4u45
401,train,4obo
401,train,5d7a
401,ext,4U43
401,ext,6RA5
401,ext,4ZP5
401,ext,5DI1
401,ext,4U41
401,ext,4U42
401,ext,5J95
401,ext,5W5Q
401,ext,2X7F
402,train,5wbp
402,train,5wbq
402,train,3q92
402,train,3qa2
402,train,3qai
402,train,5wbz
402,train,3ro4
402,train,5wbr
402,train,3nc9
402,ext,3NC2
402,ext,6W0Y
403,train,4bgg
403,ext,5S80
403,ext,5S7Q
403,ext,5S7A
403,ext,6TN8
403,ext,5S7L
403,ext,6SZM
403,ext,5OXG
403,ext,5S83
403,ext,3H9R
403,ext,5S7C
403,ext,5S7V
403,ext,5S76
403,ext,6GIN
404,ext,2CKE
405,train,6s9w
405,train,3cqu
405,train,4ejn
405,train,3cqw
405,train,6s9x
405,train,3qkk
405,train,3qkm
405,train,4gv1
405,train,3ow4
405,train,3qkl
405,train,3o96
405,ext,8UW9
405,ext,6CCY
405,ext,6HHJ
406,ext,3EAX
406,ext,7GTF
406,ext,5QDQ
406,ext,5QFK
406,ext,2CNI
406,ext,7GS7
406,ext,5QDP
406,ext,5QF3
406,ext,7FRO
406,ext,5QFU
406,ext,1T49
406,ext,1PXH
406,ext,7FQN
406,ext,7GS8
406,ext,1LQF
406,ext,5QEJ
406,ext,7GT2
406,ext,1GFY
406,ext,7MM1
406,ext,5QFV
406,ext,7GSZ
406,ext,6XED
406,ext,5QFZ
406,ext,5QFB
406,ext,5QDL
406,ext,5QDZ
406,ext,5QEQ
406,ext,1Q1M
406,ext,1XBO
406,ext,1C88
406,ext,5QEZ
406,ext,7FRK
406,ext,5QE4
406,ext,6XE8
406,ext,7GSF
406,ext,2FJM
406,ext,8G67
406,ext,1PYN
406,ext,6XEE
406,ext,7GTR
406,ext,5QE3
406,ext,2VEY
406,ext,3EB1
406,ext,7FQO
406,ext,2VEV
406,ext,5QE9
406,ext,5QDR
407,ext,3MY0
408,ext,5MZA
409,ext,5XFJ
409,ext,5XFF
409,ext,8W5C
409,ext,5NWZ
409,ext,4QQC
409,ext,7VJL
409,ext,7YBP
410,ext,6QCN
411,ext,4QIM
412,train,1y8o
412,train,1y8p
412,train,2q8i
412,ext,2PNR
413,ext,6CWA
414,ext,5VXO
415,train,4op1
415,train,4msu
415,train,4op2
415,train,4ohk
415,train,4mqu
415,train,4mro
415,train,4oho
415,train,4ohm
415,train,4ohp
415,train,4olh
415,train,4op3
415,ext,4PX2
415,ext,4PX5
416,train,3a4p
416,train,4mxc
416,train,5eyc
416,train,4r1y
416,train,5eyd
416,train,3c1x
416,train,4r1v
416,train,3lq8
416,train,3l8v
416,ext,3F66
416,ext,2RFN
416,ext,3CTH
416,ext,7B3V
416,ext,5UAD
416,ext,8GVJ
416,ext,3ZC5
416,ext,4AP7
416,ext,5YA5
416,ext,3CD8
416,ext,5UAB
416,ext,8K78
416,ext,4KNB
416,ext,5HNI
416,ext,3U6H
416,ext,7V3S
416,ext,2RFS
416,ext,6UBW
417,ext,8OME
418,ext,2QLU
419,train,5hes
419,train,5x5o
419,ext,6JUT
419,ext,7YAZ
419,ext,6JUU
419,ext,7YAW
420,ext,4GBP
420,ext,4FRA
420,ext,3SXE
420,ext,5BXC
420,ext,4FRD
420,ext,3I0F
420,ext,2RJ8
421,ext,8D0Q
422,train,4nw5
422,train,4nus
422,train,4nw6
422,train,5d9k
422,train,5d9l
422,train,4el9
422,ext,8R58
422,ext,8EQ5
423,train,4o0t
423,train,3fxz
423,train,3fy0
423,train,4zlo
423,train,5kbq
423,train,4p90
423,train,4zjj
423,train,4daw
423,train,4o0r
423,train,4zy5
423,train,4zy6
423,train,6b16
423,train,5kbr
423,train,4zy4
423,train,4eqc
423,ext,5DEY
424,ext,7Y28
425,ext,8EFG
426,ext,4BBM
427,ext,8T5G
427,ext,8UC9
427,ext,8UH0
428,ext,7WI6
429,train,3thb
429,train,4a4o
429,train,4j53
429,train,4a4l
429,train,5ta6
429,train,2owb
429,train,3kb7
429,train,3fc2
429,train,2yac
429,train,4j52
429,train,2ou7
430,ext,6SNW
430,ext,7BZT
431,ext,4US2
431,ext,6SCM
431,ext,7AVL
431,ext,7AVU
431,ext,6SFR
431,ext,7AVT
431,ext,7AVS
431,ext,4US0
432,ext,8S8A
433,ext,8TRW
434,train,4btm
434,ext,4NFN
434,ext,7Q8V
434,ext,7Q8W
434,ext,7JXY
434,ext,4BTK
435,train,6cqf
435,train,6nfz
435,train,6ng0
435,ext,7R9L
435,ext,7M0K
435,ext,7R9T
435,ext,9NC2
435,ext,7R9P
435,ext,8PAS
435,ext,8FKO
435,ext,7L26
435,ext,7L25
435,ext,7M0L
435,ext,8CDW
435,ext,7KAC
435,ext,7M0M
435,ext,8CIJ
435,ext,7R9N
435,ext,6NFY
435,ext,7SIU
435,ext,7L24
435,ext,8PAU
435,ext,8FJZ
436,ext,6UF0
436,ext,8IVG
437,train,1unl
437,train,1ung
437,train,1unh
437,train,4au8
437,ext,7VDQ
438,train,3uyt
438,train,4hni
438,train,4hnf
438,train,4kbk
438,train,5ih6
438,train,4kbc
438,train,4hgt
438,train,4twc
438,train,6f26
438,train,6f1w
438,train,5okt
438,train,5mqv
438,train,5w4w
438,train,4kb8
438,train,4kba
438,train,3uzp
438,train,4tw9
438,train,5ih5
438,ext,4TN6
438,ext,7NZY
438,ext,6HMR
438,ext,7QRB
438,ext,6HMP
439,ext,4XBM
440,ext,6Y6H
440,ext,3LM0
440,ext,6Y6F
440,ext,3LM5
441,ext,4YC4
442,ext,5HQ0
442,ext,6GU7
443,ext,5BO7
443,ext,5CXY
443,ext,5BO6
444,train,5tq7
444,train,3lpb
444,train,4d1s
444,train,5aep
444,train,2b7a
444,train,4zim
444,train,5tq6
444,train,4gmy
444,train,4f08
444,train,6bbv
444,train,3jy9
444,train,5cf8
444,train,5usy
444,train,5tq4
444,train,3rvg
444,train,3fup
444,train,5tq5
444,train,5wev
444,train,4d0x
444,train,5cf5
444,train,3tjd
444,train,4yti
444,train,4p7e
444,train,6aaj
444,train,3zmm
444,train,3krr
444,train,3iok
444,train,3q32
444,train,5tq3
444,train,5cf4
444,train,2xa4
444,train,4c61
444,train,5tq8
444,train,3tjc
444,train,3io7
444,train,5cf6
444,train,4bbe
444,train,4d0w
444,train,3ugc
444,train,4aqc
444,train,4bbf
444,train,4ytf
444,train,3kck
444,ext,8G8O
444,ext,7RN6
444,ext,8BM2
444,ext,6VNE
444,ext,7UYW
444,ext,4GFM
444,ext,4HGE
444,ext,7Q7K
444,ext,7Q7I
444,ext,8BX9
444,ext,7Q7L
445,ext,9BLH
445,ext,2V7O
446,ext,7TVA
446,ext,7TVB
447,ext,3FME
447,ext,3VN9
447,ext,8P7J
447,ext,8PM3
448,train,6dud
448,train,4hvh
448,train,4i6q
448,train,5ttv
448,train,5ttu
448,train,5toz
448,train,4z16
448,train,4rio
448,train,4hvd
448,train,4hvg
448,train,3zep
448,train,5w86
448,train,6db3
448,train,5tts
448,train,3zc6
448,train,6db4
448,train,5lwn
448,train,6da4
448,train,3lxl
448,train,3pjc
448,train,6ny4
448,train,6aak
448,train,4qps
448,train,5vo6
448,train,4qt1
448,train,4hvi
448,train,5wfj
449,train,4m3q
449,train,3bpr
449,train,4mh7
449,train,5k0x
449,train,5tc0
449,train,3tcp
449,train,5td2
449,train,5u6c
449,train,4mha
449,ext,7AW3
449,ext,7AAZ
449,ext,7AVX
449,ext,7AW0
449,ext,7AW2
449,ext,7AAX
449,ext,7DXL
449,ext,7AAY
449,ext,7OLV
449,ext,7OLX
449,ext,7AW4
449,ext,7AVY
449,ext,7AB2
449,ext,7AW1
449,ext,7XHY
449,ext,7AVZ
449,ext,7M5Z
449,ext,7AB1
449,ext,7CQE
450,ext,1G3M
451,ext,2VD5
452,ext,8OKU
452,ext,8R4Q
452,ext,8R4U
452,ext,8R4V
453,ext,3U3O
453,ext,3U3K
453,ext,1Z28
453,ext,2D06
454,ext,4FMB
455,ext,9FZQ
456,train,3iw4
457,train,5f20
457,train,4py1
457,train,5f1z
457,ext,6AAM
457,ext,3NZ0
457,ext,3LXN
457,ext,6OVA
457,ext,4GJ3
457,ext,3LXP
458,ext,5O0Y
459,train,5vcx
459,ext,5VD1
459,ext,5VCY
459,ext,5VD0
459,ext,5VCZ
459,ext,5VCW
459,ext,8D6F
459,ext,5VD3
460,train,5ut4
460,train,4fvr
460,train,5wik
460,train,4fvq
460,train,6g3c
460,train,5usz
460,train,5ut0
460,ext,5WIN
460,ext,7T0P
460,ext,7F7W
460,ext,8EX0
460,ext,8BA3
460,ext,6OAV
460,ext,5WIJ
461,ext,6W2L
462,ext,7FJF
463,ext,1JUJ
464,ext,4RN0
465,train,4i5p
465,train,4i6f
465,train,4i6b
465,train,4i5m
465,train,4i6h
466,train,3loo
467,ext,6W89
468,train,3g15
468,ext,5EQY
468,ext,5EQP
468,ext,5EQE
468,ext,8BI5
469,ext,2Y7J
470,ext,3FD5
471,ext,3J9F
471,ext,3EPC
472,ext,5XDO
472,ext,6G73
473,ext,8CPH
473,ext,3FUR
473,ext,4L98
473,ext,4OJ4
473,ext,3NOA
473,ext,7WGP
473,ext,9L3T
473,ext,3V9T
473,ext,3DZY
473,ext,2Q8S
473,ext,3QT0
473,ext,5TTO
473,ext,5YCN
473,ext,1ZGY
473,ext,6DHA
473,ext,8HUP
473,ext,7WGQ
473,ext,4E4K
473,ext,3KMG
473,ext,3VJH
473,ext,2G0H
473,ext,3ADU
473,ext,3OSI
473,ext,2G0G
473,ext,1ZEO
473,ext,6DGQ
473,ext,1I7I
473,ext,7JQG
473,ext,5HZC
473,ext,3TY0
473,ext,4L96
473,ext,2ATH
473,ext,3VN2
473,ext,6T6B
473,ext,2VV4
473,ext,4XUH
473,ext,2I4P
473,ext,4PWL
473,ext,8C0C
473,ext,6JF0
473,ext,3B1M
473,ext,8FKF
473,ext,8FKD
473,ext,3LMP
473,ext,2VSR
473,ext,6IZN
473,ext,8PBO
473,ext,3G9E
473,ext,2HWR
473,ext,6KTN
473,ext,2HWQ
473,ext,6MS7
473,ext,9F7X
473,ext,2POB
473,ext,4R06
473,ext,3VJI
473,ext,2VV0
473,ext,3K8S
473,ext,2Q6R
473,ext,3OSW
473,ext,5TWO
473,ext,2Q5P
473,ext,2Q59
473,ext,8CPI
473,ext,2HFP
473,ext,8FHF
473,ext,6O68
473,ext,5LSG
473,ext,4HEE
473,ext,4E4Q
473,ext,3V9Y
473,ext,8DK4
473,ext,3AN4
473,ext,2VV2
473,ext,3B0Q
473,ext,5Z6S
473,ext,1KNU
473,ext,6ILQ
473,ext,4JL4
473,ext,2VV3
473,ext,3D6D
473,ext,6AD9
473,ext,8ATY
473,ext,5AZV
473,ext,6F2L
473,ext,4A4W
473,ext,6MCZ
473,ext,6IJR
473,ext,6D3E
473,ext,6JEY
473,ext,6DGO
473,ext,6DGL
473,ext,3T03
473,ext,5WR0
473,ext,2PRG
473,ext,7WOX
473,ext,6MD0
473,ext,4F9M
473,ext,3WJ5
473,ext,6DH9
473,ext,6MD1
473,ext,2Q5S
473,ext,3S9S
473,ext,8AQN
473,ext,6AN1
473,ext,6FZP
473,ext,4XUM
473,ext,3CDP
473,ext,5WQX
473,ext,6VZM
473,ext,6DGR
473,ext,2VST
473,ext,4YT1
473,ext,2ZNO
473,ext,8DSY
473,ext,5U5L
473,ext,1RDT
473,ext,5GTN
473,ext,6FZF
473,ext,8FHG
473,ext,1NYX
473,ext,3V9V
473,ext,2GTK
473,ext,2Q61
473,ext,4CI5
473,ext,2ZK3
473,ext,4PRG
473,ext,8FKE
473,ext,5YCP
473,ext,3R8A
473,ext,5Y2T
473,ext,6T1V
473,ext,3BC5
473,ext,6IJS
473,ext,6FZG
473,ext,3B3K
473,ext,2VV1
473,ext,5Y2O
473,ext,7EFQ
473,ext,7LOT
473,ext,2Q6S
473,ext,2YFE
473,ext,6VZL
473,ext,2I4J
473,ext,2FVJ
473,ext,3ADS
473,ext,2ZK4
473,ext,8U57
473,ext,4EMA
473,ext,3AN3
473,ext,4FGY
473,ext,6TDC
473,ext,5Z5S
473,ext,3PBA
473,ext,1WM0
473,ext,7WGO
473,ext,3VSP
473,ext,3VSO
473,ext,2ZVT
473,ext,3R5N
473,ext,6D8X
473,ext,4EM9
473,ext,7A7H
473,ext,8FKC
473,ext,2I4Z
473,ext,2P4Y
473,ext,6E5A
473,ext,3X1I
473,ext,6IZM
473,ext,8REJ
473,ext,8DSZ
473,ext,9F7W
473,ext,3PO9
473,ext,6C5T
473,ext,7P4E
473,ext,6ENQ
473,ext,3CDS
473,ext,2XKW
473,ext,3X1H
473,ext,4A4V
473,ext,3FEJ
473,ext,2ZK1
473,ext,6DCU
473,ext,3ADT
473,ext,3HO0
473,ext,8HHP
473,ext,3HOD
473,ext,3WMH
473,ext,3GBK
473,ext,4PVU
473,ext,5F9B
473,ext,8BFF
473,ext,6Y3U
473,ext,3ADW
473,ext,8BF2
473,ext,6O67
473,ext,7SQB
473,ext,3U9Q
473,ext,3IA6
473,ext,3R8I
473,ext,8ADF
473,ext,6K0T
473,ext,3ET3
473,ext,5UGM
474,ext,7NEZ
475,train,4an2
475,train,4ark
475,train,3os3
475,train,3pp1
475,train,3e8n
475,train,3wig
475,train,3zly
475,train,3v04
475,train,4lmn
475,train,3mbl
475,train,3v01
475,train,3orn
475,train,4anb
475,train,3eqb
475,train,4an3
475,train,4an9
475,ext,5EYM
475,ext,7JUZ
475,ext,8CHF
476,train,6gl3
476,train,4wag
476,ext,8Q6G
476,ext,5FBQ
477,ext,9LIZ
477,ext,9LJ1
477,ext,9LJ5
478,ext,2QP4
478,ext,1EFH
478,ext,3F3Y
479,train,4usj
480,ext,8GLI
481,ext,7MXH
482,ext,5HFA
482,ext,5HF6
482,ext,5HF5
483,train,2ghg
483,train,2brg
483,train,2x8i
483,train,4rvk
483,train,3ot3
483,train,4hyi
483,train,4qyg
483,train,2hxq
483,train,4qyh
483,train,2x8e
483,train,2x8d
483,train,3f9n
483,train,2yer
483,train,2hxl
483,train,2ym8
483,train,2c3j
483,train,4qye
483,train,5opv
483,train,5f4n
483,train,2wmu
483,train,2hog
483,train,2cgu
483,train,2wmv
483,train,3pa4
483,train,3ot8
483,train,5oq6
483,train,2c3k
483,train,5oq7
483,train,5opu
483,train,2brn
483,train,5oq5
483,train,2xf0
483,train,2yex
483,train,2hy0
483,train,2r0u
483,train,3tkh
483,train,2ym3
483,train,2wmr
483,train,3tki
483,train,2wmx
483,train,3pa5
483,train,2ywp
483,train,2e9n
483,train,2qhn
483,train,2ydk
483,train,3u9n
483,train,4jik
483,train,2brh
483,train,5opr
483,train,4hyh
483,train,5ops
483,train,2e9v
483,train,5opb
483,train,2ym5
483,train,3nlb
483,train,2gdo
483,train,3pa3
483,train,2ym6
483,train,2e9o
483,train,2xez
483,train,2wmw
483,train,2ydi
483,train,4rvl
483,train,2ym7
483,train,2ayp
483,train,2xey
483,train,2cgx
483,train,2cgw
483,train,2qhm
483,train,5dls
483,train,2bro
483,train,5op2
483,train,2ydj
483,train,4rvm
483,train,2ym4
483,ext,4FSM
483,ext,5OOR
483,ext,4FT0
483,ext,7SUG
483,ext,4FT5
483,ext,7SUF
483,ext,4FTI
483,ext,6FCF
483,ext,3JVR
483,ext,2WMT
483,ext,4FSQ
483,ext,7BJD
483,ext,4FTK
483,ext,2WMS
483,ext,2BRM
483,ext,4FSN
484,ext,7YMJ
485,ext,4BB9
486,train,4ehe
486,train,4g9c
486,train,4fc0
486,train,3psb
486,train,3tv4
486,train,3ppj
486,train,4h58
486,train,4ksq
486,train,5jrq
486,train,3psd
486,train,5fd2
486,train,3ppk
486,train,5csx
486,train,4dbn
486,train,2fb8
486,train,4xv2
486,train,3q4c
486,train,3c4c
486,train,4pp7
486,train,3prf
486,train,4yht
486,train,3q96
486,train,4ehg
486,train,4xv3
486,train,3skc
486,train,4xv9
486,train,4cqe
486,train,5jsm
486,train,4r5y
486,train,5csw
486,train,3og7
486,train,3tv6
486,train,6nsq
486,train,3idp
486,train,1uwh
486,train,6b8u
486,train,5ct7
486,train,4e4x
486,train,4ksp
486,train,4mbj
486,ext,4G9R
486,ext,6N0Q
486,ext,5HIE
486,ext,7P3V
486,ext,5C9C
486,ext,5VAL
486,ext,4MNE
486,ext,4RZV
486,ext,4JVG
486,ext,7M0T
486,ext,6XLO
486,ext,6P3D
486,ext,8DGS
487,ext,3EPD
488,ext,3CBL
489,ext,9C55
489,ext,7UAD
489,ext,9C56
489,ext,8U0H
490,ext,8JF1
490,ext,8JEW
491,train,5kbf
491,train,5t3n
492,train,2wei
493,ext,8HNN
494,ext,9BU7
495,train,5auu
495,train,2yak
495,train,5auy
495,train,4txc
495,train,5aux
495,train,5auw
495,train,5auv
495,train,5av0
495,train,5auz
495,ext,3ZXT
495,ext,6AAR
495,ext,1P4F
495,ext,3GUB
495,ext,5AV3
495,ext,1WVY
495,ext,5AV2
495,ext,7CCW
495,ext,1WVX
495,ext,5AUT
495,ext,7CCV
495,ext,7CCU
495,ext,3GU8
495,ext,5AV4
495,ext,9INV
496,train,4rx7
496,train,4xg3
496,train,4fz6
496,train,3vf9
496,train,4px6
496,train,4rx8
496,train,4xg7
496,train,3srv
496,train,4i0s
496,train,5tt7
496,train,1xbc
496,train,4dfn
496,train,4xg9
496,train,4fyo
496,train,3fqh
496,train,5t68
496,train,4pv0
496,train,5tiu
496,train,4xg4
496,train,4xg8
496,train,4dfl
496,train,4wnm
496,train,5cxz
496,train,4puz
496,train,5cy3
496,train,5tr6
496,train,5cxh
496,train,4rss
496,train,4i0t
496,train,3fqs
496,train,4xg6
496,train,5y5u
496,train,5c26
496,train,3emg
496,train,1xbb
496,train,4i0r
496,train,4f4p
496,train,6hm6
496,train,5lma
496,train,4rx9
496,train,6hm7
496,train,5y5t
496,train,5lmb
496,train,3vf8
496,ext,4GFG
496,ext,4YJP
496,ext,4YJR
496,ext,6ZCQ
496,ext,6ZC0
496,ext,8WYW
496,ext,8X5K
496,ext,5C27
496,ext,4YJQ
497,ext,4Z77
498,ext,4NTJ
498,ext,4PY0
498,ext,4PXZ
499,ext,4FC7
500,ext,7C9W
501,ext,5O9H
502,ext,3VRJ
502,ext,3VRI
502,ext,5U98
503,train,3r02
503,train,4lmu
503,train,3umw
503,train,3uix
503,train,4dtk
503,train,4n70
503,train,4wt6
503,train,4rpv
503,train,3vbw
503,train,3vby
503,train,2j2i
503,train,4wrs
503,train,2xiy
503,train,2o65
503,train,4mbl
503,train,3c4e
503,train,4lm5
503,train,3r04
503,train,4wsy
503,train,2o3p
503,train,4xh6
503,train,5dgz
503,train,4jx7
503,train,3dcv
503,train,5tur
503,train,2xix
503,train,5tex
503,train,3jxw
503,train,3umx
503,train,5toe
503,train,1yi3
503,train,6ayd
503,train,5kzi
503,train,4alw
503,train,6bsk
503,train,2obj
503,train,3jpv
503,train,3vc4
503,train,5dhj
503,train,3vbt
503,train,3f2a
503,train,3r01
503,train,3r00
503,train,4k1b
503,train,5dia
503,train,2o63
503,train,4eny
503,train,2xiz
503,train,4ty1
503,train,4a7c
503,train,4gw8
503,train,3vbq
503,train,5iis
503,train,3vbv
503,train,4alu
503,train,3cy2
503,train,4bzn
503,train,4n6y
503,train,4xhk
503,train,4bzo
503,train,5eol
503,train,3ma3
503,train,2o64
503,train,4mbi
503,train,5kcx
503,train,5o11
503,train,1yhs
503,train,3vbx
503,train,4alv
503,train,6mt0
503,ext,3BGP
503,ext,4RC2
503,ext,4RBL
503,ext,1YXX
503,ext,6PCW
503,ext,5N4U
503,ext,3BGZ
503,ext,6L16
503,ext,5O12
503,ext,5N4X
503,ext,4RC3
503,ext,5DWR
503,ext,3JY0
503,ext,3WE8
503,ext,4RC4
503,ext,1YI4
503,ext,5C1Q
503,ext,4LL5
503,ext,1YXV
503,ext,6VRU
503,ext,6L14
503,ext,6VRV
503,ext,4N6Z
503,ext,5N4Y
503,ext,6PDN
503,ext,6L17
503,ext,3BGQ
503,ext,7ZUN
503,ext,5IPJ
503,ext,6PDO
503,ext,3JYA
503,ext,4K0Y
503,ext,5N4N
503,ext,2C3I
503,ext,5N4Z
503,ext,5O13
503,ext,4I41
503,ext,4MTA
503,ext,6NO8
503,ext,5TEL
503,ext,6QXK
503,ext,6L13
503,ext,6L15
503,ext,2XJ2
503,ext,5N5M
503,ext,2BIL
503,ext,6L11
503,ext,4IAA
503,ext,2BIK
503,ext,6L12
503,ext,6KZI
503,ext,6PDI
503,ext,5N5L
503,ext,4AS0
504,train,6qat
504,ext,6YID
504,ext,6QAV
505,train,2vwv
505,train,2vww
505,train,2vwu
505,train,5l6p
505,train,2x9f
505,train,5l6o
505,ext,3ZEW
505,ext,2XVD
505,ext,6FNI
505,ext,4BB4
506,ext,6V80
507,ext,5WRI
508,train,4m7x
508,train,4m7y
508,train,5jic
508,train,5elz
509,ext,9FL8
510,ext,7U77
510,ext,3SI8
510,ext,5EWE
510,ext,8E8D
510,ext,8E8C
510,ext,8E8B
511,train,5jzn
511,ext,7F3G
511,ext,7KX8
511,ext,7KX6
512,ext,7P2L
512,ext,6FFI
512,ext,5CGD
513,ext,2AH9
513,ext,3EE5
514,ext,6KXY
514,ext,7BPY
514,ext,7E5F
514,ext,8RCE
514,ext,3ET1
514,ext,6KAY
514,ext,2REW
514,ext,3VI8
514,ext,3G8I
514,ext,7E5G
514,ext,8HUN
514,ext,7E5H
514,ext,2P54
514,ext,7BQ3
514,ext,3KDU
514,ext,8HUK
514,ext,7E5I
514,ext,3SP6
514,ext,5AZT
514,ext,2NPA
514,ext,6LX5
514,ext,5HYK
514,ext,4CI4
514,ext,7BQ4
514,ext,2ZNN
514,ext,6KBA
514,ext,3FEI
514,ext,7BQ2
514,ext,3KDT
514,ext,9IWO
514,ext,6KXX
514,ext,6L96
515,ext,7E2G
515,ext,6XE6
515,ext,7E2H
516,ext,8SC4
516,ext,8JTV
517,ext,4J51
517,ext,2QCT
518,ext,6NF1
519,train,6e2o
519,train,4bid
519,train,5vil
519,train,5uox
519,train,5vio
519,train,4bhn
519,train,5v24
519,train,4bic
519,train,3vw6
519,train,6e2m
519,train,5up3
519,train,5v19
519,train,6e2n
519,train,4bib
519,train,5uor
519,train,6oyw
519,train,4bie
519,ext,2CLQ
519,ext,4BF2
519,ext,6VRE
519,ext,7MU7
519,ext,6XIH
520,train,3byu
520,train,2og8
520,train,6pdj
520,train,2ofv
520,train,2of2
520,train,2pl0
520,train,2zm1
520,train,3bym
520,train,3kmm
520,train,3kxz
520,train,2ofu
520,train,3bys
520,train,2zyb
520,train,3b2w
520,train,3mpm
520,train,3byo
520,train,2of4
520,train,1qpe
521,train,6bkh
521,train,3piz
521,train,3gen
521,train,3piy
521,train,6ep9
521,train,5j87
521,train,4nwm
521,train,6hrp
521,train,4rg0
521,train,6bkw
521,train,5u9d
521,train,5jrs
521,train,6di1
521,train,3pj2
521,train,4rfy
521,train,6nfi
521,train,5t18
521,train,6n9p
521,train,6o8i
521,train,6s90
521,train,6omu
521,train,4rfz
521,train,4zlz
521,train,6e4f
521,train,5zz4
521,train,6bke
521,train,3k54
521,train,5vgo
521,train,5bq0
521,train,4ot6
521,train,5xyz
521,train,5kup
521,train,6di0
521,train,3oct
521,train,3pj3
521,train,5fbo
521,train,4zly
521,train,3pix
521,train,3pj1
521,train,6hrt
521,train,6bln
521,train,5fbn
521,train,4z3v
521,train,4otf
521,train,4yhf
521,train,6bik
521,train,4rx5
521,train,6nzm
521,ext,5P9J
521,ext,8U2E
521,ext,5P9M
521,ext,7KXQ
521,ext,8TU3
521,ext,8U2D
521,ext,6X3O
521,ext,6DI9
521,ext,8E2M
521,ext,4OTQ
521,ext,7R60
522,train,5a6n
522,ext,5VJA
523,ext,3GWX
523,ext,6A6P
523,ext,5XMX
523,ext,5U3U
523,ext,3TKM
523,ext,5ZXI
523,ext,5U46
523,ext,7VWG
523,ext,5U42
523,ext,1GWX
523,ext,2Q5G
523,ext,3SP9
523,ext,5U44
523,ext,5U41
523,ext,5U3Q
523,ext,2ZNP
523,ext,2ZNQ
523,ext,2AWH
523,ext,5U3Y
523,ext,5U40
523,ext,5U45
523,ext,3ET2
523,ext,2XYW
523,ext,2XYX
523,ext,5U3W
523,ext,5U3R
523,ext,8HF8
523,ext,7VWE
523,ext,2J14
523,ext,2XYJ
523,ext,5U43
523,ext,7WGN
523,ext,7F80
523,ext,3D5F
523,ext,7VWF
523,ext,3OZ0
523,ext,5U3X
523,ext,3PEQ
523,ext,2BAW
523,ext,5U3S
523,ext,8HUL
523,ext,8HUO
523,ext,5U3T
523,ext,7VWH
523,ext,3GZ9
523,ext,5U3V
523,ext,7W0G
523,ext,5U3Z
524,ext,1T8T
525,ext,8Y8B
526,train,5hvy
526,train,5i5z
526,train,5idn
526,train,5bnj
526,train,5icp
526,train,5xqx
526,train,5idp
526,ext,4F7N
526,ext,6R3S
526,ext,4F6W
526,ext,3RGF
526,ext,6QTG
526,ext,6T41
526,ext,5HBJ
526,ext,6Y0A
526,ext,6QTJ
526,ext,5HNB
526,ext,4F7S
526,ext,5HBH
526,ext,4F70
526,ext,4F7L
526,ext,4F6U
526,ext,5HBE
526,ext,5FGK
526,ext,4F7J
526,ext,4CRL
527,ext,1XU9
528,train,3tz4
529,train,4eop
529,train,1e9h
529,train,1oi9
529,train,4eos
529,train,1h1r
529,train,4cfm
529,train,5lmk
529,train,2uzb
529,train,2uze
529,train,1oiu
529,train,2g9x
529,train,1ogu
529,train,1oiy
529,train,4eol
529,train,2uzd
529,train,4cfw
529,train,1p5e
529,train,1h1q
529,train,2i40
529,train,3my5
529,train,4eok
529,train,2iw6
529,train,4eon
529,train,1h1p
529,train,4cfx
529,train,4eoi
529,train,4cfv
529,train,4cfu
529,train,2uzl
529,train,4bcq
529,train,2iw9
529,ext,3DDQ
529,ext,9ET2
529,ext,4BCP
529,ext,9ETB
529,ext,9ET3
529,ext,2C6T
529,ext,5CYI
529,ext,6GVA
529,ext,9ESZ
529,ext,9ET7
529,ext,3BHT
529,ext,1PKD
529,ext,3TNW
530,ext,3KPV
531,train,6c2t
531,train,4jbo
531,train,4jaj
531,train,5ort
531,train,5orx
531,train,5ory
531,train,4jbp
531,train,5one
531,train,2xne
531,train,3uol
531,train,3r21
531,train,3uoh
531,train,5os1
531,train,4uzh
531,train,4deb
531,train,4dhf
531,train,3lau
531,train,2j4z
531,train,5aag
531,train,5osd
531,train,4ded
531,train,3efw
531,train,5aae
531,train,3unz
531,train,5aaf
531,train,2c6e
531,train,3m11
531,train,2bmc
531,train,4j8m
531,train,4b0g
531,train,5os0
531,train,2wtw
531,train,4byj
531,train,3coh
531,train,3nrm
531,train,2w1f
531,train,5orr
531,train,4prj
531,train,5os3
531,train,3d14
531,train,4ztq
531,train,3uok
531,train,2j50
531,train,3uo5
531,train,5orl
531,train,3qbn
531,train,3uo6
531,train,3p9j
531,train,2xng
531,train,5obj
531,train,5aad
531,train,3h0y
531,train,5obr
531,train,2x6d
531,train,4byi
531,train,4uzd
531,train,5orz
531,train,4dea
531,train,4zts
531,train,3uoj
531,train,6r49
531,train,4ztr
531,train,4jai
531,train,2x6e
531,train,3k5u
531,train,3r22
531,train,3h0z
531,train,4zs0
531,train,3up7
531,train,3fdn
531,train,6hjj
531,train,3ha6
531,train,2w1d
531,train,2xru
531,train,2np8
531,train,6hjk
531,train,4uyn
531,ext,2WTV
531,ext,8C1G
531,ext,3UP2
531,ext,3W16
531,ext,7AYI
531,ext,3W10
531,ext,4C3P
531,ext,5DPV
531,ext,8C1E
531,ext,5EW9
531,ext,5G15
531,ext,6CPG
531,ext,7O2V
531,ext,6CPF
531,ext,7FIC
531,ext,8C1K
532,ext,7UC6
533,ext,8PPC
533,ext,8PPB
533,ext,8PPI
534,ext,3SXS
534,ext,3SXR
534,ext,6I99
534,ext,8X2A
535,train,4hcu
535,train,4hct
535,train,4pp9
535,train,3mj1
535,train,3t9t
535,train,3v8t
535,train,4mf1
535,train,4pqn
535,train,3v5j
535,train,4m0z
535,train,1sm2
535,train,4hcv
535,train,4mf0
535,train,3v8w
535,train,4kio
535,train,4ppb
535,train,4ppa
535,train,4ppc
535,train,3mj2
535,train,3v5l
535,ext,3QGY
535,ext,4L7S
535,ext,3QGW
535,ext,4M15
535,ext,4M14
535,ext,4QD6
535,ext,3MIY
535,ext,4M12
535,ext,1SNU
535,ext,4M13
535,ext,4M0Y
535,ext,4RFM
536,ext,8PBP
536,ext,8GW0
536,ext,4C6D
536,ext,4C6F
536,ext,8GVZ
537,ext,8QSK
538,ext,6C99
539,train,5lqf
540,ext,8W9W
540,ext,8IJR
541,ext,2Y23
542,train,5da3
542,train,5h2u
542,train,6cz4
542,train,6cz3
543,ext,7QPN
543,ext,8BQ4
544,ext,3EPF
545,train,5kqd
545,train,6b3v
545,ext,5KPZ
546,ext,8P77
546,ext,8P70
546,ext,8P4Z
546,ext,8P6V
546,ext,8R9U
546,ext,8P6Y
546,ext,8R9S
546,ext,8P6W
546,ext,8P76
546,ext,7B5O
546,ext,8P7L
546,ext,8P6X
546,ext,8P74
546,ext,8P75
546,ext,8ORM
546,ext,8PLZ
546,ext,7B5Q
546,ext,8P6Z
546,ext,8R9O
546,ext,8P72
546,ext,8P73
546,ext,8P71
547,ext,4QDV
547,ext,3BL7
547,ext,3BLA
547,ext,3BL9
548,ext,3OD0
548,ext,4Z07
548,ext,3OCP
548,ext,3OGJ
549,train,6edl
549,train,4fod
549,train,4cnh
549,train,4cli
549,train,4fny
549,train,3aox
549,train,5aaa
549,train,5ftq
549,train,4fnz
549,train,6mx8
549,train,5a9u
549,train,4foc
549,train,4cmt
549,train,4dce
549,train,5iuh
549,train,4cmu
549,train,5iug
549,train,6e0r
549,train,6ebw
549,train,4anq
549,train,5aa8
549,train,4joa
549,train,5aac
549,train,2xp2
549,train,4fob
549,train,5aab
549,train,5iui
549,ext,4ANS
549,ext,7JYT
549,ext,7R7R
549,ext,5AA9
549,ext,4CMO
549,ext,5KZ0
549,ext,7R7K
549,ext,7JY4
549,ext,5IMX
549,ext,7BTT
549,ext,4CCU
549,ext,7JYR
549,ext,4CCB
549,ext,8ARJ
549,ext,2XB7
549,ext,4CLJ
549,ext,4CTB
549,ext,2YFX
549,ext,4CD0
549,ext,7JYS
549,ext,5FTO
549,ext,4CTC
550,ext,8XY7
551,ext,3BF6
551,ext,2ZIQ
551,ext,1T4U
551,ext,5JZY
551,ext,1NM6
551,ext,1TOM
551,ext,1DWD
551,ext,1KTS
551,ext,4BAO
551,ext,1AWF
551,ext,3RML
551,ext,3C27
551,ext,1LHC
551,ext,1G32
551,ext,6GWE
551,ext,5MJT
551,ext,6EO7
551,ext,6ZUX
551,ext,6Z8V
551,ext,3EGK
551,ext,2BVR
551,ext,2R2M
551,ext,1YPK
551,ext,2FEQ
551,ext,1AHT
551,ext,1C1U
551,ext,2JH5
551,ext,2H9T
551,ext,3P70
551,ext,6EO9
551,ext,1YPJ
551,ext,7ZKL
551,ext,2A2X
551,ext,6ZV8
551,ext,1BMM
551,ext,1DWC
551,ext,6ZGO
551,ext,6ZUG
551,ext,1C4Y
551,ext,3T5F
551,ext,2ANM
551,ext,3LDX
551,ext,1QJ1
551,ext,1W7G
551,ext,6ZUW
551,ext,3BIV
551,ext,1WAY
551,ext,6YB6
551,ext,1DWB
551,ext,1UVS
551,ext,1QJ7
551,ext,4BAM
551,ext,6ZUH
551,ext,6T57
551,ext,2ZNK
551,ext,3F68
551,ext,2CN0
551,ext,6CYM
551,ext,6T56
551,ext,1WBG
551,ext,6Z8X
551,ext,1QHR
551,ext,3D49
551,ext,1BMN
551,ext,3UTU
551,ext,3EQ0
551,ext,1KTT
551,ext,1MU6
551,ext,6Y9H
551,ext,1LHF
551,ext,3TU7
551,ext,8ASF
551,ext,1T4V
551,ext,1QJ6
551,ext,3P17
551,ext,3UWJ
551,ext,2BXU
551,ext,2ANK
551,ext,1G30
551,ext,2CF8
551,ext,3DT0
551,ext,1NZQ
551,ext,3DUX
551,ext,1LHE
551,ext,1AWH
551,ext,4AYY
551,ext,1H8I
551,ext,2V3H
551,ext,6EO6
551,ext,4BAK
551,ext,2BVS
551,ext,2A0Q
551,ext,6EO8
551,ext,6ZUN
551,ext,6Z8W
551,ext,1LHD
551,ext,2BVX
551,ext,2V3O
551,ext,4UDW
551,ext,2JH0
551,ext,1LHG
551,ext,1AI8
551,ext,2BXT
551,ext,1MU8
551,ext,1H8D
551,ext,1A3B
551,ext,1O0D
551,ext,1K22
551,ext,2FES
551,ext,2ZO3
551,ext,5AFZ
551,ext,1BHX
551,ext,1BCU
551,ext,6ZUU
551,ext,1AIX
551,ext,4LZ1
551,ext,4AZ2
551,ext,3DHK
552,ext,2A98
553,train,6fex
553,train,3zos
553,train,5fdp
553,train,6few
553,train,6fil
553,ext,7BCM
553,ext,6FIO
553,ext,5SAW
553,ext,6FIQ
553,ext,5SAY
553,ext,5SB1
553,ext,6GWR
553,ext,6BSD
553,ext,5SB0
553,ext,5SAV
553,ext,5BVW
553,ext,5FDX
553,ext,6HP9
553,ext,5SAU
553,ext,6BRJ
554,train,3mwu
554,train,3ncg
555,ext,6NJS
555,ext,6NUQ
556,ext,4PYX
556,ext,4QSB
556,ext,4QSA
556,ext,6R6J
556,ext,7AEQ
556,ext,5LLH
557,ext,4XZ0
558,ext,3O64
558,ext,3EDZ
559,train,4at4
559,train,4at3
559,train,4at5
560,ext,7M5L
560,ext,7NV1
561,ext,4J7X
562,ext,2I7N
563,ext,5IA3
563,ext,5IA0
563,ext,6HEV
563,ext,8BOG
563,ext,5NK4
563,ext,5NKB
563,ext,5NK2
563,ext,6Q7F
563,ext,5IA5
563,ext,5NK1
563,ext,5IA4
564,ext,8SO2
564,ext,5A1P
564,ext,4D6Z
564,ext,8SO1
565,ext,1T65
565,ext,4OKT
565,ext,2PIU
565,ext,3V4A
565,ext,7ZU1
565,ext,4OK1
565,ext,1XJ7
565,ext,4OKW
565,ext,2PIW
565,ext,4K7A
565,ext,1E3G
565,ext,1XQ3
565,ext,3RLL
565,ext,2PIX
565,ext,1XOW
565,ext,7ZTZ
565,ext,3B65
565,ext,2OZ7
565,ext,7ZTX
565,ext,1GS4
565,ext,1T5Z
565,ext,2YLO
565,ext,2HVC
565,ext,3B5R
565,ext,3RLJ
565,ext,4HLW
565,ext,4OJB
565,ext,4OFU
565,ext,5CJ6
565,ext,4OEA
565,ext,2PKL
565,ext,3V49
565,ext,7ZU2
565,ext,5JJM
565,ext,4OFR
565,ext,5VO4
565,ext,4OLM
565,ext,2Q7I
566,ext,5CP9
566,ext,1GMO
566,ext,5CS5
566,ext,3SP8
567,ext,8CWL
567,ext,8CVN
567,ext,8FD8
568,ext,2X4F
569,ext,3CLD
569,ext,4MDD
569,ext,3E7C
569,ext,3H52
569,ext,6EL7
569,ext,1P93
569,ext,4P6W
569,ext,3BQD
569,ext,3K23
569,ext,1NHZ
569,ext,1M2Z
569,ext,5UC3
569,ext,6DXK
569,ext,7PRX
569,ext,4P6X
569,ext,3K22
569,ext,4LSJ
569,ext,6EL9
570,ext,2H4X
570,ext,2F90
570,ext,7N3R
570,ext,2A9J
570,ext,2H52
571,train,4jin
572,ext,2FLB
572,ext,3ELA
572,ext,4NGA
572,ext,5L2Y
572,ext,5L30
572,ext,2FIR
572,ext,5PAT
572,ext,5TQF
572,ext,4NA9
572,ext,1QFK
572,ext,4X8V
572,ext,3TH2
572,ext,1DVA
572,ext,8UUD
572,ext,4ZXY
572,ext,1W2K
572,ext,1W0Y
572,ext,4YT7
572,ext,2ZZU
572,ext,2FLR
572,ext,5L2Z
572,ext,1DAN
572,ext,3TH3
572,ext,2A2Q
572,ext,4ZXX
572,ext,1WTG
572,ext,4X8S
572,ext,2EC9
572,ext,5TQE
572,ext,4JYU
572,ext,4NG9
572,ext,5I46
572,ext,2AER
572,ext,4ISI
572,ext,2PUQ
572,ext,2ZWL
572,ext,4JYV
572,ext,4IBL
572,ext,1O5D
572,ext,2ZP0
572,ext,2B8O
572,ext,2B7D
572,ext,1J9C
572,ext,4X8U
572,ext,1WSS
572,ext,3TH4
572,ext,1WQV
572,ext,1WV7
572,ext,4JZD
572,ext,4X8T
572,ext,2BZ6
572,ext,5U6J
572,ext,1FAK
572,ext,4ISH
572,ext,4Z6A
572,ext,1WUN
572,ext,4ZMA
573,ext,6KO5
573,ext,7F83
574,ext,7UDP
574,ext,7UDQ
575,train,4fl3
576,ext,4CIK
576,ext,1KI0
576,ext,1CEB
576,ext,2DOH
577,train,4bcf
577,train,3my1
577,train,4bcg
577,train,3lq5
577,train,4bch
577,train,4bcj
577,train,4bci
577,ext,3TNH
577,ext,3TN8
577,ext,7NWK
578,ext,3DZI
579,ext,6YKY
579,ext,6YLC
580,ext,6VQM
580,ext,4ID7
580,ext,3EQP
580,ext,3EQR
580,ext,5ZXB
580,ext,8HMT
580,ext,7KP6
580,ext,1U4D
581,ext,1A5H
582,ext,2YDO
582,ext,5OLG
583,train,1u59
584,ext,1R5L
584,ext,5MUG
584,ext,6ZPD
584,ext,1OIP
585,train,5lxd
585,train,3kvw
585,train,4azf
585,train,5lxc
585,train,5ztn
585,ext,6HDR
585,ext,7DHC
585,ext,6K0J
585,ext,7DHH
585,ext,7DJO
585,ext,7DL6
585,ext,7AKH
585,ext,7DHV
585,ext,7EJV
585,ext,7AKF
585,ext,7DH9
585,ext,7DHO
585,ext,6HDP
585,ext,7DHN
585,ext,7DH3
585,ext,7DG4
585,ext,8HLT
585,ext,7DHK
586,train,5iu2
586,train,4y85
587,ext,5TM6
587,ext,4MGA
587,ext,4MG7
587,ext,5KRK
587,ext,5DXP
587,ext,2QGT
587,ext,8DU9
587,ext,4ZN9
587,ext,8EV1
587,ext,5TM5
587,ext,7WNV
587,ext,3DT3
587,ext,2QZO
587,ext,5DRM
587,ext,5KR9
587,ext,4ZN7
587,ext,4MGD
587,ext,8DUB
587,ext,5KRC
587,ext,5FQV
587,ext,5TLG
587,ext,3UUC
587,ext,5DZH
587,ext,7T2X
587,ext,6CZN
587,ext,2QXM
587,ext,6CHW
587,ext,4Q50
587,ext,1XQC
587,ext,3OSA
587,ext,6D0F
587,ext,4IVW
587,ext,5TMM
587,ext,5DVV
587,ext,8DUH
587,ext,3UUD
587,ext,5W9D
587,ext,1UOM
587,ext,5DXK
587,ext,5DMC
587,ext,1SJ0
587,ext,5UFW
587,ext,4PXM
587,ext,5TMV
587,ext,5KRI
587,ext,7RS3
587,ext,2B1Z
587,ext,5TLP
587,ext,5KCC
587,ext,2B1V
587,ext,6CHZ
587,ext,2G5O
587,ext,5DI7
587,ext,5FQP
587,ext,5EIT
587,ext,7UJF
587,ext,5KD9
587,ext,1XP6
587,ext,3HM1
587,ext,6VJD
587,ext,5DUE
587,ext,4MG9
587,ext,7SFO
587,ext,5DWJ
587,ext,3UU7
587,ext,7JHD
587,ext,5DZ0
587,ext,4IV4
587,ext,5TLT
587,ext,5DK9
587,ext,5TNB
587,ext,8EV2
587,ext,5TN8
587,ext,2QR9
587,ext,8DUS
587,ext,1XP9
587,ext,5TLU
587,ext,5DU5
587,ext,4MG8
587,ext,3UUA
587,ext,6SQ0
587,ext,7RS8
587,ext,1R5K
587,ext,5DZ3
587,ext,6VPF
587,ext,6V8T
587,ext,5KRH
587,ext,2R6Y
587,ext,7RS0
587,ext,5TML
587,ext,2JFA
587,ext,4DMA
587,ext,5TLO
587,ext,6ZOR
587,ext,5KCW
587,ext,2G44
587,ext,5TM7
587,ext,5GTR
587,ext,5KCU
587,ext,5TLD
587,ext,4IV2
587,ext,1XP1
587,ext,2Q70
587,ext,7Y8G
587,ext,5TN1
587,ext,5FQS
587,ext,6PET
587,ext,6WOK
587,ext,5TLM
587,ext,1XPC
587,ext,7RS1
587,ext,2QXS
587,ext,5KRA
587,ext,5DID
587,ext,4IW6
587,ext,7N9O
587,ext,1X7E
587,ext,5DXE
587,ext,5EHJ
587,ext,5DYD
587,ext,8DV8
587,ext,5E1C
587,ext,7UJO
587,ext,3ERT
587,ext,5UFX
587,ext,5T1Z
587,ext,6OWC
587,ext,4IWF
587,ext,4ZNV
587,ext,5DY8
587,ext,2R6W
587,ext,5FQT
587,ext,7UJ8
587,ext,8DUC
587,ext,1YIN
587,ext,3Q95
587,ext,5TM2
587,ext,2AYR
587,ext,5FQR
587,ext,3OS8
587,ext,8DUK
587,ext,7UJW
587,ext,5KCE
587,ext,7UJC
587,ext,5HYR
587,ext,5U2B
587,ext,2I0J
587,ext,5T92
587,ext,5E0W
587,ext,4XI3
587,ext,7UJ7
587,ext,4PPP
587,ext,1ERR
587,ext,5TLY
587,ext,7RNM
587,ext,7MSA
587,ext,5DP0
587,ext,8DVB
587,ext,5E0X
587,ext,1X7R
587,ext,5DZI
587,ext,1QKU
587,ext,2IOK
587,ext,5TM8
587,ext,4MGB
587,ext,8DUD
587,ext,5DVS
587,ext,4IWC
587,ext,5DYB
587,ext,5DKB
587,ext,4ZNS
587,ext,6C42
587,ext,6SBO
587,ext,2P15
587,ext,2BJ4
587,ext,5TN4
587,ext,5TMR
587,ext,5DUG
587,ext,8DU6
587,ext,2QA8
587,ext,5KRL
587,ext,5T97
587,ext,7RS4
587,ext,5DL4
587,ext,5TMT
587,ext,5KRM
587,ext,5TN9
587,ext,1PCG
587,ext,5DXG
587,ext,7RKE
587,ext,5JMM
587,ext,5KCD
587,ext,5DIG
587,ext,8W03
587,ext,8DUG
587,ext,6VGH
587,ext,5DMF
587,ext,7QVJ
587,ext,5TMO
587,ext,5W9C
587,ext,2QGW
587,ext,3HLV
587,ext,7RS7
587,ext,7KBS
587,ext,5WGD
587,ext,2QSE
587,ext,5DWG
587,ext,5DRJ
587,ext,5TLF
587,ext,6PIT
587,ext,5EI1
587,ext,5DXB
587,ext,5DKS
587,ext,1GWQ
587,ext,5AK2
587,ext,5TM1
587,ext,5DUH
587,ext,8DUI
587,ext,2QE4
587,ext,5DWE
587,ext,5DWI
587,ext,9BQE
587,ext,4MG6
587,ext,7RRX
587,ext,7UJY
587,ext,5U2D
587,ext,2JF9
587,ext,2POG
587,ext,7RS2
587,ext,4TUZ
587,ext,1G50
587,ext,2QA6
587,ext,5TN3
587,ext,6PFM
587,ext,1GWR
587,ext,4TV1
587,ext,7RRZ
587,ext,2FAI
587,ext,5KCT
587,ext,1L2I
587,ext,2IOG
587,ext,5DXQ
587,ext,5DX3
587,ext,7YMK
587,ext,5TLL
587,ext,5KCF
587,ext,2Q6J
587,ext,5TMW
587,ext,4PPS
587,ext,8DV7
587,ext,7TE7
587,ext,7QVL
587,ext,6CBZ
587,ext,6SUO
587,ext,5ACC
587,ext,4ZNH
587,ext,5DXR
587,ext,5TN7
587,ext,5AAU
587,ext,7UJM
587,ext,5TM9
587,ext,5TM3
587,ext,6ZOQ
587,ext,6B0F
587,ext,5WGQ
587,ext,1ZKY
587,ext,5EGV
587,ext,6IAR
587,ext,6PSJ
587,ext,4ZNT
587,ext,5TLV
587,ext,4ZNW
587,ext,5DTV
587,ext,5DIE
587,ext,4IW8
587,ext,5DKE
587,ext,1ERE
587,ext,8DV5
587,ext,5TMS
587,ext,2QAB
587,ext,4PP6
587,ext,4IU7
587,ext,5DXM
587,ext,5TLX
587,ext,4IVY
587,ext,6V87
587,ext,5TMQ
587,ext,5TMZ
587,ext,6ZOS
587,ext,5DLR
587,ext,5KRO
587,ext,5DZ1
587,ext,5TM4
587,ext,2OUZ
587,ext,5TMU
587,ext,7RS9
587,ext,4IUI
587,ext,5DKG
587,ext,2YJA
587,ext,1QKT
587,ext,4ZNU
587,ext,6DF6
587,ext,3OS9
587,ext,5TN5
587,ext,7R62
587,ext,5AAV
587,ext,5TN6
587,ext,1YIM
587,ext,2QH6
587,ext,1A52
587,ext,5KRF
587,ext,5KRJ
588,ext,8FEC
589,train,2ycs
589,train,4bdf
589,train,2yit
589,train,2cn8
589,train,4a9r
589,train,2ycf
589,train,2wtc
589,train,2xbj
589,train,4a9s
589,train,2yiq
589,train,2xm8
589,train,4a9t
589,train,2xm9
589,train,4bde
589,train,4bdd
589,train,4bdh
589,train,4bdb
589,train,2ycr
589,train,2w0j
589,train,4bdj
589,train,4bdi
589,train,4bdc
589,train,2wti
589,train,4bdg
589,train,4bdk
589,train,2wtd
589,train,4a9u
589,train,2wtj
590,ext,6NWK
590,ext,7YXN
590,ext,7YXR
591,ext,6FDY
592,train,1owi
592,train,5z1c
592,train,1vj9
592,train,1gjd
592,train,1o3p
592,train,1gja
592,train,1o5b
592,train,1gj8
592,train,1fv9
592,train,1c5z
592,train,2vio
592,train,1u6q
592,train,4x1p
592,train,1w12
592,train,1w10
592,train,2viw
592,train,3khv
592,train,4mnw
592,train,3ig6
592,train,2vip
592,train,1owk
592,train,4gly
592,train,1owd
592,train,4jk6
592,train,1gi9
592,train,3kid
592,train,2viv
592,train,1vja
592,train,5xg4
592,train,2viq
592,train,1owj
592,train,1gj7
592,train,4jk5
592,train,3qn7
592,train,1gi8
592,train,4zhm
592,train,5zah
592,train,4mnx
592,train,2vin
592,train,1sc8
592,train,1w14
592,train,4mnv
592,train,1gjb
592,train,4mny
592,ext,1GI7
592,ext,1GJ9
592,ext,1O5C
592,ext,1O5A
593,ext,6MWR
593,ext,9EK7
593,ext,9C42
594,ext,6V8B
594,ext,4PZT
594,ext,7SZQ
594,ext,6V8K
594,ext,4PZS
594,ext,7LJE
594,ext,5KJ2
595,ext,5WKI
596,ext,7JNI
597,ext,5I1Q
597,ext,7JJG
597,ext,6P38
597,ext,7LB0
597,ext,6P3A
598,train,6b3e
598,train,6ckx
598,ext,7NXJ
598,ext,7NXK
598,ext,4NST
598,ext,8P81
598,ext,5ACB
599,ext,9FFC
599,ext,6UPF
599,ext,7UXV
599,ext,7T0Q
599,ext,1HTI
600,ext,5UXH
601,ext,2VJ0
602,ext,7G87
602,ext,7G86
602,ext,7G8Y
602,ext,7G8U
602,ext,7G94
602,ext,7G8O
602,ext,7G98
602,ext,7G9D
602,ext,7G8C
602,ext,7G8S
602,ext,7G9E
602,ext,7G8H
602,ext,7G9H
602,ext,7G91
602,ext,7G92
602,ext,7G8X
602,ext,7G8Z
602,ext,7G8L
602,ext,7G93
602,ext,7G85
602,ext,7G8R
602,ext,7G96
602,ext,7G8W
602,ext,7G8J
602,ext,7G8M
602,ext,7G89
602,ext,7G88
602,ext,7G8G
602,ext,7G82
602,ext,7G8I
602,ext,7G8A
602,ext,7G84
602,ext,7G8F
602,ext,7G8T
602,ext,7G9G
602,ext,7G8B
602,ext,7G8V
602,ext,7G90
602,ext,7G8E
602,ext,7G99
602,ext,7G95
602,ext,7G9I
602,ext,7G9B
602,ext,7G8P
602,ext,7G81
602,ext,7G9J
602,ext,7G8K
602,ext,7G97
602,ext,7G9A
603,ext,7NFB
603,ext,7NEL
604,train,2pzi
605,train,6dkb
605,train,6dkg
605,train,6dki
605,train,6nss
605,train,6nsp
605,train,6npt
605,train,6pl3
605,train,4yps
605,train,4yne
605,train,5h3q
605,ext,8J61
605,ext,8J5W
605,ext,4AOJ
605,ext,6D20
605,ext,4PMS
605,ext,5KMO
605,ext,4PMP
605,ext,5KMK
605,ext,6IQN
605,ext,4PMT
605,ext,6PMB
605,ext,5I8A
606,ext,6MHD
606,ext,6MHB
606,ext,4YQU
607,ext,2ACL
607,ext,3FAL
607,ext,3FC6
608,ext,6XD3
608,ext,8S0T
609,ext,4Q6R
610,ext,2F9N
610,ext,2F9P
610,ext,4MPV
611,ext,8V1F
611,ext,7XYD
612,ext,6VP0
613,ext,3FVU
614,ext,3TO4
615,train,4olc
616,ext,7QGP
616,ext,5AJQ
616,ext,5OWQ
616,ext,5OWR
616,ext,4EQU
617,ext,3VWK
618,train,4q1b
618,train,4q1c
618,train,4jlm
618,train,4q1d
618,train,3ipy
618,train,4q1e
618,train,5mql
618,train,4q18
618,train,5mqt
618,train,4kcg
618,train,4jlj
618,train,4jln
618,train,4q1f
618,train,4q1a
618,train,3ipx
618,ext,7ZI2
618,ext,1P5Z
618,ext,2ZI7
618,ext,7ZI3
618,ext,2NO6
619,ext,4OD9
619,ext,6QBH
620,ext,3NCL
621,ext,2YGQ
622,ext,6VI4
623,ext,4DQM
623,ext,1DKF
623,ext,7WQQ
623,ext,5K13
623,ext,7QAA
623,ext,9GFE
623,ext,3KMZ
623,ext,3A9E
623,ext,3KMR
623,ext,7APO
623,ext,7AOS
624,ext,2W7O
625,train,3zm4
625,train,3zlw
625,train,3zls
625,train,3zlx
625,ext,5HZE
626,ext,4Y16
626,ext,5VCJ
626,ext,3O8X
627,ext,4DM8
628,ext,6LUQ
628,ext,6CM4
629,ext,7RYN
630,ext,5KKN
630,ext,3JRX
631,train,5gjf
632,ext,8IT6
633,ext,3SMO
633,ext,7BGQ
633,ext,6QZR
633,ext,6RL6
633,ext,7NM9
633,ext,7BDT
633,ext,7ORT
633,ext,6RJQ
633,ext,9FS4
633,ext,8ARX
633,ext,7BA7
633,ext,7NNE
633,ext,8AV4
633,ext,6RWU
633,ext,7NIG
633,ext,7BIQ
633,ext,7NPG
633,ext,8QSE
633,ext,8BXS
633,ext,8ADM
633,ext,8BZD
633,ext,8C1Y
633,ext,7NMW
633,ext,8BYG
633,ext,6SIN
633,ext,7BGR
633,ext,7OBT
633,ext,7NRL
633,ext,8AQ1
633,ext,7OQU
633,ext,7OPW
633,ext,8BWX
633,ext,7NRK
633,ext,8AWG
633,ext,7OBH
633,ext,8BWZ
633,ext,7NIZ
633,ext,8BZB
633,ext,8C2F
633,ext,7BGV
633,ext,8C0L
633,ext,8BXO
633,ext,7NJ8
633,ext,6YP3
633,ext,7OQ7
633,ext,4JDD
633,ext,6SLX
633,ext,3SMM
633,ext,8BYF
633,ext,8AQC
633,ext,8BWJ
633,ext,8BX0
633,ext,7NN2
633,ext,8BZF
633,ext,8A62
633,ext,6HMU
633,ext,7NMX
633,ext,7NPB
633,ext,6RP6
633,ext,8BYB
633,ext,8BX4
633,ext,3SML
633,ext,8BYY
633,ext,6RJL
633,ext,8BYE
633,ext,7OQW
633,ext,3SP5
633,ext,7BG3
633,ext,6S39
633,ext,8BYD
633,ext,6SLW
633,ext,8AOY
633,ext,7OBL
633,ext,8BY9
633,ext,8ARW
633,ext,6TJM
633,ext,8BXQ
633,ext,7BDP
633,ext,7OQG
633,ext,8BXN
634,ext,5ZYJ
634,ext,5ZYG
634,ext,5ZYH
634,ext,2E3R
634,ext,2Z9Z
634,ext,2E3Q
634,ext,3H3T
634,ext,5ZYI
634,ext,3H3S
634,ext,2Z9Y
634,ext,2E3P
634,ext,3H3R
634,ext,5ZYL
634,ext,2E3O
634,ext,2E3N
634,ext,6J0O
634,ext,5ZYK
634,ext,5ZYM
634,ext,6J81
634,ext,6IF0
634,ext,3H3Q
634,ext,6IEZ
635,ext,8S0C
636,ext,3LMY
637,ext,8OG9
637,ext,7SSE
638,train,4ez5
638,train,2euf
638,train,5l2i
638,train,1xo2
638,train,2f2c
639,ext,7CGP
640,ext,6HLO
640,ext,6HLP
641,ext,4NKG
642,ext,6WFV
643,ext,8A9G
643,ext,8WF6
643,ext,5D3F
643,ext,6FNB
643,ext,6F08
643,ext,1IB1
643,ext,2O02
643,ext,6FNA
643,ext,5J31
643,ext,6FN9
643,ext,7MFF
643,ext,5EXA
643,ext,4BG6
643,ext,6YMO
643,ext,6FNC
643,ext,3RDH
644,ext,6ZC9
645,ext,7BEP
646,train,3rcd
646,ext,7JXH
647,ext,2BKA
648,ext,7SZD
648,ext,7SZC
649,ext,5IAW
649,ext,7VUE
649,ext,5Q0J
649,ext,3L1B
649,ext,5Q0R
649,ext,5Q19
649,ext,7D42
649,ext,6A5Y
649,ext,3FLI
649,ext,5Q0U
649,ext,5Q0N
649,ext,5Q0Y
649,ext,5WZX
649,ext,3OLF
649,ext,5Q17
649,ext,3OOF
649,ext,3FXV
649,ext,5Q0Z
649,ext,3DCU
649,ext,5ICK
649,ext,3OKH
649,ext,5Q0T
649,ext,4QE8
649,ext,3OKI
649,ext,5Q1E
649,ext,5Q11
649,ext,5Q10
649,ext,3P88
649,ext,5Q1H
649,ext,5Q1A
649,ext,5Q0Q
649,ext,3HC5
649,ext,5Q14
649,ext,5Q1D
649,ext,5Q18
649,ext,3HC6
649,ext,3OOK
649,ext,1OSH
649,ext,6HL1
649,ext,5Q15
649,ext,5Q0I
649,ext,3DCT
649,ext,5Z12
649,ext,5Q1F
649,ext,5Q1C
649,ext,3OMK
649,ext,5Q0M
649,ext,5YXD
649,ext,3GD2
649,ext,3P89
649,ext,5Y44
649,ext,5Q0X
649,ext,5Q0P
649,ext,5Q0L
649,ext,5Y49
649,ext,5Q1I
649,ext,5Q1G
649,ext,6ITM
649,ext,5Q16
649,ext,5Q0S
649,ext,5Q12
649,ext,5Q0V
649,ext,5Y1J
649,ext,7TRB
649,ext,5Q0W
649,ext,4OIV
649,ext,6A5W
649,ext,5Q13
649,ext,3OMM
649,ext,6A5X
649,ext,5Q1B
650,train,2r4b
650,train,3bbt
651,train,3hdm
651,train,3hdn
652,train,4y83
653,ext,8F7V
653,ext,7UAH
653,ext,7THS
653,ext,6Q1U
653,ext,8F7U
654,ext,5TYV
654,ext,7KTB
654,ext,6VF2
654,ext,6VF6
654,ext,7KT7
654,ext,7KTI
654,ext,7KT1
654,ext,7KT4
654,ext,6VEZ
654,ext,7KTH
654,ext,7KTD
654,ext,7KT3
655,ext,6A60
655,ext,6A5Z
655,ext,1G5Y
655,ext,7NKE
656,ext,5LBZ
656,ext,4QOI
656,ext,4QOF
657,train,4yzm
657,train,4yzn
658,train,5vt1
658,train,2zv2
658,ext,5UY6
658,ext,6BKU
658,ext,5YVB
658,ext,6BQP
658,ext,5YVA
658,ext,6BQQ
658,ext,6BRC
658,ext,6BQL
658,ext,5UYJ
658,ext,8TUC
658,ext,5YV9
659,ext,3AHR
659,ext,3AHQ
660,ext,8SDF
661,train,2j4k
662,ext,4AFQ
663,ext,5QIX
663,ext,5QIY
663,ext,5QIT
663,ext,5QIU
663,ext,5QIS
663,ext,5QIZ
663,ext,5QIW
663,ext,5QIP
664,ext,8WM9
665,ext,7MDP
666,train,4lkm
666,train,4e9c
666,train,4h71
666,train,4hco
666,train,4lkl
666,train,6ax4
666,train,4whl
666,train,4whh
666,train,4e9d
666,ext,5NMM
666,ext,5NEI
667,ext,1Q3F
667,ext,4SKN
667,ext,1EMJ
667,ext,1SSP
668,ext,3KW5
668,ext,3KVF
668,ext,3IFW
669,ext,4CWF
669,ext,5LO5
669,ext,2YKB
669,ext,3FT5
669,ext,4CWN
669,ext,4BQG
669,ext,4LWE
669,ext,5LS1
669,ext,4FCR
669,ext,3QTF
669,ext,7HBL
669,ext,4YKT
669,ext,4EGI
669,ext,7HB7
669,ext,5OD7
669,ext,6CYG
669,ext,5LR1
669,ext,4YKZ
669,ext,3INW
669,ext,2YKJ
669,ext,5J6N
669,ext,5XR9
669,ext,4EFT
669,ext,5T21
669,ext,1YC4
669,ext,1YC1
669,ext,6LTI
669,ext,5XR5
669,ext,3T10
669,ext,8AGJ
669,ext,1UYI
669,ext,5J20
669,ext,5NYI
669,ext,4NH8
669,ext,2FWY
669,ext,1OSF
669,ext,4CWO
669,ext,6LTK
669,ext,4CWS
669,ext,3WQ9
669,ext,3MNR
669,ext,5LO6
669,ext,6B99
669,ext,3HZ5
669,ext,8AGI
669,ext,6ELP
669,ext,5J82
669,ext,4L91
669,ext,4LWF
669,ext,5XRD
669,ext,4R3M
669,ext,3EKO
669,ext,6LR9
669,ext,2QFO
669,ext,6U9B
669,ext,5J64
669,ext,5J27
669,ext,3VHC
669,ext,6ELO
669,ext,1YET
669,ext,4CWR
669,ext,4JQL
669,ext,6EYA
669,ext,8AGL
669,ext,4YKU
669,ext,3OWB
669,ext,5LNY
669,ext,5LRL
669,ext,7HB5
669,ext,6U99
669,ext,4O04
669,ext,3HEK
669,ext,4O0B
669,ext,5XRE
669,ext,4HY6
669,ext,5LR7
669,ext,5LNZ
669,ext,5J6M
669,ext,7HA0
669,ext,3HYY
669,ext,6EI5
669,ext,7S9F
669,ext,4L94
669,ext,4LWG
669,ext,5CF0
669,ext,4L90
669,ext,5XRB
669,ext,5XQE
669,ext,3O0I
669,ext,4LWH
669,ext,6N8X
669,ext,6GR3
669,ext,3HZ1
669,ext,5J86
669,ext,4CWQ
669,ext,3OW6
669,ext,3B25
669,ext,8W8K
669,ext,2YI7
669,ext,7H9U
669,ext,4XIP
669,ext,3D0B
669,ext,4AWO
669,ext,3B27
669,ext,3R4M
669,ext,6EL5
669,ext,4CWP
669,ext,7S99
669,ext,7HAP
669,ext,4CWT
669,ext,5M4H
669,ext,6U9A
669,ext,5NYH
669,ext,4LWI
669,ext,2WI4
669,ext,5LQ9
669,ext,7H9W
669,ext,5LO0
669,ext,3R92
669,ext,7HB6
669,ext,2YEG
669,ext,5J6L
669,ext,1YC3
669,ext,7H9P
669,ext,4YKQ
669,ext,3QDD
669,ext,6EYB
669,ext,3FT8
669,ext,2YE5
669,ext,5OCI
669,ext,5XQD
669,ext,2H55
669,ext,2FWZ
669,ext,7HB1
669,ext,5LO1
669,ext,4W7T
669,ext,5LRZ
669,ext,3OWD
669,ext,5J2X
669,ext,6FCJ
669,ext,3R91
669,ext,6OLX
669,ext,4L8Z
670,ext,7MZK
671,ext,7C7B
672,ext,6DXL
672,ext,7ZXB
672,ext,6YEA
672,ext,7KVZ
672,ext,4KSY
672,ext,6YWB
672,ext,8STH
672,ext,6DNK
672,ext,7SSM
672,ext,6S26
672,ext,7ZVK
672,ext,8P01
672,ext,6UL0
672,ext,6UKZ
672,ext,4QXP
672,ext,8P45
672,ext,7KVX
672,ext,4QXO
672,ext,8FLK
672,ext,6UKU
672,ext,8GT6
672,ext,8IK3
672,ext,4EMT
672,ext,4F9G
672,ext,6YDB
672,ext,6UKM
672,ext,4F5D
672,ext,8B2J
672,ext,7ZWL
672,ext,6XNP
672,ext,6XF3
672,ext,8STI
672,ext,4LOH
672,ext,6UKX
672,ext,6MXE
672,ext,4QXQ
672,ext,7OB3
672,ext,6UKV
672,ext,8FLM
672,ext,8GJX
672,ext,6Y99
672,ext,6S86
672,ext,8T5K
672,ext,6UKW
672,ext,6UKY
672,ext,4QXR
672,ext,7SHP
672,ext,7KW1
673,ext,3PGF
674,ext,2BBW
675,ext,2FL5
676,ext,7DFP
677,ext,2YJC
677,ext,2YJ2
677,ext,2YJ9
677,ext,2YJB
677,ext,2YJ8
677,ext,8OFA
678,ext,4TTB
678,ext,4TTC
678,ext,5YAK
679,ext,9GJ2
680,train,4kp4
681,ext,5UC4
681,ext,7ULJ
681,ext,5UCJ
681,ext,5UCH
681,ext,5UCI
682,ext,7UL3
682,ext,6YLA
683,ext,7EAT
684,ext,4XUC
684,ext,4XUD
685,ext,1B0F
685,ext,5ABW
685,ext,2RG3
685,ext,1H1B
685,ext,6SMA
686,ext,6CCF
687,ext,2C9Y
688,ext,5TF8
689,ext,5MO3
690,ext,4Q93
691,ext,1CB0
692,ext,5O4E
693,ext,7CD9
694,train,5eje
695,train,4idt
695,ext,8YHW
696,ext,7BEN
696,ext,7SU0
697,ext,7SED
698,ext,1UEJ
698,ext,1UDW
698,ext,7SQL
698,ext,1UEI
699,train,5y86
700,ext,9AU5
700,ext,9AU9
701,ext,3OTB
702,train,2yhy
702,ext,2YI1
702,ext,2YHW
703,ext,9BCV
704,ext,5HGZ
705,ext,8Q6R
706,ext,7LD3
707,ext,2J9H
707,ext,17GS
707,ext,5JCW
707,ext,5X79
707,ext,4GSS
708,ext,5F9O
709,ext,4UXU
710,ext,7X9D
711,ext,5IZQ
712,ext,3MQL
713,ext,6EZA
714,ext,8GOF
715,ext,1E2E
716,ext,7ER8
716,ext,1HE2
716,ext,1HE3
716,ext,7ER6
716,ext,7ERD
716,ext,7ERC
716,ext,7ER9
716,ext,7ER7
716,ext,5OOH
716,ext,1HDO
716,ext,1HE5
716,ext,9C18
716,ext,1HE4
716,ext,7ERA
716,ext,7ERB
716,ext,7ERE
716,ext,6OPL
717,ext,7LF9
717,ext,7LFN
718,ext,8SS3
718,ext,8SS7
719,train,4e1z
720,ext,6EKJ
721,ext,7SJ3
722,ext,4BUZ
723,ext,6BMU
723,ext,7R75
723,ext,6BMW
723,ext,8T8Q
723,ext,5EHP
723,ext,6BMY
723,ext,6MD9
723,ext,7VXG
723,ext,6MDB
724,ext,3SQ6
725,ext,4JOC
726,ext,1XK5
727,ext,6NQ0
727,ext,6NQ2
728,train,2q8g
729,ext,6P68
729,ext,4RWJ
730,ext,8XV9
730,ext,8Z7W
731,ext,7PW7
731,ext,7PW9
731,ext,6SYT
731,ext,7PW8
732,train,1zm7
732,train,1oe0
732,train,2vpp
733,ext,8A31
733,ext,8RBC
733,ext,5AOM
733,ext,4AGQ
733,ext,7B4B
733,ext,8RBB
733,ext,5AOL
733,ext,4AGO
733,ext,8A92
733,ext,5AOJ
733,ext,6GGA
733,ext,8DC8
733,ext,7B4C
733,ext,4AGL
733,ext,4AGM
734,train,3wi6
734,train,3kga
734,train,2p3g
734,train,3r2b
734,train,2jbo
734,train,2jbp
734,train,3fyj
734,train,3a2c
734,train,3fpm
734,train,3kc3
734,train,3m2w
734,train,3r2y
734,train,3fyk
734,ext,8XU4
734,ext,7NRY
734,ext,6T8X
734,ext,3GOK
734,ext,3KA0
735,ext,8YP5
736,ext,5C50
737,train,6m8d
737,train,6m8a
737,train,6m8c
737,train,6m89
737,train,6m8b
737,train,6m8e
737,train,6m88
737,ext,8V6Y
737,ext,8V79
737,ext,8V6Z
737,ext,8V6X
737,ext,8V71
737,ext,8V74
737,ext,8V73
737,ext,8V76
737,ext,8V6W
737,ext,8V77
737,ext,8V78
737,ext,8V72
737,ext,8V70
738,ext,6JOJ
738,ext,5GRN
738,ext,8PQH
738,ext,6JOK
739,ext,6RQ7
740,ext,2JAW
741,ext,2C95
742,ext,9B3N
743,train,4u7o
743,train,4zki
744,ext,7FT7
744,ext,7FSO
744,ext,7FTD
744,ext,7FT5
744,ext,8AAI
744,ext,7FSH
744,ext,7FSJ
744,ext,7FSN
744,ext,7FSX
744,ext,1W9Q
744,ext,7FSW
744,ext,7FT6
744,ext,7FT4
744,ext,7FSM
744,ext,7FTB
744,ext,6RLC
744,ext,7FSQ
744,ext,1W9O
744,ext,7FSL
744,ext,1W9E
744,ext,7FST
744,ext,8AAO
744,ext,7FSV
744,ext,8HCK
744,ext,8AAP
744,ext,7FT0
744,ext,1V1T
745,ext,5LAX
745,ext,5JLZ
746,ext,6SQU
746,ext,4A9C
747,ext,7O7J
748,ext,8UO9
749,ext,3HY8
749,ext,8QYT
750,ext,2OHF
751,ext,8S5W
752,ext,4KIK
753,ext,8STE
754,ext,6FXI
755,ext,7QUF
755,ext,7QUE
756,ext,6AFI
756,ext,9CGA
756,ext,6AFL
756,ext,9CFI
756,ext,6AFH
756,ext,6AFB
756,ext,6AFE
756,ext,6AFG
756,ext,6AFF
756,ext,8PPW
756,ext,4P36
756,ext,9CFM
756,ext,8PQ0
756,ext,6AF9
756,ext,9CFZ
756,ext,6AFD
756,ext,9CGB
756,ext,6AF5
756,ext,6AFA
756,ext,6AFC
757,train,6pl2
757,ext,5WR7
758,ext,6X5P
759,ext,6XXJ
759,ext,6XXK
760,ext,8GYO
760,ext,6WBG
761,ext,5K56
762,ext,2F8A
763,ext,4M6L
764,ext,2OCP
765,train,1uod
766,ext,3ZLO
766,ext,4C52
766,ext,2LP8
766,ext,1YSG
766,ext,6RNU
766,ext,6VWC
766,ext,4C5D
766,ext,7Y99
766,ext,7Y8D
766,ext,4QVX
766,ext,3SPF
766,ext,4TUH
766,ext,3ZK6
766,ext,3ZLR
766,ext,3ZLN
766,ext,7JGW
766,ext,7LH7
766,ext,7JGV
767,ext,3MDY
768,ext,4V3D
769,ext,4TQB
770,ext,2F57
771,ext,9BGH
771,ext,5TAR
771,ext,7A1Y
771,ext,7T47
771,ext,7U8H
771,ext,7RP4
771,ext,7L0G
771,ext,8UN3
771,ext,7O70
772,ext,9CT3
772,ext,7SII
773,train,1gag
773,train,3eta
773,train,3ekn
773,ext,2Z8C
773,ext,4XLV
774,ext,3IIF
774,ext,7D3Y
775,ext,3K65
776,train,5mxx
777,ext,6I3Y
778,ext,2O28
779,train,5xv7
779,ext,3BEG
780,ext,2VQ3
781,train,4ijp
781,ext,6PJJ
782,ext,6NKP
783,ext,7G8N
784,ext,5QQK
784,ext,5QQN
784,ext,5QQM
785,ext,7D0S
785,ext,7D0P
786,ext,6FDZ
787,ext,7R4M
788,train,5myv
789,train,3zbf
789,train,4uxl
789,ext,7Z5W
789,ext,7Z5X
790,ext,6FD4
791,train,4v04
791,train,2fgi
791,ext,7KIE
791,ext,5EG3
791,ext,3CLY
791,ext,5UR1
791,ext,6C1B
792,train,4ztn
792,train,4yo6
792,train,5kx7
792,train,4yp8
792,train,5t1s
792,train,5kx8
792,train,5w85
792,train,4y73
792,train,5uit
792,train,6rfi
792,train,5uis
792,train,5uir
792,train,4ztl
792,train,4ztm
792,train,5uiu
792,train,4xs2
792,ext,6TI8
792,ext,8UCB
792,ext,5K75
792,ext,6VQL
792,ext,6UYA
792,ext,6THX
792,ext,7C2V
792,ext,7QG2
792,ext,6THZ
792,ext,6EGD
792,ext,5K7G
792,ext,6N8G
792,ext,6F3I
792,ext,2NRY
792,ext,6MOM
793,train,4wno
793,train,4wnp
793,train,5ci7
794,train,4x7q
794,ext,2IWI
795,ext,8TXZ
795,ext,8TYQ
796,ext,3KTM
797,train,4zsa
797,ext,3RHX
797,ext,4F64
797,ext,5Z0S
797,ext,5AM7
797,ext,3JS2
798,ext,8U27
799,train,6gqm
799,train,1t46
799,train,3g0f
799,ext,6ITT
799,ext,8PQ9
799,ext,7KHJ
800,ext,6QBA
801,train,4njd
801,train,4o0v
801,train,5i0b
801,train,5xvf
801,train,5vee
801,train,5bms
801,ext,2CDZ
801,ext,5ZJW
801,ext,8AHI
801,ext,7CMB
801,ext,7CP4
801,ext,7CP3
801,ext,5VEF
801,ext,5VED
801,ext,4O0X
801,ext,8AHG
801,ext,8AHH
801,ext,4O0Y
802,train,4bi0
802,train,5ei8
802,train,3wyy
802,train,5ei2
802,train,5ap5
802,train,5na0
802,train,4bi2
802,train,3h9f
802,train,5ehy
802,train,4c4j
802,train,5ap1
802,train,5nad
802,train,4c4f
802,train,5ap3
802,train,5n7v
802,train,5ap6
802,train,4bhz
802,train,6b4w
802,train,6h3k
802,train,4c4h
802,train,5ap0
802,train,4c4e
802,train,5o91
802,train,5ap7
802,train,4c4i
802,train,3wyx
802,train,4bi1
802,train,3w1f
802,train,5n9s
802,train,5ap4
802,train,5n87
802,train,4d2s
802,train,5ei6
802,train,4c4g
802,train,5eh0
802,train,2x9e
802,train,3gfw
802,train,5ap2
802,train,5ntt
802,ext,7CIL
802,ext,2ZMD
802,ext,7CJA
802,ext,5EHL
802,ext,5N84
802,ext,4JS8
802,ext,6TNB
802,ext,3HMO
802,ext,6TN9
802,ext,5LJJ
802,ext,4O6L
802,ext,4CV8
802,ext,4CVA
802,ext,5MRB
802,ext,4CV9
802,ext,7LQD
802,ext,7CHN
802,ext,7CHM
802,ext,5EHO
802,ext,7CHT
802,ext,6TNC
802,ext,5N93
802,ext,3WZJ
802,ext,6TND
802,ext,3HMP
802,ext,7CLH
803,ext,4KS8
803,ext,4KS7
804,ext,8XSM
805,train,2i1m
805,train,3dpk
805,ext,7MFC
806,train,2zdx
806,train,3d2r
807,train,3pp0
808,ext,4GZM
808,ext,2W2X
809,ext,6HK6
809,ext,7VBT
810,ext,6PZP
811,ext,6PNX
811,ext,4K33
812,ext,7OUB
813,ext,7CR7
813,ext,8J03
813,ext,7CR4
814,ext,4D0M
815,train,6fyv
816,ext,4EUU
817,ext,7WET
817,ext,9B7A
817,ext,8X73
817,ext,8X71
817,ext,7WEU
818,ext,7UL2
818,ext,8JPF
819,train,5eko
820,train,6fer
821,train,2x2m
821,ext,7DUA
821,ext,7NZN
821,ext,6NEC
822,ext,6N0M
823,train,4eym
823,train,4eyj
823,train,5ekn
824,train,5x02
824,ext,6IL3
824,ext,4RT7
824,ext,6JQR
824,ext,4XUF
825,ext,3GID
826,ext,4JVS
827,train,3f69
827,train,6b2p
827,train,2fum
827,train,5u94
828,train,6rln
828,train,4iti
828,train,4itj
828,train,6r5f
828,train,5tx5
828,train,6nyh
828,train,5hx6
828,train,4ith
828,train,6ocq
828,ext,6NW2
829,train,4qms
829,train,4qmw
829,train,4qmx
829,train,4qmo
829,train,4qmy
829,train,4qo9
829,train,4qmm
829,train,4qmz
829,train,4qmq
829,train,4qmu
829,train,4qna
829,train,4qmv
829,train,4qmp
829,train,4qmn
829,train,4qmt
829,ext,7B31
829,ext,7Z4V
829,ext,7B35
829,ext,4W8E
829,ext,8QLT
829,ext,7B30
829,ext,8BZI
829,ext,8QLS
829,ext,8BZJ
829,ext,7B32
829,ext,3A7I
829,ext,4W8D
830,train,2gcd
831,train,4oth
831,train,4otg
831,train,4oti
832,ext,7ZLR
832,ext,7ZLO
832,ext,7ZLN
832,ext,7ZLP
833,ext,8C44
833,ext,6SNY
833,ext,4V3E
834,train,3uib
835,train,3gp0
835,ext,8YGW
836,train,6qhr
836,train,5z1d
836,train,5z1e
836,train,6qg4
836,train,6qft
836,train,6qg7
836,train,6qho
836,ext,7CBX
836,ext,7OVI
836,ext,7OVL
836,ext,7OVM
836,ext,6IB2
836,ext,7OVJ
836,ext,7OVN
837,train,3muf
837,train,3n2e
838,ext,8XSN
839,ext,6P0M
840,ext,5OKO
841,train,3wf8
841,train,3wf9
841,train,3wf7
841,train,3we4
841,ext,4L44
842,train,6op9
843,train,4ewh
844,ext,7EM5
844,ext,3X0A
844,ext,7EM1
844,ext,7EM6
844,ext,3X06
844,ext,7EM4
844,ext,7EM7
844,ext,3X08
844,ext,3X0C
845,ext,2ZND
846,train,5m4k
846,train,4mpe
846,train,4mp7
846,train,4mpc
846,train,4v25
846,train,4mp2
846,train,2bu5
846,train,5j71
846,ext,5J6A
846,ext,5M4M
846,ext,5M4P
846,ext,4MPN
846,ext,5M4N
846,ext,6LIL
846,ext,4V26
846,ext,2BU7
846,ext,2BU6
847,train,3qd0
847,train,3qcq
847,train,1uvr
847,train,3nuu
847,train,3nus
847,train,3nuy
847,train,2xch
847,train,1oky
847,train,2pe0
847,train,3qcy
847,train,5mrd
847,train,2pe1
847,train,3rcj
847,train,2xck
847,train,3qcs
847,train,3h9o
847,train,5hkm
847,train,3qc4
847,train,4rrv
847,train,3hrf
847,train,2pe2
847,train,3qd3
847,train,1uu3
847,train,3sc1
847,train,5hng
847,train,1uu8
847,train,5lvn
847,train,3ion
847,train,5ho7
847,train,1uu7
847,train,1uu9
847,train,1okz
847,train,3qcx
847,train,3qd4
847,train,1z5m
847,train,3rwq
847,train,3iop
847,train,5ho8
847,ext,3ORX
847,ext,3ORZ
847,ext,3NAY
848,ext,6X3Y
848,ext,5NOT
848,ext,6GJI
848,ext,1YND
849,ext,5VWZ
850,ext,6U5L
850,ext,6TSZ
851,train,5ih8
851,train,4umq
851,train,5k00
851,train,4bkz
851,train,4umt
851,train,4d2t
851,train,5iha
851,train,4bky
851,train,5twl
851,train,5ihc
851,train,5tx3
851,train,4d2w
851,train,4umr
851,train,5twz
851,train,4d2v
851,train,4umu
851,ext,5MAG
851,ext,5TWY
851,ext,5IH9
851,ext,6VXR
851,ext,5TVT
851,ext,5MAF
852,train,1we2
853,ext,6YVM
853,ext,6YVO
853,ext,7AM9
853,ext,6ZX0
853,ext,6YVK
853,ext,6YVL
854,ext,6S75
854,ext,6S73
855,ext,6I2Y
855,ext,4USE
855,ext,4USD
855,ext,4AOT
855,ext,6HXF
855,ext,4BC6
855,ext,6GTT
856,ext,8BD8
857,train,3dbd
857,train,3db8
858,train,1zrz
858,train,3zh8
858,ext,6ILZ
859,train,4aw5
859,ext,2VWZ
859,ext,6FNK
859,ext,2VWY
859,ext,2VX0
859,ext,2VX1
859,ext,6FNJ
859,ext,6FNM
859,ext,2YN8
859,ext,2VWX
860,train,3txo
860,ext,8FP3
860,ext,8FP1
861,ext,4USF
861,ext,2JFL
861,ext,8BEM
862,ext,3GVU
863,train,2x39
863,train,2jdo
863,ext,2JDR
864,ext,4TWO
864,ext,4TWN
864,ext,4P5Z
864,ext,3DZQ
864,ext,4GK3
864,ext,4P5Q
864,ext,4G2F
864,ext,4GK4
864,ext,4GK2
865,ext,8R4O
866,ext,5H8X
867,ext,5KO1
868,ext,5KZ7
868,ext,8UOJ
868,ext,8UOL
868,ext,7P1L
869,train,4d2p
869,train,4cqg
869,ext,5MAI
869,ext,4UMP
870,ext,7VNQ
870,ext,7VNR
871,ext,6X7U
872,ext,3PDF
873,ext,5NWD
874,ext,4JXF
875,train,2vrx
875,train,5eyk
876,train,2i0e
877,ext,6JLR
877,ext,6CJE
877,ext,2HW7
877,ext,6CK3
877,ext,6CK6
877,ext,6CJH
878,ext,7N7N
878,ext,6YM3
878,ext,7N7L
878,ext,6UX9
879,train,5etm
879,train,4m5l
879,train,4m5m
879,train,5etp
879,train,5etk
879,train,4m5i
879,train,4m5h
879,train,4m5k
879,train,3udv
879,train,5etl
879,train,4m5n
879,train,5etn
879,train,4m5g
879,train,4m5j
879,train,5eto
879,train,3ud5
880,ext,1G1Q
881,ext,8CNO
881,ext,6QCD
881,ext,8AKA
882,train,4ebv
882,train,6gcr
882,train,4i4e
882,train,6gcw
882,train,4q9s
882,train,4k8a
882,train,4i4f
882,train,4kab
882,train,4ebw
882,train,2etm
882,train,6gcx
882,train,4brx
882,train,4c7t
882,ext,6YOJ
882,ext,6YR9
882,ext,3BZ3
882,ext,6YVS
882,ext,6YT6
883,ext,5NK8
883,ext,5NK5
883,ext,5NK0
883,ext,5I9V
884,train,2dq7
885,train,4cwb
885,train,5ett
885,train,5etr
885,train,5etv
885,train,5ets
885,train,5etq
885,train,4crj
886,ext,3S95
886,ext,7B8W
886,ext,7ATU
886,ext,7ATS
887,train,4afe
887,train,2xk8
887,train,5m53
887,train,2xnn
887,train,2xkc
887,train,5m51
887,train,2xke
887,train,2xk7
887,train,2xkf
887,train,2xno
887,train,2xk4
887,train,2xk6
887,train,2xnm
887,train,4a4x
887,train,2xkd
887,train,2xnp
887,train,2xk3
887,train,5m57
887,ext,2WQO
887,ext,6SGH
888,ext,7U8V
888,ext,7C05
888,ext,7U8U
888,ext,5Y3O
889,ext,4XCT
889,ext,4WZV
890,ext,3MTL
890,ext,5G6V
891,ext,6T6F
892,ext,3H0W
892,ext,3H0V
892,ext,3EPB
892,ext,3EPA
893,train,5wvd
894,ext,3BFX
895,ext,6ST3
896,train,4unr
896,train,1w2g
896,train,5nq5
896,train,4uns
896,train,4unq
896,train,4unn
896,train,5nr7
897,train,6f7b
898,train,5dh3
899,train,2zv9
899,train,3a4o
899,train,2zva
900,ext,5J1X
900,ext,5C7G
901,ext,5DN2
902,train,4l52
902,train,5gjd
902,train,5jgb
902,train,4o91
902,train,5v5n
902,train,4l53
902,train,5jgd
902,train,5jga
902,train,4l3p
902,train,5gjg
902,ext,2EVA
902,ext,2YIY
903,train,3fzr
903,train,4h1j
903,train,3fzs
903,train,3fzt
903,train,3et7
903,train,4h1m
903,train,3h3c
904,ext,3ZDU
905,train,5eak
905,ext,5KZ8
906,train,5dhq
906,train,5dhp
907,ext,3N8I
908,ext,5DV2
909,train,5es1
910,ext,4AAA
911,ext,4QPL
912,ext,6X83
912,ext,6OOY
912,ext,6OP0
912,ext,7KP9
912,ext,7KPA
912,ext,2AZ5
912,ext,7JRA
912,ext,6X82
912,ext,5UUI
912,ext,6X81
912,ext,6X85
912,ext,6X86
913,ext,6WFK
914,ext,3RT3
915,ext,5R8K
915,ext,5R8I
915,ext,8C3U
916,ext,3KJN
917,ext,7KPF
918,train,6nzp
918,train,6nzq
918,train,6nzh
918,train,6nze
918,train,5tkd
918,train,6nzf
918,train,6nzr
918,ext,7K7O
918,ext,8S99
918,ext,7K7Q
918,ext,6NSL
919,train,4af3
920,ext,8CQL
920,ext,8C13
920,ext,8EWV
920,ext,7Z77
920,ext,8CQE
920,ext,8FY1
920,ext,6FMK
920,ext,6HR2
920,ext,8QJS
920,ext,8BDO
920,ext,6SIS
920,ext,8FY0
920,ext,8P0F
920,ext,8FY2
920,ext,8BDN
920,ext,7Z6L
920,ext,8CQK
920,ext,6GMR
920,ext,7KHH
920,ext,8BDM
920,ext,8BDX
921,ext,5JIZ
921,ext,6BQ8
921,ext,5BV6
922,train,1hiy
922,train,1mn9
923,train,6oko
924,ext,5TB5
925,ext,4AGU
926,ext,2AR9
927,train,4tpt
927,ext,5NXD
927,ext,8WSW
927,ext,7QHG
928,ext,5UI4
929,train,5kk8
930,ext,2WAL
931,ext,1X7J
931,ext,2J7Y
931,ext,4ZI1
932,ext,7U4R
932,ext,6MC1
933,train,5vdk
934,train,3uxm
934,train,3uwo
934,train,3uwk
935,ext,7CKF
936,ext,7VQG
937,ext,2H00
938,train,4w5j
939,ext,3DEK
939,ext,2XYH
939,ext,3DEH
939,ext,3DEI
939,ext,4QUH
939,ext,3GJR
939,ext,1RHR
939,ext,3DEJ
939,ext,1NMQ
940,ext,3G2S
941,train,5vc5
941,train,1x8b
941,train,5v5y
941,train,5vc6
941,train,3bi6
941,ext,5VD5
941,ext,5VD2
941,ext,5VD9
941,ext,8BJU
941,ext,5VD8
941,ext,7N3U
941,ext,5VC3
941,ext,5VC4
941,ext,5VDA
941,ext,5VD7
942,train,4gsy
942,train,4qgg
942,train,4hlc
942,train,4gfd
942,train,4hdc
942,train,4qgh
942,train,4hej
942,train,4qgf
942,train,4qg7
942,train,4hld
942,train,4qga
943,train,1w1g
943,train,1w1d
944,train,1ywh
945,ext,7FQL
945,ext,7FQI
945,ext,7FQH
946,ext,8QHQ
946,ext,8RPS
947,ext,5WIU
948,train,5j7s
948,train,5e7r
948,train,5j8i
948,train,5jk3
948,train,5jh6
948,train,5j9l
949,ext,6EEB
950,ext,4CRS
951,ext,7UP4
951,ext,7UP8
951,ext,7UP7
951,ext,7UP5
951,ext,7UP6
952,ext,6NCO
952,ext,6NCN
953,train,6gzh
954,train,5vo2
954,train,5ceo
954,ext,5CEQ
954,ext,8DEG
954,ext,5CEP
954,ext,8OUS
954,ext,8OUR
954,ext,5VO1
955,ext,8XB1
956,train,2yof
956,train,2yog
957,ext,5IGL
958,ext,7R4K
958,ext,7R4L
959,train,5kkr
960,ext,7P6T
961,ext,6A4I
962,train,3gpe
963,ext,3FEP
963,ext,1CBS
964,ext,4LKT
965,train,3lco
965,train,2i0v
965,train,2i0y
965,train,3lcd
966,train,2f3r
967,ext,3DKO
968,ext,6YLL
969,ext,7G14
969,ext,7FXZ
969,ext,7FWE
969,ext,7FY6
969,ext,7G0V
969,ext,7FZ1
969,ext,7G0P
969,ext,7G0Q
969,ext,7G1L
969,ext,7FZP
969,ext,7G0T
969,ext,7FWH
969,ext,7G1H
969,ext,7G1K
969,ext,7FX9
969,ext,7FYO
969,ext,7G1G
969,ext,7FWK
969,ext,7G0Y
969,ext,7FW0
969,ext,7G1Y
969,ext,7G07
969,ext,7G1O
969,ext,7FYH
969,ext,7G0G
969,ext,7FYQ
969,ext,7FVZ
969,ext,7FWW
969,ext,7FXU
969,ext,7G0L
969,ext,7G1V
969,ext,7G1C
969,ext,7G19
969,ext,7FZ3
969,ext,7FZO
969,ext,7FVY
969,ext,7FZL
969,ext,7G11
969,ext,7FZB
969,ext,7FVW
969,ext,7FYF
969,ext,7G1R
969,ext,7FXF
969,ext,7FX8
969,ext,7FXR
969,ext,7FY5
970,ext,6PCK
970,ext,8TFA
970,ext,8TF9
970,ext,8T98
970,ext,8T99
971,ext,2W4O
972,ext,8F5X
973,ext,4O76
973,ext,4O75
973,ext,4C67
973,ext,5HM0
973,ext,5Z8Z
973,ext,6LG8
973,ext,5KHM
973,ext,6WW8
973,ext,6CIS
973,ext,7FH2
973,ext,6VIW
973,ext,7YL2
973,ext,5HQ5
973,ext,4O7F
973,ext,7EHY
973,ext,4O7A
973,ext,5F5Z
973,ext,5CRM
973,ext,5WMA
973,ext,7REM
973,ext,5U28
973,ext,6YQZ
973,ext,6KEG
973,ext,5DLX
973,ext,7MCE
973,ext,6CD5
973,ext,5EGU
973,ext,5D26
973,ext,4HXP
973,ext,6CIY
973,ext,5CP5
973,ext,5XHY
973,ext,7V2J
973,ext,4UYD
973,ext,4HXO
973,ext,6PRT
973,ext,4YH4
973,ext,8K14
973,ext,5TI6
973,ext,7KHL
973,ext,6CJ2
973,ext,6DMJ
973,ext,8PIQ
973,ext,3SVF
973,ext,5S9R
973,ext,5Z90
973,ext,5W55
973,ext,6G0E
973,ext,6MH7
973,ext,5Z5U
973,ext,5U2E
973,ext,7REK
973,ext,6CD4
973,ext,5WA5
973,ext,5D24
973,ext,5CS8
973,ext,6JJ3
973,ext,4ZW1
973,ext,6V1K
973,ext,4HXN
973,ext,4HXM
973,ext,5UVW
973,ext,6MH1
973,ext,5U2F
973,ext,6JJ5
973,ext,5Z1R
973,ext,5I88
973,ext,5Y93
973,ext,7C2Z
973,ext,7LA9
973,ext,6IN1
973,ext,6V0U
973,ext,4BJX
973,ext,5Z8R
973,ext,5FBX
973,ext,7MR5
973,ext,5WUU
973,ext,5Y94
973,ext,4O7C
973,ext,5LRQ
974,ext,7UKZ
975,train,5j5t
976,ext,9DF1
977,ext,7FCG
978,ext,5TB6
978,ext,7EVJ
978,ext,6FRF
978,ext,4NR6
978,ext,4YK0
978,ext,8FXE
978,ext,5NU3
978,ext,5MQE
978,ext,7WX2
978,ext,5KTU
978,ext,2L85
978,ext,5LPK
978,ext,8FXN
978,ext,8FUP
978,ext,7XH6
978,ext,4NR4
978,ext,6AY5
978,ext,7XIJ
978,ext,5MPK
978,ext,5BT3
978,ext,6SQM
978,ext,6FQO
978,ext,6FQU
978,ext,6YIK
978,ext,4NR5
978,ext,5J0D
978,ext,7XNG
978,ext,5DBM
978,ext,7XM7
978,ext,8G6T
978,ext,3P1C
978,ext,5MQG
978,ext,7UGE
978,ext,8FXO
978,ext,5W0E
978,ext,5LPJ
978,ext,7XHE
978,ext,5OWK
978,ext,5W0Q
978,ext,4TQN
978,ext,5LPL
978,ext,5LPM
978,ext,5NRW
978,ext,5MME
978,ext,6QST
978,ext,6YIL
978,ext,6LQX
978,ext,4WHU
978,ext,6SQE
978,ext,6FR0
978,ext,5MPN
978,ext,6ALC
978,ext,5CGP
978,ext,2L84
978,ext,5W0F
978,ext,4NYV
978,ext,5ENG
978,ext,7JUO
978,ext,3SVH
978,ext,5KTW
978,ext,6AY3
978,ext,5KTX
978,ext,6SQF
978,ext,7UGL
978,ext,4NYX
978,ext,6FQT
978,ext,5NLK
978,ext,5W0L
978,ext,8FVF
978,ext,6YIJ
978,ext,5MQK
978,ext,6YIM
978,ext,5MMG
978,ext,5EP7
978,ext,5H85
978,ext,7XI0
978,ext,5MPZ
978,ext,6AXQ
978,ext,7UGI
979,ext,7KP8
980,ext,5URV
981,ext,2JC6
982,train,4uxj
982,train,4uxh
983,train,6mwe
983,ext,2P4I
983,ext,2OO8
983,ext,4X3J
984,ext,8PQI
984,ext,6JOI
985,ext,8PQF
986,ext,6BTY
987,ext,2CMW
988,train,2j87
989,ext,6QGJ
990,train,5ar8
990,train,6hmx
990,train,5j7b
990,train,6rna
990,train,6szj
990,train,5w5j
990,train,5ar4
991,ext,5RK9
991,ext,5RK2
991,ext,5S96
991,ext,5S8Y
991,ext,7FV2
991,ext,5RKL
991,ext,7FVE
991,ext,7FV1
991,ext,5RK6
991,ext,5RJU
991,ext,5S9C
991,ext,5ENJ
991,ext,5RJT
991,ext,5S9G
991,ext,5RJQ
991,ext,7FVH
991,ext,5RKM
991,ext,5S92
991,ext,5RKS
991,ext,5RKD
991,ext,5S8D
991,ext,7FVG
991,ext,7FUW
991,ext,5S99
991,ext,7FVM
991,ext,7FV5
991,ext,5RJM
991,ext,7FV9
991,ext,5RJO
991,ext,8BW4
991,ext,5S8L
991,ext,5S8N
991,ext,5RK7
991,ext,5S8G
991,ext,7FV0
991,ext,5RJL
991,ext,5RKG
991,ext,7FUV
991,ext,5RJR
991,ext,5RJN
991,ext,5RKU
991,ext,5S8K
991,ext,5S8S
991,ext,5RK5
991,ext,5RJX
991,ext,5RJY
991,ext,7FVI
991,ext,5RKB
991,ext,7FV4
991,ext,5S8J
991,ext,7FVR
991,ext,5ENE
991,ext,5RKK
991,ext,8BW2
991,ext,7FV6
991,ext,7FVP
991,ext,7FVA
991,ext,5RJK
991,ext,5S9A
991,ext,5S8C
991,ext,5RKJ
991,ext,5RKP
991,ext,5S9D
991,ext,5S9B
991,ext,7FUZ
991,ext,5RK1
991,ext,5ENI
991,ext,5S8T
991,ext,5RK0
991,ext,7FUY
991,ext,5S8M
991,ext,5S9J
991,ext,5S8U
991,ext,7FV7
991,ext,5RK4
991,ext,7FUX
991,ext,5RKC
991,ext,5S8V
991,ext,7FV3
991,ext,7FVC
991,ext,8BW3
991,ext,7FUU
991,ext,7FUS
991,ext,5S8W
991,ext,7FVK
991,ext,7FVD
991,ext,5S93
991,ext,5S8Z
991,ext,5RKE
991,ext,5S8X
991,ext,5S8F
991,ext,5RJP
991,ext,7FVL
991,ext,3MB3
991,ext,5RJS
991,ext,5RKA
991,ext,7FVN
991,ext,5RJW
991,ext,5S94
991,ext,7FVQ
991,ext,5RKH
991,ext,7FUT
991,ext,5S98
991,ext,5S91
991,ext,5RKF
991,ext,5RKN
991,ext,5RKY
991,ext,5S9E
991,ext,5RKT
991,ext,5RK8
991,ext,5RK3
991,ext,5ENH
991,ext,5S97
991,ext,7FVF
991,ext,5S8I
991,ext,5ENB
991,ext,5RKX
991,ext,7FVB
991,ext,7FVJ
991,ext,5RJZ
991,ext,5RKO
991,ext,5S8E
991,ext,5RKI
991,ext,7FVO
991,ext,5S90
991,ext,5S8R
991,ext,5RJJ
991,ext,5RKQ
991,ext,5S95
991,ext,7FV8
991,ext,5RKW
991,ext,5RJV
991,ext,5RKV
991,ext,5RKR
991,ext,5S8H
992,ext,5J7F
992,ext,6T2D
992,ext,6H22
992,ext,4ODE
992,ext,4OAS
992,ext,4JV9
992,ext,6I3S
992,ext,6I29
992,ext,4JVR
992,ext,6T2F
992,ext,5J7G
992,ext,8AEU
992,ext,4QOC
992,ext,7NA4
992,ext,5HMK
992,ext,5AFG
992,ext,4QO4
992,ext,5LN2
992,ext,6Y4Q
992,ext,5LAV
992,ext,3LBL
992,ext,4OGT
992,ext,4OQ3
992,ext,4ZFI
992,ext,7BIR
992,ext,7NA1
992,ext,4ERF
992,ext,4OBA
992,ext,7NA2
992,ext,4JVE
992,ext,4ZYC
992,ext,1RV1
992,ext,3JZK
992,ext,5Z02
992,ext,5LAW
992,ext,4ZGK
992,ext,5TRF
992,ext,4JV7
992,ext,4DIJ
992,ext,8J81
992,ext,4ZYI
992,ext,4HBM
992,ext,5OC8
992,ext,7NA3
992,ext,8PWC
992,ext,6Q9H
992,ext,3W69
992,ext,4OGV
992,ext,6Q9L
992,ext,3TU1
992,ext,3VBG
992,ext,4ZYF
992,ext,5HMH
992,ext,4ODF
992,ext,6Q9O
992,ext,2LZG
992,ext,5LAZ
992,ext,4ERE
992,ext,5HMI
992,ext,4JWR
992,ext,1T4E
992,ext,5OAI
992,ext,4OCC
992,ext,6Q96
992,ext,5ZXF
992,ext,5C5A
992,ext,4HG7
992,ext,3VZV
992,ext,6GGN
992,ext,3LBK
992,ext,7BJ6
993,train,2wqb
994,ext,8PUY
995,ext,5W0O
996,train,4ckj
996,train,4cki
996,train,2x2l
996,train,5amn
996,train,2x2k
996,train,2ivu
996,ext,6NJA
997,ext,2PX6
998,train,3wf6
998,train,3wf5
998,train,4rlp
998,ext,3A61
998,ext,3A60
999,train,2qx0
1000,ext,7RUZ
1000,ext,7RUY
1000,ext,7RV0
1000,ext,7RUW
1000,ext,5N1X
1000,ext,7RUX
1001,ext,4CUD
1002,train,5l2t
1002,ext,3NUP
1002,ext,5L2S
1003,train,4ckr
1003,train,4bkj
1004,ext,1QZU
1005,ext,8X7G
1006,ext,3WE3
1007,ext,5C8W
1008,ext,5URY
1009,ext,6MXZ
1010,train,2pzy
1011,ext,3C5N
1012,ext,6QJU
1012,ext,7LAZ
1013,ext,3CKX
1014,ext,1YUK
1015,ext,8X7H
1016,ext,5UVU
1016,ext,6DUV
1016,ext,5UVZ
1016,ext,5UF0
1016,ext,5UEU
1016,ext,5UOO
1016,ext,5UES
1016,ext,5U2C
1016,ext,7AQT
1016,ext,5UVX
1016,ext,5UEP
1017,ext,2YEK
1017,ext,6K05
1017,ext,4UYH
1017,ext,3AQA
1017,ext,7LAK
1017,ext,4A9F
1017,ext,7DPN
1018,train,5khx
1018,train,5wo4
1018,train,3eyh
1018,train,5hx8
1018,train,4k6z
1018,train,6n77
1018,train,5e1e
1018,train,6bbu
1018,train,3eyg
1018,train,6aah
1018,ext,6N7B
1018,ext,6RSD
1018,ext,4I5C
1018,ext,6RSB
1018,ext,4E4L
1018,ext,6RSC
1018,ext,4IVC
1018,ext,6N7D
1018,ext,6N79
1018,ext,4E5W
1018,ext,4EHZ
1019,train,6bfn
1020,train,6sze
1020,train,6ul8
1020,train,5ar5
1020,train,5w5o
1020,train,5ar7
1020,train,5j79
1021,ext,7L9A
1021,ext,7LEL
1021,ext,7L99
1022,ext,5MWB
1023,ext,5O2B
1024,train,2uvm
1024,ext,2UZS
1024,ext,1UNQ
1025,ext,5JFX
1025,ext,5JFS
1025,ext,5JFV
1026,train,5loh
1027,train,3f82
1028,train,2z7r
1028,ext,2Z7Q
1028,ext,2Z7S
1029,ext,6VGG
1030,train,6rfj
1030,train,5w84
1030,train,6eg9
1030,train,2oic
1030,train,5uiq
1030,train,5k76
1030,train,6ega
1030,ext,4U9A
1030,ext,5K72
1030,ext,6O9D
1030,ext,4U97
1031,ext,8TK3
1032,ext,7Q9O
1032,ext,7ERK
1032,ext,1DVS
1032,ext,8W42
1032,ext,4DES
1032,ext,4IK7
1032,ext,4IKI
1033,ext,6Y6N
1034,ext,7R9W
1034,ext,7R9Z
1034,ext,7RA0
1034,ext,3WAL
1034,ext,6TBE
1035,ext,4YBT
1035,ext,5H1U
1035,ext,5H1V
1036,ext,5DYX
1037,train,4yfi
1037,train,6b5j
1037,train,4yff
1037,ext,7MGK
1037,ext,7MGJ
1038,ext,5KMB
1038,ext,5KMC
1038,ext,6J5Z
1038,ext,5IPC
1038,ext,5WA8
1038,ext,6J65
1038,ext,8PWK
1038,ext,5KM6
1038,ext,5KM3
1038,ext,8PA6
1038,ext,6N3Y
1038,ext,5I2E
1039,ext,4Y03
1040,train,3biz
1040,train,2in6
1040,train,2io6
1041,ext,7EFJ
1041,ext,3NTP
1041,ext,2XP5
1041,ext,3TCZ
1041,ext,3KAB
1041,ext,3JYJ
1042,ext,6FFG
1042,ext,7VRI
1042,ext,5UEW
1042,ext,5O3H
1042,ext,7WMQ
1042,ext,5O38
1042,ext,5DFD
1042,ext,6MOA
1042,ext,7DPO
1043,ext,3QCE
1043,ext,3QCH
1043,ext,3QCI
1043,ext,3QCL
1043,ext,3QCF
1043,ext,3QCJ
1043,ext,3QCG
1044,ext,5A7C
1044,ext,7L9L
1044,ext,7S3P
1045,ext,4D90
1046,ext,7UBO
1046,ext,7MRC
1046,ext,7LEM
1046,ext,5VBR
1046,ext,7MRG
1046,ext,5VBQ
1046,ext,7MRH
1046,ext,7MRD
1046,ext,7UUU
1046,ext,8CZA
1047,ext,1TGJ
1048,ext,6TU9
1049,ext,4WV7
1050,ext,3HNG
1051,ext,7ULL
1052,train,4zmf
1053,ext,6X28
1053,ext,4EQ1
1053,ext,6D09
1053,ext,8G4A
1053,ext,6X3D
1053,ext,5TBM
1053,ext,8CK8
1054,ext,6YOV
1054,ext,8OTT
1054,ext,6T90
1055,ext,2FAP
1055,ext,1FKJ
1055,ext,1FKI
1055,ext,1NSG
1055,ext,1FAP
1055,ext,1FKH
1055,ext,6YF3
1055,ext,6M4U
1055,ext,6YF2
1055,ext,1QPF
1055,ext,1FKB
1055,ext,6OQA
1055,ext,2FKE
1055,ext,7U8D
1056,ext,5FE0
1056,ext,5MKX
1056,ext,5FE3
1056,ext,5FE1
1056,ext,5FE5
1056,ext,5FE2
1056,ext,5LVR
1056,ext,5FE9
1056,ext,5FE4
1056,ext,6J3O
1057,train,4ymj
1057,ext,6KZD
1058,ext,7B4E
1059,ext,5UWG
1060,ext,5ACL
1061,ext,4IG7
1062,ext,1C9H
1062,ext,5HKG
1063,ext,6XNO
1064,ext,1T84
1065,train,3wzu
1065,ext,6YG5
1066,ext,6FIT
1066,ext,2FIT
1066,ext,5FIT
1066,ext,1FIT
1066,ext,1FHI
1066,ext,2FHI
1067,ext,4POK
1067,ext,3E3E
1068,ext,4ODR
1069,ext,4D2M
1070,train,1ijr
1071,ext,6OMO
1072,train,5to8
1072,train,5tob
1073,ext,6TTP
1074,train,5u6b
1075,train,3fhr
1075,ext,3SHE
1075,ext,3R1N
1075,ext,7NRB
1076,train,4x7h
1076,train,4x7l
1076,train,4x7j
1076,train,4x7o
1076,train,4g31
1076,train,4x7n
1076,train,4x7k
1076,train,4g34
1077,ext,1BYG
1078,ext,3IN8
1078,ext,3C7I
1078,ext,1CJ1
1078,ext,2AOA
1079,ext,5BQE
1080,ext,5ZQM
1081,ext,3IOL
1081,ext,4ZGM
1082,ext,4BC4
1083,train,3qup
1083,train,4feq
1083,train,4ff8
1084,ext,6V0X
1085,ext,6IIQ
1086,ext,6OSP
1086,ext,8C8C
1087,ext,2CIA
1088,ext,7WMM
1088,ext,7YNL
1088,ext,7YNF
1088,ext,8ZLO
1088,ext,8X7O
1088,ext,8X7L
1088,ext,7YNP
1088,ext,7YNO
1088,ext,8XWD
1088,ext,8X7R
1088,ext,8X7Q
1088,ext,8ZMY
1088,ext,9IJP
1088,ext,8X7P
1088,ext,8X7M
1088,ext,7YNQ
1089,ext,7EM3
1089,ext,3X02
1089,ext,7EM2
1089,ext,7EM8
1090,ext,2VSL
1091,train,3dtc
1092,ext,1RV6
1093,ext,6ZCD
1094,ext,4UYA
1095,ext,8TYV
1096,ext,7M2K
1097,ext,2ZMF
1098,ext,6BYY
1099,ext,2WH5
1100,ext,6Z88
1101,ext,2RKZ
1102,train,6ar4
1102,ext,6BJO
1103,ext,4M5S
1103,ext,2Y1Y
1103,ext,2Y1Z
1104,train,5m55
1105,train,3fxw
1106,train,4y94
1106,train,1bwn
1107,train,6n7c
1108,ext,7EL4
1109,train,4yee
1110,ext,6N3N
1111,ext,1QKM
1112,train,6b2q
1113,train,4yef
1114,ext,8B87
1115,ext,9B4L
1115,ext,8FUG
1115,ext,7UPG
1115,ext,8BYN
1115,ext,8UQ7
1116,train,2qv7
1117,ext,3RUL
1118,ext,6APL
1119,ext,1M49
1119,ext,4NEJ
1119,ext,1PY2
1119,ext,1M4A
1119,ext,1M4B
1119,ext,4NEM
1119,ext,1M48
1120,ext,6ZZ1
1121,ext,5COR
1122,ext,2LRR
1123,ext,1O7S
1124,ext,1GCQ
1125,ext,2PQF
1126,ext,3RNJ
1127,ext,2P0D
1128,ext,2HZQ
1129,ext,6LCB
1130,ext,2QL6
1131,ext,7PVS
1132,ext,2R2J
1133,ext,2I5C
1134,ext,2KQD
1135,ext,7D0E
1136,ext,6S8X
1137,ext,1NXK
1138,ext,4R4L
1139,ext,7JP3
1140,ext,1FFM
1140,ext,1FF7
1141,train,2izx
1142,ext,7F29
1142,ext,2M9R
1142,ext,8KF1
1142,ext,2M9S
1143,ext,5ZGG
1144,ext,1GZZ
1144,ext,1H02
1144,ext,1GZR
1144,ext,1IMX
1145,ext,4GWT
1146,ext,4APD
1147,ext,2OMI
1147,ext,1XW7
1147,ext,1QIZ
1147,ext,4AIY
1147,ext,2AIY
1147,ext,6GNQ
1147,ext,1ZEH
1147,ext,3Q6E
1147,ext,1ZNJ
