PDB_CODE,Predicted_Value
4CWF,6.0513663764499945
6ZRC,6.323241370534285
1L5Q,6.339312727124984
5RK9,5.366953214071422
8CPH,6.548537611264445
4MGI,5.946186891538963
7ER8,5.671455959374191
3FUR,7.537309567828374
8EYO,5.423509634100628
5LO5,6.534846701602357
6NWK,6.654519576593698
6B1U,7.205056717072895
3NOX,6.142525680588703
4O76,7.1548678938600085
7B31,8.051156905857614
5IAW,6.53702175082602
8U4W,6.48039495470522
3BGP,7.617873993226981
5TM6,5.860571262431197
5P9J,7.848540436148268
4MGA,5.705687644616392
6JOJ,7.302034837439683
7R4K,5.9070431004423405
3BF6,6.571935901116446
3U2C,5.738680558864067
7UBO,7.49521978271728
3W3K,6.866761650584961
6YOJ,6.862832046877273
4MG7,6.583591939693633
6I2Y,7.855537821238641
8A31,6.102590946199831
5N5N,4.908033178265881
5NK8,7.9095917851006545
6XRL,7.67226773707298
4L98,5.554050121746619
2ZIQ,7.023574692492571
3SMO,6.155325674621805
6WHA,6.374720230132354
4O75,6.857237024224008
3K65,5.703261228617513
3GWX,6.194945995397908
5RK2,6.110004854258738
9AS3,6.7078284955477985
5WIN,7.222265852429878
5J7F,7.111128695838606
7R9L,6.54553402240329
2RAK,5.638554055872473
7AW3,7.349407632956354
5KRK,5.798088716575218
5TB6,6.274518837488328
6YB8,5.409028357648192
6YV4,6.727881626392387
4RC2,6.1980723487152565
5DXP,6.227536699106959
2QGT,6.692272199542481
2FLB,5.648291238654705
5R8K,6.150566972207864
1AZ2,5.783351081356864
1X7J,5.87269165682423
7VUE,7.553664729891693
2YKB,6.349265668572104
5MKR,6.2085639190470605
7R9W,5.414326725589142
6PKC,7.140259366013671
7ZLR,6.242915034257674
4D9T,7.380189649437205
6DXL,6.129979891411352
1T4U,6.870165545037415
2XQK,5.683004207486577
7G14,6.478156277392952
5DEY,7.998070177336681
7CKF,5.41879835184414
4OJ4,6.141751231068881
7RLF,5.1794923625565135
8DU9,6.44923836165347
5JZY,6.68666257635902
4ZN9,6.085256973554103
6A6P,7.198263895539506
8V6Y,6.0928676538763495
3NOA,7.570131206187702
6NJS,7.10205575885039
6HCY,6.133497866526276
9CHU,5.3753141249084875
4LXA,7.086766280959746
6DFM,5.592005493283744
8SS6,5.956188546651288
8EV1,6.366742034803803
4FMC,5.454792202516001
3QCE,6.30546158714535
6DW3,5.40454797087936
6KHE,6.893557246723932
5XMX,6.954888219712551
6BMU,6.876790853234317
5S96,5.386307099339518
8GZ3,5.547395916018143
5S8Y,6.585700886976441
1NM6,6.537355518556408
4FA6,7.564153130199509
8IMX,5.484265443163792
1TOM,6.8357206038246625
7RUZ,6.420180531046273
5TM5,5.762850791996944
3IMX,5.840501449840753
4XVE,5.941390730850794
7DBK,5.702531829743866
8TU9,6.653696762513007
7MRC,8.013772325395905
5TB5,6.8479532533797265
3FT5,6.405500572718048
7X9D,6.084797841142526
4CIK,6.18187268653198
7FT7,5.24324410136348
5WS0,6.629469588645549
3CLD,6.725599218547608
7FV2,6.406037463235809
7M44,5.793231302159846
5MVC,5.787129032362039
4USE,7.217136155448796
4PYX,6.733862105775946
7BGQ,6.048756264791734
3H0W,6.087551315413521
7WGP,5.861779455615018
3ELA,5.859154629759089
4C67,6.727865453175605
5VD1,7.557432146327468
5XGN,7.1858880651756545
5UGB,7.4434071656388054
2Y48,6.499444338952315
4EY6,5.66663481252797
4G9R,7.881397328880031
5QIE,5.735520681627581
6ZC9,5.423509002682186
7FQL,6.365625091885892
4CWN,6.870321376053204
4ODR,6.587959764643028
5RKL,6.142716889312047
7WMM,6.456637672157574
7WNV,6.287285352511088
5VD5,7.500058338593045
4NGA,6.748702868613537
4IM2,7.161863652427777
7FVE,6.381207550091264
8YP5,6.920170674030755
6TFV,7.780235419836111
3DT3,5.797279069121857
5U3U,6.559014348481518
7EVJ,7.131892026606555
3ZXT,5.395916137694177
3ZLO,7.100534905837658
5IN5,6.135456710477664
4BQG,5.682971428561125
1Q3F,5.963212778634347
1DWD,7.079968922712486
9JD4,6.319630009830954
3FMJ,6.973601815772996
7ZXB,6.498761073839356
4APD,6.0553318895552275
8T4M,6.0037372178487445
5NMM,5.698861257353708
1WOK,5.695209991200956
5L2Y,7.108924517234189
5WUK,6.182447786462332
3M4H,5.577187538895822
6X83,5.598594661636932
1EVR,4.852442456890227
6QZR,6.114977571453371
7VNQ,6.626635782621161
7QJU,6.672707379825136
1M49,6.638475793817569
3F66,7.391868737577071
1GIH,7.136722059636402
7CBX,7.442111597464453
5QIX,6.228473853864728
7P3B,5.142659344495115
7FV1,6.076936835330257
5IZQ,6.397443302486221
8JTT,5.701123014468156
7VNR,6.570999292086345
6KXY,6.585135440331051
1T65,6.340995772822849
5HM0,6.878904693587974
6TR5,6.133253680092142
1KTS,6.53942329198317
4QFZ,5.7008323167991595
2QZO,6.080790823057007
6T2D,6.2943512131064985
6SNW,6.2630808289279765
2JG4,6.214403538152632
6H22,5.8364083379464855
7AAZ,8.010561076881416
5Q0J,6.80785438688953
4FSM,7.907664454559863
4ODE,7.403581980535196
7EM5,5.167153607168481
5DRM,5.7513179724415675
8U2E,6.384938598770032
8OKU,6.190204115944828
5IA3,7.800213668728699
7AVX,7.866023011207373
8J61,6.31295555582972
6TW2,6.986059457975315
5S80,7.2845961650510995
5KR9,5.889323700989481
7M0K,7.5276034897251005
7EZF,5.777142854339214
5Z8Z,7.04312787560175
5UC4,6.536263844701447
5DDB,6.650749461966513
4RBL,6.01406309385939
6DHC,6.694642686143705
4ZN7,6.067059309713046
4MGD,5.290226402697311
6LG8,6.503569822617514
7M45,5.13244522499354
8P77,7.095870862525808
3CGF,7.14524629868193
3Q4T,6.629460209775997
7A2H,6.172598726598028
6TI8,7.633494683527745
7G87,6.432792145441812
7R9T,7.54207199901588
5KOT,6.896433889030573
5SCJ,5.354993256306741
5IA0,7.823093241512042
4OAS,6.533899329583741
4U43,6.127445797401794
4BAO,6.849098162515835
9L3T,6.030473743694797
5GTY,8.049148270049082
1ND5,6.108152796308572
4JV9,5.837632282893335
7MIG,6.972425281460105
8P70,6.272285601744745
5TYV,5.659675391314714
8DZQ,6.474178092232208
3O64,7.0894638278506
6YLL,6.904610865262537
8A9G,5.874397703486631
5UU1,8.358509659257603
4XXS,7.111418159112197
3V9T,7.256948962538524
4XUC,5.729915106470191
2CDZ,7.403855531569878
9CHX,6.498556750167185
6O8C,7.255442202626852
7VFU,5.983830281956682
3DDQ,7.086955109040596
6S1B,6.771035615861126
3L1B,7.394004914157117
8CQL,6.187032407262289
2BAK,7.913296215962116
6I3S,6.629843169465091
5RK6,6.70342057872139
7LTT,5.7457065612640115
4LWE,6.533811638505081
3X0A,5.048734188876569
7UL3,5.906235510793826
5JWL,6.130531578452547
8Q6G,6.254329322934021
8DUB,6.44502275970514
6YXI,5.9322033455676975
6MWR,5.836887182888218
8RBC,5.861060301717356
5LS1,7.039070173016617
3DZY,6.169997330412137
6YEA,5.708188871331684
7U8V,6.187955348984133
3EAX,6.011419566453285
6X3Y,6.695430462697036
5KRC,6.218068752518655
7L9A,7.43012393489052
4FCR,7.22436404802178
6XD3,6.934230957323256
5Q0R,7.579007552387781
4GZM,5.299535680340341
6PNX,4.9983187695835545
4ZWE,5.4921577663542545
5L30,7.088163126523877
1YXX,6.519551421320926
7QK4,6.793594397198628
8J5W,6.2687012844612
5RJU,6.266775908550903
3G6Z,7.095338100167178
8GMD,6.1632341377187085
4UYA,5.080017297259773
6JX0,7.433572640977583
7KVZ,5.529641330622739
3BEG,5.830288463532824
8VO4,6.298601265068055
9BCV,5.099494230044261
5FQV,6.446472809336128
2WTV,7.46413990994795
8C13,6.246478011095614
1LQ8,5.475213420836121
8QHQ,5.881972258649432
5ED1,5.006981211139587
5TLG,5.585680301392843
6QY9,7.89393846248097
5DEU,5.370641425591695
1AWF,6.408257270160671
4ANS,7.363964257208698
4XBM,5.834809649632161
2Q8S,6.678703989648497
3QGY,7.625158607135185
7AW0,7.452347241180561
8CSG,5.635591992380496
3QTF,6.937241137668049
5KHM,7.337024524059317
7HBL,5.235513879200749
5S7Q,7.250239786290978
6FRF,6.887822967254656
3C0G,4.981272058875232
6I29,7.14373803531794
7KTB,5.983808269472669
7T4V,6.348271798345288
7MDP,5.915435662292019
6VQM,8.092925030051857
8PO1,6.269019449771992
5ZYJ,6.509951016319272
4YKT,6.055184716811591
6TEZ,5.884055282261235
7M05,6.176250986441775
6N0Q,7.618708712990312
8TSA,6.355116907264806
8XB1,6.407962689120827
4OD9,6.9768627777178605
5QIF,5.698590833636317
4EGI,5.474158552544177
6K3E,6.119744405059812
8J3W,5.957276929106308
6VF2,5.88639355606303
7UL2,6.0377659387418285
3HY8,5.524753978261586
5WTC,6.4192339836135
3UUC,5.397162040117996
8B34,5.772477280814343
3QT0,6.798557448534366
3L4V,6.040304590538083
7GTF,5.103458782165996
3TKM,7.314391266900281
3QCH,6.544197339864857
5DZH,5.528365029112168
3QQU,7.8471125414190235
8EWV,6.197315806662275
7T2X,6.843191243150682
5Q19,7.354540172172317
5TTO,7.496418044659815
7OVI,7.494907450441798
4EK5,7.131217971163874
9NC2,7.3885547064883985
6CZN,5.375838760711393
2FIR,5.7474918643172535
2VWZ,7.776913941702866
4SKN,5.8339692501434595
6S8X,5.9167466739127565
4UBA,6.428446160587511
6RL6,5.8659533322270505
5HIE,7.837581608594476
1GI7,5.559033256673618
6AFI,5.568312954175417
7NM9,5.226995349323717
7X0T,6.328603460348962
5QDQ,5.361977009724385
6A1G,6.712916696873833
5ZYG,6.39603990778095
6WK0,5.288236592985292
2QXM,6.875274961768705
5OOR,8.059629612527885
4NR6,6.4864787442450345
7R04,5.156629758721666
4KSY,5.5826912523070575
8P4Z,6.244140713346597
5YCN,7.636298744412827
3RML,7.049900335799078
6PCW,6.583394448385482
9D5J,5.051454643181318
3C27,6.609200212600577
5FEQ,7.544133322807586
7N9G,7.379424380149776
6FIT,5.404974599062115
5PAT,6.305028787048011
4OKT,6.7366724309465615
5UVU,7.2909876132818345
5UG9,7.481513035322346
7MXC,5.512539958502947
7BDT,5.82435837915831
7D42,7.861040571920059
4FM7,7.1577905278618195
5ULW,5.902833651876219
4DCH,5.561830872862514
6CHW,7.292226626594654
4FKG,7.144424224623828
9JDG,6.304360979408801
4C52,6.758815929397265
7T0P,6.805666192980805
3ZEW,8.015812089005168
4Y16,5.848947529301331
5S9C,6.633986534647703
5TQF,6.880419888053003
2G1R,6.693431588130697
7ORT,5.619058973678208
7HB7,6.51621882298627
4OAV,5.14752040956252
5ENJ,5.947364158383295
6V8B,6.399487246021767
5YQZ,5.806207930100789
5QIY,6.306904067540254
5WNG,7.251677027815161
4YK0,5.927073495295634
4Q50,6.5517971575153
1G1Q,5.581748726797113
8FXE,6.506077454260295
7EFJ,6.129726310032634
3NUP,7.113550945304919
8R58,5.81263312402696
1WUU,5.138584603735935
7Z77,7.781587611359232
8JVI,6.09219227790382
7K6N,7.2614665811683885
7LW1,6.684104179454946
3GHT,5.8975459801358
1XQC,6.931105332891363
4QFX,5.708345783824687
5AOM,6.296841214850616
6XDS,5.838071047425114
8EXL,7.521725964259908
3OSA,6.390652963699497
1GZZ,6.270448165988113
7Y7Y,6.162623907013387
8CYI,6.191423890169296
2ZM3,7.798594982482781
8CD0,5.591826637006628
7UP4,5.086035730219341
5CP9,5.892062297592394
3NC2,4.984216552049818
5NU3,6.8384480028173815
8WF6,5.454575124446103
5RJT,6.432368393627284
4JVR,6.336409112314211
7AAB,6.855274550619864
2X4F,7.44241712889915
5OD7,7.426625680964977
6YWB,5.771259113862633
7REC,6.196104014652562
6CYG,6.4165797613696
1D8E,5.987248373717958
8B4W,5.943981969019084
7N7N,7.527373993459334
7YNL,5.677926419520506
6D0F,5.557486326323424
6HEV,7.706162845703763
7SCE,6.031621721197607
6V80,6.451539422533181
6T2F,6.228159002119991
1HE2,5.652197577040613
7F29,5.494560892403405
9BLH,7.246385925465926
4IVW,6.104281519513421
5J7G,7.044457733257862
4J51,6.707528215145212
8PQI,6.431164239163549
5TMM,6.119989636546721
5LR1,7.28737580171621
9EK7,5.881901667641585
5UBR,7.31201132523646
7R9Z,5.137905617808261
5NDD,6.276691318333113
5ZYH,6.6087585957607375
5MQE,5.614165685125098
8STH,6.5218284402333175
6RJQ,6.1725609943142095
3C3A,5.4257167124037835
7X3L,5.903717937071045
9CGA,5.36651829218
6FVG,5.988770115325347
5EYM,7.741025057139326
3F1Q,5.794137855550118
8IRT,6.498040103464198
5MO6,6.354372294019156
4QSB,5.314036548824398
5S9G,6.041156380819486
1HE3,5.772287605840051
2QLU,5.196936624615161
4AQD,5.69654821426477
7FSO,6.268323031980932
7EL4,6.505015446833554
5N4U,7.545802530489732
1S2A,5.947982728906471
4UZL,6.183054092201118
5DVV,5.386500940057775
8DUH,6.447327783719205
7M5L,6.532965284279526
4MDD,7.668171644076215
8GLI,5.72888251568743
7F7W,7.559719272609653
2P4I,7.5469641749659555
7Z4V,7.1454781991091405
6N7B,7.482567282410366
7M18,7.09967634863288
7WX2,7.025300029194365
4AYX,5.000403080502825
5NOT,4.982550809888491
2FAP,6.802316106392957
7R9P,7.879580947344613
7BGC,5.517695686758651
5KAE,7.761883485436944
6HDR,6.454003021580841
9FRE,6.30746612523233
7CIL,7.404561247613809
5KTU,6.2790969967744665
6A60,7.476706177607242
6UF0,5.84775560518037
9FS4,5.5698354977345925
4NFN,7.559892789391827
3UUD,6.667170369407503
3OFM,6.574810025923239
2L85,5.642707662153618
3GV7,5.366030259800909
1RY8,6.0579133845526725
8FP3,6.428295403723288
6T7Q,5.978083765537514
7DUA,7.556171806444549
7Q8V,6.265650824651756
1ZGY,6.3061181135987905
5W9D,6.676288815930411
4GZ6,6.186245504644114
7EJA,5.888552815888195
7UKW,6.30151485055406
5LPK,6.618277048476774
5RJQ,5.57641781705492
6OOY,5.58661032739199
4NA9,5.70547165887649
1UOM,6.489269260183843
6DHA,6.557731380540105
5ZXI,7.28566528981575
6YID,7.420066267085167
1LHC,6.913558438883464
6PCK,5.353330717033218
6Z59,7.3088233081730065
7T4T,6.012586989444392
6WW8,7.121776739963334
8PAS,6.125817211384126
5DXK,6.0185819256887205
8C1G,6.244613640109482
6TLW,5.480328794107114
5D3F,6.074090586427371
4YKZ,5.407055516244451
5ANE,5.798398322239102
8HUP,6.569284996330599
6A5Y,7.288359961720989
5A7C,6.101610175683489
7QGP,7.918548514767692
3IW6,6.685885227578617
6AAR,6.064703217944702
5DMC,5.368613092937161
3U3O,5.463803805450123
4GFG,7.454796046114104
7FVH,6.62323532355823
2V7O,6.601142341440001
6EJ3,7.111211951796169
5QFK,7.208652319090827
2OHF,4.930345902298758
2CNI,6.9284306801246744
8AEU,6.275261227179846
1SJ0,6.132087594082169
6SYW,5.720186888612149
5CEQ,7.130326983011836
8SO2,5.353120415257727
6YG5,7.12802939438433
4ZHX,7.243178510272392
4TWO,7.410809110993955
4B8W,5.579015513032115
4AAA,7.335285354334901
6DNK,5.665734931444409
5RKM,5.8560235052575065
7FTD,5.9507218512895
6NTM,5.652118622171022
5UFW,6.311791536151445
8V79,6.245759088493697
5TE1,4.933837371299212
3INW,6.537039393604317
7YNF,6.0698884877758
3BGZ,6.5836612881817
7Y0A,6.577711880806137
4AOJ,7.181297513425734
7M0A,5.781039741474935
7AK2,7.67525125612887
7FT5,6.194316498116489
4PXM,6.642859497322802
3OD0,5.735038853960733
4TO3,5.656279038034696
6LN5,5.645688205026
7X6I,5.96516996935285
3FLI,7.345472607546697
6NUQ,7.021550011539778
2YKJ,6.804293862793743
2LP8,6.273959434108989
7OY6,6.89901196714792
8X8Z,6.270951415996774
7WGQ,6.710680954069897
6TE2,6.784686693865981
4L7S,7.948375537780692
8P6V,7.151601600706954
4LXK,6.950011941665598
2E3R,6.437691531575703
5S92,6.862579612569027
4E4K,6.002893533306729
5Q0U,7.284635852508368
6CIS,7.374270766797102
7DHC,8.067486064506198
4US2,6.140003577643121
6Q3F,5.220320592226041
6UWV,6.897267239900646
1P4F,6.666486029260577
6V2E,5.742012832268826
6GVF,7.3155875025890085
8G8O,6.334465753237465
5KMB,6.824759007961451
5QIC,5.694684501096091
9BGH,6.6000246322583855
6PJJ,6.818882013268103
4QPL,5.1996548183273905
8AXZ,5.5599659454552945
7GS7,6.6117541200823995
5J1X,6.3143673976347845
2XVD,7.845445067295018
8HDP,5.303760948957876
7FH2,6.354047189946592
2XE7,5.3886315759352
2EVA,5.092548050961739
4FZF,6.889934975338579
6AFL,5.528360523872249
2VJ7,7.164956761476356
7B87,5.897222282623885
7MFC,7.9292826818419115
9CJ4,7.925787212253059
2PIU,6.366130320512587
3MQL,5.735509884114561
8XV9,6.705211588487215
4B0O,5.855992156574626
7BCM,7.1968901520458015
7SSM,6.121289450669289
1G32,6.450795269926084
7M2O,5.639852445498878
7W9M,5.296910223645799
5BNW,6.499702100740156
2WAL,5.847868000051311
4MGY,7.173224376065266
7KSK,7.407170618037473
7B35,8.051857768618177
8ARX,5.908410819263097
4YJP,7.632498156190933
3U3K,5.552084839658667
3V4A,7.30130424422223
4QOC,6.527222254538038
4XUS,6.111651778741527
9DUQ,5.1627579053062576
8T1B,6.331562086528812
5USS,4.834369792128049
8C44,6.100571144543992
8R9U,6.195989381662974
3SXS,7.259296704766502
1JVQ,5.46673308802422
5FE0,6.097468951295068
8FKO,6.393102806654273
6RA5,6.694745328597434
6FNK,7.174009130647526
5Q0N,7.868157659811849
5RKS,6.07341324127933
5J6N,6.172123476460469
7G86,6.145408843737488
7Z5N,6.915398954408623
5SWP,6.387827001221594
7JYT,5.459220495445164
6I6R,5.980302600387405
3KMG,7.73414884607527
3ONC,5.612096318224281
8AAI,6.140025614979686
7OPG,6.989073540025243
6DLZ,5.495618497850364
7RN6,7.893177422462319
3R7M,5.852444339978464
4QIN,6.661839278832053
9CFI,5.362194146691065
8UTB,5.978219047457296
8P04,6.201703570033732
5XR9,6.517656809927388
5P9M,7.894511382421039
3FEP,5.91288712894414
5VD2,7.267631701227303
7BA7,5.607010919225604
5TMV,6.103183089364168
3VJH,6.659779617665513
6GWE,6.721878362245601
3ORX,5.664048710806946
5KRI,6.4282773343788255
8UWL,6.6597561900694195
7NXJ,7.55492351366625
7RS3,6.969547614416112
7NA4,6.851117905083978
5ZJW,7.721229086195911
7KXQ,8.225183280127272
5GRN,7.779387455642621
8B3N,5.800156019837396
2VWY,7.7538080816272945
6VIW,7.406741163721322
1G3M,5.591769876296967
2G0H,6.567368084197565
4EFT,6.253897041132572
2B1Z,6.323749790204174
7BPY,5.526638703136492
7Q9O,4.8758854385791714
7ZVU,6.149922899537912
4AGQ,6.241021172729764
2RFN,7.912015068659728
7ZU1,6.364036825938687
5TLP,6.947841056537645
6D9H,5.417219716751837
4OVV,5.255563544869772
5KCC,6.2981221834422145
8EQ5,5.781147229481733
8S0E,5.027403544763743
8AHI,5.992678506931124
5RKD,6.834064950012692
3ADU,5.607939453536368
6S26,6.0271786393103515
5VD9,7.39655632076728
7ZVK,6.629971519621444
4TNP,5.759893878344615
3Q3T,6.535620908274917
2B1V,6.377998058331729
4ZP5,6.690229741788209
3OSI,5.845229393946068
2G0G,6.575866241989005
8DEG,6.535317978047707
6DM1,5.495618497850364
2J7Y,6.571791488098409
6L16,7.056947449050823
7FXZ,6.475844885445412
4GBP,5.710248163654995
6Z4B,7.49888857140365
8P6Y,5.041001278963057
4IG7,5.9970339538355795
3D7T,8.078618843269814
5O12,7.577067469960963
2BBW,5.879612150065354
1QFK,5.475213420836121
5T21,7.078005090870426
5JIZ,6.951781254523817
8HID,6.110808337728196
4LQM,7.121619466448968
1YC4,5.977834594969684
5A00,6.5626415947868235
2ZMD,6.644300470647036
7G8Y,5.8606772857110006
6TLL,6.378220908430849
4N4W,6.609879764560761
6IGK,5.974427983143778
7CJA,8.17402358733123
9FL8,5.5543211520079545
1ZEO,6.419008421011864
7JXI,7.495098036766511
5Q0Y,7.3476804793316095
6R7S,6.843465199051937
4AKJ,4.709002439149424
8R9S,5.67620543427349
5W4X,6.107287615578473
8FXN,6.161316091540936
5DS3,6.5446622569660695
8DJE,6.29405018330449
6NKP,6.200259697093003
5VJA,7.270680271078275
4KKH,7.969597844288426
7WSM,6.711883580941199
5ICN,5.531048796472616
8P6W,6.385432687504325
6CHZ,7.196907721534908
2OO8,7.337758446481595
3SGP,5.670934882115203
6CQV,5.688454813335415
4FKW,7.1590399189906595
1YC1,5.967282863974349
7MII,6.786778911366936
4FAL,5.888768187669256
5MKX,6.310034159663625
3E7C,6.761159046498321
6LTI,7.082109302092846
3CTH,7.381469243269978
1NXK,7.225595456278087
5LBZ,6.270688505895721
7ER6,5.825925839672538
2IZR,6.909832305849039
5WZX,6.637664584693692
5XR5,6.699385598604121
2G5O,6.5930516991570896
3GJW,6.181599907576287
9EVJ,5.308695491051597
5HMK,6.917144902100651
9DME,5.2814201692092855
6QY8,6.085832783462676
7C7H,5.8369807924112855
8CTG,5.521439142893348
5MJT,6.810875303867
4QDV,5.801212537589231
3OLF,7.92648704028135
5Q17,7.63803488647432
7NNE,5.842018299531873
7YL2,5.836119909770313
5EHL,6.166261009693329
6CM2,5.403100678419411
3DBS,7.447378024795832
3T10,5.12542817093602
5DN2,6.0889030651427785
7O1U,6.09288628194391
6DGQ,6.576248580502457
1I7I,6.094110971213686
8AGJ,7.323352438971286
5DI7,6.614599512644591
5FQP,6.379971409022834
2A1T,6.557725578359114
5J6A,6.8992046971313945
1UYI,6.667892879265669
4PFC,7.388773961697346
6NRH,6.095034234715818
5J20,6.931511948599261
4JPG,5.332619094273126
4F7N,6.508266594207528
6XRN,8.229158697457894
6EO7,5.732512924775912
4M5S,5.198230931177655
7FSH,6.8266996809744445
3HCR,6.3013047452248765
2Z9Z,6.326561319745462
6ZUX,6.903195413306542
6Z8V,5.576480437894248
3EGK,6.571473245957187
5FE3,5.773958048594185
5A1P,6.285567277550289
5EIT,5.805301686836527
8AV4,5.918597040330345
6RWU,6.130317466402047
4MRM,5.557970226147062
3OOF,7.847853263165325
7B3V,6.609210557018515
5HQ5,6.311873653340394
4BUZ,6.36877365317589
6K0J,6.974491468037715
7A4R,5.945952376921657
8BM2,6.24320108010443
4FPA,5.902779351906
6F0X,5.621071168679968
5NYI,7.006204729923926
4PF9,7.208411366066191
6W7G,6.9085096306070986
6NQ0,6.138563066314719
7BDH,6.4695858749149115
4EY5,5.688454813335415
7FWE,6.118088120969186
2BVR,6.143518305972024
6VF6,5.824472863173816
6PJX,6.311643751471414
5AFG,7.063351808481987
6FFG,6.755834878227978
4OK1,6.750453765311821
5DB2,5.4345868702488955
2WH5,6.104290314517867
8FUP,6.336472576055185
5N84,7.375317249459384
4PZT,6.60088980626093
7UJF,6.973536306797869
7JQG,6.3704535910355995
7FY6,6.3342832542907646
4NH8,7.252353809169875
5HZC,5.692452063419666
3TY0,7.707805829318326
6TEW,7.446743392309518
6RSD,6.998517608582624
6DUV,7.0042037323180635
4X8V,7.184066783213111
5S7A,7.281872358473568
7RLC,5.231349624901812
7RLH,5.261384904969312
7XH6,7.474633638778663
5TMK,6.930733698644104
7DHH,7.977682811123876
7P2L,6.562146558124487
6F82,5.722177043702439
7ERK,6.542706440678391
8WZH,5.748207883961952
2UVX,5.136138310163535
9B83,5.0467889082189314
5KD9,5.813001093678985
8JP1,5.888140568971605
3FXV,7.77924622875532
1YSG,5.710793996822773
5M8M,5.9796599612973775
7G8U,6.465537692415934
4FT0,7.6689642745299045
4O7F,7.365533599645481
2R2M,6.626585510578622
7ERD,5.609745690988859
6GXK,5.90375113314382
7CMB,7.163389963152081
2FWY,7.105342992741142
7CMW,6.636513099752611
1YPK,7.160152744360143
2Z7Q,4.963111138556303
3NR9,6.9351870575899826
6Y6N,6.393832621485531
3J9F,5.644756821604009
8P08,6.240246204244926
6JMD,5.800641692624474
6Q3W,5.39767434631818
8JFK,6.254044506054185
5S8D,5.483348486809406
2E3Q,6.436327130543633
7B4B,5.689667777109349
8JF1,6.148512585352043
3RHX,6.547820792330911
6M92,5.996727754559873
7FSJ,6.253545419300097
7L9L,6.823477703667313
6A93,7.285341060624913
8P01,6.299318264379777
3TH2,5.723859070227334
5W8K,5.564699155433018
4L96,5.74253657362281
3HA8,7.387748287456484
2VX0,7.761144250931002
5H17,6.806219635707456
5UAD,7.600987025601624
7QPN,6.8962947246605895
6VGG,5.565452321780698
4QO4,6.667682331640841
7G0V,6.195635992114546
8V6Z,6.223174203945687
4ID7,7.199383219076397
7FVG,6.096957555450649
6YVM,5.044873501289858
7FUW,6.034887539665902
6FYO,7.405001749177018
2WQO,7.347489229172997
3L4T,6.066802163417507
5WRQ,6.874318444983772
1XP6,6.299439361412952
5S99,5.994939861437292
5A1G,5.5026493710761315
7FSN,6.056309444423718
3P2B,7.082174641484224
9AUC,6.468729465836064
7DDZ,6.877131260391653
6X28,6.562598632241628
4NR4,7.0766138473259375
7AJ2,6.58502516451624
6JOI,7.27318616278978
6JUT,7.8809764646121785
8Q1Z,6.008052442453778
7G94,6.343593947579774
7FSX,6.096392766356604
5I1Q,6.07431165150886
5AJZ,5.602871779506651
5Q0Z,7.275451931291982
5AJQ,8.013713088674328
2FL5,5.558334943539092
7FZ1,6.284129340356952
7FVM,6.162792731575486
5ENN,7.138209617076052
2YEK,7.2195710968451206
2FEQ,7.034580836337147
2ATH,6.999181324466916
8XU4,5.537636546579488
2XZO,5.058585127289955
3HM1,6.741878089673012
6YVO,5.044873501289858
7U36,6.766911971018749
5VCY,7.925262367889737
7RUY,6.5293189833374
7VRI,5.377403280978579
3VN2,7.758934729775342
6FIO,7.739133820714563
6Z2J,5.494578219948757
2WIL,5.692742657460525
6R3S,7.136438007831039
7FV5,6.02546341756175
4JS8,7.300718900529323
8ZLO,6.039395873051758
5LN2,7.317577295281943
7LEM,7.510556950168075
8B4V,5.131545382473385
4NO7,5.840501449840753
1DGG,5.691833101185752
4DM8,6.508482119362384
6FFI,6.254034716992346
6VJD,6.90023756130051
1OSF,6.729464369024546
5RJM,5.739023163365307
1GIJ,7.448762854807938
8PT3,5.847695382143495
5WRI,5.2842817795234795
3IDH,5.840501449840753
5DUE,6.4088323582601525
7YAH,5.491766869221068
7KSI,8.045856408778873
7KFN,5.051454643181318
7NIG,5.868510033154802
8C3R,6.1158315901378035
7BIQ,6.498281822926726
7FV9,6.24602722591524
5SY3,7.186301656704708
4TTB,5.773345865191886
7A1Z,5.551019620131148
3UFL,6.33136345297159
5CU0,6.314679465028192
4CWO,6.461097908157237
4MG9,5.917315845654053
3H3T,6.544463189574187
7EPB,6.041551438453476
6SNY,6.09114443525945
6T6B,6.63461437131879
7A5B,6.885673560528635
1LD8,5.739515280491886
6AY5,7.408095557851485
7SFO,7.389495075148108
6TNB,7.819473742642181
6V5N,7.773201411690548
7TYX,6.536267411825952
2VV4,5.992126823303228
6W1D,5.491901321175585
1AHT,4.503710376263299
7MIF,7.0771776935385695
8CQE,6.170892766603071
3GUB,6.7525148258894925
6UL0,6.094993957193674
3A61,7.988968203956158
4EY7,5.688454813335415
2QL6,5.429792478422336
6AAM,7.260748264704301
8UCB,6.430078471611128
3EQP,7.861743822540592
1TF0,6.260070981466378
6UKZ,6.533504071236636
7K2U,5.855300870077636
7URF,6.610308139124024
4KLN,5.130307284886698
3LDP,6.278608775922959
6EQP,5.820175951567067
3DEK,6.2770952866485565
4F6W,6.697308426749762
5ZYI,6.600428223752632
4XUH,7.027610445330118
8T1D,6.55890885181598
3UQW,7.001506863378591
5UY6,7.064601113716535
7SIN,6.750929790577777
8TU3,6.4343042062863995
5KKN,6.973233116068971
7EM1,5.182602962362204
7NPG,5.377845464082104
8HV2,6.071871726261528
1IHI,5.857162131853332
2M9R,5.437511654925728
2I4P,6.108309628545934
7EHY,7.138108155697335
7QDN,5.375052451711696
6LTK,7.1514241857431005
7EVY,7.095579430457161
6YOV,5.527155353774728
4AGU,7.483256682285896
5MAI,7.498702487346306
6Y4Q,6.329447243800375
1DVS,4.950875190403824
7F1Z,5.512483007727047
6VNE,7.5990658686774335
6CWA,5.140044937626405
8G2E,6.650667175100542
7LF9,5.915879996634895
3HMO,7.658632128705043
7Z5W,7.355389070859602
8GVJ,6.453499172730408
7XIJ,7.146281991469904
2IZU,7.221818771476067
1DVA,5.645122774096693
6X3U,5.933170038447222
4PUW,6.207755842824483
8BJU,6.243133917323442
5JUY,5.186726182540813
7DJO,7.916815484568425
6NRJ,5.803855953338719
6JLR,5.981044350282686
3KJN,6.8816577252942475
7KT7,6.02976283251732
5EBZ,5.508631387240121
4F9Y,6.897966062450396
5XDO,5.636394860398281
8QSE,5.985557175921875
3APD,7.232821668871201
5VD0,7.417550316348915
6TN9,7.84473858811486
6PAY,4.9300348500636435
3NTP,6.533891553657429
7CP4,7.3954826225367425
7R7R,7.564584623271779
8FCB,6.218919774823554
1C1U,5.558367713747158
4PWL,5.496537346625555
9C55,6.581344366595327
1XJ7,6.2959187287509595
7G8N,6.289394171146527
5JCO,4.595386596872518
6A5Z,7.794269275784506
4RH7,5.531953543263871
2VX1,7.7087391060552894
5SAW,6.947164881190311
8BQ4,5.815725100028232
5MPK,6.740567298778984
5I3X,6.903553673421395
5ISO,7.202932286654206
6S75,6.959015384625777
5DWJ,5.60578182309342
4WMU,5.724108688588852
5AA9,8.505131317927919
2QZK,7.079655946219529
3QGW,7.616172549387651
6D20,6.341069190151738
8C0C,6.2902387342594555
6TN8,6.635396818640431
5FXQ,7.303812138679177
6VKO,6.805474472113154
4CMO,7.194255895668755
5RJO,6.052001360038326
5LAX,5.412432338326677
6Q4G,6.73925994960815
3UU7,5.671521266825398
4BZB,5.345019392278425
5L2S,8.145508315544859
3GCS,7.485873410576226
6JF0,6.613440326013772
2XMY,7.409227913985322
7SUG,7.364068037116104
8UUD,5.652881626757148
2CLQ,8.056799512805437
3B1M,7.302311253819591
3KVL,5.829910834264443
5FBQ,7.587765589260093
4EUU,7.836631111792588
7AJY,7.606162632033276
7CP3,7.2578152966272125
2JH5,6.795991569610317
3BFX,5.588460554412664
6HK6,6.496893865349881
3RGF,7.447720719350776
1FKJ,6.649598706501431
6ZRD,6.992511885570634
1Y8Y,6.585752936146604
6BKU,7.11979461744953
5XFJ,7.35326440386722
1X98,5.721280118384649
5K75,7.026827511291417
3QIC,5.807398275853648
3HG5,5.24233037692149
4NEJ,5.29156568391103
2A98,5.49991342944701
8HNN,6.484167503436543
3H0V,6.008921318827581
9BRE,6.3024669526344885
9ET2,5.8762342466658
4CRS,5.142122908659755
5O9H,7.127752086233836
7K1F,6.635211872837722
8FY1,6.250632451004741
5CEP,7.258377593234292
6ZZ1,5.574030645140146
7JHD,6.0776179772390275
4CWS,7.265842854750023
8UBW,6.519757105184219
5TOL,6.923274190326225
7Z61,7.529253130318534
5KZ0,7.487608596243775
3SHE,7.732065986302271
6KZD,7.828271684020337
6CJE,6.363190576952957
7G8O,5.554195516008016
7YL1,5.985862784156445
8FKF,6.369713527876405
1B0F,5.7902299488962425
3WQ9,7.2439062434890324
3DCU,7.586961205187032
2Y1Y,5.609004173272609
4XO6,5.885957711043268
6Z57,7.131259481128162
7VCU,5.037697710402357
2R3M,7.904825979963089
5AK0,5.587967735154738
8BXS,6.196187173183059
7E5F,6.780890117663423
8ADM,5.929195032766061
8BZD,6.226725575086002
8PTX,5.5966386762285065
5DZ0,5.893780329926164
8BW4,6.813383798897925
6FD4,5.4665575922349365
6FMK,6.911699934316969
8FKD,6.255469253961043
3LMP,7.28023763683428
8S0C,5.276062849769023
7TVA,6.065133639557155
8UBY,6.441179040736676
7VCT,5.095448562705728
3G6X,5.9112762259132765
6VQL,7.779709852836791
8RCE,6.343987578224738
6FNB,5.2510663114248795
3MNR,7.950041912481171
6N3N,7.132069155245843
2WF3,7.156588919206381
4G1W,6.923553399088562
8PUY,6.338666126549575
5BT3,7.158207107339551
4IV4,6.486941906688344
7Y28,6.284974540505754
3TX7,6.11740135706766
8W42,4.904629310413239
8PQL,5.464114447820437
7ERC,5.671455959374191
8IO0,5.672065864405813
5TLT,6.1443511286430015
7AW2,7.689754000405319
3IN3,6.159741681606873
8SS3,5.898282529414379
2H9T,6.549975080200999
8V6X,6.193051453145147
5N4X,5.683749838355919
3H67,6.303700983559321
5DK9,6.030672503208512
5LO6,6.984005212179706
5MAG,7.515538678907089
7NZN,8.057646800257261
2YJC,6.552237564743023
2Q11,6.497530221851385
8X2L,5.657325877862989
4USF,7.734838630144103
4O7A,6.6974294745122975
4RC3,6.133821219913368
9BPY,5.740839731480701
3HCO,5.830498139616115
4ZXY,6.5910645719092535
1W2K,6.688948169387363
7AM9,5.04016159686628
6B99,6.384463686464603
8T45,5.6409032959965115
7R7K,8.02558588084897
7TVB,6.073934700028828
5FA6,6.003835667776425
5T4F,6.83255039425447
4D2M,5.7782487087215095
6BHV,5.897870248935107
5IGL,6.471810690995728
5VD8,7.541034585472495
5S8L,5.906553458864458
6UYA,7.4484943548748985
5TNB,6.639836983854341
1W0Y,6.6888030465863055
6XXJ,5.6845351108785
7K7O,8.063399349916894
4EQ1,6.191639460318002
6OP0,7.459214025089271
7G0P,6.066582056647752
5HF9,5.688454813335415
8RBB,6.03838080657826
8EV2,6.376720602815055
4OKW,6.899900488101424
3ET1,5.994076922270636
3HZ5,6.593806719320514
9B4L,5.461642248587749
4I5C,6.595358863795674
5S8N,6.329839248644901
6SQM,7.286405765589411
5U46,6.229318542531828
8C1Y,6.272156812716012
3P70,5.087770862512064
7VWG,6.295062993979511
5S7L,7.338826556459101
5LAV,6.0241603673254485
4DQM,6.726528491379364
1OZ1,6.962411646724963
4QXP,5.9188729730064775
5AV3,5.375867443562498
7E2G,6.189801202232649
7NMW,5.081697251223996
4TNX,5.586738716074569
5ICK,6.562045502965268
2WA3,5.417750587967809
5RK7,6.43899574870222
5F5Z,7.49007205195311
3FLY,7.916737822903151
5VCZ,7.935696600498575
5U42,6.267520150237226
5S8G,6.0346180576243365
5TN8,5.374473617557175
6LO2,6.17049981192102
8P45,6.420982235606306
7RY1,6.211513823918756
2QR9,6.216278737056859
8AGI,7.358970871547869
3SOC,6.975540069477176
2VSR,6.083385660968006
8DUS,6.335366756322935
8PQH,6.612036502387766
8BYG,6.363896830024702
6IZN,7.752768650179666
6SIN,5.7006532290997125
4U9A,7.99129589215358
2AH9,5.319828670770166
7BGR,5.933272481008616
1XP9,6.312784011615057
4Q6R,5.089357724316818
8STE,6.2305813458772485
7Y1G,7.509163997923181
4FC7,5.818078304457843
5AOL,5.528609808180771
3EQR,7.533518316756714
5CA7,5.735225175690323
3VRJ,6.929139390440969
6EO9,7.4209910660570815
7FV0,6.022273258959959
7UP8,5.307969699830168
4G55,5.5699168812840085
7FHS,6.651407291488641
5TLU,6.548548323050906
6ELP,6.387531485154484
8PBO,6.575275644093079
6KAY,6.330931930341283
6HR2,7.645279493321908
5DU5,6.018664214053232
3G9E,7.441257888618036
5KZ8,7.437217159861898
7RV0,6.420836809049439
6THX,7.6915016862899
3L4Z,6.1208830270272525
3LBL,6.437417099090653
4FT5,7.3520992629913655
9FFC,5.482273129280733
2HWR,7.402956015638451
7VSG,6.126778328489461
4M15,6.647029352030723
5EMK,6.966583072954209
7K6M,7.312802229697124
2PIW,6.372125666626027
6QTG,7.1252030412999225
4MG8,6.029522410339829
3VS2,7.371729667128087
5U6P,5.95309562881116
8R4Q,8.083190787763446
7OAJ,7.320554658508453
3L4Y,6.147049104239913
5XFF,7.1089767290958585
6QGJ,7.287189730901898
7G0Q,6.128403662537794
8GUA,7.311356892702659
6KTN,7.5125243447994094
7G1L,6.310210507355777
5J82,6.144078256833924
7ZI0,6.111542133214029
6XBL,6.388366584710799
8EDW,5.4681374480918326
3OKH,7.0903085098222585
6OSP,7.52814627086599
4OGT,7.075044976948467
6UQF,5.953570213841644
6CCF,7.244172028930801
5LJJ,7.5496885123704764
8BZP,6.140071403974165
2VJ0,5.2708602202274255
9CHV,6.6362132374091685
7ULJ,5.464921758693627
8G1F,5.130969679157237
5KMC,6.215506868307316
8ONE,5.947506800212112
4YT7,6.72617119747304
8TWY,6.567864781591433
3H3S,6.4704291827212765
8QCD,6.338847340607179
1YPJ,6.89532227882773
3DDS,6.366587024833214
2HWQ,7.67325060005006
6MS7,5.659719863103895
9IOL,5.691760402207435
8F0J,6.0763211913867075
6F08,6.465252690880252
5U5T,6.354672520332905
6FIQ,7.959409505416557
4L91,5.6273426682954115
3UUA,5.284802160266102
7AOA,5.62928909806517
6FQO,7.2008324324954875
3C39,5.422363729848994
3HLL,7.279900227376923
5ZQM,5.113843319926776
3C5N,5.270841941019551
6SQ0,7.190035293219406
7FZP,6.0357176202305425
7LGS,7.40377765307331
4PYP,5.979548690052586
4W8E,7.29544491539866
5RJL,5.274954418603037
8PPC,5.510664425622005
1QZU,5.367871067441661
3P7Z,6.254352771688249
6T41,6.4717302629066635
5UEW,7.073181625647153
1W9Q,5.284188759035793
2NZL,5.742771911376246
4B0P,5.7371518340243055
4K7A,6.33977514914483
7RS8,7.09327561787863
3UP2,7.349464657793417
1R5K,6.001579752313192
4PMS,7.7007921914564
5RKG,5.361712647225312
4WGI,5.724108688588852
5SAY,6.908492260780654
3W16,7.391168902572096
4JGD,5.8215851705753785
7PW7,5.46286996720271
7BEP,5.525725683424873
1PY2,6.812154970023484
7FUV,6.031309132920177
9F7X,5.555655100418528
2IWI,5.4999457494217525
8V8I,6.194628258969796
8T50,5.712746284122323
5SB1,7.828708903520119
9B0U,5.479801110246277
7LEL,7.006531524980645
1GWX,7.2912117036580275
4AFQ,6.1747676924764034
8R4O,6.2752601610854715
8X7O,6.152743117453332
7N3U,7.4032177753178
5Q0T,7.20430712472676
8EFG,5.422974510585026
5I73,6.518562399601496
4OQ3,7.153741389189772
2POB,7.740624097378289
3FSF,7.495592668312467
1FFM,6.035744987944605
3QE2,6.011085460421325
5CRM,7.030947430707065
6FQU,6.488711340589524
7D73,5.722295579462123
2FO0,7.646458923977728
5FE1,6.0667392213420115
4R06,7.06648078258286
3NSH,7.107371566540513
7G0T,6.186255335839515
3MJW,7.156384715539663
8D96,5.239394515099305
8X7G,6.229644449549629
7KP9,7.391314356216183
6YIK,6.303641692666526
5DZ3,5.709974959231176
8C2Z,6.060299571433908
6VPF,6.43687712505637
7FWH,5.87165045761781
5QDP,6.482134937024748
5O3H,7.1629245728172934
5DWR,8.987067897339651
4ZFI,5.8325643310179744
6V8T,6.608114755330697
4TNQ,5.487011884930018
5WMA,5.991766880267576
7U77,5.398978404682884
6D09,5.670890607857862
8QJS,6.165758049313691
7BIR,7.299234062162433
7SUF,7.364068037116104
5U5K,6.400752040949553
2F57,7.385095590449011
5KRH,6.658687122526394
2R6Y,6.157075727635411
4NR5,7.203962916584716
8QXJ,5.830242197492808
7RR9,6.192312817573205
3VJI,6.991911281646597
2YJ2,6.628073066343179
6Z56,7.891110293388926
3EIO,6.28473661460631
4QE8,6.801996225764753
4J7X,5.952637368768582
9LVX,5.367238294252548
9EE8,5.362394015842573
4LWF,5.854986676611994
7RS0,6.675837580186709
6K42,5.970168622439059
5RJR,6.386425248009971
3RUL,5.456568977724978
5VXO,6.6072577788306015
5Y9M,5.325235070387707
2XP5,6.083406066496938
4X4S,4.960383325780643
7NA1,6.836161031112459
7AAX,7.8657081133915545
6U5L,7.30674300424771
7JIU,7.430723286169417
7VQG,6.470288652224448
7G98,6.306368811250606
6EZA,5.479419696288602
8G0L,6.735899587492061
7G9D,5.8405039816476965
8OW2,6.2808429564575246
7LD3,5.466218853291741
9FAW,6.117553230713356
5XRD,6.566559781798729
3L4X,6.1056153846222205
5TML,7.002112156090522
3SI8,6.105025433291838
4JQ3,5.980385197897582
7C05,5.79077252959487
6DM0,5.289154415173553
7OBT,6.2162095285923105
2CHZ,7.205612075303048
3KW5,5.661068145747877
1TN6,5.739515280491886
7E7O,6.113954069611982
5WKI,5.649639322522534
7RA0,5.561105000054893
1M4A,6.383737105957283
2Q5G,7.237902707049213
2C47,5.945205303981692
8TXZ,7.429866319239188
5IEY,7.004862726706272
8JVJ,6.167210932257515
5QF3,6.006665158578376
2JFA,6.118784103481773
6MHD,6.539169423559819
3SP9,6.3153821063814615
5Z58,5.4545467659365885
4DMA,5.588376022175354
5RJN,5.957508656160728
4L6S,6.71669263952356
3LZ3,5.5609443131373615
5J0D,6.54674805449676
2I16,5.9301420792681325
2HW7,8.094346381482856
6DFO,5.586812648239833
6YKY,7.38184092649768
6PT3,6.892776989546124
3KEH,5.923965752733153
3JY0,7.9338166689786975
2VV0,5.935019621155699
4R3M,6.568652593269143
1E3G,6.6175736757930075
2I7N,6.5394817366616245
5EMN,5.857229346630716
4TWN,7.879530822000325
5UCJ,7.338214169804486
1XQ3,6.578841507881736
7G1H,6.109808170229333
5O5R,5.536581435115977
7OVL,7.607588776419501
7NTC,5.641112362080075
7G1K,6.478253048780789
4RXP,5.482844901741723
6FH5,7.515858482556715
5TLO,6.524848941606112
6S24,6.759216525819192
3TJP,7.4799775983955366
5OMG,7.778265086851376
3K8S,7.617194655872387
5RKU,6.024750294938007
7LFN,5.459969165345467
7JNI,6.030341767201389
6MA5,6.3053853382104466
5BQQ,5.3247645837110875
6X7U,5.754943009841699
5VWZ,5.956286451516132
5QQK,6.7633990061723885
2XYH,5.042302115005796
7ZKL,4.916606620757189
4FKT,6.795745017038863
8TFA,5.363220379384821
2Z9Y,6.220818902118685
7EZP,5.415110439047993
5M4M,5.954069202921212
4Z07,5.562607401860727
6ZOR,7.42772839944305
6T3B,7.492947645055358
6SQU,5.00508784743869
5KCW,6.159062005240726
7FRO,5.079439378647503
3AHR,7.09045949059353
2OMI,4.812649587146281
1R5L,6.416333372309138
7XNG,6.085630327486066
7G8C,6.553088546940672
2G44,6.467379926604091
6IGL,7.159404006202631
3EKO,5.081350983308291
3H52,6.649540709181097
6TES,6.009111002403878
2Q6R,7.604509696047131
5TM7,6.890445411531865
3OSW,6.461150057275217
4A9C,4.857767180533956
4FTI,7.978044662818545
6UEL,7.215843035644776
3GHR,5.932675064594174
5AIK,7.1619499198573795
8TBT,5.410676449266602
4ERF,6.30580860366936
3QFB,6.3801156457741115
6LR9,6.971341596483602
5TWO,7.279263453884666
3F9M,5.840501449840753
3OXT,5.917019099418618
7KVX,5.5984740589287645
3WE8,6.558617826973729
5DBM,6.014692030840705
5AQY,5.641762730317759
8YH2,5.36714506522671
6ETJ,5.602725743569831
8JN8,6.167007007570302
2YJ9,6.709192489099916
7DBJ,5.721600507635434
8XB3,6.36100182728196
5FE5,6.296655108565432
9FPX,6.396357020382817
5FE2,6.338117942708612
5N67,7.711464751984627
4O6L,7.865413002817227
4QXO,5.541205295775602
5GTR,6.676416013632314
7FX9,6.311581209675666
7W9P,5.92584961190008
7G8S,5.8205344803984085
6SGH,6.345641090628706
8QNI,6.206646535120524
7ZI2,5.854958400471735
6I7K,5.2681266125738615
8BOG,6.202805544743556
2Q5P,7.630031497138207
4BF2,8.039662312433029
7F3G,6.77891660581873
7C2V,8.021869411083905
7WSN,6.707957013875303
2QFO,5.542585177044642
6U9B,7.077883387965374
3WE3,5.304060553023643
2Q59,7.425554888073833
5QFU,6.3294230483411935
7G9E,5.973656817655091
6VRE,7.519335949558542
8HE7,6.818533710130796
1T49,6.581796210857465
2ZZU,5.866343333377858
2E3P,6.426904664794846
7FSW,6.199567903851891
2A2X,7.11977513493572
5CR7,5.975816759697262
7P3V,7.980248674980118
7A4S,5.0186978339520945
2FLR,6.369797163751629
8CPI,6.1515910689706015
6CK3,6.546637626361648
7ZLO,6.142042686228807
8EVA,5.726981821614578
2Z8C,6.742169479099943
1GJ9,6.909036848220521
2HFP,8.035822302588857
8P76,6.313403293261255
4DZ5,5.914975792541086
6FNJ,7.746445927630653
8W4A,6.238151614709597
6ZV8,6.910507959738422
7YXN,6.697885098374206
5H8X,6.267288396136728
7WLL,6.784334875408538
5S8K,5.477885681427318
9EE9,5.355060290530069
7KX8,7.393890577634367
3NCL,4.920852535502344
5TAR,5.852392410264795
2HRR,5.35348009657534
5J64,5.618716013555045
5K72,7.226446616447424
5KCU,6.313208451362803
7REM,7.6464368221445875
7SZQ,5.842998084853824
7OXB,7.6556636836328975
7WMQ,7.417504011932405
8CNO,5.574070788136842
6SZM,5.702792097037573
6NCG,6.733384441542485
5TLD,6.8855074668161595
5VBR,6.899331376391177
2V0Z,6.358542598592411
7EM6,5.160275164249924
4IV2,6.277595879329936
7L26,7.541386982433843
7VCX,5.050484553894771
5J27,6.337376657882133
4ISG,5.460001976764288
3CSF,5.849034640178338
5U28,7.064188389041333
8V8U,7.555099825158687
7UDP,6.276438558333159
7G8H,6.281789682033851
7AKA,7.367666763775851
5K5E,6.825722139154443
7JY4,5.515050311169332
5AQF,5.628932278576577
7AYI,7.461436356531573
1H02,5.638983178490948
6ITT,7.691631533550076
7FT6,6.202028772855578
5AQX,6.358395058921055
1BYG,8.054493310614408
7U2Z,6.579564311336006
5UKF,7.179956029597288
1Z57,6.613189229397414
5QQN,6.493584877387111
5S8S,6.600522322378609
1XP1,6.261857075463694
3VHC,7.5443533178899695
8BDO,6.077425139250542
4OBA,6.95524623736305
7A1Y,6.148244852571231
7RYN,6.458843418401212
5MWB,5.7061325753200975
1US0,5.9301420792681325
8C3Q,5.911647254408222
2Q70,5.631575736385641
6I3Y,5.436181085800301
3PG7,6.343887073906152
1GMO,5.372215812126381
2J9H,6.676776929963827
2G56,6.499022939728776
7Y8G,6.441266849997856
5U44,6.279520147388184
8FHF,6.231578334299507
9FAQ,6.239151863607179
1HKC,5.864940443138174
3LEP,5.538738792856924
6ICZ,5.861223017901724
7NA2,6.56722024877919
1WVY,8.092332466816966
2BUB,6.450491366162652
5TN1,6.762658645239769
7ORF,7.814128566773867
4YJR,7.789427287571406
8PU0,6.306907950954945
7NRL,5.915488306738767
1BMM,6.858995068789838
3H1V,5.840501449840753
6XXK,5.497805811583132
8W5C,6.211009898023196
3R94,5.86868721591313
5RK5,5.892374650538776
5W8H,5.397407904686504
1O86,6.67195413694024
6S73,7.315269015098107
5EQY,6.805414054073793
5T4S,6.224362221025223
1LK6,5.272586994818731
7T47,6.3354249474569135
5U41,6.477027265561224
6SCM,6.416513767735917
6ELO,6.868341043917912
6IL3,7.420206481489396
6YQZ,6.288768948274696
7FYO,5.959864091694488
3VJM,6.638527304622851
6WM2,5.608921383929406
8JU6,6.654395627388698
8PTY,5.720138519328212
5O2B,7.822722321639634
6NEC,7.606239652319726
6TFY,7.801198480091851
5FQS,6.378658941699192
6PET,5.841778228251059
8AQ1,5.945052792102337
7L9P,5.407228932972007
8FV4,6.0758225615193675
1YET,6.387296031798852
6WOK,5.931688836150835
3SKF,6.965156146505884
3MTL,6.820027058565077
6KEG,7.397634068392855
8S99,5.904373580583245
8FC8,6.218919774823554
6O68,6.461027837677646
5DLX,6.934229599466504
1DWC,7.02844057150264
5LSG,6.293555273385755
3R2F,7.125602180314481
7OVM,8.031732098997416
5L2Z,7.108943664725892
3OKI,6.4809178388649284
7XLQ,6.363119198907156
5VEF,5.645395624717503
1DAN,5.804628080596597
8C8C,6.0831912512438056
4CWR,7.210064533597048
6TTP,5.201821335477031
4JVE,6.1350441364081805
8TYV,5.351931468166685
4ZYC,7.224180017092161
5TLM,5.401792941129943
4D9U,7.6607665868599115
7B5O,7.244531860659341
5VED,8.006619885325074
4AGO,6.286326590623221
6ZGO,7.1241379464069405
3O8U,6.534605882938544
5U3Q,6.894195090941119
2ZB2,5.725208015565142
4HEE,7.978947307197191
6HVJ,7.768984379963345
8QYT,5.495316161202257
6N0M,5.723564529024338
5Q1E,7.734074662016518
8JU5,6.1741319355548585
1XPC,6.3348919600228415
5RJX,5.918201226073265
5C9C,7.939047285345126
1UEJ,5.692473616359648
2ZNP,6.245407472420016
7CMU,6.46366665689355
7RS1,6.023662728336603
3PE2,7.611679904480284
2F9N,5.475213420836121
5XSR,6.428750418158995
5SC9,5.390167603887676
2ZNQ,6.3438357659381905
2QXS,6.185978251446931
5LVR,5.970056056512201
6WJ3,5.243990429411151
7Y7W,5.866342812626806
8UW9,6.141033066612897
3DZI,5.167050857938287
3DM6,7.156613795114777
4X2J,7.146749580808372
6UAB,6.415013040723873
7MCE,7.454305269371655
7S1N,8.057128113054763
7MGZ,5.246732905371202
7G1G,6.478560373556334
8RPS,5.977238373968347
5KRA,5.374427022765
5Q11,6.729124660610753
5Q10,6.638634922015794
8U5Q,5.339680820265293
4UJ1,7.062474074233727
7FWK,5.671032930543892
3W10,7.35306066677805
6KO5,7.278950003877373
5WVE,5.426291954714333
7OQU,5.792854529679234
4UAL,6.804236370955269
9N0X,6.3525792897957825
3FEC,6.193327888499061
7KTI,6.052376752718066
7WET,5.979386075416199
7DFP,6.473465363199417
6EL7,7.197786795159321
5O38,6.275375996272531
6EIS,7.020669906348383
5OS7,5.813372010486942
7KP8,7.359955848394237
3FMN,7.290696402417533
8RH8,5.767000518716949
5RJY,6.171991104445642
7MLK,7.279751082238884
5DID,6.752534090124952
5C1B,5.126643337733427
7DL6,8.031658779277553
4IW6,6.139030819259001
6FDY,7.875367650395057
6FNM,7.905278428273464
7N9O,6.639989884853998
1X7E,5.537993131230937
8F0Q,6.261729391366489
8P7L,6.261433192451913
2AWH,6.2343145775632705
8S5W,6.70312487267407
5QIT,5.317069849855558
3ML9,7.561805642692421
7G9H,6.262820520198127
4C59,6.927459243768698
7A53,6.749887865625843
7SX4,5.994748434701005
5U3Y,6.229318542531828
8FLK,6.086699337943583
7S84,6.7605626509136965
6UKU,5.955735504041328
7FVI,6.50098074683843
7UAD,6.475331348378893
6MHB,6.209018280561841
2Z7S,7.10731722519433
6EKJ,6.354021914085458
4R6E,6.541575108909625
5YVB,7.116295210622654
6YTD,6.211256789148631
3TH3,5.996398752093236
4O0X,7.331135077050693
3FXI,5.544408806633819
2YGQ,5.49325173272927
1PXH,6.861419345085909
7OPW,5.945026529428141
5RKB,6.694607055472136
4JQL,6.701207441893438
8T8M,5.037799770626688
6EIV,7.2711740524141035
6TSZ,5.018993973085684
7Q8W,6.357066456526084
5R8I,5.590823124745028
8X7L,5.697299412707025
6EYA,7.263634960032705
7XM7,7.435668898935995
8W9B,6.308675173194155
2REW,6.566247451080956
5EQP,6.769394182912669
4QSA,5.910128432146068
8AGL,7.396338224210147
2YI1,6.070868041678487
4YKU,5.6188630609327745
7W7E,6.334863844354407
4M14,6.626967142451752
5IMX,8.198223539013703
5DXE,6.667466894595926
5FE9,6.397909705934606
3P88,7.655247200774029
1DKF,6.278499321915595
5Q1H,7.23931435741749
4E4Q,6.089483731849385
5EHJ,5.797998914133243
4FR4,8.055714974763058
1P93,6.6815881987344214
7OAI,7.4347286903706875
6EIQ,7.132658010147878
8II0,6.060536740298147
4X4O,5.2576902439513375
3IOL,5.706532742139222
6FCF,7.46059102307877
5AV2,5.353672576972245
6EQQ,5.530906030792711
6CD5,7.260952559624967
5QIU,6.18934632279516
8JSR,6.429485074301621
5LCQ,6.736947113201021
5DYD,5.837935983428393
1Z28,5.6323315954024595
7G91,6.122894420044267
3RLL,6.861410361294247
5QD7,7.232773409969217
6RNU,5.756716636813312
2R3K,7.005299272780529
7ALE,7.23779628355772
3V9Y,6.399372101582993
7K7Q,7.989152752558427
5U40,6.460684465448993
5QIH,5.984599131076481
3QFC,5.957114562105129
3CIC,7.328157817205182
8DK4,6.351868718747073
8R4U,6.201437054639833
5ANL,7.734036412734517
2A2D,6.070161381014324
6GR2,5.388822576210539
4GQ4,6.846825015659776
5QID,5.687851805685767
5EGU,7.822440348888586
3D5E,5.742330896149994
7MGK,7.575864057614461
6SIS,7.655053000718658
6TA0,5.331905536041534
17GS,6.614555586260077
4DES,5.80102221947801
4IK7,5.966433798528956
6Y6H,7.6974317591476815
2FJP,6.70496441439239
2P0D,5.512494006518108
5D26,6.326717965850064
2W05,7.419430180642673
7X2U,6.181997420647382
3OCP,5.980674944774369
4BBM,7.3214151022443685
1CB0,5.259524438947176
4RC4,6.126421749358285
8GT6,6.376836237779537
6ZUG,6.986454295124108
7MXH,6.331430910060244
8G6T,6.298418015112704
1UK1,6.381075664053982
5U45,6.256759398996812
7ZLN,6.09943906231563
8GYO,6.249132395933742
6B1O,6.282513764964985
7R75,6.692118479975802
7FV4,6.361578582501091
8TF9,5.38278550550334
6AFH,5.374759844569715
4QD6,7.143168639748884
3ZU1,4.71551695359933
5NK4,7.6372471251758105
8FY0,6.259444991658833
7L25,7.557409865768553
8DV8,6.398930268603335
5E1C,6.426595991028106
5JWK,6.04046456249378
7G92,6.104856498834419
7DXL,8.066778442246713
7JUZ,5.67266361758404
7QUF,7.449846455352666
3IIF,5.4714600130291435
8IK3,6.013394411357842
8CHS,5.399855372501037
5DI1,7.107959087837893
7SOL,5.5927951122906165
8BWX,6.186097609762012
5Q1A,7.844079007162356
2A2Q,5.668205008074908
3GN7,6.465900066340023
5EWE,4.857765656310135
5COR,5.847196350306143
3OWB,6.873482987454348
5S8J,6.002354245886669
3AN4,7.067040833084451
4WDW,5.919355427312138
7FQN,6.282187511139003
2VV2,5.927366228212952
5Q0Q,7.677812293058994
3BL7,6.3135620811776425
7B4E,6.2884111707309165
7GS8,5.54273407877096
4CUD,5.961066240697616
5OYF,7.458452427415521
8WZK,5.7132495271106984
7G0Y,5.923119286985817
7UJO,6.086197856874623
5BO7,5.696032480064934
1C9H,6.54485555874477
2WOT,7.805223363974407
8P0F,6.167217779668058
8A5W,5.565638622878025
4HXP,5.7743238449026215
1RV1,6.648115054255089
4ZXX,6.8978945885235285
3B0Q,7.448762453251405
7FW0,5.995006426814435
2W2X,5.2124745980739675
5Z6S,7.777676855537693
1KNU,6.309551554611424
6YR9,7.833772720400543
7FVR,6.522855589333762
8FUG,6.335634780898177
4LKT,5.897857938282123
2QP4,6.0344952833418875
5CS5,6.08041128119726
3HC5,7.687687136655721
6ILQ,7.6922097869710795
1C4Y,7.14226269048164
5ENE,5.77603521309783
8QZ7,6.636997918393424
8FY2,6.181024258723165
6W2J,7.226947714510661
4EZ7,8.05799346589617
5F9O,6.048571614556219
4JL4,5.794877167758835
2H00,5.6147502743445665
2UW4,5.9447542737851355
2VV3,6.001506901249981
6AFB,5.461938631117645
3ERT,6.412748544212279
7NRK,6.047424222153322
5ZXB,7.9839274344534505
8X90,6.313582852804512
1XW7,4.780044542610905
4RPP,5.3447875743467765
5LNY,7.211564114373103
8U2D,6.318448592052583
6J7X,5.706500343353401
5LRL,6.887549184157736
5V60,5.012751151801183
4RCH,5.840501449840753
3T5F,7.183822322568716
2ACL,6.180456449998659
3ET2,6.351586027878698
1O5C,6.618813176876453
3ZWT,5.8123937722257715
3D6D,5.7038986921911965
4R4L,5.79771823837543
2I5C,5.407832136319613
2YJB,6.865378133157113
5RKK,6.446711040424506
7UP7,7.178630669660982
5MUG,6.354519726217209
8AWG,5.872943078770408
5Q14,7.817289793633804
7KT1,5.411054707379792
7NXK,7.438308319519813
4RWD,5.95697305584569
5NKB,7.882094427252024
7JWZ,7.821822457754663
8BW2,6.5199520684972425
4RT7,7.933049160234622
6BXY,6.820172442582107
6AD9,7.7387428837952195
6LP8,5.874623930293086
3A60,7.972467465005046
4CV8,6.852200227078262
3JVR,6.3072887796113255
6AFE,5.253432950204601
3BE2,7.436628604904981
5UFX,6.302890107315414
5K56,5.497653468186957
4IDQ,5.07347841945772
4EMT,5.922725196064433
7OBH,6.22783041679763
4GSF,6.189284065072961
5KMO,6.845131684706077
7HB5,5.988097475004955
8WZM,5.702787946968925
6CIY,6.973383233825005
2ANM,6.954406322961095
7PW9,5.582346990304092
1WTG,5.89632260338246
5T1Z,5.9143903957067145
3JZK,6.641702159739783
7JHJ,6.553825000104555
7G1Y,6.407398032050111
8ATY,6.227683192277412
8V71,6.301252040642905
3X06,5.042391587992747
7BTT,7.865808150300285
9FAU,6.203987340846163
3IN8,6.437345720834889
6L20,6.071104451029641
3OWL,7.383367422800188
7FV6,6.53418074381911
8BWZ,6.166232777951366
4X8S,5.477178379006122
3LDX,6.66898168852717
3OGJ,5.954583175060692
5IKW,7.634349574695952
7U8H,5.388847701077455
6U99,7.133089884326984
5Z02,6.445563219723096
4A55,6.99735797838131
4XII,5.507815243180994
9CXG,5.9863994137780905
8SDF,5.631559163495268
4PMP,7.095780794819463
8YPZ,5.293532310312716
4UXU,6.825768669508591
6IB2,7.975823525841427
7MSD,6.876003226893187
4BCP,7.484162118202368
2FIT,5.337725743628157
4TTC,5.795946370069319
5CP5,7.046684950579745
7AJS,6.953931317183565
6PYS,7.521459600398149
3P1C,5.821585221033708
2YN8,8.000319636429506
6BU6,7.56878765573183
6XNO,5.169734385134243
5OXG,7.212560761775923
3U6A,6.930445798131548
6OWC,7.377795119787587
4COF,5.655394771402889
1QJ1,6.13735062037136
6ZCQ,7.622407510144
5AZV,6.014069513200782
6YLK,6.5294531253146735
7SJ3,7.807581237848188
3GR4,5.335527482445371
4IWF,5.797476162752918
5FIT,5.535673943839491
2EC9,5.66280079637277
7FVP,6.6621734561392225
5CGD,6.286374668461146
2ZND,5.54029405850475
3WEF,6.021999881590923
5X1W,5.37817054132158
7MRG,7.393627102359462
9CT3,6.151183498825068
9DTQ,5.541757650519039
6VWC,7.085360519106519
5LAW,6.2712296594338035
7G8X,6.3057133904700455
5MQG,5.586442848356394
3ENE,7.3441656790979675
7ZH8,6.013533824450187
4O04,6.794595190199285
4ZNV,6.2421760389336285
2JAW,5.755543389823534
7FT4,6.504657137201801
5HP2,4.9956546926494925
6J5Z,5.468462653159355
7UGE,6.200588776849323
4C3P,5.009501587418666
1IB1,7.000302750879895
4YC4,6.337950657926469
5IPC,6.49626328089993
6LUQ,6.4499684321780535
6GWR,7.822832996332566
5C18,5.032091016369347
7A55,5.712058480973468
2PIX,6.348227371968668
6AFG,5.507437263590373
7OUB,6.742569174633195
3HEK,6.685383342106526
7U4R,6.266939009226346
7FVA,6.38412389229735
8R8E,6.332227106376946
5Q1D,7.402441725488914
3SXR,7.8375325230328095
6F2L,5.792553161698263
2HI4,5.859835608432759
4A4W,6.590169354786278
5M8P,6.047167815934411
9CBM,6.16040503384964
4CVA,7.320815528654507
8T5G,6.4797466106406105
5XR8,5.878476187258966
6HD1,6.048567660263677
8FYY,5.599330528804428
4F9G,5.9376624291928675
1W7G,7.082829559296715
6W45,6.909189342550612
3VI8,7.329811470436001
4CFH,7.29225550446842
5DY8,5.980491097378651
2Y1Z,5.54040902866561
6P68,7.272032275561708
6MA3,6.367487091079441
5MRB,7.900844686352987
3EPF,6.620691556443248
7FSM,6.226206029963457
7G07,6.246479489059617
7NFB,5.846716691805455
3L3L,6.436038796180599
7WTB,5.9715267799132
7JJG,6.917204319712658
5XHY,6.640831170868291
4CCU,7.696899453292243
5VRZ,5.429752736277136
7G1O,6.0655057498005105
6O9D,7.281453409110159
7AAD,6.453112179493594
3G8I,7.206712195593539
3FME,8.084867570697936
8F7V,6.360649797791478
1LQF,6.632866015319232
6HGH,5.494853767476995
7FYH,5.191040288805555
5RJK,5.084875885989755
4NST,5.413585018412705
6EIF,6.567509515377491
9DF1,6.7652960415850085
7WQV,5.729054845351576
4O0B,7.141834225719392
5SXF,5.1047861426541745
1UKI,6.693267329110901
1P5Z,5.478383120013221
6BQP,7.210599395672821
7CGP,5.942493580308078
6MCZ,6.127803029948668
2XYW,7.812184373676087
6PC4,5.300342644949605
6YDB,5.565148084784004
7DSQ,6.317106319266897
4D90,5.71424291574946
7TD3,6.422858722186946
7G8Z,6.181021471366844
2R6W,6.237992108819716
5MOW,5.21538070732129
7AAY,7.886175387902134
5NK2,8.003660942386457
5S9A,6.633881467411452
3QFR,5.9457187299647805
8IRS,6.473845718228054
7KPA,7.588639985256067
3FAA,7.8324532814448276
6AFF,5.553459374263097
1L5R,6.349411750546011
2D7I,5.928248412086991
1XOW,6.676729401771648
3ZC5,7.471227631426022
3GCU,7.821131636091113
2O02,5.294738858878782
5TWY,7.183574683809014
7V2J,6.942522925018058
9CIV,4.780044542610905
7ZTZ,6.360632486779079
5XRE,6.007457951364086
7FTB,6.107830016479685
7WQS,5.930454256796005
7S3P,6.470315204559021
2UW0,6.999131385640635
5FQT,6.363639076422226
7UJ8,6.5828206327940775
9D61,6.897726402765033
5SCF,5.2785644708854305
6RSB,7.184007339073872
6NTG,5.673938622978466
3JRX,6.168228691219267
5DPV,5.842289135817903
7S1S,5.9032967288892495
6LZL,5.089954590174017
5DXH,7.489430174319279
7O1Y,5.865097689018368
5TET,4.96238725502954
2XQI,5.673938622978466
3HU1,5.294101758964019
6IJR,7.163290150088273
5HG8,7.54808637484164
4ZGK,5.614886928118821
6D3E,7.715384382633306
6R6E,6.948443099761598
1TKR,5.4701204534532915
3LQL,5.665385426174903
5DXT,7.42759778539891
6JEY,6.090568297557393
3VW7,6.9056187219884535
4O9R,6.478785986286631
9B3A,5.334723086943895
5TQE,6.909306759856213
3H3R,6.582122579715216
7M0L,7.481083863490398
6VMS,7.116281432944668
8FXO,6.580166133981805
3QX3,6.2074696150009405
7A4Z,6.4890183651383095
4HY6,6.3051226982759125
7A5L,7.059939083163543
7KK3,5.9619500570143416
5LR7,7.502080510374438
8PSY,5.330142306541109
8DUC,6.4515887779436625
6DGO,7.911362980130645
1GZR,6.297800871833713
6D06,5.059039719699133
1YIN,6.410668512757555
5HBJ,7.431292092916207
7AVL,6.727047177694536
3Q95,6.555501612628245
9ETB,5.3308310932997
6R6J,6.067996700866697
5TM2,5.686110929301452
9DMC,5.778443378139126
2G1O,6.285104134551033
5DFD,7.0917452113818245
5TRF,7.331906526125017
5W0E,6.610000522197825
7UC6,5.94857061167552
3B65,6.6237507111725
6ZUW,6.844567426011242
4TN6,7.896337309500659
7LQ1,7.595566577761725
6TO7,6.814843711344218
5NWZ,7.287655840517281
6DGL,7.6465440382875824
3LM0,7.485913014492688
3R6I,5.870448958121315
7G8L,5.9925833083374
4PES,6.746050744888219
1QIZ,5.341982329847887
3BIV,6.78022695038948
5LNZ,6.968490477705464
5QCY,7.3034394462694365
3CF6,5.964844153671812
2XQF,5.673938622978466
5LPJ,6.345406570836342
7G0G,6.389445954868629
8G4A,6.297222489244753
4UYD,5.536638927538359
3T03,7.727590564089127
6Q49,5.085954951528054
7UHF,6.247434270464583
7KIE,7.489874403494005
8PPW,6.247889536596765
5YVA,6.8674778936352565
5N68,7.532549679519101
5WR0,6.04628976621489
6UPF,5.400452226682125
6YLC,7.049835215600163
1WAY,6.178480346747851
3FR0,5.840501449840753
7E5G,7.286536635152196
9GJ2,6.362783944813453
7C7G,5.8319239232994455
2AYR,7.1691462774602694
1T9G,6.524332918225306
8CDW,6.182297667931569
7XHE,7.384588805021495
7JXY,6.775367381395633
7W5A,5.789371553198766
4KS8,7.191708102368361
2P2I,7.117968181276359
7MH0,4.98208725498146
2PRG,6.4585924673819095
5FQR,6.2307913923662435
5O4E,5.742000226485444
5URU,4.780044542610905
5J6M,6.406575376870486
5C7G,5.400222809681528
8W9W,6.269154160786543
5NXD,6.7819446516791135
3LMY,6.1419404353824065
4AIY,4.8516912421001095
3RH6,5.951521644810634
6GQ7,7.515858482556715
6ZQS,7.903305853057395
4F64,7.051974488099882
2XJF,5.481643531712709
7HA0,5.635537447256601
7YAI,5.538110770807154
3OS8,5.929168355815614
3HYY,5.937131751503196
5UCH,6.672031367423608
7KAC,7.770137174747861
5VC3,7.910130082982252
5Q18,7.448932838819304
7M0M,7.966403299095508
3EPD,6.319256383524435
6BSD,7.899315354996329
2E5C,5.357873900164396
6EDS,6.84759041718271
4GWT,5.4544962235528605
2A2C,6.134018086024492
8DUK,6.352457783114993
1YI4,5.186175979828006
6YB6,7.067630657127397
8YHW,4.887846568568313
5L4Q,7.549923200261642
8PBP,6.368766205924066
7WOX,6.614029200293324
3RAW,7.000776101436754
6SYT,5.416598237682447
3L38,5.540832313580956
6OMO,5.948489568499122
7VFS,6.003042314902767
3W2T,5.674956393210499
6MD0,6.070046064582603
7UJW,6.80933982157174
7UPG,5.318359739066166
3TPP,7.210259615890241
7R4L,5.868247513402609
8SC4,5.786983645645933
2OZ7,6.792792872451771
5KCE,6.386401596095652
7RL7,5.224591697795965
6WI2,5.831265523901527
5QD5,7.286269297988287
4HXO,5.6631144383896705
6APL,5.227062148525883
4F9M,7.321277794517032
4JV7,5.851667667732014
1TGJ,6.307649939535181
7CCW,5.2630158904989255
3ORZ,5.386021732689066
8FHD,6.4682706449400325
7YMJ,6.3864502819822455
7R4O,6.694317005091008
7FYQ,6.015351169328342
2XYX,7.490450103857838
8HUN,6.568636808014836
3SQ6,6.224606404604435
3CBL,7.978914533655879
7UJC,6.141290591293666
7D0S,6.603402428044596
7ONT,6.797261680903447
5QEJ,5.0586169917547545
1WVX,7.934253120455445
6Q8Z,5.411124162559112
7W7Y,7.730017226147639
6EI5,7.24906835579245
4D88,7.097162185281401
7NIZ,6.185376599386284
7WQQ,6.57447230834013
7JYR,8.032182182161637
6PRT,6.0084714260121235
1DWB,7.058067357154974
2F8A,5.319474032316332
4P6W,6.637074323308249
3HMI,7.334662814326075
8VYJ,5.948955282869575
7A4W,6.779414770009408
8HMT,6.151201390885627
3C7I,6.386441053038318
4CV9,7.378070539531737
4E4L,6.948318145326851
5S8C,5.8981349762118
7S9F,6.9799247907541435
8C1E,6.256225238365549
5HNT,5.929839938138513
5OWK,5.575104036690118
5EQG,6.731961660931448
8XSN,5.552231836239251
6A94,6.630159373915792
2AZ5,6.235779483464501
4QQC,7.4360545683245425
2UZS,5.882040157892149
4JS3,5.786728108538845
3HU3,5.214221208644306
1UVS,6.670504367454864
6AWP,6.042986622544263
2G2F,7.2738470122912755
8P6X,6.928294888969218
4MQF,5.560463355480928
6DDH,5.477848180374304
7PWD,7.007195190196382
7QUE,7.304049401677533
1FKI,6.828247453933627
5HYR,6.606563258276214
7JX0,7.228613897072043
4L94,6.252897007787642
3L5B,5.726022806814949
9D3C,5.773980270195226
6MQ3,6.692422893819772
3VUC,6.72303704072708
7G93,6.03516765697886
5U2B,6.905256710145413
5UXH,5.848312421869147
7VCV,5.1118674154149275
3MY0,7.25999202751995
5ZYL,6.080768455574159
8AQG,5.749377281667039
7NRY,7.965315044248238
3BLA,5.998105964463385
5RKJ,6.545982292431195
5S83,7.338826556459101
7AKH,7.62661658970391
7CR7,6.51085379546945
6CJG,5.8517684746660725
5ABW,5.652789162354021
4YH4,6.174674539600099
5UVF,7.414740508143503
6F7R,5.751918174253358
2I0J,5.830796062272036
4JYU,6.7415948570203685
7RP4,6.741903060836243
5WA8,6.592505150742173
6Y0A,7.136438007831039
8TZQ,5.530604624724832
7NZY,7.12822642905143
7G85,6.305647100070052
8AQP,5.633568468147553
2J9M,6.413106402684668
8V74,6.102422294125586
5C1Q,6.566158649555995
5RKP,5.790236474223528
8AHG,6.731488742944903
3ID8,5.840501449840753
6SAM,5.713695997318458
2QXW,5.951496895000811
7KK6,6.46955983064977
5FE4,6.493188285230735
5K13,7.662244458628135
5S9D,6.709252303015628
7GT2,5.300856679791276
5U3W,6.26278891949571
7AKB,7.564677484280151
5T92,6.304492645795031
8K14,6.6204869799491535
6OPH,7.837503831682254
1GFY,6.319687692698155
4FAD,8.13208860056039
5BQE,5.456568977724978
5HQ0,7.634152679232464
7FVZ,6.250518208044565
8S8A,6.292846306389265
5QD2,7.281896143023157
7E5H,7.339567737472287
5E0W,5.880594962647462
6ZC0,7.413710578835341
6JQR,7.486913736538592
6Q4E,6.22980421595364
9CXC,5.8726024832622725
5S9B,5.764167056139054
5J6S,6.566242104316228
2WMT,6.232527300706424
4NG9,6.750311278485399
7UDQ,6.215208306277925
5AUT,6.3358514346084345
8DZR,6.453833526649877
5U3R,6.260704824451603
4XZ0,5.099441661436739
3HC6,7.742224921116584
7OAK,7.459740007845014
8OUS,6.5095877085609555
4FUL,7.379138219099568
8S0T,6.140857919188029
4XI3,6.439702815461135
5SB0,6.482941847311936
6Q4D,5.30537747182207
8YEV,6.21475606876198
3WJ5,5.895040752339463
5TI6,6.174130663011155
5NDZ,7.03473995747576
2XQJ,5.673938622978466
8V73,6.273220390831427
6XE6,6.351211461771874
1QJ7,6.60719185079297
6P38,6.742036980445872
2YIY,7.05784193788489
8YXB,6.281350436999162
8T98,5.372469579943798
4M0E,5.652118622171022
8GW0,5.120751402942049
9IYP,6.078519184769018
6BMW,6.809939541765818
6UKM,5.8598801056881396
9ET3,5.799389976456531
7ZTX,6.3599098439309785
8HLR,6.467835991693242
1NSG,6.802316106392957
6FNA,6.139146689041238
4DIJ,7.165976902014219
4BAM,6.966267113469821
3TNH,5.695177150920694
5TDE,5.321443507349962
5C8W,5.319343248304483
6YLA,5.671218226042238
4LWG,5.575741460002964
7XPY,5.871821516535814
5CF0,6.913467051253575
4GZ5,6.007471296912718
5GWI,6.0722601587034415
6CQH,8.175205051784252
8PNQ,6.062707229176221
7UJ7,6.607238981104296
3FMD,6.4997290768143
2E3O,6.441775421338262
8HV9,5.79644939370891
7G8R,5.999130669495065
7U8U,6.357153328562852
6DH9,6.409691361782008
4PPP,5.419346686548633
6ID0,5.448733090401061
5HP3,4.964485857955491
1ERR,6.186967811686304
5WR7,7.807977746942746
2OLZ,4.843600772113296
5HRQ,5.174195876122412
4C6D,5.810496794031168
4I22,7.81402299925356
1UDW,5.670018861073026
7KP6,7.394939924747806
3QCI,6.625198103689396
7AKE,7.725759408710489
8BZB,5.32374975692535
4C5D,6.998366160681075
2G49,6.499022939728776
8C2F,5.621158114648905
5VC4,7.9626912452838905
5TLY,5.931102223685511
1G5Y,6.049478565073611
3OOK,7.928178395176739
7BGV,5.960867337859512
6CUD,6.2789486976400095
1K3A,5.275597664181894
7Y99,6.526155003344991
5C1D,6.336462540230309
5XRA,5.796963371574548
4L90,6.881494880789006
1U4D,6.566038058685217
6YF8,7.0843548366565
7G96,6.274728751543737
8P74,6.257443606575339
7RNM,7.03931792200384
7MM1,6.509603153070493
5QFV,6.5247265012520055
5QCR,6.993809766166745
7FUZ,6.6559595095005015
4D0M,7.049423804281764
5UWG,6.1607442263904755
6J3O,6.736206333795095
8J81,6.565765645729998
6NCO,6.898904941375796
6NV7,7.303964687708784
3WAL,5.1701412885408065
7AEQ,5.2831411403063155
8VYK,5.967008542320182
4TNZ,5.434323942619048
6MD1,6.005980120884521
2P8S,6.110456147391184
6ZUH,6.872623227359887
5MKS,6.380316066048004
1EFH,5.548749413410237
9AS8,5.9840708828430325
2CIA,6.599862460040221
6GJI,6.165929643081688
5XRB,6.695343681912502
5VBQ,7.020131932128705
6RLC,6.498859876405083
6VFF,5.015212119444589
7Y8D,6.613439186131469
6T57,6.560047438907527
3VN9,6.5937168904753
1M4B,6.544351082300793
2ZNK,6.991003906869055
6CK6,7.760030059346767
6V8K,6.46192011194363
8QLT,6.1581010592345535
1X96,5.756013389408051
5EW9,7.333231298718342
6WXM,5.969563066488941
2AR9,5.343429504578583
3SP8,5.644876095519588
6TU9,7.85167327393331
4LL5,7.186589128627297
5XQE,6.531354626757986
7ER9,5.808004502402846
7W9T,5.922756823237898
4PX2,6.6897393766592295
4QOI,5.804411330284058
5RK1,6.512693964793112
7CCV,5.525554999939165
7EM3,5.071574468196219
7OLV,7.927814141258047
3BQD,6.777227159990637
7RHG,5.837644368154185
4U97,7.975055743010265
5M4P,6.177498665696769
1FAP,6.789129538242568
8T1F,6.6519340656701855
4QVX,7.857712139040794
4P36,5.791153055354921
8TSD,6.367716751099359
8DZS,6.350726899339276
7KHL,7.33955347663415
5G15,4.9344955370707995
6V0X,6.301085042688842
4RWJ,7.391947064861348
2Q5S,7.602515650237598
8SXT,5.488950219736935
3F68,7.111922751176162
1FKH,6.822713093643905
8AHH,6.141703047015385
4FRA,5.211416299420149
7MSA,5.909420771069509
8X62,6.3875309755738865
2CN0,7.086612100464843
6GU7,7.23067041116699
6ST3,5.636457701610049
8OUR,6.61487574619469
5ORH,5.58264442007322
7MZK,5.475213420836121
8WSW,7.325529220518126
3Q9X,6.361262937984162
5AM9,5.70083554178273
6MA2,6.021928483546239
3S9S,7.622189728587378
4WDT,5.9288011421037545
4V0U,6.481961901481525
3X02,4.989406429530036
4ZYI,7.2684821765194325
5W0Q,6.023598919683447
7VFW,6.001372789500834
8YPY,5.266514914845809
1OSH,7.056426650821043
5DP0,6.016629216135951
2P54,7.244600208983521
6OAC,7.421884840202271
6CYM,5.2217614833749595
3FGU,5.850514848403357
2CKE,5.7650985918268765
8C0L,6.232238820209325
7FSQ,5.311561224087298
7G8W,6.265713103008396
3O0I,6.564328541622251
8T8Q,6.1423701433921245
8BXO,5.695324394109912
4FSQ,7.76660135149935
8DVB,6.357241165864922
7QG2,7.623847180956024
6G6W,7.8349460695607664
7YNP,6.393552730057396
3K23,7.722332430049643
4MPN,5.978968334720403
9B3C,5.297389045243477
6THA,6.175703362686134
6T56,5.043795206460815
7ER7,5.603810632052486
5I46,6.91204956390364
4YHJ,4.912663691107051
1CJ1,6.3663633750266175
9B7A,5.243682834465694
8AQN,6.22290017244365
6DW4,5.67135315397367
7JRA,7.39865128648152
3SPF,5.651569594538018
2PNR,6.13891595345617
8V6U,6.377793405433732
1WBG,5.379296187617618
7BQ3,6.299170601367453
5E0X,6.115256255649262
8P75,6.258878790555557
3BZ3,7.870016103482863
7KPF,5.1136205726571005
1KI0,5.488269418828351
5NEI,6.043648677523028
5SXE,5.2892837720577734
1E8Z,8.156111938344406
1X7R,5.838224273752319
5X2F,7.53335694842466
4HBM,6.261192217277063
8DHF,5.794137855550118
6AN1,7.1985059081669895
6K05,7.2855811655692815
7Y7Z,6.652136966481201
8BJL,5.720152684892022
7EM4,5.023764472598332
6O9G,5.289154415173553
1L7X,6.292533684148464
7SII,7.7320959032835015
8HF8,6.655723583775874
1T8T,5.639289546423526
6YM3,7.688498994573751
4N7E,6.324434951317267
4TUH,7.7726938958107405
5WIU,7.043178120552799
9FAP,6.251011618318473
3GID,6.23626335211907
8T2H,6.610349889802976
6FZP,6.371099340947333
9AU5,6.196640292699923
8ZBU,6.354055753989699
8PQ9,6.754519227384744
5OC8,7.489416050093981
4D6Z,6.380033549899082
3KPV,5.291495815758368
6QTJ,7.194195688971488
4ASX,7.829234463973078
3A0I,5.864940443138174
1W9O,5.278870786427541
5OOH,5.818230745339245
5JCW,6.625177694409473
2AER,5.788285415402723
8SGV,5.760169846937804
3VF3,6.9758436682138925
8C3U,6.221410231578475
5WRZ,6.328667765537147
8CWL,5.738535846205375
5DZI,5.75694780200533
4CCB,7.456200254914959
4H2F,5.401584684701244
4LWH,7.095378317220046
8PPB,5.6425949951657595
7NA3,6.632451604071468
6N8X,6.5422523974029945
1QKU,6.6935185978971745
2IOK,7.0150032494957015
4XUM,6.16012671176032
7DSX,6.19924721510433
1NHZ,6.75405394691608
5TM8,6.859882529880371
7SI4,6.645025719648286
5EHP,7.154931547771921
7TUN,6.163860351722818
4MGB,6.060761978118481
8ORM,7.307915978434841
4ISI,6.739572280470025
1M2Z,6.7388416598193634
7VWE,6.272905715167051
7SD0,5.377280548999434
7O7J,8.15151488559832
4F5D,5.981323160093188
3DV5,7.159118932146305
1O5A,5.724486874285576
7G8J,6.376211320970085
7SXJ,6.582064447348862
6ZY6,5.8806740598529545
8PWC,6.430036513184602
7NJ8,5.954490291736816
5J31,5.305488018117466
2H4X,5.0921471249137715
4QG0,5.766294805822215
7QND,6.329294693472757
3CDP,5.624574243529445
7OAL,7.475846252152375
5WQX,5.94567010445255
4TQN,6.1423490159559
7A51,6.528307255923803
1A5H,6.350327438135828
4NZW,7.2761626004761695
6VZM,7.7204517455648265
4AP7,6.129058948524691
7FQI,6.43011266998705
3DEH,5.22566564828489
3L4U,6.111892367625688
6NSL,7.769646063798182
6GR3,5.098123701288233
6DGR,6.20954217550868
8VA6,6.723674535299684
2OM0,4.852442456890227
3DD1,6.3963023357813595
7CMV,6.616501457541928
5LPL,6.3610011508897575
7GSZ,6.5454956490754
3S7M,6.516869165004363
8H7B,6.421746038401323
8Z6H,5.8447463262400206
6TBE,6.529738021360114
5JHB,6.569441794690321
6CJ2,7.4212215646976345
6OJQ,4.948638972396354
5ENI,5.8946827081717155
4PZS,6.515138791878561
3UQX,6.963373289143151
3HZ1,5.411551081421015
2CHL,7.189274698222519
6W0Y,6.296116918557794
8CVN,5.768454544719755
6QTY,6.824058272915662
8DUD,6.422643734806519
6Z8X,5.677975383258315
6WLW,5.750158204067842
9B0T,5.093601037476594
7U2P,5.722898722682084
4MLH,5.840501449840753
6YP3,5.211981675519991
5EDU,5.745676116977907
8V76,6.099527371815407
3FJO,5.826107429324693
5LPM,6.901075951947605
4UMP,5.241482467168006
8QNG,6.271916318152504
5J86,7.0250421155786835
3WF3,5.285039347817585
5UVZ,5.925282370583336
5DVS,5.66473025807087
1EMJ,6.115697380984413
6XED,4.99193020701934
2RD6,6.383748766790183
4TNY,5.344375587836595
4IWC,5.993432607486693
2AIY,4.810576133248366
8KF1,6.208109767357826
3TCZ,6.416774501141594
7MRH,7.028069185170557
4CWQ,7.29525529313624
8B2J,6.3271539055758055
2VQ3,5.8368783701527045
7TYW,6.574164840790037
5S8T,6.517099361219221
6JME,5.8611573639170045
6RSC,7.095710187166822
8R4V,6.115563624735357
8JL1,6.979261708410193
8WYW,5.813981767513234
7QAA,6.22732121681801
4A5S,6.159808090777441
6DMJ,6.993893764022116
4Z77,5.497550230839798
2VST,6.060013504714864
6NTU,5.511737926155621
5DYB,5.885082014428484
6GVG,7.642620018841673
7OQ7,5.8991079417329555
4YT1,6.898972295834548
2C6T,7.17250068373011
4USD,7.35808246977736
6FXI,5.834149234485874
6NCN,6.189397728654619
1YXV,6.396389357187398
3NVN,6.281550491957463
6THZ,8.122335513839168
3CEH,6.35942262249058
6DWS,6.33050645355338
1QHR,6.0346620241755495
7B30,8.047360537600744
8P81,6.471228005962718
5KMK,6.457026974872343
6VRU,6.909244272026096
2F3E,6.642018821919332
5CYI,7.159716034463081
7UYW,7.589436896496586
6LN1,5.822970620572285
5DKB,6.268782560242299
2F90,5.262612046110745
7MRD,7.9642510351213
6T8X,8.078760998317753
5YA5,6.691123549596192
7YNO,5.812127110882857
5RK0,6.173016221447057
7ZWL,6.542760565140173
7FWW,6.354282039489484
9QB5,7.347396629845055
4GB9,7.818493870456532
6JOK,7.537278712328784
8FF8,6.329866768282622
2ZNO,6.835490707337518
7FUY,6.092885879771279
3D49,4.951424284064309
5VAL,7.492827218053162
8DSY,7.798121849561179
7YAZ,6.22493918422037
4IKI,5.430961263103667
6UWY,7.233913196860207
7G8M,5.6626408953999805
3OW6,5.3999732928908735
6IQN,7.923575440825818
3ZK6,6.912607983356356
6L14,6.863909463483638
5BTR,5.436385930095472
3Q9Y,6.125659734102368
6HL1,6.5294978666249905
1UK0,6.4640596339024405
8DHH,5.847764729958683
6GNQ,5.290116971479201
6V0P,6.332857713385265
7FXU,6.346942692948189
5HU1,7.0389707826145615
7VFV,6.001372789500834
3B25,6.022443878367846
4M6L,5.73088556119263
6GHK,6.218327564638166
4ZNS,6.132328501101525
6QBA,6.485552068514394
6QJU,5.644213653188607
6LKN,5.478603384488253
5QIS,6.4518517472435875
6XNP,6.144141702360471
4P10,5.923377488137599
7LJE,6.898814583040876
2O0U,7.904933892858812
7LB0,6.820616463411431
3GOI,5.864940443138174
2RG3,5.608286879853642
3LBO,5.606474457185868
8PIQ,6.0709059584617275
4XLV,5.6207574268711085
5NRW,6.666230258568783
7CCU,5.273217562218432
2PUQ,5.647191099586658
5UU3,5.192603441371176
7V3Z,6.67416384457178
7Q1N,5.557820443622473
7BEN,5.741244887082657
7G89,6.374784694880033
1BMN,6.872862801310411
6AH0,5.334086959305476
8BDN,6.629899855063835
6XF3,6.5109384828675925
5W0O,4.983489775199336
5HNB,7.081774077330362
7UAH,6.372072575873783
9CTF,6.0188634527002325
6U8R,5.2855415224096065
6HLO,6.590999030506134
5QIZ,6.216399967986166
6C42,6.287975698367171
4HLE,7.395010647620364
1HDO,5.806047494552962
4PMT,7.714047739116753
8TDU,6.520079972028394
5EM8,7.338306046646406
6SBO,7.2274814492694786
3SVF,6.632952111037993
6Q9H,7.039171769765618
7W59,5.522176016450197
5BX6,6.287153719445118
5S9R,7.298266536555284
1RV6,6.047219739065616
4ZGM,5.45568627923728
7NVQ,8.055691465961017
5U5L,7.531519635671284
8PLZ,6.199661265072515
2P15,6.536003187848525
3Q8S,5.864697041283859
4P5Z,7.2429447863055
4YJ5,5.421161333941736
6FN9,6.09412695474059
1CEB,6.130343339617918
3UG8,5.884636621595418
7MGJ,7.527268003600243
6X82,7.914312955525667
7AFW,5.679361657290655
3HCP,6.363159958593389
5TIO,7.227290831026726
7B5Q,7.251884632564261
8EXO,6.585142318831141
6YTE,6.8187078179715535
1RDT,6.796381166700168
3MIY,7.844629953250593
4JDD,6.192465153385846
6X3O,8.082201300714889
7LD4,5.457120337540036
6I44,5.054695376757456
1HE5,5.785195441944498
6AUI,5.907209200772102
7JVR,7.245371751299292
2BJ4,6.573763511146816
7F83,6.132363654649576
5HFA,5.688454813335415
6GQO,7.804078131929894
5S8M,5.797748597508329
7LLA,6.56193876252175
9FAS,6.116071678759327
4X4V,5.15820533991328
3L5E,6.602171305353371
5GTN,7.5728367305952755
2ZDU,7.043837009773115
3S95,8.009653677432068
6B73,6.984258634814532
6ZX0,5.044873501289858
6SLX,6.051679753853825
2VGB,5.38953604497696
5Q15,7.422589284497842
3GVU,7.502103477592789
7KK4,6.410525622689807
8GUD,7.477744569707755
4GFM,6.5752098359319575
5QFZ,6.705367249635456
3CD8,7.789031329367252
8EX0,7.275003550793966
5S9J,5.633836730653143
6VXU,8.45548474970056
8W8K,6.085305127462252
5M4N,5.948268923646842
2C95,6.295220849069169
6FZF,6.352174266296507
8FHG,6.27288267633149
7FSL,5.859516151556368
7VDQ,8.025758981753443
7WI6,5.955956961170953
8JTS,5.510362870292847
3UTU,7.144274848093612
3LD5,5.586179382723558
7BSP,5.4420071356586455
7SED,6.985357316795156
5S8U,6.40179379108819
8P6Z,6.294028316891179
6WPP,7.8077264662844135
5CFB,6.657163819644855
6BQQ,7.3906353996450385
3KDU,7.713129217590263
6WBG,6.0307319198356515
8B87,5.689614629996452
7U9A,6.095141483172378
6RLQ,6.0751565514461054
7KTR,5.598802699745132
6P3A,6.4206684336248285
5SAV,6.950646835094236
3EDZ,6.896301080251251
8BA3,6.219951907884724
1V4S,5.840501449840753
8A92,5.420838236869949
9CFM,5.434079408031157
9GFE,6.855126793190384
6U1N,6.443633898032612
5Q0I,7.159790440180338
2Y23,5.582979529745469
5TN4,6.403281572375816
5FHZ,5.723851814503169
7DHV,7.951887482375202
7FV7,6.619992917150416
7LQD,7.926651228051428
7UXV,5.177776236416951
8DMQ,5.699197586432342
3DCT,7.609837217525049
3EQ0,6.881108051172026
1NYX,6.254076840417227
2J14,7.631714450159981
4FME,5.453703282766453
8QTG,6.712904866594947
7G88,6.408532848706162
1KTT,6.346298516183604
5NK5,7.729663259358755
7FCG,5.809122822001259
8GOF,6.803461647416859
5MXD,6.723810429989948
8U5C,6.678451720871886
7F9Y,6.189878921094654
7AO9,5.62928909806517
6CCY,8.114542647531112
6VRV,7.038533557482306
1MU6,6.827336601561243
6GVI,7.384380978572141
7DVQ,5.3679274841754365
5BVW,7.920516818758423
3R1N,7.786506411780671
6Y9H,7.078637299962604
3V9V,7.283861725072295
9AU9,5.950477252218789
6YVS,7.046911840130258
8EUC,5.795864300279035
6I0M,5.138074099770984
2W7O,5.36253833165827
2XYJ,7.607206444888649
5OWQ,7.360180490248099
1LHF,6.9178950337069045
4UYH,6.817965487145229
4NTJ,6.9735996821041875
4F7S,6.428810867586727
4FMB,5.340589654698791
8V6W,6.288444721335204
2GTK,7.689335737202141
4N6Z,6.963708820175009
5TMR,6.551312412861398
7WQR,5.905424586132268
3W69,7.046953852753932
6MOA,7.110905318044308
8STI,6.516676390912036
7T4I,7.506214338451872
5WU2,4.918340311086226
7JOU,7.03720597372586
4TO5,5.746493576604456
5DUG,6.386303815821463
5MME,6.113177183934172
8ARJ,7.823450188036272
8DU6,6.4630960511900915
8BZI,6.247146963096139
3TU7,6.8332623755670605
4GS8,6.368493816256895
3ZDU,7.314257678805919
8E8D,5.500946523030825
4MLE,5.840501449840753
9EEA,5.30974450939957
2Q61,7.1856042194837375
7G8G,6.406362914689228
5RK4,5.931534762212421
4MNE,5.780305699994298
2LRR,5.349900192328141
2YI7,6.63549708116791
7MFF,7.253199923682857
9FZQ,5.305829135242373
3KMZ,6.91789447054522
9JBH,6.024790484330013
2VGI,5.405168608463622
2QA8,5.833320509615873
8IPZ,5.249138785508723
4CI5,6.2349667255493815
3H9R,7.108103865897068
7FUX,6.157376305549843
6TOS,7.011184570736414
5KRL,6.080284352125373
5T97,6.33720142716289
8AM2,5.626819934137845
5Z90,7.052709226084956
6X3D,6.413904593383349
7RS4,7.193125730262506
5UC3,6.896519035493834
5QFB,6.309473646539265
6IIQ,5.254551039473952
6UV5,6.520158840407911
7MYJ,7.248837464827108
2ZK3,6.057116969096846
8QLS,6.218986145281654
3R6N,6.529919262787601
7KT4,6.00322932278381
3FI4,7.856504932018287
6TUC,5.489190987865861
5N4Y,6.50060497042068
5ZF8,5.843406087096669
7D0P,6.7093388631184165
3ONB,5.6275813651883135
2XB7,7.4760601926422545
6PDN,6.519437776773789
6YF3,6.6105033220009854
6L17,7.1212114958259844
2C9Y,5.217155894996015
3SXE,5.429346047313708
2ZWL,5.8119315732907175
3F98,5.703074052530103
8ASF,6.287485512325756
8R9O,6.214262952326237
6BYY,6.105447822177555
6VEZ,5.425695094009549
3IXK,7.160634042757577
7G0L,6.287433639199975
3KVF,5.673753610691562
4OGV,6.209878516467019
4PX5,7.065339701622091
4IO8,6.289315579927987
4AOT,7.778430023670889
3SMM,6.417338318285895
5DL4,5.980593913779876
8PPI,5.588205928274371
5U43,7.153487770997396
7O7K,8.123043820385506
5RKC,6.39873866509773
7O1W,5.8605538408705415
5TMT,5.778044056563617
4RSY,6.540022034884083
4PRG,6.372407029030784
5S8V,6.8392131603067705
7FV3,6.704549721296832
4NGS,6.977668622177448
8BYF,6.2842953164499935
3DEI,7.0335175416774955
1RRJ,5.485701004250193
5MZA,4.5529409824423945
8HUK,5.801466841936949
8QSK,6.591574080185242
8XWD,5.341962310639572
7MH1,4.971656813993464
8E5B,6.2042662392090815
2VIZ,7.1867143246937015
1T4V,6.393795834718932
3KAB,6.1692685251090635
6JUU,7.862960602151102
3EJ8,5.842079918954016
5QDL,6.1066436991111015
5H24,6.245642784867121
6T3C,7.476238694301006
8FKE,6.3398208956494875
5W55,7.2409984205957985
6QST,6.9110205341307935
4JYV,6.928546222563041
5KRM,6.18831291900086
4QUH,6.686913901239504
7AVU,6.508810942721204
5YCP,6.4240255001767235
1QJ6,6.521726745297267
6Z88,5.6084904575356465
4IBL,5.698593560689633
3P17,6.968013862509185
3R8A,8.168874111311165
5JLZ,5.49823519688887
8Y8B,6.03917376467396
6Q9L,7.254580280723063
5Z12,7.378993830139557
6J65,6.231301718317403
5KO1,6.388514982823399
7G82,5.261758028328463
6YIL,6.20454290864252
6FCX,6.901624940667879
5VO1,6.742715992609774
5TN9,6.335029952438486
3VJL,6.561407263960505
3GI3,7.81489318102222
6MC1,6.608530228359309
4CLJ,8.572361037842692
5ZKP,6.653256369510872
5UF0,6.131267899242405
1W9E,5.312254602229481
6CNJ,6.676619119152135
1PCG,6.675422199683688
6G0E,6.704605206831401
6MH7,7.339580468479447
2ZI7,5.645394862018539
5DXG,6.421353753607526
1GS4,6.544718148799072
7BJD,7.142991898486515
5Y2T,7.712268711131161
7RUW,6.334953186750164
1ZEH,5.114351737854249
4LOH,6.025074870829566
8CNP,5.800156019837396
7H9U,5.35615722845768
7Z6L,7.74062371253472
3UWJ,6.921291603481174
5Z5U,6.259181889902667
4KS7,7.05765063468933
4N6H,5.840102160728771
7G1V,6.565867013661776
5UAB,7.0982896416443735
6T1V,6.530505415525285
4XIP,6.440339499049832
5BXC,6.060200479442311
7RKE,7.454774945425594
4D2R,7.235743367307144
7C7B,6.394471645028677
6R8J,6.932925131325601
6L6N,6.072488793086211
7G1C,6.433390803765734
9LVC,5.32175488420211
6SFR,6.682419032426669
5JMM,6.143771272576152
2QU3,6.5931556337514525
8DMS,5.5598659874779415
4IVC,7.336590793193589
7OY5,7.523385188496516
3QCL,6.030282253127188
8PQ0,6.317495548618937
3PGF,5.760860726843258
4KE0,7.059839142879312
7E5I,7.347719642395862
6DWK,5.496237305148262
7E2H,6.339444087604308
5KCD,6.290826165623841
7R7S,4.985944002218585
3BCJ,5.744696053765809
4X4R,5.03870208569233
7NRB,7.781958760979866
2D06,5.527063266702252
2BXU,6.7743235684115
4CTB,8.501207555457961
2G47,6.499022939728776
1T5Z,6.349084613510189
8EOI,6.532600968816103
6ILZ,7.319756071563291
8K78,6.9099281902836465
7FST,6.102902129191697
3BC5,7.669205553162682
5VCW,7.482638616860492
3BGQ,6.985149163659488
6LQX,6.201669531819714
9AS4,6.7078284955477985
2OJ9,7.863320639240325
2V4L,7.175984709416825
7QHG,7.716158697436746
4BC4,5.297733007687658
5U2E,7.01217762025232
5HZE,6.957021565192012
3D0B,7.336358397650562
6PMB,7.394225365491074
8TK3,6.0250686516696055
8X7R,6.131294125896945
6WY5,5.575639016727504
6DI9,6.771938946792714
7MSR,6.918605324857966
4DJH,7.061772857683997
7KX6,7.403811000462048
8E2M,6.205892037225632
8JFL,6.142863483667698
6QBH,6.685654353883256
4N9E,6.410392930190426
2WIJ,5.673938622978466
8UC9,6.174593822862353
3VRI,6.916114073772663
5HKG,6.548066622393592
4TO0,5.76045049787995
8OTT,5.594264733978906
7SCD,6.115021011033224
4WHU,7.099419571355019
5DIG,6.693327985332964
5QDZ,6.373461704376832
7RXV,5.524971500057709
7M43,5.838724254054213
7RAN,6.508780551341535
7OLX,7.912972552408201
7G19,6.372025091908678
6IJS,7.001837121261154
3RNJ,5.397648841445757
8P7J,6.3643671410687785
6HMR,7.821946030486783
3AQA,5.97167948024436
6UKX,6.404583445089675
7ZUN,7.029089480965894
6WNH,7.071250441154704
3TU1,6.784778029111504
5QEQ,5.855799149766034
6SQE,7.170075342777048
6DXK,6.729248159005719
4AWO,7.3767668072070745
7G8I,6.026807122047285
8PO4,6.096366322018779
7G8A,5.508348418396047
4POK,5.086042513295903
1O5D,6.998515670258068
8CIJ,6.275448721585511
5UUI,5.577630131281277
3VBG,7.709533008464497
6VUM,6.104660262818289
5IN4,5.979942328421185
8W03,5.541524554275008
4RZV,7.721937744038011
5EG3,5.0623748566316715
9DNM,5.703384430307657
7VBT,7.410530226589984
4GWK,5.244634657700895
5Q1F,7.4271030585349145
4FRD,5.429834537943479
8DUG,6.471555711040817
6S89,7.485267348742228
4AGC,7.188938009095424
6MXE,6.492016654986325
7FZ3,5.9862718427954
6VGH,6.739732902088768
4L2Y,7.187009336822451
5W8J,5.593304960316944
6Q7F,7.753500828869664
1FA9,5.481095252466051
7REK,7.332238656601774
1RY0,5.930038607284114
7B8W,7.802562118427166
4HHY,6.695371108324358
4L44,6.9799275548721065
6UQG,5.962753717582997
5DMF,6.133979318942501
2C0I,7.993535730501892
4QXQ,5.834984273071128
4ZWG,5.680782739867137
7QVJ,6.341048908259721
6CD4,7.257710446422158
8AQC,6.153808991662843
8BWJ,6.424565906967797
4TO4,5.677326449598568
3DZQ,7.722983829535078
8X7Q,5.642911307681498
8G0H,5.909130423907894
7MU7,7.527822654253828
2YIX,7.528549991860108
4BTK,7.616984718981154
6FZG,6.494812959296822
7MHZ,6.462386528681079
5XST,6.42106994514806
8CQK,6.255431273650402
5FI4,7.432311121169608
7G84,6.2679842591340575
2ZP0,5.797268847603055
4WV7,6.10839213378124
5TMO,5.988784087126621
3SP6,6.365012840780789
3B27,5.781689793692373
3B3K,5.735083615769375
2ANK,7.088611121643185
2YJ8,6.620003578313228
3QJZ,7.480782094647628
6T90,5.49704356583658
2WID,5.688454813335415
7AK3,7.273693819044141
7WGN,7.16393774796866
7F80,7.2820561244142965
8EXU,6.520238747615609
4WDU,5.919355427312138
3HNG,6.898696682765202
4YBT,7.251498555471437
5W9C,6.549720031558621
2QGW,5.857589743408256
7VPI,5.572942766209257
2OCP,5.645928066826005
4MR9,5.560463355480928
2B8O,5.824753332929831
8P72,6.339177215934232
3WC9,6.087103983073044
3AHQ,7.032649525479741
3EE5,5.270779335502191
5AOJ,5.036685347928437
8B66,5.58995725369982
1Q1M,5.747807711231057
7FVC,6.058037191003004
4ASE,7.792078701791155
3HLV,6.733629614840351
7EJV,7.978924507706035
8SO1,5.436548509426311
9EY2,5.256406417042589
4FMD,5.283206081903983
7XN5,5.904725697345843
8B3R,5.800156019837396
2YLO,6.514766419415916
8C3G,6.017843838398747
7RS7,5.9505082627309624
7G8F,6.177064955302939
7UUU,7.202480958095959
7AW4,7.554319050976472
2HVC,5.835908176115333
8BW3,6.648401567993427
6CQU,5.652118622171022
2QCT,5.269077913835181
3R4M,5.565310436769393
7L0G,5.421808045848453
4JTQ,6.042170050092139
5KZ7,7.405114561749336
5QD1,7.209894394792382
8PQF,6.5491704798893355
3UIV,6.229166273263662
7M3J,6.321293379537698
7VD9,5.722397711273747
4Z1V,6.005999987249254
5HF6,5.66663481252797
1G30,6.8278623641046545
3PDF,6.585089553517101
6B2E,5.77671393521255
4NEM,5.305478109848811
3O23,7.549251716897203
7KBS,6.179427932607222
8RB6,5.892747394875846
4XUF,7.893059313619833
6EL5,7.1613468303972905
8JD0,6.346284521924697
4ZYF,7.287854263503409
7G8T,6.41481557926402
6NW2,8.13904418207397
8PWK,5.6344670816743445
4CWP,7.043582484660719
7FUU,6.155772436365421
2VV1,6.055682208654547
8BZJ,6.129242084268186
6X40,6.130088970041383
5TBM,6.55257706979683
3NZ0,8.032206480645362
6QAV,7.462250841189894
7FUS,6.314544872304555
2CF8,7.063956362034354
5Y2O,6.7115882482606555
4BB9,6.052634050006961
5Q1C,7.51149498131885
3OTB,5.401075905033048
5WGD,6.664815978166889
2WBI,6.453525742022603
1H1B,5.742506365825633
7A1B,6.186611986317868
3VWK,6.317149883896288
6ZY5,5.760765088624973
8HNC,6.493181336385448
7OB3,5.770217131404709
8V77,6.247348678589872
8CHF,6.246185230288815
6TD3,7.2559988429464495
8GMC,7.455672631917147
8I0C,5.9097978540160785
9C18,5.787184167420948
7ATU,7.846268270625531
7PRX,6.167218711894349
5S8W,6.645036176094985
6XIH,6.581251979916672
6I99,7.521108296296869
7S99,6.075059245658103
6Q4C,5.1981642694050665
2QSE,6.868689255140906
3OPM,6.128478090535308
2H6H,6.549829690544374
6BMY,6.853044240035699
5WA5,7.248336152075935
7DPO,6.872291421192066
7AKF,7.4360094583333
4KNB,7.956705819770142
7EFQ,6.845506290237626
6BJO,6.4792121882925215
7DH9,8.012291868948694
5AQW,6.47595628703685
4FTK,7.477943513161483
6AF9,5.175809658479257
8PVD,5.626588263955411
4JVG,7.744601592607028
8BX0,6.270336326224407
3DT0,7.029031545119528
6GMR,5.028097880311187
6FYR,7.151890263561002
7AJ8,6.304184357696337
5DWG,5.703174213109153
8CSR,5.211476505962137
7Q13,5.433347406473292
3LXN,6.904156210387579
5DRJ,6.039944214472247
7CHN,8.153165825791364
5HMH,6.969389081343338
1ZQ5,6.817549465061572
6DZW,6.575864434777396
3I81,7.4395569110793485
7YAJ,5.558983040058823
5UCI,6.647463633329926
5D24,6.460185378809137
5TLF,6.472130347167193
6PIT,5.989515815422879
2E2X,6.311690287615917
3D5F,6.736842157895806
7FVK,6.090882736696946
3OMK,7.916498272617707
7FVD,6.437377607727319
6FR0,7.201822770447925
5HNI,7.09501177969363
5S93,6.658767288634785
4GJ7,6.706106159583302
2YHW,6.046830372699165
5EI1,5.856906980730239
2B7D,6.248818527910273
5DXB,6.422856303788749
5CS8,6.9973138571094875
8V1F,5.8632765266207745
9CFZ,5.434079408031157
6EEB,5.79413252238411
7R9N,7.3885547064883985
6JJ3,7.411073991473807
5EXA,6.221556086275385
1IMX,5.961320374788069
7HAP,5.673395280256989
4U41,7.475119124606749
7X3O,5.949332899874294
4ODF,6.78777496968116
3T9F,5.327723513841666
2O28,6.093718870491015
2YFX,7.457603725633694
7T9N,6.3311419194592755
2R3H,6.726505691560523
5DKS,6.137655480358135
1J9C,5.72146365945779
6XRM,8.35895886595425
9GEK,6.058976818444765
4YLW,7.135858620861176
1GWQ,5.426615102982319
5AK2,6.352923512495419
4V24,7.224149712857632
3BV2,7.96793660134619
8IMY,6.458233591999046
8FEC,6.54110427009828
5URV,6.067879651504495
5URY,5.475213420836121
2JC6,7.0642054119466415
7AVY,7.947048623669369
6NFY,7.840932033913141
3CLY,5.15058324439415
2E3N,6.540570238235784
8ZMY,6.37935392110286
6WZV,6.610624016955371
8IVG,6.341940685472607
4O38,5.62992752636669
7EM7,5.296880118250074
6J0O,6.987501439076306
7CHM,8.136373263172832
5S8Z,6.741346214497668
7PJN,7.3547917737310655
5TM1,6.101510705224853
7NN2,5.443958482352091
7M0T,7.960182471310881
8T3R,5.620914402940102
2D4Q,6.4559914415190915
2V4M,5.447919339629098
5ACL,6.151515028380494
5X79,6.658199201530036
3HCN,6.433851507753253
1SSP,5.8913801964172725
7JXH,7.850569203345223
7VWF,6.271764553339374
4CWT,7.23641149384835
7AB2,7.112772959052688
6BRC,7.320104037324251
9B3N,5.770962936588758
8C6M,6.293343957553927
5RKE,5.379325346742082
3ML8,7.50118154874531
8JCX,5.618961408513745
8YGW,7.893537380293786
4QFY,5.746548649847659
6Q9O,7.339575168005341
8BZF,6.207885294251391
7G9G,6.307666627373038
7UP5,5.4727559665555905
7DHO,6.998600873291915
7O9Y,6.28448510760949
6RQ7,5.903380112512819
6N7D,7.462879289566866
5C50,5.751434419775382
8X5K,7.533359864789295
3ZLR,7.126512310932828
3B5R,7.5931046194590515
8A62,5.952840278987709
6EIJ,7.204220857557137
4OTQ,7.814361342164851
6L1Z,6.262200605652769
4ZW1,7.094492371052341
1NZQ,7.087368032955504
2VJ6,6.866227030070797
3DUX,7.042431421394809
4ZI1,6.208670093324713
5DUH,6.5234794427491405
4WDX,5.916152404314164
3R8H,5.899707890405696
8V78,6.156677744387399
5CJ7,5.49156508075211
8DUI,6.455858269754881
7N7L,7.400707528850332
1LHE,6.903783456301694
3ZLN,7.280733853374502
4RXR,5.444232596623721
2LZG,6.1512631189853755
4U42,7.511837745363173
5S8X,5.426047332903689
2QE4,6.143731617067073
7OVJ,7.522959946560639
7G8B,5.890621869146527
5M4H,6.4067705914008135
4QG1,5.398823495850557
7K6O,7.514248052095921
9C57,5.164170741121229
7LOT,6.265904303463129
5S8F,6.330187074166165
5DWE,5.594155053064533
4DWK,6.205677656020945
5IPJ,8.205268537422645
6PDO,6.432983723582416
4KO8,5.140702681743378
2WF1,7.088116397012353
2Q6S,7.471891210127198
6U9A,7.153763471119928
4ZTH,6.464090795271408
6M4U,6.754039778210303
7ULL,5.471245975374676
3JYA,6.609456182298529
4X8U,5.386198433598013
5DWI,5.667824954490316
1XBO,5.7274524234526805
5RJP,6.009031907885276
8TBS,5.516366006253102
8D6F,7.470234838463211
5OWR,7.3017849890803355
3GJR,6.113635150101604
5KPQ,6.877104821188014
5FDX,7.381688979132427
2YFE,6.1690472350440215
5AZT,6.020125188927591
6H3E,6.0996272459463485
4YQU,6.390249138505066
5T4H,6.85155404236653
1AWH,6.530612994288273
9BQE,6.413344657863777
6UKV,6.407043806003339
6UIP,7.306818979999081
2VX3,7.047831165233646
4MG6,6.116029803445461
2XE8,5.481370956718682
6CPG,7.145604940880557
3KTM,5.500042368154506
5LAZ,7.034761059138785
5HOX,6.1847777516966405
7FZO,6.246776127256869
7G8V,5.894938987865832
6MD9,6.088025668520332
2KQD,5.278762994624698
5AEN,6.00622470911983
5I3O,7.756496022561229
5IH9,7.193365799318717
2IZS,6.9746108798651525
8UOJ,6.26935473312456
7O2V,7.764634221102174
7RRX,6.442074830764925
5EHO,7.5898035931618235
6HWV,7.805660479145795
9AXF,6.730526612405326
3CKX,8.022489519830103
8X73,5.929491928318061
6HMU,5.4690754747660355
7WQM,5.903839572784322
4AYY,6.811421554401865
5ZYK,6.202123131051876
7UJY,7.019871619093872
7O9X,5.960878556869026
7UG1,6.104266227474404
4EQU,7.735822452401478
5U2D,6.157063857597758
3HUB,6.921725406176551
3VJK,6.566359392381103
3RLJ,6.727946935489223
2JF9,6.633222488932399
4ERE,6.274025034246312
8YF1,6.5735852166089845
1FIT,5.34886977329987
3MDY,7.23899829305209
6Z2V,6.801966260379783
5MPN,5.52292950070715
6ZPT,5.710448506348888
1H8I,6.946101943514923
7M2K,7.0908962694060245
2CMW,6.836008360568626
2POG,5.713438823373398
4MH0,7.017610241485145
7RS2,6.378755094365907
7R9V,7.401196385635926
4HLW,6.505222792100387
5NWD,6.0088787589084065
7MXG,5.905961040814207
2CHW,7.739325738837231
9C56,6.702264461702842
7NMX,5.8930005368015035
7NPB,5.418534019225813
6RP6,5.835294544621106
6DO2,5.7553037406734475
7OVN,7.814600878482135
7SU0,5.854595298361592
6VZL,6.626018551917892
5X28,7.5178846106979185
6YT6,7.257997432959308
4MXZ,7.948049238743999
1LD7,5.739515280491886
8FLM,6.185952500287428
4K0Y,7.218965004293426
4OJB,6.741857926753346
5GWJ,6.1989704816561035
4GK3,7.770642800953369
1WSS,5.797268847603055
2I4J,6.2790236853794745
7FVL,6.4628070501715955
3T8M,7.632431991355466
7R9Y,7.29140900573533
3TH4,5.735960572009844
2FVJ,7.944891979532044
3GHS,5.932675064594174
7RLJ,5.099278628685622
3MB3,5.94202840270004
7AJV,7.597714117770718
3KWF,6.568702585651561
2VGG,5.427506407530651
4HGE,6.834181066138506
4DJX,6.943196359159527
5UWD,7.604806121798485
7D0E,6.013032779634265
4JQ4,6.1460668665178595
6HHJ,6.990605655722709
2BKA,5.984980518571411
5N4N,6.487907471137846
5RJS,6.597452558121374
4TUZ,6.071621269174453
5IA5,7.806428496586441
5RKA,6.046465173629205
8BYB,6.208107947772189
1G50,6.685570667276394
2QA6,5.878434295518496
6F8O,5.642998352879602
3LFD,6.814737290916286
7PVS,5.643063183222843
5UU4,4.709002439149424
6X81,5.664945617860246
7P6T,6.018039629257366
6DW7,5.657715307841722
6ALC,6.598035226349807
3GU8,6.901776596758248
3U6J,7.791401042874921
4JQ2,6.568538757884256
6WXN,7.830401384024079
8UAP,6.218932815894306
2V3H,7.0653538619348195
3ADS,6.11747015773998
7KHH,7.759383698756011
4C6F,5.744767750926865
5H19,6.473956982179912
3BHH,7.064326724320805
8WTA,6.205085912897103
7FVY,6.319186972597381
5CGP,7.338499383985052
5T8F,7.470288959011293
3Q8R,5.896287129786256
1WQV,5.7964284601949565
1M17,7.338806970050908
6YF2,6.604773834866596
7FVN,6.48641727236261
6BQL,7.5184534283595
8HNH,6.965462885195933
3GHU,5.920645979283103
4OFU,6.33686879081514
6LP7,5.800641692624474
1JCQ,5.739515280491886
5JFX,7.603249960657051
3QI1,7.111695235040193
5RJW,6.02988428970768
6W89,4.978700158642814
2ZK4,6.080764717154531
5NYH,6.887305350866512
5Q0M,6.284839111419696
8EL9,5.703276800429724
6EO6,5.939492521515126
5TN3,6.622187415096009
2C3I,7.282289221518346
4LWI,7.077845587785403
5WS1,6.4148207727690245
3OZ0,7.662604144391142
6GVA,7.124156777595146
5S94,7.077879536603902
7UAF,5.694557751033795
5HE3,7.769510379303326
2F0Y,5.549141738070284
8GJX,6.4741720196414425
4DI2,7.233314185382682
8BX4,6.242067640065421
2W4O,6.951829706483128
4BAK,6.97086619529524
7Q7K,7.672715862038487
3UG2,7.713610479638766
2L84,6.142180010083398
5J95,7.036834155791081
5DYW,5.768404514593109
5U3X,6.746151424132337
6PFM,6.245183479629947
1J96,5.878441230783551
8AAO,6.356418309737321
7QQG,5.490210967065632
5NN4,5.456568977724978
7AW1,7.460890040524457
5UEU,6.95061488117351
8FCA,6.139358591445111
6G73,6.1799057459677975
7L99,7.436921906771522
7QJG,6.6973314399379635
7B32,7.995765809658789
7Q7I,7.874400644510969
5QIW,5.256503820745574
6HDP,6.123170701598562
2NPA,7.039751144825686
6LCB,6.576895691093915
6AFD,5.516892884375287
4P5Q,7.353387821022223
7RBE,5.441316707339936
1GWR,6.676885821275818
6ZPQ,5.530479443449117
7FVQ,6.487361301656793
5N4Z,5.36616740920761
7FZL,6.287777397971074
4TV1,5.968159204655013
6KHD,6.947029471191924
3QFA,6.404243631081685
6LX5,6.28276540374414
7RRZ,7.033039357349204
7C9W,6.286125894459597
5ZYM,6.158336119411955
2FAI,6.356191650082923
5UI4,6.126419796761438
3FJL,5.80908381596776
8FD8,5.725804363866431
7YIT,6.3847641215948805
5O13,7.834666702901425
3PEQ,7.519285683141793
8U57,5.429447631765324
7RTK,5.3332970292277455
5VCJ,5.909604893660922
6J81,6.502646664206134
4WMT,5.763933529333188
3LW0,6.761127950269378
4EMA,6.422118971987814
5YXD,5.778602458173539
8X71,5.953297852929113
8U02,5.588311957652286
3AN3,7.038495238639133
5KCT,6.322985701181145
1C88,6.3761958725455194
5ACB,7.734383330813607
6OVA,7.294864805078225
4QTC,7.337269435200706
4CD0,7.562079155741644
3GD2,7.100173541254922
5HGZ,6.585580421851822
4FGY,6.170382753014766
6CQX,5.671453894675867
5QEZ,5.807184397784658
5HYK,6.891085335883829
2WI4,5.879550301959767
8UBZ,6.330921556302493
6IF0,6.500853351345395
4V3D,6.208840620905042
6TDC,7.251482531604876
7VJL,7.2940985433744645
5Z5S,7.885794208558641
6DWN,6.571741223125266
3A9E,6.3489382333124675
3PBA,5.995536851439891
6CPF,4.84304564447744
3X08,5.348555297124658
5NK0,7.918677289928825
6NRG,5.906940223477947
4I24,7.808620286071141
7G90,6.348736963891925
7JWN,5.722396734782388
8Q7R,5.658697782586424
8TYQ,6.398273550344889
2BAW,6.172074503864918
3P89,7.710931226609771
6Q4F,5.010426411448022
9LIZ,6.198526433443708
1WM0,7.068695852118426
4PY0,5.141251168179092
5Y44,6.42984725174882
3I0F,6.125635914314819
5KM6,6.497535898325874
1FHI,5.557207365753521
7FRK,5.765707665964913
8BD8,6.451204347345878
3H3Q,6.482603027756198
2BVS,6.5602575225786905
5CJ6,6.806818750075333
5RKH,6.456294902507806
7SIU,7.548715678675833
5LQ9,7.356471468896243
7L24,7.375321933552556
2VZ6,6.549928635696395
7CHT,8.1471633573303
5UOO,6.925690187070522
5N64,6.243145762134321
2Y7J,7.842011820887851
5HBH,6.747415983542216
4OEA,6.349084613510189
7BU4,7.621148081853279
5EQI,6.807658068176609
5EQE,6.756151186077933
7H9W,6.272181570105212
7XHY,6.2399981488996215
5LO0,7.961731275177793
4F70,6.652364529576174
3W3M,6.176767664317716
7WGO,6.403177364287059
3R92,6.891089354401309
6VI4,7.0761823168301285
3UGR,5.9210085420043885
2YDO,5.418755960932821
5UES,6.101773778765379
7HB6,5.40722850033566
6GGA,5.757456282545414
7VXG,6.796761075702508
5W0F,6.841578409400998
8TX8,5.446181827387182
6M93,5.849799368739884
7FUT,6.41748229544638
3VSP,7.0098285946344925
7JWE,6.982965220044715
1QPF,6.6006417939858295
4NKG,5.842391460131473
8Q6R,5.58675495529881
4F7L,6.693660893962956
5S98,5.49023948374317
5HMI,6.911819663516697
5QE4,5.770076470393201
1YUK,5.729810246123345
3VSO,6.704652278758186
3FAL,6.273989266904363
5VDA,7.432291794980291
6TNC,7.358150783890956
4CI4,5.994135770816108
7THS,6.3454075757472745
9IJP,5.45970830357074
1FF7,5.985102015557084
4JWR,5.85640827953454
5W5Q,7.624210268576724
5Q0X,7.762027775756619
6VXR,7.717916871078338
8X7P,5.798006170031845
8P73,6.185990192668065
8Z7W,5.900287204415529
2PRM,5.8170345146562115
5DDD,6.806017488299587
5BYB,5.305938240528133
7R60,7.299491937704776
4B77,6.505343062672282
5FXR,7.866074172482228
6VP0,6.076641075000826
9AS7,5.9840708828430325
7ONR,6.770804976760356
4P6X,6.368420531581293
5S91,6.622374136861424
1L2I,6.198106072228523
4I41,6.191208780439196
6V1K,7.141792521486077
4NYV,5.925202333771461
6FDZ,7.452151902261466
8JL4,6.220374331350667
2IOG,7.31401231662981
5HZI,7.075270862091323
2ZVT,5.857053928870787
6ZMJ,5.367009652065405
2A0Q,5.654661859968909
9JD3,6.198864915583001
1T4E,6.569765733013169
5UYJ,7.1689197748687725
4F6U,6.627437836616042
2WMS,6.409925846942245
5HBE,7.275866541387033
2YEG,5.425358692069739
1WV7,5.8745144454574305
7FHT,6.9182607408711725
8AUU,5.778120716298741
4Z2W,6.044528975707473
6EO8,7.269185124148498
5RKF,6.031661721876076
2M9S,5.536513227724381
5DXQ,5.6838043010660755
6KHF,6.888650604041283
5BN9,5.630201743157282
5DX3,6.574596113774893
4YZC,8.057187452109245
6OAV,6.669480232644596
4MTA,6.620248581750665
3KMX,6.06067011395499
7SZD,6.168661914586624
4G2F,7.921263834256668
8WZJ,5.736931591182231
3F3Y,6.209521654382571
8CK8,6.4607993486621345
6LS5,5.014670468109534
7G11,5.658279586442586
8IT6,6.244287863498806
5DDC,6.587257890190813
5H2Z,5.798527643364537
7AVZ,7.410717475832832
6TGU,7.3770983171467
7YMK,6.069075001773726
8FP1,6.527889690483239
5OAI,7.124404383632059
7FZB,6.402301483510003
6XE8,5.1341376057954875
5NK1,8.036462677054217
3R5N,5.7315745399566405
6D8X,6.49985477070007
4HXN,5.666973557911936
1DGB,5.606618171891333
4EM9,6.062831843623187
7KTH,5.983087360841897
6OD6,6.831588413031142
9C42,5.651165669272979
7BAC,6.469291744166016
5J6L,6.139685501653384
3SML,6.4716921076841984
2H6F,5.808001171019857
5Z0S,7.257919797749117
7FVW,6.298875362195142
7A7H,6.883602967990495
8BIK,7.199014765406796
5RKN,6.433193240728997
1RHR,6.71444573227864
2JDR,7.32644017526062
8EXV,6.520781512989557
8CZA,8.03087656764192
3S5Z,5.719249669761312
5CXY,5.711661374827963
7S2Y,5.240116699077127
5Q0P,7.8484862846496375
8BYY,6.065740196340018
7BQ4,6.004903049294371
7QGB,5.769902646951559
6BQ8,6.1436027804308
4M12,6.4625597314913
5LLH,6.095967896780986
6GYO,6.019576905755579
3X0C,5.020731029780916
8FKC,6.259198345706593
7TJ9,6.1986684094570075
2ACS,5.800022338878987
8UAQ,6.224011667373529
1JUJ,5.0468607950112325
5S7C,7.298805655584203
7PGU,6.2209262936389855
6ZUN,6.694683445574526
8X7H,6.308716846285052
5TLL,5.6055899237577425
6Q1U,6.306539778012329
6NO8,8.692209810117614
7S9X,7.388762558033732
5AV4,5.0871651255552015
6JJU,5.486721524623101
4XX5,7.449839665418668
6Z50,7.222368665266093
5N93,7.335402046128262
5ENG,6.382468751182741
7G8E,6.2353364619057965
5RKY,6.1670725111985645
7JGW,7.061769340740502
4HXM,6.632598060899062
5KCF,6.27598216227343
8BYN,6.147414549056738
4JZD,6.594349950348526
6Z8W,5.631423728360048
6ZPD,6.514208157974206
8UN3,6.784368072507283
4X2K,7.1972872109537045
3DEJ,6.897648952489688
2Q6J,7.344901573501544
8UOL,6.345578426924072
6EGD,7.17955543140381
4BG6,6.858990151229066
3CGO,6.998282326588441
6Y1P,5.873465099305298
1YC3,5.99732431789028
7SR6,5.269577850455905
3K22,7.178163894848593
3EPB,6.053173127895982
7KTD,5.999336067997645
8U0H,6.221710717275211
9LJ1,6.363680131394129
8TUC,6.186550072476625
4GK4,7.946581814544205
7JUO,7.19034877657793
7UP6,6.6242133456635965
3TN8,6.002553986390148
6M3I,5.708109794813143
4CYG,6.583960265721204
5S9E,6.957956452688126
2F9P,5.475213420836121
5TMW,6.5377382123276115
1FKB,6.630401287850426
1SNU,8.051266939062229
4PPS,6.475519426916124
6HP9,7.92871908225808
5C91,6.401592333799535
7FQH,6.266938855380181
7QRB,6.108667871655328
7H9P,4.937628707290786
5N1X,6.258984428701175
4M13,6.614726175879051
6XBM,6.644942475457453
2VAG,6.967453735614507
2ZNN,6.8512965922665305
6DW5,5.7103610369647955
6WNY,7.216137083623136
9BMH,5.6983517641152615
3WZE,7.303231231410671
6RJL,5.2163414624319575
3SVH,6.115348841686562
5RKT,6.120625168281747
8DV7,6.39993725898008
2R3J,6.900834256697174
8DC8,6.698844363013096
5KJ2,6.872320048526402
4OCC,6.393556343181639
5KM3,5.112426250337336
2I4Z,6.38296215729601
5JFS,7.868867364103646
2P4Y,7.70730552819709
8TBU,6.636623112479651
6Q96,8.016369524233147
7K15,6.4659723820259725
7YI7,6.356634699757021
4YKQ,6.0377634322041365
3N8I,5.383675671466795
1LHD,6.874354667537844
7TE7,7.016544114439475
7QVL,6.455559459233957
4TO2,5.326951523483105
3H44,6.513058760082831
7JYS,5.686462856609462
4G8L,5.764365075095086
7BR3,6.014954946467119
6KUW,6.8445006146096405
8T99,5.406931658756503
5UVW,7.2805487569145875
1EV3,5.180910525637962
4XCT,6.1771096241105665
8Q9S,8.124718818085817
8WM9,6.261789833603496
6ZFH,5.4184747054277
7AJ5,6.424933249987133
7FRZ,5.383959349779318
8OG9,6.3409909976892225
2QD1,6.890949735524303
6CBZ,6.635098103159174
5RK8,6.263336649828755
4RER,5.811012970701309
5Q0L,6.410945163538574
5QIP,6.038855763939722
6Y99,5.4898244357416965
5SAU,6.833063535139756
9B14,5.348073508689414
2BRM,6.731057561554025
8X7M,6.091975406577381
5I9V,5.0620944243361095
6CZ5,5.966639866063484
2ACU,5.9183597830272605
8PA6,6.394969978064236
1E2E,5.547261352226241
6KBA,6.859747374120637
2IZT,7.2260058497637765
6E5A,5.439191578356397
6BFD,7.186839755339853
1HE4,5.772287605840051
5KTW,6.694596807750827
6SUO,7.238120347224356
7AO8,5.62928909806517
2XCV,5.527157896630699
5TVT,8.230375520607662
8HND,6.440391246271034
8T47,5.5311473019233635
3QDD,7.047352838721375
3POO,6.127632102362858
7GSF,6.592152139644217
4WMX,5.724108688588852
4TNR,5.441950947427498
8BYE,6.235503496801409
4TNB,5.378509953287226
5TEL,7.1713247070629675
2JFL,6.914821189254059
7OQW,5.652189365298036
4RN0,6.600434747107183
3L4W,6.185624091671275
5ACC,7.4006017734762555
2R2J,5.493895452665854
8W6C,6.700318020058109
8TRW,5.444278938019424
7SQL,5.742382086578084
7YNQ,5.935364016781705
3HG4,5.519841399131217
4KXB,6.54592982377953
8EBT,5.771813692165042
9ESZ,5.120686361506543
4GJ3,6.9305316358507145
6QXK,8.301726465535872
3FC6,6.262551893394422
2D7R,5.9414282269091965
3X1I,6.119229461773904
6A4I,5.908329020604489
3BL9,6.471075055745355
6YVK,5.044873501289858
7YXR,6.634886831395138
5Y49,6.3247558154274675
6QCD,5.609817284610428
6WFK,6.582079406992904
3SP5,6.29605032506979
7LAZ,7.296423815202463
5TF8,5.429589195084309
4ZNH,6.303099626957515
6JWA,5.686927249269677
8G1U,5.531105265886816
5AQZ,5.544338263328411
6FW2,5.678866519937685
2VUW,6.172836683136557
7MIH,7.238478049461723
1DGH,5.616127908488706
7B4C,5.720253156176215
6AY3,7.488444773449577
3A7I,5.061321665380312
2V7A,7.308091148096067
5RK3,6.0783077550103854
6WH4,7.278114283139571
7BG3,5.862188007074133
5DXR,5.893729039698394
3DKO,7.55468229932994
6IZM,7.747009456762994
5Q1I,7.380988957031353
5ENH,5.777160143666986
4RWA,6.025455460905816
5U3S,6.911120880909393
7WTC,5.829176108128897
6RQ4,7.798459097276633
6EYB,7.021991519448399
2FJM,6.264563307385167
8HUL,6.855434569992032
5KTX,6.878336984536454
6CM4,7.293632720237392
3WZJ,7.368381100632851
7M5Z,6.684804449245195
6LIL,5.960755778246964
8G5D,6.66093993187669
6S39,5.135602116958526
7R4M,5.799656854486084
2JBU,6.499022939728776
6LKM,5.946304737124332
7PW8,5.438229598767022
7RUX,6.4438840941272755
5VDH,7.066911963711539
7AB1,7.361199892487125
5K7G,7.231479026176078
4X8T,6.193029601252378
5TN7,5.442578913591787
4JOC,5.282326111479752
7NKE,5.369247569512114
8HUO,6.7288701311762065
5AAU,6.940406417481292
6N79,7.244060864983354
6LP6,5.863225319290587
3QCF,6.312435984535184
6SQF,6.712417209951958
6L13,6.919532988265688
6N8G,7.8267771506426485
5S97,6.704143191010196
5OLG,6.42500074923418
7UGL,6.195343133360382
7UJM,6.999532731206661
8G67,6.622067679896017
1T84,6.665642929096297
3FT8,7.169322111600895
3FVU,5.948091731865183
8PM3,6.247291060430084
6Y9R,7.469346601671397
5TM9,6.720655949959451
3ZSI,7.708175001927018
5I3R,7.568392685181901
7G99,6.250994821877285
8S88,6.2077290145292245
5EQH,6.629937985639023
1OIP,6.4639699325236855
3QCJ,6.787651270783401
9FSH,6.629218370930716
4G0V,6.0292317846788
6C99,6.184165818348921
5WU3,4.950685876620947
5ZXF,6.452467513111177
7FYF,6.418108536884359
5O8V,6.914259038020482
6R6X,6.8493968029071315
6GVH,7.2500939821485675
9CTV,6.135813622176058
3FEI,7.084928977998264
5U2C,7.003983549539712
7LAK,6.536403190899207
5TM3,5.924634667945676
2YE5,5.27754099151241
8HLP,6.130975881762744
7FVF,6.360765468141331
7KK5,6.558915727410983
3U10,6.070692790534179
6SMA,5.91569865025096
5U3T,6.779910353687959
8JEW,5.014492625269182
5OCI,7.428757829199946
7S1R,6.019715122896584
8AKA,5.55128695383733
6ZOQ,7.482872928832824
5XQD,6.4412563511303365
6NUB,5.289541002149341
4M0Y,6.075960575381758
7BSU,5.47312671851459
7X3M,5.917793764749078
3OP5,7.361500566872153
7ATS,7.275573695432134
7DHN,7.037715601065918
7YBP,6.067117400552095
2BVX,6.7890142541694045
5S8I,6.277942415691367
6ZGV,5.411124162559112
2V3O,7.099971452268518
2QZL,7.167769787223806
4UDW,7.003740567146093
2H55,7.290784293410755
2JH0,6.939259386084273
9FET,7.322399867518311
6HMP,7.885406699630403
7FSV,6.103479428588804
7FS1,5.326309914994987
5ENB,6.1697492711404935
7AVT,6.697070871340645
6ZMK,5.163736326536453
5FTO,7.9627651403279245
6L15,7.076441601101803
6FBO,5.482716734805874
3GOK,7.854960982516612
5O0Y,5.05097287182407
8UO9,6.613915960854464
1M48,6.488724135732983
8DHG,5.830204535313801
6NF1,7.365193058361189
5KPP,6.746127967684296
6B0F,6.10778780706463
8E8C,5.354664620955679
6WFV,5.753934368257335
5ZGG,4.995321846281092
3KMR,6.984273076336467
8REJ,6.340230957193618
5H15,6.784074240588471
6F3I,6.834547957188738
2XJ2,7.106996265131012
8T82,5.45869457829087
2UVZ,6.647814752077674
6YVL,5.026617584614204
6F84,5.700141740163783
5WGQ,6.632930244592618
3Q6E,6.285767193527977
5Y3O,5.9846874442629705
5HF5,5.66663481252797
5FGK,7.09365740281358
7Z6H,5.129091500887354
8R1A,5.515882783373347
7G95,4.9604767765233415
5Q1G,6.515518698150258
7BQ2,6.910286303120159
1ZKY,6.076174720721032
4B99,7.565927665975475
5N5M,6.8972842615038115
5EGV,5.643442147004694
1I0Z,5.716944835385797
3QCG,6.255982322484652
2I17,5.9301420792681325
3OTF,5.772110586383597
5RKX,5.898018527292957
3RT3,5.350461034177503
1LHG,6.891656585488196
5A1I,5.499447058941916
2BZ6,6.585021289609089
8X92,6.109975181350719
1AI8,6.66726890816235
8XY7,6.142863483667698
6MH1,7.522033012125239
2PKL,6.3603395338641535
6MXZ,6.6065193187007285
7FVB,6.39221833593874
5WRY,6.4983852080720315
2XJC,5.366669293794007
7AQT,6.594124394883805
7FVJ,6.053813847866592
3O8X,5.880654640662701
2BIL,7.770060172811932
2RKZ,5.492928214322802
6S86,6.014290372467366
1PYN,6.773649492339851
7ZI3,6.571320182162666
8DSZ,7.704336803463932
7SZC,6.238600930872421
8D0Q,5.748112783964151
5EXW,5.644999084346143
6IAR,7.160693068949689
4NYX,6.576842224356912
5U6J,6.936807155241098
5U2F,6.98195189105362
2BXT,7.130636591165726
3IFW,5.6523185538115115
5QD0,6.87332903974004
8OP9,5.810919796274541
9BU7,5.335680438113322
6PSJ,6.413097547654737
1XK5,5.84104833210945
2HZQ,6.461382614172495
7KKE,7.318108944879805
7G9I,6.18002046182356
9F7W,5.569275912001942
3I25,7.140047854325217
3ZS2,4.8264359569765585
8XSM,5.554918497314186
4ZNT,6.1187077018589315
3V49,7.176515683649095
9ET7,5.098767849204503
6JJ5,7.115976750420679
8JCV,5.598946264002805
7MTB,5.680635194863382
8BX9,6.233658347049233
1MU8,6.954833771402154
5RJZ,5.935049991193554
3PO9,6.2213855399573985
5TLV,5.677755006768449
4ZNW,6.106721795579837
5C5A,6.528095221239512
6FQT,6.757908531891709
6ITM,6.468304833889005
6QE1,6.948838537084543
5Q16,7.436574739140339
7DH3,7.051207488836009
8T5K,6.057622260676695
7ERA,5.671455959374191
6Q4A,4.953672703993661
8E8B,5.423497449693661
1CBS,5.940669960805914
7ONS,6.798357721269929
1H8D,6.664049132147168
2VSL,5.672776507739839
7O20,5.991046994920995
6AWO,6.907824813773028
9INV,5.45779442413271
2FWZ,6.958315963666155
4JXF,8.05313280433682
9LJ5,5.948813809318192
6UKW,6.399012091062406
7ZU2,6.369474755403053
3O8T,6.3489542700693455
2DOH,6.174807898134224
1A3B,6.892676661076872
6G34,6.072871120138441
1GCQ,5.456234284557738
3KDT,7.228240646568573
4N3B,6.278569598335778
7O70,6.7901625931952445
2VO7,6.36665835474797
5WIJ,7.158555406942885
2RJ8,6.168801946998172
7B1Q,6.997031055116155
4FSN,7.975486811672104
4WZV,6.720429853805904
6L11,6.885747007620544
7N3R,4.949919720625954
7AEI,7.560980812627523
8PAU,6.314197631409138
6M2B,5.843902259075137
3KA0,6.606036090981519
4V26,6.0322721206562715
6C5T,7.0441280704536275
6XEE,5.272589776971882
5Q0S,7.820851102549133
6NJA,5.040174588568359
1O0D,7.0762072047669395
4FV1,7.045071628262594
6CJF,5.952403597871721
4XZ4,7.462930106650527
8HL7,5.1615785015155184
8HCK,5.6406644442490546
5AND,5.266607898328895
6TND,8.20319450993616
8BYD,6.1822954817770635
6UO8,5.550758872030529
1YND,6.573958314468042
5Q12,7.387456860525999
5QQM,6.694215404471301
5ED2,4.948565948180103
2WIK,5.673938622978466
7KT3,5.777435338099236
1QKM,5.834363007215345
2RCW,6.475124942673711
4HG7,6.625626924705531
5NLK,6.6061207098377395
5J3J,6.327420073500399
8AAP,6.316558128956193
3E3E,5.50577567208039
1K22,6.831442375648188
4W8D,7.290507912317544
4O0Y,7.4654122994314545
1NMQ,6.684843358684683
5W0L,7.026170609620282
4R07,5.586218506584774
8JNZ,6.351327737760993
5VD3,7.985837834759098
9BC7,6.046556645229539
5S7V,7.285602640147729
6XLO,7.933957783306351
9CGB,5.434079408031157
1FAK,5.722478020438687
3TO4,6.521093510169102
2FES,7.099738625665527
1XJD,7.291165715191455
7LU5,5.799213374034001
4RXS,5.371981867846232
7P4E,7.038621861725995
2ZO3,6.773647080657676
5AFZ,6.823893681495628
6HMC,7.954435684496198
3FD5,5.483442779603391
5Z1R,6.106755682994187
5DTV,6.271598704427577
5T1W,6.546902884876039
4ISH,6.253045038666459
7GTR,6.186723891833234
7E0G,6.363282062732003
4CTC,8.490938171135351
5DIE,6.27015341959479
4IW8,6.304232309160442
8QTH,6.704406912350371
6ENQ,6.0809174215459
6W44,5.6007606450384495
5BO6,5.716771325624125
7LH7,7.444875597321737
8FVF,7.314666811704584
6P3D,7.86370268585565
6AF5,5.572839458142234
5I88,6.963874367146102
5DKE,5.717278324472813
7CD9,6.230024001617147
3CDS,6.154184776301763
5QE3,5.679606666413858
7SFL,6.12588688780385
7NWK,7.230317653997419
3LZ5,5.555152235357166
6UKY,5.936890209038129
6WUZ,5.620731891295466
2XKW,6.843385612411998
3X1H,5.935703728879188
6F2U,5.820468484400653
4AYT,4.977620055800628
4A4V,5.86968508873731
5HNU,5.89143440923175
9CQC,5.479557928922496
7XYH,6.236596542550443
2IL2,6.655185046207787
8KEI,6.354923264212338
7APO,6.898259574004937
1ERE,6.675422199683688
6SLW,5.3693225930406925
5RKO,6.659102208020235
6HXF,6.874008701503638
8P71,6.3113954119132725
3FEJ,6.941366120883607
3SW4,7.097655566975835
7NEL,6.667466894595926
7ERB,5.830905272410102
2ZK1,6.148726763963325
3HMP,6.73272377201403
6AFA,5.165713150663973
8V72,6.267488836844287
9IWO,6.313558183985684
5Y93,7.294268450261613
5S76,7.254074912239906
4QXR,5.728234960017871
5KPZ,6.067369162491848
7G1R,6.396429101157794
4PNZ,6.554863086042574
4RFM,7.516938761380683
3BHT,7.162236554708745
6DCU,5.673397387211189
3U6H,7.838314002129842
5O8U,7.356784955567521
1BHX,6.998609774819706
4V3E,6.179506754143724
8DV5,6.454588805817023
6YIJ,6.108659847034369
7C2Z,5.792592747484658
4TO1,5.781743141537046
2VEY,6.613297010079911
4Z6A,5.691284707082015
9GR0,6.307328307837299
6X1M,6.731704727994905
7G9B,6.335744039567806
6BTY,6.531962083996313
5S8E,6.134755029184607
5G6V,7.931620646723102
3EB1,5.000369629470666
4XVD,5.878040764501278
4BC6,8.052152518757584
5TMS,6.2059107819001955
1UZE,6.7258851383994065
8JPF,6.627579582419227
8REV,5.534357483010846
5DV2,4.982474906126121
3JYJ,5.746236621963929
4MPV,7.093906412200784
8RHG,5.787020453672361
2WF2,7.161886038263176
6IEZ,6.497059686456181
7LA9,7.143909485764592
5MQK,5.608097202352075
7UN7,5.82646386722806
8OV6,5.871448382002145
4IAA,7.2112726920251085
2NRY,7.957225127480792
6OQA,7.073362883763606
6NTN,5.66663481252797
1GZY,6.299458778427776
3VEY,5.879968673242373
2A9J,5.12131141227779
5QIG,5.728455325928011
8OME,6.115357593967249
2PX6,6.515545655134315
2VGL,5.3704086501455945
3L3M,6.534359606441928
6CZ1,6.4159115076318525
1PKD,7.329818396140372
2QAB,6.258358073822608
7VWH,6.813526750562865
3T42,5.849870458154118
5JJM,6.370220607959195
7HB1,5.0954572334019925
6IN1,7.034297431998252
7D3E,5.861900239221532
8AOY,6.082809787413149
4PP6,5.303787640498375
8SS7,5.95268311155365
9KRH,5.4499771431973265
5XF1,6.626889311803517
6UX9,7.071563204218457
3LXP,7.585019443128534
7K71,6.214950870974631
5TES,5.23506366841447
8JL3,6.798921098731976
2H52,5.115815262087401
7G8P,5.837961339220357
6YMO,5.300963416381465
7ZVT,5.6039974954920035
8TSB,6.388842860389938
4IU7,6.353923704071489
4LSJ,7.27516732353532
2FHI,5.479993896708575
5DXM,5.640831051706913
5H1U,5.286804190800186
6NN4,5.413767699272933
6W2L,5.568479132117762
8UQ7,6.278867634245509
2HRQ,5.35569441860269
5RKI,6.403356989649991
6Y6F,7.175189916339343
5TLX,7.111768645276852
3SOA,6.621012500545008
4KIK,7.995901388345567
4IVY,6.043744205959825
5LO1,7.351045585619107
3ADT,5.4592100239088355
6V87,6.56678862565933
6PZP,6.471926984695087
7AAC,6.416713498294306
2X7F,7.767211325010483
6X85,6.20951321203489
8U56,6.240729904260893
6FNC,5.924270181093592
3OQF,6.266949810155338
7OBL,6.274253995018654
3HO0,5.936293078611126
3QPV,5.499065490046246
6AFC,5.191541335046748
6YTG,7.092038509967286
2BU7,6.4743631187987685
8QNH,6.753766996698791
9JD9,5.917445016761665
1BCU,5.2902501344811
3I4B,7.51383061038784
5IA4,7.824111142707783
4A9F,6.184764982900295
4W7T,6.88564761625268
8WEJ,5.835833491112336
4K33,5.069091579975703
5TMQ,5.992602436825572
5TMZ,6.607124641662523
7NFY,5.258842826669983
5QCX,7.293438864227397
5Q0V,7.8605208976663565
6ZOS,7.358027197989947
6HLP,7.109924003820617
3R58,5.873500339925059
7DG4,7.8629149159080365
8HHP,6.72971168128129
3GZ9,6.159551743604416
5YV9,7.028401775114061
6EIR,7.23877417155453
8X2A,7.428512276050046
5DLR,5.427974841594451
7FVO,6.042594946021819
8BY9,5.723984055190459
4Q93,5.588150951565869
3HOD,5.856486422499225
3VZV,6.957487999216999
6WGT,6.781454649861377
6YIM,6.797568666789925
5Y1J,7.299322788244066
6TLP,6.381611294186905
6ZUU,7.060870544950043
7DPN,7.154621508407178
6V0U,6.801705485563683
3HU2,5.244736496722092
4E5W,7.060081613134962
3F8S,6.288182448779691
7FQO,6.352772231376391
7TRB,7.0122961015918355
2BIK,6.8912240510822915
8BDM,6.218822136482381
7JGV,7.739654413647075
3LS8,6.539121821319591
5UR1,7.485499979386371
7NV1,5.661055351268769
5H25,6.147268229771343
1KV1,6.4047752982518595
5KRO,6.872936180172394
4BJX,6.239335195113488
5DZ1,5.987115593424431
7JP3,4.860739032957112
9EWY,5.993171537598376
5TM4,6.062416789148667
4R95,7.078420891504647
5Z8R,7.097198291838944
8DGS,5.07081784813846
7R4P,5.670591199165165
7W7X,7.439583736959518
1AIX,6.858574116976109
6VKQ,6.8190886054113715
8IJR,6.258136218476664
7KSJ,7.975777078495656
7FJF,6.693345986546062
2OUZ,6.812062288029855
8VNX,6.280981555511412
5FBX,6.902153891000168
4F7J,6.5602655593976005
6QCN,5.5658309893951525
8J03,6.083517285172355
6DWJ,5.596740639748995
6KXX,6.390784320917746
2FKE,6.629328811880524
7MR5,7.1069398777737325
5Q0W,7.614232710112262
6CNX,8.284701425090152
5TMU,5.641842662898096
1O7S,5.422564623573244
7FIC,7.489451903593017
5S90,6.4613424411560265
7RS9,5.959215441211449
3WMH,6.608478375001913
5S8R,6.544398674938502
7UKZ,6.37573947348287
7U99,6.31822009073748
7NEZ,7.034744176083165
5AM7,7.220572871884853
7Z5X,7.388692568149739
4TQB,5.390786157223644
2VWX,7.723946567692449
6P0M,6.331666037219317
4JVS,5.164295733410804
3GBK,7.5356848088762245
4PVU,5.257370999583135
5GSA,6.328853617543415
5RJJ,5.62044990930606
6F7Q,5.768404514593109
4AGL,5.303161953404104
5LRZ,7.041102235725885
6F81,5.715629800046531
7G81,5.730599857466277
7FT0,5.95591020306117
7TD4,7.252978176923516
6VKK,6.507167342907483
4IUI,6.197565267889885
6GGN,7.41053938128655
3OWD,6.545137620770711
4MS1,5.530744143948461
2VEV,6.687015166984069
6NQ2,6.045106554186778
6L12,6.922481254491078
6KZI,6.9866012982661445
4GSS,6.640036119414438
5DKG,5.913338683573686
5SCD,5.382978989303592
5U3V,6.2577437154156454
6WI3,5.609202315352355
6L96,6.933530678503089
4XI9,6.255863571528478
4OIV,6.718880711312343
7V3S,7.836038777138253
3CST,7.233628362744027
4OFR,6.363142231394281
7U8D,6.661288279369188
3BUH,6.0965456424355775
2WIG,5.825044795282633
5UVX,7.056419238141152
5UEP,6.132947806007697
5MMG,6.311149091223871
5DYX,5.2938800946180775
6OPI,7.926971418730288
7CR4,6.332327938457276
7ZRB,6.114028635768462
5F9B,6.386887185762514
7WEU,6.252739187790384
5RKQ,6.727550521808317
3V2W,6.756945512746317
2YJA,6.685644987286462
6ZCD,6.246669808165009
6DWD,5.722198878110713
5H1V,6.471507290131546
4CRL,6.794754833949657
8BDX,6.10192642630081
4AGM,5.772171010026323
1QKT,6.654658335923518
8ARW,5.905476849640241
4MGK,5.937782913326143
5EP7,5.809440455341659
3G2S,6.018530110707212
5J2X,5.6611325303327
5WUU,6.662323172214022
6MDB,7.1183728496065335
7D3Y,5.414836350486871
8HLT,6.253242544510545
5MO3,5.276475966865526
8F7U,6.358040476189237
6CJH,5.545850504965924
5H85,6.311918720027919
7AVS,6.767928146106236
4Y03,5.6777694629675235
4ZNU,6.386203227435808
5VO4,6.822584998733605
3JS2,5.773179747036364
6DF6,6.173472652836534
4GK2,7.810268959364471
4H3J,6.8293292238214995
7BDI,4.975154634147856
3EJ1,6.628440860494937
8ENJ,6.1698435466352235
7AOS,6.858210539700678
7CQE,7.243965229050006
8DBE,5.47941880533072
2RDU,5.696501774365308
3OS9,5.4961301186606795
1V1T,5.294954277232491
5JFV,7.771621668231998
7N3N,6.133416301302984
2NO6,5.488034412519888
7G9J,6.041896737065602
2VGF,5.329403396116705
7LM2,7.561124703735982
5VD7,7.441179698875014
8BFF,6.57994978768286
4QIM,6.6210013563431005
5TN5,6.34661386603847
1W8C,6.572358889174348
6T6F,5.456568977724978
6GQQ,7.284753229528099
7DHK,7.11061701874895
8V70,6.173883599585025
7KHJ,6.831056784833957
3TNW,6.114530812337075
5Y94,6.9749526441811165
6Z5B,7.8299902095497265
7R62,6.558657305955401
7YAW,6.231005987691303
7XI0,7.474013932705177
7ZLP,6.235778692536374
7W0G,6.786145264490113
7FXF,5.918069534361901
7P1L,7.30484695064362
4U6Q,5.828340031114368
6MA1,6.457133820007853
2VD5,7.065516494519787
7SHP,6.386869599480305
8UH0,6.168947495774994
2G94,6.677398804342191
6Y3U,6.606813155172066
7T0Q,5.25313551340889
7KW1,5.536484336539002
6BRJ,7.612162813709201
8K6L,6.323955739860036
8BI5,6.775987044262087
5AAV,6.12314493037811
8F5X,5.402099797142233
7C7F,5.904895014312503
3ADW,5.752253687624446
7ERE,5.795880121378831
6TJM,5.252631883890113
6A5W,7.220041546814718
7OTP,5.26921282098529
1RW8,7.4830740252814865
6FCJ,5.296817304889928
1XU9,6.259214488865953
7BZT,6.276583353871266
8BXQ,5.64989939094157
2BU6,6.2230063833514455
4HBN,5.915101252674202
9FGC,6.126386038223041
8WGB,5.950627110225069
5QE9,6.197556468888657
5S95,6.706324346630523
8BF2,6.410151216409522
8U27,6.3121972946240685
3LBK,6.627343539264431
3W33,7.844907484685247
3NPC,7.827759632560418
1UEI,5.7158322307086875
1ZNJ,5.164170875550208
6X4H,6.244630058421546
4L1X,5.909504326858001
4N3C,6.292512630787715
1WUN,5.886725027772848
7BDP,5.8811802407868035
5U98,6.92376174884384
3R91,7.042632121525037
6G38,5.1755075834443
9CTG,6.189561488558453
6X5P,6.446644531896702
6FNI,7.811027312273182
5YAK,5.851318236870276
6LLE,5.675479436038203
6X86,7.621646016401007
3NAY,7.432972980859599
5MPZ,5.469454580364054
7M3G,7.137368865540457
7QFO,6.87815807222764
4O7C,6.676067425786609
3EPA,6.053717121338027
3UWE,5.913587330377522
6N3Y,7.269368421056112
5TGZ,7.5398124787559455
7CLH,7.58466019867989
6OLX,6.599602246666229
5TN6,6.56731674608467
2AOA,6.218934149006133
5LRQ,7.126272377199075
6NPN,7.998680636189891
6PDI,6.4807578735253175
7OQG,6.387514121934779
6O67,6.266026247194632
7EM2,5.1768276216210385
6AXQ,5.4050863441578745
2ZMF,5.917469558128
2PQF,5.702724275960915
4LZ1,5.931636780226952
7EM8,5.084404506328761
3RDH,5.405238254102563
5HDU,7.011088423161591
5U3Z,6.48792807176284
3PRE,7.557439431668449
4FM8,7.1741940594664815
2RFS,7.713031120062077
5OKO,6.113870493311677
7G8K,6.318645258661313
7SQB,6.34903797797553
4QOF,5.849978282407057
8OFA,6.229494189863217
7AJM,6.869416056401212
1YIM,6.289980026778947
8BOX,6.5073961204708946
5Q13,7.316663621933719
4X93,5.97707098639773
2XYD,5.498345728757857
3OMM,7.8659815401274935
4AZ2,6.634997992142462
3U9Q,6.060499135403014
3U11,6.0295042942125265
1PXO,6.718854595585953
2QH6,6.141947109816974
7N2M,5.553174457857802
7FV8,6.380244533903979
1T2A,6.101861361049522
3IA6,6.5156017039332275
6C1B,7.5347716835024405
5N5L,5.786160941022537
1UNQ,5.647651610174665
4EUT,7.086252163694832
5C27,7.561922425538968
4US0,5.8920263113876805
3R8I,6.174997677247139
6IO0,7.13433710246475
7Q7L,6.941395194123531
7G97,5.060989617318528
8ADF,6.4169122701374315
5MAF,7.699542067735052
7AJ7,7.226324678347218
2RDT,5.673745476984869
5RKW,6.006951357185884
8BXN,5.834619702100494
5RJV,6.304937386315789
4L8Z,7.042215853207957
7G9A,6.393045189530511
5RKV,5.440306165148952
5I8A,6.722924992349706
5BV6,6.039158736221372
4X3J,7.119427538941192
4XUD,5.742658756846342
5RKR,5.527849913069239
8FJZ,6.396641430040009
6W4C,5.651864968864732
2VJ9,7.320176689654725
6K0T,7.94926810125173
8F1Z,6.042764759434866
6OPL,5.783180963117856
7XYD,6.3670991616042
4RKA,5.897417736878695
3DHK,6.848122862103531
4HMN,5.921718407396865
5MRH,6.3167047921320245
1HTI,5.396331895488611
5TBE,7.921098962576786
7RCL,5.390519929359785
3ET3,6.178090903771965
7FX8,6.411613842653839
7SSE,6.611483916322043
8PT9,6.057059698802889
3F2N,7.229775101228088
8PTZ,5.668805671304115
5QDR,6.487718779575318
4OLM,7.354978928820159
9CBL,6.3658237371303485
6M91,6.081491522947972
4KLR,6.421566782893692
6G36,6.158014073234341
6EL9,6.718864413262891
6XDB,7.880004104704484
6TEC,6.183320090058185
4JKV,6.7679757099750155
8C1K,6.199481687425428
5TDF,4.931203007310604
4ZMA,5.646131227936861
4JQA,6.081428641847673
8T4Y,5.728931906449458
4GV7,5.727355017784339
6R3D,6.69334382245386
7PGQ,6.219244658250672
7FXR,6.485734148154127
1A52,6.723048212987882
2Q7I,6.511593837691169
6MOM,8.051709570902771
4AS0,6.451850771971369
3EPC,6.315757284966468
3DKJ,5.320394499584982
4YJQ,7.689747995485315
6GTT,7.282262308871932
8BEM,7.781129974216701
4QIA,5.570798310993411
5S8H,5.87309897386611
8ILR,6.380969297605318
7AJW,7.349710566554848
8GVZ,5.220739463626737
4EHZ,7.135340606435396
5UGM,7.781034294091558
5KRF,6.13531446735958
4ISF,5.561830872862514
5I2E,6.724331622763809
8JTV,5.774470443309566
4PXZ,5.320466767217844
7UGI,6.431136828919167
3LM5,5.591381905319764
7FY5,6.5100194105055404
7EAT,5.344676392780442
6UBW,7.377602520668609
8GVX,5.96516996935285
4BB4,7.371634352285153
5HOY,6.19869432515898
7BJ6,7.236061442347226
6A5X,7.751552738494533
5KRJ,6.15219941806152
5Q1B,7.8646572677457725
6GIN,7.268007163268444
