PDB_CODE,Predicted_Value
4CWF,5.669357171206501
6ZRC,6.938366603482532
1L5Q,6.487915969472886
5RK9,6.513511236484653
8CPH,6.424517937277022
4MGI,6.810888933865584
7ER8,6.938393016442472
3FUR,6.901552100372981
8EYO,6.938366603482532
5LO5,7.233743902058955
6NWK,6.938822530269391
6B1U,8.045491972026962
3FXW,7.01607544361072
3NOX,7.018925642005747
4O76,6.803022227745198
7B31,9.20931281535166
5IAW,6.860064146539726
8U4W,6.942616523154397
3BGP,7.143221534093171
5TM6,5.82211625690766
5P9J,8.505063036347721
4MGA,5.75700948726099
6JOJ,7.459750114594294
7R4K,6.938366603482532
1O4I,2.64975581309176
3BF6,6.896743620022137
3U2C,6.938366603482532
7UBO,6.794069186667092
3W3K,6.5035830553958025
6YOJ,7.43827098337898
4MG7,6.477429445402853
6I2Y,7.7819249570455495
8A31,6.938365065086309
5N5N,5.416172774957108
5NK8,7.8744273115243955
6XRL,7.714458770622072
4L98,6.563174394476473
2ZIQ,6.995263589910865
3SMO,6.307552151687075
6WHA,6.549209964202167
4O75,5.8300246144707355
3K65,3.9081546541384364
3GWX,6.938366477357571
5RK2,6.221277192426009
9AS3,5.83417579773301
5WIN,6.200748174966248
5J7F,7.0593626976658355
4G9C,8.629939624579226
2O64,5.77890891561572
7R9L,6.606013845287551
2RAK,4.517388623948538
7AW3,7.320704379538508
5KRK,6.25879341288893
5TB6,5.906582944864177
6YB8,5.401778228120303
5LXD,8.48982954259867
6YV4,6.264770992762035
4RC2,6.294081776271699
5DXP,6.318503096653863
2QGT,6.215172345293379
2FLB,6.280806322340179
5R8K,5.062940843165505
1AZ2,6.938366603482532
1X7J,5.265437293379129
7VUE,7.010560406154527
2YKB,7.454031803998492
5MKR,6.9208631096429025
7R9W,5.217242995522932
6PKC,7.1042185347337075
7ZLR,6.9621869114981205
4D9T,7.364016336682872
6DXL,6.806690402622739
1T4U,6.794532901771558
2XQK,3.6803135330473062
7G14,6.937640716629775
5DEY,8.340084139140968
7CKF,5.519676907914771
4OJ4,5.2924146818546305
4AW5,7.839742494654308
7RLF,6.9383525826309915
5TOE,5.610182551545903
8DU9,7.286683724036519
5AP3,7.046419726863851
5JZY,7.069352327715897
4ZN9,6.670580441081912
6A6P,6.8399291068010735
8V6Y,6.632216568729534
3NOA,6.986039480546717
6NJS,7.2207153832340625
6HCY,6.938366603482532
9CHU,4.811698249885798
4LXA,6.793843657421897
6DFM,6.671693167587651
8SS6,6.883740248569646
8EV1,6.298919012586165
3RTP,7.974862797692614
4FMC,5.274473717500433
3QCE,6.938366603482532
6DW3,6.875121140395167
1O45,7.932296723569287
6KHE,6.971962884475966
5XMX,6.779796920008672
6BMU,6.972721739803084
5S96,4.794774463468487
8GZ3,6.938966509762772
5S8Y,7.245908443841478
4BI1,5.380117479263257
1NM6,7.10772807560117
4FA6,7.2831888581328625
8IMX,3.0543718154884214
1TOM,6.662540305898955
7RUZ,6.667129331006046
4KBC,7.343549945482684
5TM5,5.4927809776303524
5DH3,7.410079139847348
3IMX,6.3026645163436354
4XVE,6.938366603482532
7DBK,5.876530593709819
8TU9,6.998025731521589
7MRC,6.993268594439276
5TB5,6.938366600057481
3FT5,5.629010106201516
7X9D,6.522610804424543
4CIK,6.835538811282147
7FT7,6.1005918513312505
5WS0,7.021350137864629
3CLD,6.936813603435417
7FV2,7.124110805946369
7M44,5.331704571225188
5MVC,6.541764871444523
4USE,7.251445041692511
4PYX,6.9372527894174905
7BGQ,5.6129736184277785
3H0W,4.226816397950039
7WGP,6.753318610902161
3ELA,5.041744095047328
4C67,6.975067557413056
5VD1,8.12330326445001
5XGN,7.406381279066328
5UGB,7.406708721009462
3TTJ,7.879874337485926
2Y48,6.858110449085284
4EY6,3.742409987208214
4G9R,7.3280091333410216
5QIE,6.90288088024204
6ZC9,5.190234844210327
7FQL,6.938357680937899
4CWN,6.171995739495312
4ODR,6.7521235407743205
5TKD,8.139793605567984
5RKL,6.439636062948607
7WMM,6.79215424085738
7WNV,6.689097651524985
5VD5,7.780333101118641
4NGA,6.717300977078064
4IM2,7.158231221946104
7FVE,7.098392547956859
8YP5,6.513337636292208
6TFV,9.597515310983095
3DT3,6.340036959288675
5U3U,6.490799022553618
7EVJ,6.7691729516937675
3ZXT,4.746849589534434
3ZLO,7.741689532381501
5IN5,6.938366613670524
4BQG,6.493281812740035
1Q3F,6.053899585941147
1DWD,7.24317705115244
2C6E,9.089961454936114
9JD4,4.585474338936763
3FMJ,6.698269118998578
7ZXB,6.918767370637776
4APD,6.819569145172713
8T4M,7.322836167303734
5NMM,7.0259311254445285
1WOK,6.000646226567653
5L2Y,7.219526619556492
5WUK,7.1039480591963295
4IZY,7.924067502429119
3M4H,6.938366603482532
6X83,5.738227734751284
1EVR,3.579875455364564
6QZR,6.5019144880519
7VNQ,5.665652444975795
7QJU,7.374777078900243
1M49,6.84047644921957
3F66,7.154864487685692
1GIH,7.231473666934329
7CBX,7.201349794176202
5QIX,7.042978728599889
7P3B,6.679116648308666
7FV1,7.283984181291236
4KCG,8.289804316808391
5AAB,7.951775963063456
5IZQ,7.103297678365182
8JTT,6.871975469182611
7VNR,5.735692779309026
6KXY,6.983497553031659
1T65,7.12274626239496
5HM0,5.024564589294244
6TR5,5.00039213849041
1KTS,6.844447323374522
4QFZ,6.458854397132931
2QZO,6.927299221161751
6T2D,4.690084251648084
6SNW,7.041955032807928
2JG4,5.124464831430305
6H22,6.645323518047027
7AAZ,8.560705446029687
5Q0J,6.823246006857975
4FSM,7.06135318816651
4ODE,6.956993882184264
7EM5,4.761826867556562
5DRM,5.576261643840706
8U2E,7.459031816573101
2Q8I,3.901752831078497
8OKU,7.144510875077603
5IA3,7.794707447836199
7AVX,8.879868212472259
8J61,7.554228684538321
6TW2,6.3940269624379855
5S80,8.410971315365865
5KR9,5.345039241826267
7M0K,6.541155950859135
7EZF,5.2885688992765125
5Z8Z,6.045527412529881
5UC4,6.286562836404187
5DDB,7.19948214471184
4C4I,7.669822602659262
4RBL,6.211147130321727
6DHC,6.939392453780863
4J6I,8.839942191938036
4ZN7,5.502974554825966
4MGD,5.499595621716706
6LG8,5.104270304088445
3QUE,7.927555841855838
7M45,2.4773111218856707
8P77,6.394721540648847
3CGF,6.439580003067953
3Q4T,7.003958281124555
7A2H,6.166999550271
6TI8,7.493499252478609
7G87,6.661403394336796
7R9T,7.077213119252352
5KOT,5.856636283369756
5SCJ,4.9148658689160545
5IA0,7.78203049618973
4OAS,6.896004517055244
4U43,6.014342364200586
5BUE,8.522720291351927
4BAO,6.931384332059284
5KPM,7.809567050572055
9L3T,6.819190980634704
5GTY,7.57856369170767
1ND5,6.232273913107354
4JV9,5.639872552193567
7MIG,7.251795250501802
8P70,7.518404534862715
4EZ3,4.758656467012619
5TYV,6.1093035622235545
8DZQ,6.905997275729398
3O64,6.957020147834347
6YLL,7.070806013702822
8A9G,6.495144038653193
5UU1,8.85040690545042
4XXS,6.808567004917434
3V9T,6.36515397404187
4XUC,5.714825982799608
2CDZ,6.725294282079012
9CHX,6.500927673938008
6O8C,7.000039611932159
7VFU,5.345414557815346
4KIO,6.31010037146115
6N9P,8.410241116118902
3DDQ,6.65036609695754
6S1B,6.556741521555382
3L1B,6.524733529989293
8CQL,6.938461999145247
2BAK,7.229966230615562
6I3S,6.862387611898429
5RK6,7.1966278684110785
7LTT,6.580766817698644
4LWE,4.495171989945992
3X0A,5.074751473078853
7UL3,6.940933083249986
5JWL,5.677932883753291
8Q6G,6.757461952254976
8DUB,7.075339507846597
6YXI,5.592961068632601
6MWR,6.938034324229376
2IO6,7.509778166419544
8RBC,6.936371165906252
5LS1,7.004787950365516
4QMW,7.14783865713726
3DZY,7.155586648226266
6YEA,6.810449054232238
7U8V,5.393647930978627
3EAX,6.531483481582434
6X3Y,6.495981394942143
5KRC,5.438885015658798
7L9A,7.863628845816172
4FCR,6.8891889768304155
6XD3,7.333061378392
5Q0R,6.515684783386091
4GZM,6.938366991598149
6PNX,4.628208293313562
4ZWE,6.917972558310103
5L30,7.187622353552958
1YXX,5.792125340342882
7QK4,7.344995910986702
8J5W,6.943433306356309
5RJU,5.299421993638545
3G6Z,6.522086568087342
6QG7,7.317984116083175
8GMD,6.938366603482583
5X5O,7.105754074719121
4UYA,6.335133346325994
6JX0,7.551736159484023
7KVZ,6.783315496781296
3BEG,5.094056221614656
8VO4,7.204762332296826
9BCV,4.464744526279921
5FQV,7.042676751345287
2WTV,9.19474216293475
8C13,6.940407997599959
1LQ8,3.361597755064955
8QHQ,4.3076907396165165
5ED1,6.452210216558382
5TLG,6.51101284223805
6QY9,8.203498692768237
5DEU,5.891485769742363
3OAW,7.953403166166642
1AWF,6.938366603463534
4ANS,7.677887788554004
4XBM,4.073194116076904
2Q8S,6.947203268685526
3QGY,6.777399698170168
7AW0,7.213872210136053
8CSG,6.470377760556729
3QTF,7.0291877300880765
5KHM,7.177876848233502
7HBL,4.67640019560911
3R00,5.079743221480791
4PPC,8.308868358171143
5S7Q,8.26808566950665
6FRF,6.716792293419545
5M56,7.8798065376883235
3C0G,4.443259106569953
6I29,7.029433569643243
7KTB,6.615914665680948
7T4V,7.151152853905661
7MDP,7.281381936511016
6VQM,7.913809368299626
8PO1,7.585253018631632
5ZYJ,7.177268688195647
4YKT,4.363773462088536
6TEZ,6.366768243283653
7M05,6.506437076348585
6N0Q,8.014028028745775
8TSA,7.480946440387736
8XB1,6.8376582464231515
4OD9,6.771880194741319
5QIF,6.884725440864473
4EGI,6.917322598055679
6K3E,6.336669004831517
8J3W,6.167221645205083
6VF2,6.516105174098217
7UL2,6.800641879043916
3HY8,5.862625256047051
5WTC,7.424358459896996
3UUC,4.569974810420909
8B34,6.938366603482532
3QT0,6.938823264189093
3L4V,6.8304528618465294
7GTF,4.307153546678205
3TKM,6.876958645450677
3QCH,6.938352856876311
4QMX,6.38627743365034
5DZH,5.7284384092419955
3QQU,7.46528924856034
8EWV,6.938366543512962
7T2X,6.6485381674197805
5Q19,6.162932604232987
4Q18,6.4116023259467525
5TTO,6.912383597623274
7OVI,8.236268735317909
4EK5,7.818543412068657
9NC2,8.064856005943579
6CZN,5.9508201762460065
2FIR,5.829004692109912
2VWZ,7.64947877047528
4SKN,6.439893528138294
6S8X,3.8154581774165903
4UBA,6.9046733978528785
6RL6,4.927466488215983
3GCQ,6.746887092092407
5HIE,8.18524443268813
1GI7,5.902089041632413
6AFI,6.844282885491669
7NM9,5.647452643012778
7X0T,6.081365668485161
5AP4,7.894091112993882
5QDQ,5.66253727860152
6A1G,6.5165835995720025
5ZYG,6.51234392616611
6WK0,5.46484414216234
2QXM,6.136548831997109
5OOR,8.582834341783574
4NR6,6.678881745260338
7R04,6.819446458684263
1R78,8.509996969013919
4XV9,6.730244660854351
4QMN,7.69124307008878
4KSY,6.920960276119583
8P4Z,7.169518659362786
5YCN,6.9426414396964615
1O47,6.837424344925832
3RML,6.729952291771822
3E3B,7.949701985275196
5JQ8,6.67366692888851
6PCW,6.8161774111966125
9D5J,6.420337786054261
3C27,6.946032867169208
5FEQ,7.6443245827563935
7N9G,6.7327359009977386
6FIT,6.538970020881105
5PAT,6.754890208947047
4OKT,6.9638164440775014
5UVU,6.64401851638792
5UG9,7.8874957240629255
7MXC,6.375094018126855
7BDT,6.881096156411284
7D42,7.282405854693361
4FM7,6.9011065330615455
5ULW,3.566945351004188
4DCH,5.7173153887241135
6CHW,6.94534694935407
4FKG,7.189080303260777
9JDG,5.380642658176197
4C52,7.604134897621659
7T0P,8.257652968553971
3ZEW,8.197271743213987
4Y16,5.454045049895659
5S9C,7.316008292381271
5TQF,7.175946895256611
2G1R,6.878033174076073
7ORT,4.998549860264493
7HB7,6.960199372943761
4OAV,4.3982599281592085
5ENJ,6.799867251251893
6V8B,7.0145438318059945
5YQZ,4.775900648126965
5QIY,7.3128959618085085
5WNG,7.640820931910086
4YK0,5.101341393803901
4Q50,6.785318478504588
1G1Q,3.99632279577531
8FXE,6.919284173819909
7EFJ,6.941856922843223
3NUP,6.5704731461605554
8R58,5.4024918205568175
2XIX,3.596043954321281
3VRY,7.32422049033779
1WUU,4.868440800853405
7Z77,6.9397126820927335
8JVI,7.208984861198213
4JLJ,6.4636902121383955
7K6N,7.22204971851963
5UNP,8.201867856395964
7LW1,7.280872091905871
3GHT,6.937678958764448
1XQC,7.8118177644716535
4QFX,6.614430341755799
5AOM,6.845319853400227
6XDS,6.93356082211722
8EXL,7.732862751140192
3OSA,7.220333317679223
1GZZ,6.444991924389622
7Y7Y,5.841947732289542
2HXQ,8.276589015395269
8CYI,7.571386616911538
2ZM3,6.94271208181664
8CD0,4.804173892974348
7UP4,5.423442542397966
5CP9,6.16160533968265
3NC2,5.096300892120022
5NU3,6.559876989063903
8WF6,4.190463955345124
5RJT,6.652766584419372
4JVR,6.633558168539225
7AAB,7.461729710858472
2X4F,7.04120075912882
5OD7,7.5397825970666545
6YWB,6.938363500592215
7REC,7.0633625659497445
6CYG,5.882084096048123
1D8E,6.936958816876784
8B4W,4.148006995558534
7N7N,6.663419092534533
7YNL,4.109390920373583
6D0F,5.880423737714773
6HEV,7.899789716815556
7SCE,6.938455628330539
1PMV,6.3874225549730586
6V80,6.938282014921694
6T2F,4.872822926475289
1HE2,6.9383666503547845
7F29,5.637573018085684
6SFJ,7.033594872260437
9BLH,7.472898955092733
4IVW,7.440827841569111
5J7G,6.86981816300916
4J51,5.980669583890751
8PQI,7.315707557056973
5TMM,6.504111143732725
5LR1,5.775848489863245
4TY1,9.249686821517562
9EK7,6.611615792470599
5UBR,7.4663802326487705
7R9Z,4.838491195746464
4QMT,7.626258774702949
5NDD,6.370706414388053
5ZYH,6.648505479754291
5MQE,5.232433669849794
8STH,6.621734502210581
6RJQ,6.938365371514118
4AA4,7.464641520958121
3G9N,6.202240971246356
3C3A,5.796585751647755
7X3L,6.938366603482532
9CGA,4.58891996682925
6FVG,6.378376074148042
4I4E,6.31006473580355
5EYM,7.615695497261354
2JDV,8.189764169753268
3F1Q,6.536824482551927
8IRT,6.779188544432357
6EIL,6.336448287762154
5MO6,5.115835040508876
3IW7,5.650245033619058
5JGA,8.629960354885112
4QSB,6.91498687611807
5S9G,6.76092535463343
3L54,8.454899653147757
1HE3,6.938366651984877
2QLU,4.927743593620878
4AQD,3.377859480812325
7FSO,4.066917635474802
7EL4,6.593914670688033
5N4U,6.588374529746984
6AYD,7.313112873635996
1S2A,6.938366603482532
4UZL,6.936394883111766
3RAK,5.793752661647995
5DVV,5.566247377458893
8DUH,7.113719468703295
7M5L,6.9375495946025465
4MDD,6.897510612560381
8GLI,3.442816246725351
7F7W,6.599838563365514
3FZS,5.829712697778411
2P4I,8.548060946508793
7Z4V,6.80836193577766
6N7B,8.447303745970734
7M18,7.2465916919937365
7WX2,7.346451737328975
1O4F,3.5300141145074813
4AYX,4.424861607454817
5NOT,4.5074884628483565
2FAP,6.96889318356318
7R9P,7.186177164451967
7BGC,3.391644498027895
5KAE,8.48678885700125
6HDR,6.946023268655262
9FRE,6.105544553347286
7CIL,7.182325673699862
5KTU,6.699534869724431
5EAK,8.238475895489351
6A60,6.961765194422875
6UF0,6.945272877656293
9FS4,6.925906300164949
4NFN,6.1335464959123165
3UUD,5.8594479631677645
3OFM,6.727970206330424
2L85,6.128139995256209
4Q9Z,7.249702406220445
3GV7,5.057560006390505
1RY8,6.647627347406889
8FP3,7.083488723337803
6T7Q,7.057360049053016
7DUA,7.992159076125047
7Q8V,5.02299392679016
1ZGY,6.942427311475391
3RK9,6.270150130093745
5W9D,6.659366136086402
4GZ6,6.937856675698922
7EJA,5.789649126252853
6FYL,6.857201348443184
7UKW,7.361622627344176
5LPK,6.313869301662524
5RJQ,4.216716098397738
6OOY,6.333531982679341
4NA9,6.920276906402058
1UOM,6.667412845904655
6DHA,6.9399411377194875
5ZXI,6.406601001881496
6YID,6.122107691930173
1LHC,6.520181194892067
4EZ5,7.28429061620808
4BIB,6.8121702706690375
6PCK,7.0314945866135785
6Z59,7.325547769031088
7T4T,7.395149874431201
6WW8,7.02098184818928
8PAS,7.294696919431747
5DXK,6.2585562330950015
8C1G,6.915595882001362
6TLW,6.89090732132099
5D3F,6.855736125124389
4YKZ,4.225792117853037
5ANE,5.25225179327987
8HUP,6.897569660041103
6A5Y,7.066742260020132
5A7C,5.903045341390406
7QGP,7.593594305962577
3IW6,7.295778504109053
6AAR,5.612570157986497
5DMC,6.163716896034279
4FOB,8.289745336461888
3U3O,6.340392808026307
4GFG,8.145347795516397
7FVH,6.984041931904902
2V7O,6.848695020355133
6EJ3,7.0607479771448824
5QFK,8.18087115058767
2OHF,5.7371311315650555
2CNI,6.938181164647693
8AEU,5.22590945285076
1SJ0,7.0996474195805295
6SYW,6.938366603482532
5CEQ,7.54638688731238
8SO2,4.148426854984015
6YG5,7.159574006625511
4ZHX,7.770381932341767
4TWO,7.051838166156282
4B8W,6.938369179889936
4AAA,7.042105866067572
2OK1,7.734442855535857
6DNK,6.791260391492291
5RKM,6.511474980265079
7FTD,6.737516798550536
6NTM,3.9068518576814437
5UFW,7.05400178501072
4W4Y,7.32466949675574
8V79,6.966188718428261
5T1S,7.090319772132807
5TE1,5.475920059640131
3INW,6.405544992229286
7YNF,6.694963192436256
3BGZ,6.271501574170481
7Y0A,6.61781523425308
4AOJ,8.141876650530577
7M0A,4.834866022214696
7AK2,6.819970270047495
7FT5,6.218731817454221
4PXM,5.796575236201472
3OD0,6.573587183017917
4TO3,6.8210583129114255
6LN5,6.102879303424492
7X6I,6.95774164205022
3FLI,6.586750856718922
6NUQ,7.191270283681012
2YKJ,8.504685491035739
2LP8,6.889796366317562
7OY6,6.041584774852533
8X8Z,7.322333396088015
7WGQ,6.863439218762199
6TE2,7.277682832531334
4L7S,7.758751163178502
8P6V,6.4587503749367094
4LXK,6.653116210713937
2E3R,6.93827038543227
5S92,7.134318556118395
4E4K,5.846912702169694
5Q0U,6.629363731267429
6CIS,7.08700499024121
7DHC,7.326103705118173
4US2,7.5824964256103335
6Q3F,6.891791292479147
6UWV,7.530892188213263
1P4F,5.793602122200111
6V2E,6.887480286123573
6GVF,6.357190131667385
8G8O,7.649916399686401
2VWV,6.881502445531364
5KMB,6.594289500986924
5QIC,6.9672407802189
9BGH,6.938325968917307
4KSP,8.809971122096727
6PJJ,6.7271838976321785
4QPL,6.847965346916964
8AXZ,3.4571690916628928
7GS7,7.270118627853849
4TPT,7.030488160194648
5J1X,6.935831769295866
3A2C,6.889750146061357
2XVD,7.340721899127734
8HDP,6.2372091546973065
7FH2,6.938405764302574
2XE7,5.927389377064651
2EVA,5.267724458667194
4FZF,7.232795617597306
6AFL,7.46975592736613
2VJ7,7.078812016843055
7B87,5.847428125859654
7MFC,8.425813868212618
9CJ4,7.287732946430482
2PIU,7.109485405712543
3MQL,6.066214491151666
4HYH,8.990136181704436
8XV9,7.384886941105142
4B0O,5.526461867805185
1O4O,2.9315104238870404
7BCM,5.463833025548437
7SSM,6.537472222956091
1G32,7.162108788239501
7M2O,6.8706744718696555
7W9M,6.936151806862764
5BNW,6.938098396332386
3QTS,6.013311206435041
1OIU,6.690280258026961
2WAL,3.928199631443799
4MGY,7.013534739745305
7KSK,7.2879158743060835
7B35,9.163049715842408
8ARX,6.5970280141364865
4YJP,7.012076269487414
3U3K,5.434644070093652
3V4A,6.9383731598265745
4QOC,6.784059239927362
4XUS,5.169161734613046
9DUQ,5.781755618692603
8T1B,7.1953682560100845
5USS,2.9911733620496874
4NW5,7.575606145041159
8C44,6.938438496664403
8R9U,6.938839180897502
3SXS,6.463867832863958
6B4W,8.309962982684873
1JVQ,4.701358345985149
5FE0,6.156452472654492
8FKO,6.9821351894135395
6RA5,6.244609798287036
6FNK,5.877951013481008
5Q0N,6.477022945938282
5RKS,4.347918222519224
5J6N,6.902831614603164
7G86,5.1213919446208624
3APC,7.4496880746373915
7Z5N,7.185728776379866
5SWP,4.741856793956769
7JYT,5.186423292573227
6I6R,5.286903787497081
3KMG,7.667353681415004
3ONC,6.938366603482532
8AAI,6.642104384266264
7OPG,6.118119838267415
6DLZ,6.937694081862254
7RN6,6.9166351041786935
3R7M,6.938366603482532
4QIN,7.004124512380847
9CFI,4.630194465517674
8UTB,6.7780737122913655
8P04,7.655632151220665
5XR9,6.004098697473657
5P9M,9.225507729165173
3FEP,6.938366609332579
5VD2,7.185538604853881
7BA7,6.935840910408052
5TMV,6.873156315824183
3VJH,6.50121942113439
6GWE,6.930561446482746
5Z1E,8.289662666702176
3ORX,6.938366528994468
5KRI,6.51326343419154
8UWL,5.590445722098772
7NXJ,8.212889665671142
7RS3,6.954749939263968
7NA4,7.142261217087251
5ZJW,8.311643825179944
7KXQ,8.327877088549885
5GRN,8.176937247430189
8B3N,6.938366603482532
2VWY,7.277596758933484
6VIW,7.22683088180914
1G3M,5.492314797945301
2G0H,6.90995189709867
4EFT,6.641432460859768
2B7A,8.291267276408044
2B1Z,6.916483119051204
7BPY,5.5704253582309775
7Q9O,3.710360003150579
7ZVU,6.928409964513785
4AGQ,6.938366603482532
2RFN,8.090178896987759
7ZU1,6.999567367339668
5TLP,6.117350874799902
4G17,7.530029767396664
6D9H,5.710106064191828
4OVV,4.494935280707212
5KCC,7.403597887799657
8EQ5,5.421278658912464
8S0E,6.938366471985048
8AHI,5.784803330297436
5RKD,6.095442045295691
3ADU,4.938721207726675
4Y46,7.183851791849628
6S26,6.9383269903203155
5VD9,7.678244740387349
7ZVK,6.938366603465161
4TNP,6.896051241697146
3Q3T,5.794645661999608
2B1V,5.47752592489439
4ZP5,6.15810868228348
3OSI,7.1585592367413176
2G0G,6.780407060024655
3TCP,8.076281487160099
8DEG,7.426572546122992
6DM1,6.937694081862254
2J7Y,6.267354449926401
6L16,6.070152065703615
3LVP,7.0706910072464355
7FXZ,6.938366599843011
4GBP,4.439819233678503
6Z4B,7.706946107932726
8P6Y,6.49858180644093
4IG7,5.4854222017843846
3D7T,8.213217580624713
5O12,6.644836592629173
2BBW,6.904393590397926
1QFK,3.361597755064955
5T21,7.016921890809812
3LXL,8.169825633581986
5JIZ,7.2296008239857565
8HID,6.938985980517644
4LQM,7.429111436354485
1YC4,4.902626060406231
5A00,7.681419664681812
5J71,6.6098223364186195
5UOX,8.290083136003762
2ZMD,6.0773285340128345
7G8Y,5.9817867770764
6TLL,6.900594253842658
4N4W,6.919409810556286
6IGK,6.0241462974568645
7CJA,7.632845637295821
9FL8,5.6290943850066375
1ZEO,6.582752003667547
7JXI,7.930078299548969
5Q0Y,7.360007115058529
6R7S,6.739094621704445
4AKJ,3.1472010530967243
8R9S,4.993367668301511
5W4X,5.566263832039643
8FXN,6.928166890795209
5DS3,7.408902995730558
3V6R,6.160008210924957
8DJE,7.381273892190512
6NKP,6.475043926947487
5VJA,7.1795014772593095
4KKH,8.569404533579535
7WSM,6.938408618526051
3MVL,8.380082892916517
5ICN,7.292197215128161
8P6W,7.298111139848
6CHZ,7.359075033106663
2OO8,8.094391263424182
3SGP,3.870382362000206
6CQV,3.730730325583231
4FKW,7.798070170831578
1YC1,5.503606073231816
7MII,7.151935238957431
4FAL,6.938366603482532
5MKX,6.670053483890911
3E7C,6.994854102071452
6LTI,5.596397241386136
3CTH,6.768467671113484
1NXK,8.435960328434012
5LBZ,6.938464913971757
7ER6,6.9383976940954435
2IZR,6.774946078705684
5WZX,6.938364101914575
5AP7,6.127464661822618
1PXJ,5.167380785461569
5XR5,4.869371850329962
2G5O,6.447633853913182
3GJW,6.823117193976369
9EVJ,6.705741125337004
5HMK,7.346048243167174
9DME,4.917615551122559
6QY8,7.209562115020354
7C7H,6.938366603482532
8CTG,6.938343088518588
5W4W,8.110077755144616
5MJT,7.001046929702745
4QDV,5.926005093329851
3OLF,6.799854584690431
5Q17,7.005559549076231
7NNE,3.63440287968727
7YL2,6.236710155690013
5EHL,5.5585250497613234
6CM2,6.839653856078798
3DBS,8.402550323181416
3T10,5.163293591876404
5DN2,3.8843396667037053
7O1U,6.889245433840139
6DGQ,6.369321626057909
5KQD,6.310171543222577
1I7I,6.327595586338504
8AGJ,6.562553462604587
5DI7,5.684716960469066
5FQP,6.907333246727269
2A1T,6.8467183161243765
5LMA,6.488219201616488
5J6A,6.896880912582763
1UYI,6.938358727218442
4PFC,6.313969579513259
4CNH,7.498011683107607
6NRH,6.583222694543691
5J20,6.872220155050299
4JPG,6.067083345666085
4F7N,6.273409198882591
6XRN,7.226659483786949
6EO7,5.495343132134527
4M5S,4.694998680757683
7FSH,5.45308368498773
3HCR,6.807036986655659
2Z9Z,6.927737271359481
6ZUX,6.770664673554586
6Z8V,4.318921269982802
3EGK,6.649654382143613
5FE3,4.90206782855592
5A1P,7.1634243102182085
5EIT,6.402423150854813
8AV4,6.6749667822749155
3L16,7.489841807265005
6RWU,5.976789311998208
4MRM,5.277190539565549
3OOF,6.758532925591259
7B3V,7.155850245098459
5HQ5,5.806856128012355
4BUZ,6.4064571416166345
6K0J,7.118050168626897
7A4R,5.302620886729386
8BM2,7.847209498217914
4FPA,6.410300644216963
6F0X,6.937301919932485
5NYI,5.208945178747151
4PF9,6.443027048936532
6W7G,7.325277331583728
4QNA,5.261022340262768
3NW5,7.179218324197971
6NQ0,6.52403949815756
7BDH,7.276587311271932
5KCX,6.689796056711847
4EY5,3.7364953032938097
4NCT,7.559775821866304
7FWE,6.485061806526066
2BVR,6.906737087726149
6VF6,6.563609851743405
6PJX,4.849066641377385
5AFG,7.7635219478623405
6FFG,6.688521889474659
4OK1,6.963320432161686
5DB2,5.029366840273626
2WH5,6.7655665393349596
8FUP,6.805745380601463
5N84,7.180875391356693
4PZT,6.938050994208353
7UJF,7.0832671945518415
7JQG,6.600622747846052
7FY6,6.667951943268558
4NH8,7.0064167196518685
5HZC,6.771729187797513
3TY0,7.198317701735019
6TEW,6.603165642974621
6RSD,8.188057734425827
5U6C,9.552803446589337
6DUV,7.179048109499112
4X8V,7.139300055968898
5S7A,8.384091404403792
7RLC,6.938489540670671
7RLH,6.938357584998369
7XH6,7.383770589018054
5X8I,8.571891439299067
5XG4,5.140027190082936
5ZTN,8.290386847937889
5TX3,6.508431562760521
6FEX,7.529916002584227
5TMK,5.564950589141837
5HEX,7.99048776745031
7DHH,7.068004698925056
7P2L,6.938250498095028
6F82,6.938366603482532
7ERK,5.645225768165529
8WZH,6.797967204557001
2UVX,4.863655790966183
9B83,6.69637886856221
5VO6,9.039991218725671
5KD9,5.870005521675714
8JP1,6.938366603482532
1O5B,5.779790184496472
3FXV,6.8689464560406845
1YSG,5.848963364527243
5M8M,4.273494748816882
7G8U,5.40272929142006
6EKD,6.880828367870828
2YAK,5.120943765733398
5V5N,7.253297391527087
4FT0,8.169609454361279
4O7F,5.989613569297438
2R2M,6.774879811354194
7ERD,6.9383913565601905
6GXK,6.938366603482532
7CMB,7.2762592066245
2FWY,7.272697746917057
7CMW,7.406219208879581
1YPK,6.5653830514003
2Z7Q,3.72128603260074
3GCV,7.139820150232147
3NR9,7.067723278102792
6Y6N,6.844472921909798
3J9F,3.6300664322616165
8P08,7.246565082771044
6JMD,6.57513023788813
6Q3W,4.940513852621681
8JFK,6.792997001176217
5S8D,4.973758693385891
3F5P,6.860021258029877
2E3Q,6.9382264709823716
7B4B,6.316421731568383
8JF1,6.932111545622004
3RHX,5.679785398639007
6M92,6.317930299730543
7FSJ,3.709889270028871
7L9L,6.428997543436846
6A93,6.839608973965339
8P01,6.938366340725178
6GZH,7.312329313401037
3TH2,5.921824238114606
5W8K,7.125773573896757
4L96,6.409098911879587
3HA8,7.906718513470352
2VX0,7.4811057801809415
5H17,7.286867717132349
5UAD,9.107563288333607
7QPN,7.275382883487283
6VGG,3.7049589470029316
4QO4,6.409345042271459
7G0V,6.691112806693296
8V6Z,6.85897499166717
2BDJ,7.547441733099643
4ID7,6.6301054847465215
7FVG,7.464184391928817
6YVM,6.275625577463842
7FUW,7.077909254578658
6FYO,7.924384181034356
2WQO,5.793362453914428
3L4T,6.789111225145402
5WRQ,7.1451614962219665
1XP6,7.259203853621356
5S99,6.570904646116217
3QD3,8.256138623274623
4GV1,8.509815633484447
5A1G,3.5357854118790506
7FSN,6.923132314632609
3P2B,6.767498361740719
9AUC,6.93437098860752
4UMR,6.734028584837018
7DDZ,7.0046821770807695
6X28,6.5929956246281956
4NR4,6.590847686604351
7AJ2,5.493080592083942
6M8C,5.649982515949155
6JOI,7.104330436021333
6JUT,7.782036025480458
8Q1Z,6.697888380174165
7G94,6.164586252322842
7FSX,6.820838485587451
5I1Q,6.938433927035051
5AJZ,6.414096625475886
5Q0Z,6.525521966550117
5AJQ,8.785508024560318
3FYJ,8.289617911416212
2FL5,6.57895955237375
7FZ1,6.9294264234734495
5HTC,6.830031112365187
7FVM,7.123514165438394
5ENN,7.49414842200818
2YEK,6.191278694007774
2FEQ,7.196711901042493
2ATH,6.695495385774779
8XU4,5.362074188314763
2XZO,4.67787223285344
3HM1,5.978493605318672
6YVO,6.277328313474405
3ZLS,5.477564405760919
3ANR,6.469995532173925
7U36,6.831686119672201
5VCY,7.451982664549207
7RUY,7.039639650540876
7VRI,6.16481446190112
3VN2,7.068600951915247
6FIO,7.521200388061636
6Z2J,3.034388250198801
2WIL,5.507797839507285
6R3S,5.922121542740669
7FV5,7.530687210829707
4JS8,7.748285685160147
8ZLO,6.914173096344702
5LN2,6.510522909074378
7LEM,7.627582452987418
8B4V,5.861707035620345
4NO7,6.391749712563737
1DGG,6.810781122048071
4DM8,6.956738217572518
6FFI,6.301300930268295
6VJD,7.497887918204308
1OSF,6.922108445850204
5RJM,7.18608409566801
1GIJ,8.094108838468372
8PT3,6.591904782353665
4XG8,8.454717932065243
5IDN,8.579630707345716
4ZSA,7.51811941178147
5WRI,6.68877360522701
3IDH,6.398472863096324
5DUE,6.804142784529566
7YAH,5.727167498266208
7KSI,7.527193789229777
7KFN,6.4798942678736084
7NIG,6.697293031655873
8C3R,6.277609232691719
7BIQ,7.094123284865542
7FV9,7.116524277946827
5SY3,7.3351696227135
4TTB,6.982110910482725
5I0B,5.635071786726024
7A1Z,6.163388633048942
3UFL,7.36625482029645
5CU0,4.716378519013608
4CWO,5.6094493988397165
4MG9,4.9459213992901585
3H3T,6.904357293703318
7EPB,6.803476775999644
2IZX,9.389811893374418
6E2M,6.712954362176042
6SNY,6.938357733664754
6T6B,6.900520801985531
3IG7,7.189856221866988
7A5B,6.735240556421692
1LD8,6.756821127115654
6AY5,7.155220145235192
7SFO,7.390800087311526
6TNB,8.312963990489866
6V5N,7.976613253357952
7TYX,6.432391747801526
2VV4,6.818595711434193
6W1D,5.843555854572543
1AHT,5.447386040517465
7MIF,7.204945765025509
8CQE,6.939233168170133
3GUB,6.2535357026450695
6UL0,6.98930212015051
6E0R,8.210563039294307
3A61,7.075088437147343
4EY7,3.6871002142303757
2QL6,7.302736349326448
6AAM,8.590439555272166
8UCB,7.062096595232656
3EQP,8.58164275068114
1TF0,5.97919265274819
6UKZ,6.940858765596533
7K2U,6.601279622853857
7URF,6.9378587753730825
4KLN,6.938337509807574
3LDP,6.810421078638941
6EQP,4.3514280772734715
3DEK,5.038215518928536
4F6W,6.926999928524006
5ZYI,7.230529994287471
4XUH,6.839768943337495
8T1D,6.956431865230231
4HNF,6.1598643006924405
2HY0,8.910462925933157
3UQW,6.959748249048071
4D2T,6.010316606760696
5UY6,7.191918427983917
7SIN,7.401637668223806
8TU3,7.777065849540266
5KKN,6.996762334538911
7EM1,5.37354113187742
7NPG,5.332916006464366
8HV2,5.119531854540693
1IHI,6.938366603482532
2M9R,4.934117328858664
2I4P,6.8057108400192075
7EHY,6.795321785623576
7QDN,6.166476488262973
6LTK,7.033680957140884
7EVY,6.983722229406405
6YOV,3.026208327059126
4AGU,8.413454574500454
5MAI,8.492373202297268
6Y4Q,5.7938107926582365
3V5J,7.949672875036283
1DVS,3.5792413836439327
7F1Z,3.7060887335016153
6VNE,8.209896930034072
6CWA,5.375960948606103
8G2E,6.720984320289475
7LF9,6.276479692627503
3HMO,8.262722789082066
5UIS,6.829961471056887
7Z5W,7.176030601497207
4XHK,8.29015689784573
8GVJ,6.972616306324211
7XIJ,6.742633496605013
2IZU,6.922440337927407
1DVA,5.958535167304296
6X3U,5.851293363756374
4PUW,6.938366559543883
8BJU,7.939246158376361
5JUY,5.531686333026247
7DJO,7.112057127810817
6NRJ,6.906303473533374
6JLR,6.05257838226528
2E2B,7.950416003947765
3KJN,6.865577547123964
4PY1,7.180111401049324
7KT7,6.464696232411461
5EBZ,4.821966698498454
4F9Y,7.4800182048492845
5XDO,3.8485738614899976
8QSE,6.901670569352215
3APD,8.325843570598026
5VD0,7.301359644495237
6TN9,7.129559586532981
6PAY,7.247679102805809
3NTP,5.754241612435642
7CP4,7.430661022831504
7R7R,7.63278897265748
8FCB,6.90734569760973
1C1U,5.60386815076754
6E2N,7.910270531927615
4PWL,5.436612214828113
9C55,7.0027315645168065
5T23,6.618712568591733
4AZF,6.553146550103519
1XJ7,7.117119991014634
7G8N,6.552042728366545
5JCO,5.410791079170068
3BBT,7.382676788407474
6A5Z,7.139190162729037
4RH7,5.105856195617257
2VX1,7.293980334942281
5SAW,7.459985805392119
8BQ4,6.432293532921799
5MPK,6.845036453945868
4ZJJ,7.809827270584194
5I3X,7.389798788661475
5ISO,7.842094537511175
6S75,5.804765344452992
5DWJ,5.716513709958354
4WMU,6.879523133994466
2X9F,7.753278187012368
5AA9,7.915491510773197
2QZK,7.085643933970579
3QGW,6.793740197321486
4W9W,7.469763722482147
6D20,5.558651127612518
4JX7,6.919846508773284
8C0C,6.997664726715534
6TN8,5.090140628190635
5FXQ,7.441918736805082
6VKO,7.359075186263884
4CMO,7.4966176532550195
5RJO,6.856220590213625
5LAX,4.631504226195795
6Q4G,6.477845048397732
3UU7,5.579779202159628
4BZB,6.588682980249931
5L2S,6.890393747921406
3GCS,6.987941595451652
6JF0,7.036000413361326
2XMY,6.625497243695252
7SUG,7.189152487814171
8UUD,5.68567949211485
2CLQ,8.407141643051789
3B1M,7.450348768592148
3KVL,6.7100627294508195
5FBQ,7.170883532941185
4EUU,7.112242855970235
7AJY,7.345131390263938
7CP3,7.378780040298739
2JH5,6.927765320070645
3BFX,5.777452272656282
6HK6,5.766720008644897
3RGF,7.483872899122244
1FKJ,6.893324559318723
6FEW,5.859829877193182
5WFJ,8.008163212278658
6ZRD,6.938362388516906
1Y8Y,6.68901712720664
6BKU,7.875057427356304
5XFJ,7.079355226783025
1X98,6.938366603482532
5K75,7.326961067191286
3QIC,6.351298499145235
6H0U,6.779993828672754
3HG5,6.277567273786131
4NEJ,4.123251951388877
2A98,6.841849237728496
8HNN,6.467179887434945
4MQ2,6.99976017013117
3H0V,4.672458451805704
9BRE,7.711806947494547
9ET2,5.3614584263346785
4CRS,6.787472426209461
5O9H,6.624825846173219
7K1F,7.859948990687844
3HVC,6.249969323607606
8FY1,6.938366610594706
5CEP,6.509302740566035
6ZZ1,7.662840963304942
7JHD,6.788045372807973
4CWS,7.223324772433341
8UBW,6.209796114011264
5TOL,6.949323582025741
7Z61,7.436486306234132
5KZ0,7.89952913448351
3SHE,8.22351186933568
6KZD,7.442560691438247
6CJE,6.411386973349728
7G8O,5.335286413323185
7YL1,6.901860232715406
8FKF,6.935006406334464
1B0F,3.8517500932760282
3WQ9,8.03764664615096
4JG6,6.450302255183658
3DCU,6.589161180380011
2Y1Y,5.552467024251663
4XO6,6.938366603482532
6Z57,6.552642393157522
7VCU,6.937751203678846
2R3M,7.500091348238471
5AK0,6.4091249519418
8BXS,6.293686141187305
7E5F,6.693432970552091
8ADM,6.9383433421090475
8BZD,6.941397640289734
8PTX,6.416160814401105
4OLH,8.290268844664599
5DZ0,5.654081541716488
8BW4,7.207374740498796
6FD4,4.969501720266246
6FMK,6.938334032966404
8FKD,6.934351245291553
3LMP,7.268965409431866
8S0C,6.935736689680226
7TVA,6.961244202061803
8UBY,6.226308531366713
7VCT,6.936781614761884
3G6X,3.6560825745504744
6VQL,8.054768986779973
8RCE,6.966929205197994
6FNB,3.6455729136657395
3MNR,6.991374351263418
2I6A,9.039956838531946
6N3N,7.221772839423112
2WF3,6.938376183479104
4G1W,7.270492204694721
8PUY,7.681534539058687
5BT3,6.931956308723983
4IV4,7.156599853079818
7Y28,6.822858151881413
3TX7,6.937293264183178
8W42,3.645715913255019
8PQL,5.35348303346642
7ERC,6.938391148861515
8IO0,6.882245051757007
3R02,8.989778472463598
5TLT,6.436072870667543
7AW2,7.171348479388286
3IN3,6.790249275596612
8SS3,6.562432674649692
2H9T,6.913995644525467
8V6X,7.001469830033361
5N4X,6.407471236573873
3H67,6.938366489707487
5DK9,7.135957456963754
5LO6,6.791187649706497
5MAG,7.511863322892868
7NZN,7.924230722711932
2YJC,7.05716996706205
2Q11,6.601262230963252
8X2L,6.938319193778074
4USF,7.626010690984209
4O7A,5.208730589732628
4RC3,6.433994524988565
9BPY,6.643839423592496
3HCO,6.845499636464809
4ZXY,7.272024638522233
5HES,7.54970588673125
1W2K,7.102190685072218
4D0W,7.68980215108178
4AZE,6.9517683061736175
7AM9,6.2811311903063425
6B99,6.222860351979004
8T45,6.938366223561426
7R7K,8.291962219886015
7TVB,6.954392221011183
5FA6,7.093547896360143
5T4F,6.949288980399247
4D2M,5.082118329377457
6BHV,6.533495581876755
5TEX,6.511812054666536
5IGL,7.218267920916304
5VD8,7.79026729114286
5S8L,5.015041584122862
6UYA,7.991133694361096
5TNB,6.864734135606894
1W0Y,6.380376309849483
6XXJ,6.938368369519589
7K7O,9.436644503066361
4EQ1,6.969013876104531
6OP0,7.66479659957539
7G0P,6.938365651074058
2O65,5.1423430182808545
5HF9,3.7109791851081386
8RBB,5.842431987483873
8EV2,6.352079573763215
4OKW,6.951956354317587
3ET1,6.184121360996559
3HZ5,7.040309273062434
9B4L,6.251058177532744
4I5C,7.761551101763777
5S8N,5.714987985612343
6SQM,6.888423458993605
5U46,6.402240167234882
8C1Y,6.707046652410706
3P70,5.146293501470016
7VWG,6.193777394881395
5S7L,8.316295265065435
5LAV,6.669944776493877
4DQM,7.018568673866764
1OZ1,6.84255150650562
5A4T,5.900356943003678
4QXP,5.920829087388771
5AV3,4.864735520636432
7E2G,5.051792672228351
7NMW,5.228934402684418
4TNX,6.6296781432384995
5ICK,6.6985434925273974
5GJD,7.909760246015161
2WA3,7.115633803367457
5RK7,5.899252087883198
5F5Z,7.1587792405611195
3FLY,7.76913224710643
5VCZ,8.056688873142722
5U42,6.162350052819592
5S8G,6.625574901639157
5TN8,6.299045056254895
6LO2,7.398243126152932
8P45,6.938366603482528
7RY1,7.2543030565449405
2QR9,6.037833543104636
8AGI,6.577080221772073
3SOC,7.750989321253035
2VSR,6.937817913527273
8DUS,6.842466207582072
8PQH,7.273567399940938
8BYG,6.20497330503362
6IZN,7.677302122362816
6SIN,5.004143344498788
4U9A,8.18813386031827
3GC7,8.866532814381703
2AH9,6.9127075921442085
7BGR,5.167011524570476
1XP9,7.472128416847626
4Q6R,5.992154823290392
8STE,6.151697754930706
7Y1G,7.298335591075682
4FC7,6.938366844808761
5AOL,6.938382712709895
3EQR,9.14000391785375
5CA7,5.444671966096628
3VRJ,7.524078614883763
2Z7R,8.228559865715422
6EO9,6.473998334572062
7FV0,7.52819916621698
7UP8,5.4018650971978115
4YO6,5.909077295045069
4G55,5.0253073535722645
7FHS,6.923305996657761
5TLU,6.9383662534751975
6ELP,6.105104807928984
4EYM,6.301036420908048
8PBO,6.72407516680918
6KAY,6.9376896999365565
6HR2,6.939192434702561
5DU5,6.8933279930540206
4R3C,7.376680568706602
3G9E,6.840156658949887
6F7B,8.879848337682207
5KZ8,6.789210128155328
7RV0,6.817889082203073
6THX,8.507363374092888
3L4Z,6.727982127278275
3LBL,6.139817425748148
4FT5,8.204186632657423
3VS3,7.874196019472015
9FFC,3.4181681184635027
2HWR,7.016466621399339
4BCG,8.160140015364371
7VSG,6.939919108207305
4M15,6.0215260383109985
5EMK,6.318875168999782
7K6M,7.17495590628618
2PIW,7.109715526807076
6QTG,7.381498453457787
4MG8,5.20787276199294
3VS2,8.083426475477657
5U6P,7.1702442143405
8R4Q,8.1066346089413
7OAJ,8.064331756429288
3L4Y,6.853138201238215
5XFF,6.367015698472886
6QGJ,7.086475858192585
7G0Q,6.932795916130238
8GUA,7.540052404090697
3R2B,8.35341250138727
6KTN,8.373488303189763
7G1L,6.938174552513814
5J82,6.882911999544549
3NNV,7.551074442388144
7ZI0,6.9894278646354175
6XBL,6.886929977456521
8EDW,3.7051667229829808
3OKH,5.990461901418705
6OSP,6.784670067201158
4OGT,7.064056400808502
6UQF,7.2904479748925795
6CCF,6.717719731201166
5LJJ,8.04550561306799
8BZP,5.768990444149887
2VJ0,5.995561905676542
5A4Q,5.550059421927683
9CHV,6.936317191359842
7ULJ,6.504634353059843
4DFN,7.5905547766836
8G1F,5.281366268761497
5KMC,6.233871873995616
8ONE,6.307030414165167
4YT7,7.1338993134185404
8TWY,6.946573490774491
6CQF,8.514013606204335
3H3S,6.917896140058692
8QCD,6.404145480808112
3E7O,6.909809232854847
1YPJ,6.829619361706929
3DDS,6.409448955949889
2HWQ,6.833766820079309
6MS7,4.509178774897303
9IOL,6.9353982726305725
8F0J,6.938321057640683
6F08,6.508953643067845
5U5T,6.969130433284318
6FIQ,7.338919327702663
4L91,6.769607931233691
3UUA,6.888933257733804
3C5U,8.179826787276419
3FHR,7.270190162768495
7AOA,6.986428003257533
6FQO,6.561748500068995
3C39,5.86238134334056
3HLL,7.473142403484565
5ZQM,5.437500124710755
3V5L,8.139960966769713
3C5N,3.0656286857226958
6SQ0,7.653306929448531
4KB8,7.799879576759005
4IDV,7.4103000060538955
7FZP,6.938328700581918
2XIY,4.527930990389899
7LGS,7.7736626403164095
4PYP,6.8860164472581005
4W8E,7.484021580655412
5RJL,6.37377743813941
8PPC,6.599202073576228
1QZU,6.147791477583935
5TD2,7.740558741387484
3P7Z,6.943505365239029
6T41,6.547004551111416
5UEW,7.357700914561127
1W9Q,4.171803768622608
2NZL,6.856853406596525
4B0P,5.52333550785244
4K7A,7.040103387043043
7RS8,6.922391654100213
3UP2,7.726469149183744
1R5K,6.45843299139496
4PMS,8.512485163483046
5H2U,8.160290590908112
5RKG,5.521020336428752
4WGI,6.888677302123711
4HCV,7.683243410588933
5SAY,6.055773122470727
3VBT,4.494202651558052
3W16,7.296374907197649
4JGD,6.601676432402796
7PW7,6.8603932853082785
7BEP,4.967939492730041
1PY2,6.936401502683096
2WMW,6.113273511782591
7FUV,7.4074159921798675
9F7X,5.105602786491783
4FJZ,6.299881269110166
6HM7,7.08983798592376
2IWI,3.183648587821317
8V8I,7.75067044226119
8T50,6.599260959705833
5SB1,7.663661861480089
9B0U,6.864711825877442
7LEL,6.995954511558199
1GWX,6.847886567552548
4AFQ,7.014916406317752
8R4O,7.892522546560681
8X7O,3.879184622555739
7N3U,7.694017262396131
5Q0T,6.242778823861971
4CMT,6.99835677537851
8EFG,6.657331144403047
5N7V,8.760264373371786
5I73,7.0215766241143625
4OQ3,6.2614726130265295
2POB,7.489161064007299
3FSF,7.0970159704096165
1FFM,4.529608411238085
3QE2,6.936541263005843
5CRM,5.998957721090466
6FQU,6.913469766654039
7D73,6.9259858749638425
2FO0,7.694717581215946
5FE1,5.824719672564794
4R06,6.899372550814079
3NSH,6.989214676161151
7G0T,6.900568564286072
3MJW,7.963709397889858
8D96,6.000467288596913
8X7G,6.948807023662201
7KP9,7.064535578286473
5J5T,6.9496497023067905
6YIK,6.919799263228455
4ITJ,6.429903667718026
5DZ3,5.5658070409470985
8C2Z,7.803438392328703
6VPF,6.7889579626058945
2VWW,7.428148043046779
7FWH,6.5303200408292925
5QDP,6.042528156970797
5O3H,6.587211816923803
5DWR,9.886502185096433
4ZFI,5.969214844002634
6V8T,7.1470242373805
4TNQ,6.858058249852942
5WMA,5.3974169240147765
7U77,6.470376375930519
6D09,6.938368765531189
8QJS,6.938829616660738
7BIR,7.289461240114183
3LFS,6.44367459290235
7SUF,7.189152487814171
5U5K,7.21453734472564
2F57,6.132909501431136
5KRH,6.609690512242315
2R6Y,7.266898374783913
4AOF,7.181697002623753
4NR5,6.617149424357731
6DKG,8.579935930998818
2A4Z,6.609754896731128
8QXJ,6.701010566026243
7RR9,5.8895970321499425
3VJI,7.154189746300283
2YJ2,7.009660003379636
6Z56,7.623117188164032
3NW7,8.269878531570642
3EIO,6.76107401298356
5M4F,7.880131627350518
4QE8,7.5018747681509375
4J7X,6.9383666047930435
9LVX,3.676688950402218
4OTH,7.383483680153371
9EE8,5.967665417295167
4LWF,5.317149678332303
4N6Y,7.030172856717784
7RS0,6.45101344778184
6K42,6.433960602375937
5RJR,7.145993816462185
3RUL,3.0962601145412485
5VXO,6.926101076797911
5Y9M,4.774137150355877
2XP5,6.655607552114211
4X4S,5.528574013824767
7NA1,7.153126346444474
7AAX,7.992687115205876
6U5L,7.254816813130786
5AMN,6.809285004565124
7JIU,8.461516481159213
7VQG,5.9552849464467705
7G98,6.936994952146752
6EZA,6.864131165643557
3HV6,6.1350996248239795
8G0L,6.938366603482564
7G9D,4.751391682382401
4X21,7.430196783358211
8OW2,7.768141373693203
7LD3,6.010371551912441
9FAW,3.8837208133265335
5XRD,6.396345375983026
3L4X,6.839480535441471
5TML,6.6235729533767085
6C0U,7.658339343154367
3SI8,6.7162321921764265
6MT0,9.038793867702395
4JQ3,6.883353331760362
7C05,6.933768172886484
6DM0,6.936728151175157
7OBT,6.65501683525321
4KBA,8.21002863301346
2CHZ,6.758748544319611
3KW5,5.367968665549494
1TN6,6.734236527203061
3FUP,7.649654922464953
7E7O,6.677606015710453
3R04,6.929956451178757
3R01,5.250132454578658
5WKI,3.384803883785464
7RA0,5.377638464426912
1M4A,6.938366603482529
2Q5G,7.045884807619179
2C47,6.420132164490006
8TXZ,7.376485766930729
5IEY,6.750031363797136
8JVJ,7.068009100591995
5QF3,6.984347612553361
4PQN,8.454955397860374
2JFA,7.024651014608219
6MHD,6.986008304900546
3SP9,6.920202984668874
5Z58,5.160747079720349
4DMA,5.937893657294516
5RJN,7.089456946678899
4L6S,7.194420542349966
3LZ3,6.938366603482532
5J0D,6.644895278031956
2I16,6.9380908879980066
2HW7,8.778304945076144
4RPV,8.509636649592121
6DFO,6.93807189681218
6YKY,7.444098329430648
6PT3,6.719186130266873
3KEH,5.016924431095889
3JY0,6.023303748680994
2VV0,6.9383481301088015
4R3M,7.462932062372317
1E3G,7.149295672771607
2I7N,6.806872073107073
5EMN,6.995142996759831
4TWN,7.273497865074407
5UCJ,5.780595502184154
1XQ3,7.121163567384006
7G1H,6.940420338313026
5O5R,4.138769958235408
7OVL,7.743537257313957
7NTC,6.9382740286048366
7G1K,6.9383574286025
4RXP,6.796121233006686
6FH5,7.286383527590798
5TLO,6.412967185065202
6S24,6.9567071120735795
3TJP,8.400880044057613
5OMG,6.966958455966972
3K8S,6.9347031864266215
3O2M,4.809802101740747
5RKU,6.943644815920752
7LFN,3.2681663122691855
7JNI,4.56686687699038
6MA5,7.001684644312716
5BQQ,3.9851302853237804
6X7U,6.80684362918396
5VWZ,4.069209849354557
5QQK,5.8678404266027755
2XYH,5.335806771061741
7ZKL,3.808157816357023
4FKT,6.18961687298988
8TFA,6.8990703755189084
2Z9Y,6.934464748073958
7EZP,5.70626165040938
5M4M,6.87748838545539
4Z07,7.294100978472142
6ZOR,7.603420886359252
6T3B,7.091771649065567
6SQU,6.774455834529527
5KCW,6.864809120048694
7FRO,4.19550583036751
3AHR,6.919978901679646
2OMI,3.545937515853641
1R5L,7.224205825466504
7XNG,6.524505800507642
7G8C,5.239433526093576
2G44,6.227253487137914
6IGL,6.946269165876387
3EKO,3.838636162124347
3H52,6.9189361274337084
6TES,6.471510875929733
2Q6R,6.861561391579036
5TM7,7.02279763520913
3OSW,6.938365270776766
4A9C,4.431497930040003
4FTI,7.306861828983196
6UEL,7.093009860517195
3GHR,6.93767266842571
5AIK,7.040565523736006
5IDP,7.339824529858864
8TBT,5.171619336535096
3FPM,5.945610106649284
4ERF,6.386719329853458
3QFB,6.920142506732859
6LR9,6.8286614804711405
5TWO,7.484401804871878
3F9M,6.386103157907405
3OXT,6.20723222754447
7KVX,6.938364330991766
3WE8,5.756231678137844
5DBM,6.4624025509138905
5AQY,6.275425701684373
8YH2,5.879513658292316
6ETJ,6.4834055164097135
8JN8,6.706971391495288
2YJ9,7.047028450410346
7DBJ,5.9534374963395615
8XB3,7.006883046263071
5FE5,6.929258288559127
9FPX,7.134598969772312
5C26,6.780064467604385
5FE2,5.685760209530239
5N67,6.18173824352083
4O6L,7.558021176803065
4QXO,5.215002748981701
5GTR,6.07955790952237
7FX9,6.569388698883246
7W9P,7.145184236343936
7G8S,6.718283938976538
4MF0,8.070010035392944
6SGH,6.760909339443379
8QNI,7.12802391116834
7ZI2,6.173730245211492
6I7K,5.394374657297116
8BOG,7.152667974475288
2Q5P,6.612902107800185
4BF2,8.489408830435744
7F3G,7.235479905891265
7C2V,7.90978639827829
7WSN,6.938023276756342
2QFO,5.639041956300128
6U9B,7.003479816230689
3WE3,2.7240626635697094
2Q59,6.6457025510185215
1H0W,4.956138150834217
5QFU,6.91981364966259
7G9E,4.16374598042786
6VRE,7.841192466223337
8HE7,6.875248172980688
1T49,6.980231955186818
2ZZU,5.327091076389932
6PL2,7.8422965010039
2E3P,6.9382359680919405
6FT8,6.523240997950291
7FSW,6.294477902092368
6AAH,8.399845736659874
2A2X,7.238095766898549
5CR7,5.037327643023916
7P3V,7.351238725751668
7A4S,4.358675969539772
2FLR,6.7276771004858835
5AP5,8.298745933048792
8CPI,6.81398130534246
6CK3,7.184053110613015
2O2U,6.409951254387888
7ZLO,7.3426430446720286
8EVA,6.92236823983678
2Z8C,6.740418686544129
1GJ9,6.839861276222871
2HFP,8.106635899243479
8P76,7.944946043918478
4DZ5,6.938366603482532
6FNJ,7.793775931045879
8W4A,6.651570112816027
6ZV8,6.837857031460787
7YXN,6.935775618110659
5H8X,7.046963739887096
7WLL,7.549090106440942
5S8K,3.6082673936486134
9EE9,5.18359081902357
7KX8,7.520344992977284
3NCL,5.490936428152158
5TAR,6.874812161685488
2HRR,6.226038035250086
5J64,5.8472698346483
5K72,7.862039867346306
5KCU,6.823673206480906
7REM,7.145648734661329
7SZQ,6.939372539463547
7OXB,7.497931634744903
7WMQ,7.060525055049859
8CNO,6.250664966474568
6SZM,5.236487488083572
6NCG,6.506834243667706
5TLD,7.021713450973163
5VBR,7.340553047175587
2V0Z,6.8338278956221306
4TV3,8.709703366108853
7EM6,5.74585167536795
4IV2,7.1033653655457965
7L26,7.51754277484854
7VCX,6.933290835805997
4YFI,7.440315752005925
5J27,6.850753858664336
4ISG,5.819405942821403
3CSF,3.704124391897908
4EZL,8.579904573390312
5U28,6.966135019100097
8V8U,8.28351299155914
7UDP,7.938022992114982
7G8H,5.280057925166143
7AKA,6.8273944068573496
5K5E,6.623060339466115
7JY4,6.576758341889796
5AQF,6.31229274919399
7AYI,7.829192368493006
1H02,4.327821327632752
6ITT,8.222745328689117
7FT6,6.67290601521086
5AQX,6.577256752143676
5XVF,6.325618566212852
1BYG,8.119024990355
6AUD,6.938377206512764
7U2Z,6.742274899277229
5UKF,7.016114239526354
1SM2,7.8417031067333305
1Z57,6.922530808420392
5QQN,6.380391212308648
5S8S,7.510082520447624
1XP1,7.253511358843509
3VHC,6.726076008075746
8BDO,6.9385941059215686
4OBA,6.928880449224663
7A1Y,5.652512413162612
7RYN,6.938278354524631
5MWB,5.915505565814195
1US0,6.938105497052898
8C3Q,6.198139075086065
2Q70,6.0067380831383295
6I3Y,4.459636863355021
3PG7,6.949732027512001
1GMO,6.084256342664963
4BCJ,7.95000284706747
2J9H,6.937898158451218
2G56,5.361442270758148
7Y8G,6.744290748852042
5U44,6.21067413831758
8FHF,6.940894014676503
9FAQ,6.173661796874684
1HKC,6.426399101961325
3LEP,6.938366603482532
4FOD,8.909918885591186
6ICZ,6.9499370133480465
7NA2,7.126809887567889
1WVY,7.7490689897505725
2BUB,6.380458386059375
5TN1,6.729918446874506
7ORF,7.97453218264889
4YJR,7.888788626082926
8PU0,6.473658350297116
7NRL,5.3503874393177915
1BMM,6.880999073205675
3H1V,6.362616911592118
6XXK,3.78563305238161
8W5C,7.100883568062186
3R94,6.938366603482532
5RK5,6.006760576602357
5W8H,6.689570791934823
5IUH,6.6013959734645375
1O86,6.942267299212999
6S73,7.52095856952647
5EQY,7.024767338955921
5T4S,6.855750379803194
5VEE,6.964915452830654
5TWZ,7.860103055611623
1LK6,4.345741818921914
7T47,6.938366586626972
5AP2,8.46973885093977
5U41,6.67495403135763
6SCM,6.947835502479277
6ELO,6.10342003481882
6IL3,7.5211077289332495
6YQZ,5.952906490051746
7FYO,6.871239172773857
3VJM,6.985394312173549
6WM2,5.383026315947616
8JU6,6.969507579442307
8PTY,6.474885112360937
5O2B,7.4294686015686935
6NEC,7.6861569066106785
4YTI,7.88005726563356
6TFY,9.332612792828787
5FQS,6.9010957207724415
6PET,6.880218983170287
8AQ1,6.63386172437592
7L9P,6.938141701825765
8FV4,6.931284834685169
1YET,6.8064312516934695
6WOK,6.843487501730207
3SKF,7.001982692311824
3MTL,7.490272307086508
4C4F,7.03050732368661
6KEG,7.147878029525905
8S99,6.865313407143528
8FC8,6.90734569760973
5AAA,8.202386152570813
6O68,6.673367993785001
5DLX,6.377882434570843
1DWC,7.077798357767213
5LSG,6.938366597077849
6DI0,5.230234655475302
3R2F,6.953551295200857
7OVM,8.244386960702267
5L2Z,7.319055793275426
3OKI,6.263475226574137
7XLQ,6.406939199691604
5VEF,5.723432747480377
1DAN,5.63827672511769
8C8C,7.569719546801882
4CWR,7.418904218070006
6TTP,5.7943383053179165
4JVE,6.147575728162977
8TYV,6.971374115909548
1V1K,6.0685801264563315
4ZYC,6.431744130391726
3BYU,8.35319443876539
3ZVV,5.444471814043179
5TLM,5.427672985535375
4D9U,7.7916376880918214
4HCU,7.935875827968637
5VIO,7.8788072951539885
7B5O,6.823902633847217
5VED,8.228680389203655
4AGO,6.938366603482532
6ZGO,6.719259949702538
3O8U,6.250018960429318
5H0B,7.218980142488947
5U3Q,6.714905317586689
2ZB2,5.861523758293197
4HEE,9.34992397237712
6HVJ,7.042833162980637
8QYT,5.858852044451708
5AAC,8.061620046056959
6N0M,6.419539288259367
5Q1E,6.978977407278734
8JU5,6.415848397278818
1XPC,7.311030549904304
5RJX,6.2209307418170185
5C9C,7.50664095499612
1UEJ,6.526895832216924
2ZNP,5.6191787822257675
7CMU,5.456945763774238
7RS1,6.938115975763018
3PE2,6.938422837148579
2F9N,3.1019196220171317
5XSR,7.424396842264644
5SC9,5.092615067948875
2ZNQ,6.314071951773259
2QXS,7.3633542425880405
5LVR,5.597025712967385
6WJ3,5.403330390352934
7Y7W,4.332721836425819
8UW9,6.971307435358467
3DZI,6.571943755542615
3DM6,6.9489626456168585
1U59,7.259766482698193
4X2J,6.291482501908995
6UAB,6.032352713243128
7MCE,6.985564037844016
7S1N,7.731366538178473
7MGZ,6.3888503085579105
4AQC,8.935890201430636
7G1G,6.941282692918318
8RPS,4.532365108117283
5KRA,5.9427296968175645
5Q11,6.9241358223102285
5Q10,6.938586691283844
8U5Q,5.139393326519874
4UJ1,8.05780391565838
7FWK,5.951908402195334
3W10,8.16019289399655
6KO5,6.938385887902851
5WVE,5.563897190402903
7OQU,5.188448916198279
4UAL,7.483624058866201
9N0X,6.940640776738345
3FEC,6.643017653050033
7KTI,6.77461743057953
7WET,5.221677689763316
7DFP,6.73888799576312
6EL7,6.946955659539067
5O38,6.78387453813167
6EIS,7.92819015175407
5OS7,4.528508217156896
7KP8,6.976872055824805
3FMN,6.87484715438827
8RH8,5.857294706681259
2J4Z,7.200322652785194
5RJY,6.26189141563023
7MLK,6.64802892606618
5DID,6.002281764305873
4PH4,7.729855863694895
5C1B,6.938356440575453
7DL6,7.051035043731574
4IW6,6.721343786198083
6FDY,8.077799466997286
6FNM,8.119274495886907
7N9O,6.924069134515728
1X7E,6.1570349140040035
8F0Q,6.904346758727675
8P7L,7.71335234212807
2AWH,6.419542675681902
8S5W,7.3079962314718045
5QIT,6.919262350064491
3ML9,7.570572468761193
7G9H,6.7414044299951374
4C59,7.788579795692796
7A53,6.003054848557347
7SX4,7.110597918676525
5U3Y,6.42374102801606
8FLK,6.9383480597514025
7S84,7.604781643437184
6UKU,6.790202855226072
7FVI,7.054273645751861
7UAD,6.243607309459056
4QMV,7.629691893728823
6MHB,7.082282376673656
2Z7S,6.221313048068785
6EKJ,7.056145547514313
6M8D,5.629364477673777
4R6E,6.897651159773847
5YVB,7.036578231204091
6YTD,6.522344596165473
3TH3,4.415283562348726
4O0X,7.14127630005194
3FXI,6.387724644497674
3UMX,6.6993099484575005
2YGQ,6.61561301371491
5LXC,7.979906214050774
1PXH,6.82763990997234
7OPW,5.14158223446122
5RKB,6.710288457191485
4JQL,6.979354122396728
8T8M,5.666570503328572
5J8I,8.300005477813917
6EIV,6.83334032850095
6TSZ,6.943620116331525
7Q8W,5.045897403594012
5R8I,4.540945157020826
8X7L,3.9499503241733063
3OT3,8.28967992603577
6EYA,6.7947939981477985
5D9L,5.787677921220809
7XM7,7.154566666688126
4MPC,6.275706176041877
8W9B,7.568284325506701
2REW,6.686029869189698
5OPR,6.540339073505159
5EQP,6.626777964689142
4QSA,6.922393466779961
8AGL,6.430346070574907
2YI1,5.346774452963068
4YKU,5.5854396021522525
7W7E,6.1881243464262745
4M14,5.997829294233057
5IMX,8.422689900175424
5DXE,5.902370680956753
5FE9,6.812573993373066
3P88,6.753903181085488
1DKF,6.684118633060387
5Q1H,7.1317693465636465
3SD5,6.590157157757102
4E4Q,6.397585475587306
5EHJ,5.536660236127332
4FR4,7.678405554304378
1P93,6.948881025754631
7OAI,8.038655006784417
6EIQ,5.907161496699952
8II0,6.726051226984082
4X4O,5.1629673775817055
3IOL,5.972695237700284
6FCF,9.013127712312217
2YER,7.083943282705406
5AV2,4.847815967570397
6EQQ,3.279515521429746
6CD5,7.2599145541811225
5QIU,7.044551658307534
8JSR,6.938104234616124
5LCQ,6.938366603486153
5DYD,6.608815967557378
1Z28,5.771119926137024
7G91,6.945905828492066
3RLL,6.940799327089238
5QD7,7.225463715424564
6RNU,5.5163343057709975
2R3K,6.626218431753503
7ALE,6.637191682604371
3V9Y,6.696667487680694
7K7Q,7.351765611157475
4JOA,7.530251941823186
5U40,6.537245493967112
5QIH,6.963862311685944
3QFC,6.909381917811875
3CIC,6.899455904339618
8DK4,6.8608694966416035
8R4U,7.974584106035881
5ANL,8.21967507712103
2A2D,5.2612935340365965
6GR2,5.489519990062506
4GQ4,7.13886906621752
5QID,6.955554167997841
5EGU,6.920123436973487
4ZY5,7.342329092650435
3D5E,5.514491678252501
7MGK,7.727911800196068
6SIS,6.938638837998392
6TA0,5.724527507895509
4Z3V,7.704102379903336
17GS,6.93202709764553
4DES,4.899670532178142
4IK7,5.301735061796569
6Y6H,7.094581885664513
2FJP,6.934173867456444
2P0D,3.6569455012259873
5D26,6.2742216926093315
2W05,7.4873567146770545
7X2U,6.626472565596149
3OCP,6.757286665350448
4BBM,7.346674260532302
1CB0,5.397838127495319
4RC4,6.471989394488307
8GT6,6.930813884541784
6ZUG,6.330989939317099
7MXH,6.926872913609628
4DCE,7.04698380246127
2JBP,7.106060361644996
8G6T,6.938366569467931
1UK1,7.412447038905004
5U45,6.361912457207642
7ZLN,7.096809699078495
8GYO,6.4226334137933865
6B1O,6.9331191226791455
7R75,7.134173501863989
7FV4,7.357582915173523
8TF9,6.089585078362163
6AFH,7.114683656437716
4QD6,7.36699870378072
3ZU1,3.0017556762501076
3MJ1,7.809723535098174
5NK4,8.165157592491902
8FY0,6.9383681041664875
2ZDX,4.53879494151854
7L25,7.60538197751355
8DV8,7.003735627539769
6M88,5.757297510119684
5E1C,5.93627884510438
5JWK,5.388201254671185
7G92,5.5747478585672265
7DXL,8.1397997592136
7JUZ,4.12715190924769
7QUF,7.27641971649752
3IIF,6.880660885837185
4FNZ,7.790407548678747
8IK3,6.937601191539614
8CHS,4.77640464269356
5DI1,6.964994241900078
4KZ0,6.5491015012167875
2I0E,8.145806461894193
5BMS,7.244244883575769
7SOL,6.962241787560305
8BWX,6.017247215548816
5Q1A,6.818381224837395
2A2Q,6.077332145702456
3GN7,7.201907511180874
5EWE,6.497792503394033
5COR,4.36529709344835
3OWB,5.580128319824495
5S8J,6.573583598297726
3AN4,7.1284321611069785
4Q9S,5.74747339051111
4WDW,6.938366603482532
4EYJ,6.219437337511102
7FQN,5.439559812755145
2VV2,6.938366358375691
5Q0Q,6.779151552910175
3BL7,6.056577170036551
7B4E,6.76330595170066
7GS8,6.656590891751623
4CUD,4.618298007623388
5OYF,6.36551231684221
8WZK,6.82536721214207
5UBT,7.49311100398469
3NLB,7.469682325960734
6EDL,7.757856364229914
7G0Y,6.691337081404753
5IU2,7.790257678288116
7UJO,6.888171079516708
6AR4,6.96714486161948
5BO7,3.334234762568989
1C9H,7.045710883463418
2WOT,9.073342366527747
8P0F,6.9421365911137185
8A5W,4.68276340510792
4HXP,4.706641968556988
1RV1,6.5943157392375
4ZXX,7.132007352630691
3B0Q,7.202266913911587
7FW0,6.9308247873164115
2W2X,6.938366536041019
5Z6S,7.129485770580647
1KNU,6.514191615788581
6YR9,7.691017562076811
7FVR,7.037214854070483
8FUG,4.924565921576592
4LKT,6.832866783166957
2QP4,6.938366885282151
5CS5,6.926657313815891
3HC5,6.915332001019529
1UWH,7.969400610643506
5NA0,9.638684098177002
1YHS,8.009750239444763
6ILQ,6.659976819607629
1C4Y,7.627091438282218
5ENE,5.450407230440242
8QZ7,6.9383646601457665
8FY2,6.938365137268906
6W2J,7.814881704894968
4EZ7,8.553230255697033
5F9O,6.548837790882648
4JL4,6.822106538467929
2H00,6.938366603482532
2UW4,6.492673120365671
2VV3,6.938277977077316
6AFB,4.214181820813107
3ERT,6.396654067153106
7NRK,5.62524472734405
5ZXB,8.555515414660489
8X90,6.7470934911459315
1XW7,3.0990554604268334
4RPP,5.455848789449913
4C4H,8.183731024493289
5LNY,6.784538390311942
8U2D,7.887316620751279
6J7X,6.9377104707901935
5LRL,8.355054802444984
5V60,4.8551635403565
4RCH,6.377951349223906
3T5F,6.835319068495775
2ACL,7.029433894120923
3ET2,6.140742227616633
1O5C,6.871683949321442
3ZWT,6.624549604156893
3D6D,5.91263396949532
4R4L,4.275277766596783
2I5C,6.609519862176064
2YJB,7.0047793429741665
5RKK,6.201009717097734
7UP7,8.5413521227435
5MUG,7.155572506032608
8AWG,6.250369172902645
5Q14,7.069444819634507
7KT1,6.844843258517462
5A4E,6.206361264226732
7NXK,7.95020105263613
4RWD,3.6731688233791093
5NKB,7.882556783575962
5LOH,7.585768691311169
7JWZ,7.781391411211947
8BW2,6.413178194248442
4PS8,8.153759246254713
4RT7,7.642118039344102
6BXY,7.478843089005856
6AD9,7.101834241893575
6LP8,6.607052049447146
3A60,7.252872967500403
4CV8,5.960716368200487
3JVR,6.517368869309255
6AFE,6.392590870979092
3BE2,8.281085085246053
5UFX,7.457370461770235
5K56,5.670410855789885
4IDQ,5.861492569572779
4EMT,6.938166261782485
7OBH,7.023911884264309
4GSF,5.746964741751579
5KMO,6.9985118183103445
7HB5,4.908655521235857
8WZM,6.820778368271816
6CIY,7.026168749082
2ANM,7.674141683844174
5A3X,5.907915975039631
7PW9,4.244284466782746
1WTG,5.383233134929348
5T1Z,6.175430543494859
3JZK,6.531638825025125
7JHJ,6.096417333526725
7G1Y,6.776747616142587
8ATY,6.896700896874175
8V71,6.895172308568144
3X06,4.951414722371748
7BTT,7.656129786666062
9FAU,4.1305535329564425
3IN8,6.724305172547837
6L20,5.497169764360443
3OWL,6.409859312179098
7FV6,7.290705881269504
8BWZ,5.930475174141169
4X8S,6.4220784253265215
3LDX,6.889657146876081
3OGJ,6.626123763329972
5IKW,6.98212289217604
7U8H,6.938366603482532
6U99,6.944053340789572
5Z02,6.598095815919054
4A55,6.505662626778831
4XII,3.4381556235819843
3JY9,7.102770117631179
9CXG,6.510496486710424
8SDF,3.4037583544936494
4PMP,7.4275295123576965
8YPZ,5.659014908287455
4UXU,6.968050075868429
6IB2,8.42308177516773
7MSD,7.162168934792325
4BCP,7.986030105554363
2FIT,6.303197706586093
4TTC,6.982962729089171
5CP5,6.410763293434168
7AJS,5.821054993482936
6PYS,6.7221273984776895
3P1C,4.651646836189479
2YN8,8.437747974931321
6BU6,7.206236035254179
6XNO,3.6532821907400814
5OXG,7.725823723430519
3U6A,7.572291586296944
6OWC,7.302583447439885
4COF,6.928761229208245
1QJ1,6.503937903731674
6ZCQ,7.395762372256825
3GB2,7.460311968802897
5AZV,6.938363477122556
6YLK,6.497165683014012
7SJ3,7.287986620759561
3GR4,4.866739509047386
4IWF,6.784686101516408
3COH,8.390279543615975
5FIT,6.474032188683056
2EC9,5.808636610367836
7FVP,7.344664488570174
5CGD,6.463171930268266
2ZND,6.125196810141597
3WEF,6.820457651954508
5X1W,5.915943398887364
7MRG,7.4793189914004525
4CFM,6.411278081027049
6I3U,9.209887580040554
9CT3,7.157458386367767
9DTQ,6.716769052373293
6VWC,8.132629632698588
5LAW,6.663887387918123
7G8X,6.169865486061357
5MQG,4.7816354176945115
3ENE,6.448835033667651
4HYU,7.141773484535638
7ZH8,6.385665612425104
4O04,6.97313463116597
4ZNV,6.6949236262795555
2JAW,6.915417326283371
7FT4,7.8347778216788795
5HP2,6.457737827014604
6J5Z,3.9705580519485544
7UGE,6.9188792019036
4C3P,3.7555097894923692
1IB1,6.8319450473553625
4YC4,6.339667326981107
5IPC,6.7077795574404675
6LUQ,7.04386360087681
6GWR,7.823058487227235
5C18,6.938353371491802
7A55,5.8265819020007985
2PIX,7.093023876510691
6AFG,6.835068757308977
7OUB,6.918203972856858
3HEK,6.882098012592236
7U4R,6.938288299657144
7FVA,7.184141293948344
8R8E,7.0977480938102895
5Q1D,6.969868762966739
3SXR,7.918928455511254
5OQ4,7.589856160129999
6F2L,6.661665312075195
2HI4,6.3901422713286165
4A4W,6.413177548551543
5M8P,4.220239207041163
9CBM,6.1351484866415555
4CVA,7.411359113888184
4JG7,7.266359978967594
8T5G,4.478575903482982
5XR8,6.978969194428935
3BYS,8.474224793704076
6HD1,6.938366603482532
8FYY,6.194209795568681
4F9G,6.935311298262836
1W7G,7.347170399354234
6W45,6.89347079560783
3VI8,6.6069537801353455
4CFH,8.25111305900619
5OKT,6.040123077145579
5DY8,5.408352998224858
2Y1Z,5.8907050320951475
6P68,7.4529669092679365
6MA3,6.9731630068068595
5MRB,7.332421291254355
1TVO,6.859920749423853
3EPF,6.397678153009384
7FSM,6.6355803729798515
7G07,6.86578655077949
7NFB,5.344417420305909
4UMT,6.938366603486612
3L3L,6.935172854825417
7WTB,6.682050245202097
7JJG,7.06442434594507
5XHY,7.150755561279389
4CCU,7.752829339246083
5VRZ,4.451445352966378
7G1O,6.808459173190683
6O9D,7.247148156637566
7AAD,7.2820375752067665
3G8I,6.746790000915406
2WAJ,6.3898462887645255
3FME,8.911407298737466
8F7V,6.848272661590873
1LQF,6.73592690791679
6HGH,4.418822271966675
7FYH,6.601471144984101
5RJK,6.733202419826785
4NST,5.268347201000782
6EIF,6.249876763880976
9DF1,6.917365903047847
7WQV,3.608372151012034
3F2A,6.087351847813714
4O0B,7.092882112429958
5SXF,3.1535553954768814
5K00,8.794527944041088
1UKI,5.961889892876211
1P5Z,5.068568355684691
6BQP,7.163324746333114
7CGP,7.068227890113009
6MCZ,6.938292230409971
2XYW,6.693098633480101
5A4L,6.563782390636578
3VBX,5.411363746759565
6PC4,5.932048796568254
6YDB,6.671901542791962
2WU6,7.520167440673571
7DSQ,6.560396795344422
2O3P,5.96995515709845
4D90,3.729703839062495
7TD3,7.031467157942397
7G8Z,4.04352066027611
2R6W,7.351222658681081
5MOW,5.4977800466748885
4L53,8.074645907826833
7AAY,8.82196639863591
5NK2,8.234211920188311
1PYE,6.420267412752866
5S9A,7.048571179447369
3QFR,6.820032756809392
8IRS,6.93997212662487
7KPA,7.799436423777074
3FAA,8.293379451279165
6AFF,6.668794043117716
1L5R,6.3718453569458955
2D7I,5.755088608692791
1XOW,7.130401858104584
3ZC5,8.701499607176414
3GCU,7.017142469726242
2O02,3.961478383621555
5TWY,6.901092715159056
7V2J,5.182373136656546
9CIV,3.0791945001854253
7ZTZ,7.007957407963995
5XRE,5.8684258767281685
7FTB,5.962707705618797
5E8W,8.480613818020764
7WQS,6.938366603482532
4BDK,5.898865096424384
7S3P,6.675798997736585
2UW0,8.124633777032882
5KZI,9.19409102476297
5FQT,6.919936201064971
7UJ8,6.436316277746525
9D61,6.647139391977227
5SCF,5.279110740757997
6RSB,8.306167420768002
6NTG,3.731486735950213
3JRX,6.7708196095120545
4ALV,8.139831793611762
5DPV,6.937986444232192
7S1S,6.938046544102149
6LZL,6.049451155970157
5DXH,6.9517193950034155
5AA8,8.079952792620322
4BDC,5.33672366651254
7O1Y,6.937394611007919
5TET,5.795251547474086
2XQI,3.7018808070386524
3HU1,6.938341363256623
6IJR,7.238424626373019
5HG8,8.636603561189954
4ZGK,6.311615351752039
6D3E,7.247146257776433
6R6E,6.515602368916478
1TKR,3.4339123830066085
3LQL,6.938366603482532
5DXT,6.941515102059079
6JEY,6.938366603482532
3VW7,6.932663571868504
4O9R,6.903892549365839
9B3A,5.067703459846063
5TQE,7.282301500887596
6E2O,8.529776976687309
3H3R,6.91353186683994
3V6S,9.110417606763242
7M0L,7.197516189317161
6VMS,7.106564735835848
8FXO,6.935712710454082
3QX3,6.7213186540143255
7A4Z,5.313698607379149
4HY6,6.99224499839587
7A5L,7.583325215791893
7KK3,7.482089878224039
5LR7,8.490754980393888
8PSY,4.476581575888726
8DUC,7.422443516982166
6DGO,6.960162275785759
3GFW,7.559706954697767
1GZR,6.077347227596296
6D06,6.413941123266737
4C4J,8.337113544826215
4HYS,6.250528077871463
1YIN,7.297673061856403
5HBJ,7.1240313357251575
7AVL,6.661399130810132
3Q95,5.9796186706959285
9ETB,6.653931327796938
6R6J,6.931073278149154
5TM2,5.197660120312764
9DMC,6.6039770118226295
2G1O,6.205104299019728
5DFD,6.5485964784500155
5TRF,6.949661492332983
5W0E,7.342824826567816
7UC6,6.942250319426736
3B65,6.938408757983759
6ZUW,6.912848511444283
4TN6,7.850551554807979
7LQ1,7.680089671308753
6TO7,6.855862648786225
5NWZ,8.011116199025778
6DGL,6.945177793966846
3LM0,8.05825358379344
3R6I,6.938366603482532
7G8L,5.316377223205486
4PES,6.284295556624949
1QIZ,3.7996697577348724
3BIV,6.9272359788822735
5LNZ,6.934092380055035
5QCY,6.942009219263497
3CF6,6.964739731051962
2XQF,3.7179891455523366
5LPJ,6.388010231134226
7G0G,6.9214685940370275
8G4A,6.935824413045033
4UYD,6.074255299007944
4HVG,7.456979030897292
3T03,7.24261587990337
6Q49,6.860906665405546
7UHF,7.126441042358216
3R0T,9.030115574862585
7KIE,7.718548774783825
8PPW,4.944070883134687
5YVA,7.124250081410646
5N68,5.823942908697975
5WR0,6.937633488711259
6UPF,3.0485011618699662
6YLC,7.756672202541251
1WAY,6.595090414066404
3FR0,6.378400641210231
7E5G,6.742460409528327
9GJ2,6.96519898946633
7C7G,6.938366603482532
2AYR,6.510337275570772
1T9G,6.827048753804531
8CDW,7.332162099862462
7XHE,6.8722670611211125
7JXY,7.586517646489709
7W5A,6.977993873037187
4KS8,7.104358585032931
2VTH,5.284445436388406
4ZLO,6.158926533524089
2P2I,7.700861473274836
7MH0,4.442923409788456
2PRG,6.859209752194927
5BVF,9.394208569622727
5FQR,6.912213607127071
5O4E,3.231944286753056
5URU,3.0021043674740833
5J6M,6.917948723606569
5C7G,6.88571625493255
8W9W,6.928417380281116
5NXD,6.846357304012523
5VO2,6.8199918880376895
3LMY,4.599787563272435
4AIY,3.3458623242050143
3RH6,3.9786486374612697
4HVB,8.559035177873332
6GQ7,7.286383527590798
6ZQS,7.711559442139078
4F64,6.629160777858186
2XJF,3.5626706269271335
7HA0,5.887858512305803
7YAI,5.794060332000126
3OS8,7.199021223168325
5TT7,7.8801765709768485
3HYY,5.478099807892122
5UCH,6.77729721852923
7KAC,7.304394234680561
5VC3,7.715128376209738
5Q18,6.127526528298178
7M0M,7.246827708064594
4OTG,7.600285171466956
3EPD,6.9396323204313415
6BSD,8.266809624438219
2E5C,6.230015813757708
6EDS,8.234302442498892
4GWT,5.593612320211184
2A2C,5.080056770833279
8DUK,6.869137404546875
3C4E,6.062605379184296
1YI4,4.999282655457777
6YB6,6.716734942610344
1O4D,2.4850585630331423
8YHW,6.936482266521967
4KBK,8.169907003220374
5L4Q,7.260341142695044
8PBP,6.970024654295528
7WOX,7.3172734948888705
4NW6,8.031583834805348
3RAW,6.6004736844595975
6SYT,6.943485163411587
3L38,6.254826656138395
6OMO,4.907291396235528
7VFS,4.860536191206508
3W2T,4.886201758955498
4IDT,7.009921027633524
6MD0,6.918373723114552
4X7Q,8.505081565532537
7UJW,7.164378962560803
7UPG,5.562921084581759
3TPP,6.953582329034482
7R4L,6.938366603482532
8SC4,6.938287205868751
2OZ7,6.996127394047222
4BHN,7.874673876156052
5KCE,6.988913454982925
7RL7,6.938356990377761
6WI2,6.088697569553096
5QD5,7.141142849602356
4HXO,6.493048139055238
6APL,5.400111057084516
4F9M,7.487837764040776
4JV7,6.3847763035755865
1TGJ,6.092820142298256
7CCW,5.604761162086564
3ORZ,6.938366544020551
8FHD,6.9298021018933955
7YMJ,6.394858213008597
7R4O,6.707531491049373
7FYQ,6.939587025809366
4Q1C,8.689998124689954
2XYX,6.607592618619484
8HUN,6.869060556124611
3SQ6,7.010477454269052
3CBL,7.969284180470488
7UJC,7.1807253130077004
7D0S,6.896715108610544
7ONT,7.190580409231727
5QEJ,6.991347850856385
5KBQ,7.010075210636136
1WVX,7.470934731558556
6Q8Z,4.832568468340021
7W7Y,8.193178900097386
6EI5,7.328423940772542
4D88,6.938930248150116
7NIZ,6.886615673759401
7WQQ,7.258106628565972
5N9S,8.22529508208577
1AQ1,8.159692482100374
7JYR,7.845387673013971
6PRT,5.623777939605109
1DWB,7.185101540207597
2F8A,4.770453603245042
4P6W,6.918647674810709
3HMI,7.1438696988966965
8VYJ,4.922237416335683
7A4W,5.642970445305468
8HMT,7.356920081467841
3C7I,6.65465730591408
4CV9,7.281046634150566
4E4L,7.937079638057397
5S8C,5.0728538010817985
7S9F,5.691981892885973
4Y85,7.879630041140248
8C1E,6.281337875169064
4BIC,6.465439036190282
5HNT,6.938366603482532
5OWK,4.679638422800094
5EQG,7.392734649829478
8XSN,6.446737597226197
6A94,6.564324382479873
3RZB,5.078071064374898
2AZ5,6.772612888721309
4QQC,8.429535985079909
2UZS,6.6280876665962865
4JS3,6.582480977026108
3HU3,6.938330716755469
1UVS,6.477913489386735
5EOL,8.876193367462356
6AWP,6.821908361263861
2G2F,7.056825294064898
8P6X,7.154855552546962
4MQF,3.3584720564695347
6DDH,6.66786357862674
7PWD,6.560630763156571
7QUE,7.430350759883408
1FKI,6.9851842814181815
5HYR,5.901978926615618
7JX0,7.830049499325708
6QHR,7.752136579780121
4L94,4.701170213729393
3L5B,5.92700454722681
9D3C,5.3094194320588155
6MQ3,7.47630658763404
3VUC,7.000112810494691
7G93,6.434826493804724
4HVI,7.149703077029513
5U2B,6.830146132095538
5UXH,6.894461922915668
7VCV,6.938191496295871
4CKJ,4.890122783912077
4QMS,7.324475819482267
3MY0,7.3254508760227095
5M4K,5.670203191187502
5ZYL,6.753661385964436
4D0X,7.345165475122478
8AQG,6.938366603482532
7NRY,8.277931949971999
4Z9L,4.2152865500119026
3BLA,5.814511991376192
1H01,6.59639547637461
5RKJ,6.464219765616756
5S83,8.439336375307217
7AKH,7.112990743643216
7CR7,5.862916118797311
6CJG,6.620888016967467
5ABW,4.31434200671934
4YH4,6.164627619061185
5UVF,7.480068303900998
6F7R,6.938366603482532
4D1S,8.37555134642141
2I0J,5.778614448370176
4JYU,6.688763232839688
7RP4,7.229510862901762
5WA8,6.035711579341314
6Y0A,5.922121542740669
8TZQ,3.6724325799872695
7NZY,5.3438827319147
7G85,5.195016411641619
8AQP,6.938366603482532
2J9M,7.075780578762762
8V74,6.805586222019868
5C1Q,6.470323021162827
5RKP,5.309428810261619
8AHG,7.045556078909174
5AP0,7.222891341695528
3ID8,6.404116050266148
3FDN,6.939435117982381
6SAM,5.487789832636902
2QXW,6.938127747157683
7KK6,7.23042061012791
5FE4,6.03888669327795
5K13,7.38496282506241
3UZP,7.678954583303472
5S9D,7.336083834824272
7GT2,4.817822550523991
5U3W,6.407130838128592
7AKB,6.3770126044304645
3ZBF,7.2518258201320975
5T92,6.84842064010375
8K14,6.712249944492913
6OPH,8.329320228793586
1GFY,6.296503566302163
4FAD,8.462566821599962
5HFU,6.880048858451563
5BQE,3.0232030420565392
5HQ0,7.469408674780196
7FVZ,6.786487962003274
5AUX,4.7672111834428685
8S8A,6.903040101979963
5QD2,6.917220149292933
7E5H,6.490764514823265
5E0W,6.304281398312493
6ZC0,7.7144003610983685
6JQR,6.63688541890768
6Q4E,6.43203950683113
9CXC,5.785581602778565
5S9B,4.668590181540557
5J6S,7.490114796927845
2WMT,5.772185069649087
4NG9,6.641694783618229
7UDQ,7.935103735539226
5AUT,5.526647730448182
8DZR,6.694592255595989
6QG4,7.052236409345758
5U3R,6.424642475886812
4XZ0,4.208828865874086
3HC6,6.9292020318141585
7OAK,6.526155245461355
8OUS,7.4790614405785565
4FUL,6.938580295222305
8S0T,6.938243618170658
4XI3,7.197615772332337
5SB0,6.529904642302075
6Q4D,4.675997396551752
3NW6,8.1399020121377
8YEV,5.031389617027148
3WJ5,4.129693794626208
5TI6,5.971131406574431
5NDZ,7.062289735038256
2XQJ,3.7244160077402433
8V73,6.943348115816369
6XE6,5.297245349608788
3U9N,7.589403161756649
1QJ7,6.853751034262976
6P38,6.953717851290744
2YIY,7.3222688974400825
8YXB,7.032082974623576
8T98,6.9282975148389365
4M0E,3.8190862279799247
8GW0,6.906489602170725
9IYP,4.257428246692435
5O11,6.990510538621413
6BMW,6.980497020447923
6UKM,6.966510327165028
9ET3,5.644631047563524
2A5U,8.090328092459094
7ZTX,7.061803577406929
8HLR,6.9554285577557975
1NSG,6.96889318356318
6FNA,6.131797482709869
4DIJ,7.06574358299048
4BAM,7.15561422940259
3TNH,5.967320526559598
5TDE,2.531415052886393
6CZ4,7.129946737731569
5C8W,4.885417673798741
6YLA,6.912589562974935
3FV8,6.9383288534942755
4LWG,3.604846753497843
7XPY,6.372228999046163
5CF0,6.4983072264878
4GZ5,6.9381093988048885
3Q4C,6.419763845413462
5GWI,6.669736682930073
6CQH,6.9383984898099875
8PNQ,6.226862532109083
7UJ7,6.487158323843262
3FMD,6.871957499471696
2E3O,6.938158366522248
8HV9,6.806497687093486
7G8R,6.055625797886055
7U8U,6.733023720137081
6DH9,6.963209543610299
4PPP,5.863770258039052
6ID0,6.750257092148205
5HP3,6.395623626957079
1ERR,7.354814223341962
5WR7,8.275475753683828
2OLZ,3.7321886718552353
5HRQ,3.7337362299143297
4C6D,6.729959976241988
4I22,7.214000766614649
1UDW,6.840471724364806
7KP6,6.92648123002594
3QCI,6.938356724303558
7AKE,6.790043720344424
8BZB,6.9381892006435155
5OPU,6.5719486243542535
4C5D,6.943291103737589
2G49,5.1018154519168375
8C2F,5.62615243172235
5VC4,7.767538452385945
4DBN,8.159813502167067
5TLY,6.8998593604962535
1G5Y,7.042417209689225
3OOK,7.319081852275582
7BGV,5.274431398807873
3V8W,8.060042690922103
6CUD,6.54239550854089
1K3A,5.169108495294391
7Y99,6.938368898120173
5C1D,6.94159497670102
5XRA,7.005769697631444
4L90,6.769332529464462
1U4D,6.15022301323242
6YF8,7.373176893753547
7G96,5.053710597864376
8P74,6.8746059958247665
7RNM,6.995719726094221
7MM1,6.487490631325077
5QFV,7.521744895278954
5QCR,6.7831181067510204
7FUZ,7.027333253631438
3JXW,7.646892424299265
4D0M,7.108893729498745
6QAT,7.623492890588619
3S1H,5.913421091330636
5UWG,6.9387457777912
6J3O,7.526098890122697
8J81,6.9383666706015985
6NCO,7.409416961495224
6NV7,6.939450205744718
3WAL,4.796575362593836
7AEQ,6.917153775373802
8VYK,4.345915881638158
5M51,6.0236697052417405
4TNZ,6.787024170598826
6MD1,6.530908479475443
2P8S,6.576457715560736
6ZUH,6.893668586973891
5MKS,6.605305975956936
1EFH,5.4976967875267215
5AP6,7.889924429743191
9AS8,5.941178781183368
2CIA,7.0940447146463095
6GJI,6.93311536367121
5XRB,4.832736659859049
5VBQ,7.351854426723362
6RLC,6.764704733132032
2XKE,5.457835213479537
6VFF,6.432572297959688
7Y8D,6.938369304195681
6T57,7.105611798056083
1URW,6.862993057416321
3VN9,6.64720240198348
1M4B,6.936247795951337
2ZNK,6.8726788428977565
5JHA,5.909900063873652
6CK6,7.1047617299593755
2XNO,5.940194954785657
6V8K,6.9383666034766405
4C4G,8.229941557695268
8QLT,7.122526715039612
1X96,6.938366603482532
5EW9,7.2650198563372275
4QMQ,6.599909878822863
6WXM,3.406942354723915
2AR9,5.362861182990134
3SP8,4.939836382665838
6TU9,7.576307297424249
4XG4,7.680142957436802
4LL5,7.522296367574912
5XQE,4.736464472894591
7ER9,6.9383958008557896
7W9T,7.145420268408409
4PX2,6.888213625836635
4QOI,6.951587817316935
5RK1,5.751466262747108
7CCV,4.910664957220331
7EM3,4.269386947484584
7OLV,7.419899459309498
3BQD,7.024398931547732
7RHG,5.644405314173108
4U97,8.38031603037415
5M4P,6.88994206426406
1FAP,6.989156348796225
8T1F,7.619110451648379
4QVX,7.479886801661596
4P36,7.213232608907691
6EMH,6.138202249451206
8TSD,7.112564545357783
8DZS,6.678302213775691
7KHL,7.172367989247153
5G15,3.4419680372065624
6V0X,6.882575538029657
4RWJ,7.610393695159752
2Q5S,6.6257138425436635
8SXT,4.470748604564629
3F68,7.2018265649310145
3KCK,7.5019699614922715
1FKH,7.052172966924545
3W1F,7.148382151002182
8AHH,6.3249298828967975
4FRA,5.508008219246977
7MSA,6.872893957316884
8X62,6.909982545851853
2CN0,7.3626841483177135
6GU7,6.682504126186238
4ALU,7.759567116979562
6ST3,7.283640724664722
8OUR,7.6488695557093465
5ORH,4.441686881273795
7MZK,3.3349828922966305
8WSW,7.623975994446525
3Q9X,5.482264373801605
5AM9,4.222177812310842
6MA2,6.968444612277688
2FB8,8.318770963746479
3S9S,7.068236755375478
4WDT,6.938366603482532
4V0U,6.940977666167712
3X02,5.129625786365289
4ZYI,6.837494099708264
4AFE,7.043965189076134
5W0Q,6.541725457242469
7VFW,5.128148528467961
8YPY,5.826168790585265
1OSH,6.938366889828597
5DP0,7.662907959590884
2P54,6.758666103660968
6OAC,8.099051322713926
6CYM,5.242611301747244
3FGU,6.4365092967634405
2CKE,5.390576467478496
8C0L,6.320407213299733
7FSQ,5.405672855550797
7G8W,6.2571129414361195
3O0I,6.938233487822091
8T8Q,6.931458694443847
8BXO,7.132410873834819
4FSQ,7.277417669620663
8DVB,6.996620116750794
7QG2,8.045289525016672
6G6W,7.432469711926809
7YNP,5.854898939503896
3K23,6.9754311364789405
4MPN,5.770707747881648
3PIX,7.00999107711125
9B3C,4.5685961474426975
6THA,6.847316742334015
6T56,3.627777035847434
7ER7,6.938391806317346
5I46,7.4676245634363765
4YHJ,3.7875022283439446
1CJ1,6.905608926621486
9B7A,6.938372321229942
8AQN,6.938231323539191
6DW4,6.841591511695752
3DS6,8.872687587993802
7JRA,7.5390571330266525
3SPF,4.809084111238744
2PNR,6.938366603482532
8V6U,5.860598052914476
4D2S,7.433451986193068
1WBG,6.478779174601839
7BQ3,6.913916938196095
4H1M,6.700075626042013
5E0X,6.270526898655277
1YI3,6.565617436761926
8P75,7.012439844007853
3BZ3,7.916534603662571
7KPF,4.8753007748037955
1KI0,6.906002849766511
5NEI,7.038574797226989
5SXE,3.84721825018901
1E8Z,6.469852829637846
1XBC,7.9096641287722695
1X7R,5.19533184300839
5X2F,7.834680569750464
4HBM,5.933423428372372
8DHF,6.576049089793763
6AN1,7.6623683653778745
3W55,7.089803904391842
6K05,6.459833346544183
7Y7Z,6.655924227840464
8BJL,6.938366603482532
7EM4,5.161090952400162
6O9G,6.931458096020806
1L7X,6.281271322927295
5W86,8.000597219594976
7SII,7.100409823573215
8HF8,6.914168207405259
1T8T,4.529550354776333
6YM3,7.272759444254008
4N7E,6.769044160896195
4TUH,7.1739585219750674
4Y5H,7.2050739977697615
5WIU,7.054425376053675
9FAP,6.128133033340815
3GID,6.783520130404327
8T2H,7.53195742498364
6FZP,6.948341480630222
9AU5,4.890459683258365
8ZBU,7.158685295408089
8PQ9,7.636282168729791
5OC8,6.822715911734054
4D6Z,7.099593715516245
3KPV,5.218888126124871
6QTJ,7.562738282444282
4ASX,6.1451685289572495
3A0I,6.355269707701277
2OG8,9.289982920439991
1W9O,4.292214191253215
5OOH,6.938366653293167
5JCW,6.938303213012333
2AER,5.753231581367141
8SGV,6.740488610486605
3VF3,6.9411591835459046
3P9J,7.52012452470661
8C3U,6.93808467648526
5WRZ,6.913440989061457
8CWL,6.265624955990209
4JLM,7.6301043216579405
5DZI,5.421460619964531
4CCB,8.083016426048898
4H2F,4.7608503615674955
4LWH,6.056722450528209
8PPB,6.394813078797481
7NA3,6.712297101443991
6N8X,6.6680291897926445
3ANQ,6.067050423979644
1QKU,5.763840547552981
2IOK,7.179240875342533
4XUM,6.7707927511274715
7DSX,6.438143707719293
1NHZ,6.996262496991238
5TM8,6.621149608793688
7SI4,6.923609686707762
5TWL,8.88888834489095
5EHP,7.149265835842565
6B5J,7.110278163613146
7TUN,6.527230565798925
4MGB,6.275035890153259
8ORM,7.96972858108233
4ISI,6.959170583944307
1M2Z,6.940505759060103
7VWE,6.455051160146583
7SD0,6.579456108263214
7O7J,8.11148721183492
4F5D,6.937902737300332
3DV5,6.863709666262768
4BKJ,7.1400487008734395
1O5A,6.100372293393851
7G8J,5.147373331304028
4ALW,7.058413783461888
7SXJ,7.551460167663488
6ZY6,5.1738857934443665
8PWC,6.930838831682188
4WHZ,7.418388040639835
7NJ8,5.073507603247958
5J31,3.9764802229600256
2H4X,5.793372794028398
4QG0,6.592465721572904
7QND,6.322086871303991
3CDP,5.707092270386144
7OAL,6.379813777143676
5WQX,6.938297430405188
4TQN,6.652967987147493
2XF0,5.951617839033096
7A51,5.956206856693995
1A5H,6.841681541608838
4NZW,6.674863209945839
6VZM,7.230604795086282
3R9D,6.015109705547562
4YNE,8.236848531829192
4AP7,7.502748203026547
7FQI,6.9379986227135255
3RNI,5.179859214254638
3DEH,4.905681030145949
3L4U,6.792942634646391
6NSL,7.173090718148025
6GR3,5.611352300647837
6DGR,6.942162078997971
8VA6,6.846758099001931
2OM0,3.617653431757651
4I6F,8.290147647769928
3DD1,6.455178167767867
7CMV,5.891185946631107
5LPL,6.6176878285288
7GSZ,5.656049052206684
5V5Y,7.859883171192231
4Q1A,9.005431438063653
3S7M,7.356941470970772
8H7B,6.883350986422679
8Z6H,6.8102931517039815
3WYY,7.01458333082473
3UIX,5.854998648499552
6TBE,6.768872367349165
5JHB,6.541358774492773
6CJ2,7.411411291385276
6OJQ,5.434393045297934
5ENI,5.2598733181152895
4BIE,6.610119842965012
5CEO,9.289618989012947
4PZS,6.937788268851346
3UQX,6.950291410670721
3HZ1,6.343754613530715
2CHL,6.941360526272427
6W0Y,6.852074563184021
8CVN,6.312362100099832
6QTY,6.1522214675732645
8DUD,6.9312258225441905
4OYS,8.810143864099498
6Z8X,4.433417500088568
6WLW,5.496528790702375
6OYW,8.094613107165335
9B0T,6.419751680014215
7U2P,6.570697683349136
4MLH,6.367260590397025
6YP3,4.982152019718655
5EDU,6.859012139805352
3L13,7.810153571755222
8V76,7.001203935772152
3FJO,7.147623761070376
5LPM,6.581337991341039
4UMP,6.3497009505275175
8QNG,7.217103679612477
5J86,6.866043279603265
3WF3,6.38961790229123
5UVZ,5.691060122134839
5DVS,5.525928945973797
1EMJ,6.915185073566695
6XED,4.929339005870345
2RD6,7.245029425034481
4TNY,6.888401650397048
4IWC,5.98439241099249
2AIY,3.2749450567496163
8KF1,6.89292124611414
3TCZ,6.798622676972094
7MRH,7.008356515229773
2W1H,7.149513688417669
4CWQ,7.039717926071473
8B2J,6.938366603482532
2VQ3,6.938366603482532
7TYW,6.929739461565834
5S8T,7.192761716494108
6JME,6.616239887877704
6RSC,8.089190813565205
8R4V,7.748497089296571
5VC6,7.877530039693669
8JL1,6.948651911769576
8WYW,6.903079221624309
7QAA,6.857103769281256
3M2W,8.509767070183107
4A5S,6.8509576286528615
6DMJ,6.100403606396667
4Z77,5.743388132823444
2VST,6.941793599492418
6NTU,5.77620596491928
5NAD,8.949945590272916
5DYB,5.898720145439395
6GVG,6.9063668923150825
7OQ7,5.369523134831174
4YT1,7.084630666382435
2C6T,6.455166178785754
4USD,7.806098560113868
6FXI,6.5402271739292885
6NCN,6.756833392187061
1YXV,5.578823157532316
3NVN,4.403972604259918
6THZ,7.818345981620966
3CEH,6.41701000645109
6DWS,6.61675826657163
1QHR,6.62875221937798
7B30,9.310107347831778
8P81,7.362440450696398
5KMK,7.07534226748581
6VRU,6.306526832806736
2F3E,6.958065777220242
5CYI,7.154631214932278
7UYW,7.655796051598513
4HCT,7.149669793697021
6LN1,4.944514990386809
3FI2,7.350439436956503
5DKB,6.891310693436191
2F90,6.59566942623472
7MRD,7.000097180387896
6T8X,8.734167373218222
5YA5,7.625805948253378
7YNO,4.3989247783974985
5RK0,6.718387518980903
7ZWL,6.938366603185606
7FWW,6.939404930048573
9QB5,7.828842255516854
4GB9,7.389701179210672
6JOK,8.147756677177892
8FF8,7.406524988346357
6H3K,7.970056444921767
2ZNO,6.720684743904272
7FUY,7.185956785988194
3D49,4.13219558536986
5VAL,7.779442264998849
8DSY,7.4557395804952575
7YAZ,6.989700864678885
4IKI,3.953183771630639
4MPE,5.728263803013439
6UWY,7.904422549709938
7G8M,6.545730735112485
3OW6,4.874339233515791
6IQN,6.490230028549288
3ZK6,7.792593021787
4CKR,6.970236322225777
6L14,5.490702554086983
5BTR,6.967706408349471
3CY2,6.702829601475142
3Q9Y,5.6028258281995145
6HL1,6.919262893049784
1UK0,7.314027869311047
1PXK,5.670061570453354
8DHH,6.630117601947768
6GNQ,3.7985544299224117
6V0P,6.452710207268405
7FXU,6.911002185795524
5HU1,6.938315804501604
7VFV,5.128148528467961
3B25,5.989194497078342
4M6L,6.938366603482532
6GHK,7.661045778410344
4ZNS,7.139278658826086
6QBA,7.2226926112933025
6QJU,7.228675421217204
6LKN,3.083279259980634
5QIS,6.880422316238212
6XNP,7.007707861561781
5N9K,6.258536197688013
4P10,6.919621814653256
7LJE,6.938346639242943
2O0U,7.6332110466316125
7LB0,7.211375760738855
3GOI,6.273280623385793
2RG3,4.318457127235277
4EHV,4.283613087919047
3LBO,6.938366603482532
8PIQ,6.8930177183375845
4XLV,5.324742949098711
5NRW,6.292069721025712
7CCU,4.599410720889624
2PUQ,5.65129167193333
5UU3,3.1541690367928834
7V3Z,6.756720997841692
7Q1N,3.491966292432664
4CFU,6.821003694844585
7BEN,3.7716414721269835
3O96,7.2299786657937375
7G89,5.419491935083593
1BMN,6.887902805957891
6AH0,4.518469448524427
8BDN,6.938236563389268
3TL5,7.859725506089889
6XF3,6.938366603482532
5W0O,6.218340695198933
5HNB,7.75236660114508
7UAH,6.859248027318108
9CTF,5.123314116913764
6U8R,4.865186807337156
6HLO,6.97196481822322
5QIZ,6.682671131650182
6C42,7.646304491927778
4HLE,7.331264973721712
1HDO,6.938366608989139
4PMT,6.958887423708754
8TDU,7.211207977318659
5EM8,6.8698660927093895
6SBO,7.100039322564436
3SVF,5.240617383458455
6Q9H,6.060083610618954
7W59,6.599170359701912
5BX6,5.274355256499986
5S9R,6.993717859686969
5KKT,8.989629033878929
1RV6,5.7857843427672115
4ZGM,3.467016080361437
7NVQ,8.389293468587796
5U5L,7.2220247475181285
8PLZ,7.115659404330929
2P15,6.917651652682921
3Q8S,4.865418669482032
4P5Z,7.317269034930005
4YJ5,5.973943167723854
6FN9,6.027142476465581
1CEB,5.42746696183484
3UG8,6.938366603482532
7MGJ,8.104658587536463
6X82,8.445573282191368
7AFW,6.563251849803553
3HCP,6.790520373817953
3FZR,7.969831073820868
5TIO,6.957937363657383
7B5Q,6.938365299454337
8EXO,7.17990444563858
6YTE,6.841636907817753
1RDT,6.84854295062472
5EM5,6.766054093924116
3MIY,8.359210951730507
4JDD,6.857906644829789
6X3O,9.824121840596344
7LD4,6.124213518193661
6I44,4.350721479149399
1HE5,6.9383666444299745
6AUI,5.265410770628738
7JVR,7.206067780077797
2BJ4,6.703015265281865
5K5N,8.039793568431342
7F83,6.938736863346667
5HFA,3.7442443802730576
6GQO,7.960434201867676
5S8M,5.368411501320567
4W4X,7.408856181874769
7LLA,6.613934361168878
5UOR,7.722398586389588
9FAS,4.3459303414399395
4X4V,5.762885408699619
3L5E,6.706921280794278
5GTN,6.914531629367558
2ZDU,6.732495835414932
3S95,8.45294036308412
6B73,6.934054789503128
6ZX0,6.284891149301668
6SLX,5.8415087626287026
2VGB,5.140650497005808
5Q15,6.043727357274509
3GVU,6.94906339701217
3OY1,7.810129782123327
2WU7,6.289955043665661
7KK4,7.254269446721358
8GUD,7.52135462351311
4GFM,6.471080430280917
5QFZ,4.79981173756663
3CD8,7.980348983161143
8EX0,6.2078008932833475
1H1P,5.310528583862597
5S9J,4.085927018499439
6VXU,6.93848158405523
8W8K,6.394080727294293
5M4N,5.668663123730573
4AT3,8.389854955572066
2C95,6.620935877821723
6FZF,6.948125091006229
8FHG,6.936599617448248
4BYI,7.245973270818044
7FSL,5.537676487856002
7VDQ,7.558923135175892
7WI6,5.247015163444587
8JTS,6.822895938273167
3UTU,7.017831517499947
3LD5,6.938366603482532
7BSP,6.081429657343601
7SED,6.962525374826583
5S8U,6.917167946480684
8P6Z,7.4915884494487965
6WPP,7.305795342764309
5CFB,7.205469689920703
6BQQ,7.1741590898567065
3KDU,6.951483273525364
6WBG,7.088643909857922
8B87,4.890194842984924
1PF8,6.991790133958775
7U9A,7.107543581660259
6RLQ,6.875433361976846
7KTR,7.033804577511835
5Z1D,7.510910428056075
6P3A,6.938580203565291
5SAV,6.3334104801922555
3EDZ,6.986738535574378
8BA3,7.5701156767241935
1V4S,6.400396255856769
8A92,6.93838944190689
9CFM,4.804913363526094
9GFE,7.647069738826276
6U1N,6.913782612995045
5Q0I,6.9412146058697495
2Y23,3.1934840817634975
5TN4,6.069669712284693
5FHZ,6.938366603482532
4FNY,7.790129510457825
7DHV,7.4443021322529965
7FV7,7.28540765021144
7LQD,8.295152240240235
2YM7,6.946737660829508
7UXV,3.7084123146757775
8DMQ,2.889411747295987
4YFF,7.989953853020358
3DCT,6.9848349146817075
3EQ0,6.931797703323596
3C1X,7.360248131992838
1NYX,6.53784170135405
2J14,7.061505364387398
4FME,5.236330144099616
8QTG,7.060500402778383
7G88,5.778276388840587
1KTT,6.1868250647483025
5NK5,7.508588264282789
7FCG,6.682482643651016
8GOF,6.971554367296248
5MXD,5.750280411276122
8U5C,7.044577381188076
7F9Y,6.8831488972107735
7AO9,6.986428003257533
6CCY,7.5936888772694005
6VRV,7.519411625315412
1MU6,7.35738635507104
6GVI,6.369884048137115
7DVQ,6.832321570933368
5AUV,4.973592072447767
5BVW,7.8110763600248
3R1N,8.173021531705569
6Y9H,7.356202216085062
3V9V,6.592141024797272
1O4N,2.1503685149117047
9AU9,4.980794417009477
5AUY,5.055738345152351
6YVS,6.618621100915513
8EUC,6.8014373523576275
6I0M,4.639257056141522
2W7O,4.011761026451705
2XYJ,6.43227839692953
5OWQ,8.011456329303712
3IPY,6.280159672459517
1LHF,6.021148659112274
4UYH,7.002742427927846
4NTJ,7.0837793938821045
3DA6,8.689921853129388
4F7S,6.504739896554826
2O63,6.120087717307226
4FMB,5.510550873060298
8V6W,6.64903578294193
2GTK,6.363419551226918
4N6Z,6.913994378323837
5TMR,6.1209946325263545
7WQR,6.938366603482532
3W69,6.770460167420445
6MOA,6.382914001293538
8STI,6.747894245619022
7T4I,8.0086176640583
5WU2,6.330362299172728
7JOU,7.342877676369895
4TO5,6.865622549530815
5DUG,7.369244767743882
5MME,6.827063632988109
8ARJ,7.010333994908576
8DU6,6.930435929340887
8BZI,7.255430772506981
3TU7,6.7917610395485974
4GS8,5.561421907052335
3ZDU,8.248048461844023
8E8D,6.135513045694414
4MLE,6.417332326392869
9EEA,5.5312953365842334
2Q61,6.390295188150421
7G8G,5.194663327882358
5RK4,6.467697391737984
4MNE,8.0845689694967
2LRR,6.535023211600037
2YI7,5.115675960886751
5CSH,4.245667938059291
7MFF,7.6856337773025185
9FZQ,6.812493422786592
4KIP,8.571195670133196
3KMZ,7.201035570898313
9JBH,6.897304861447447
3G0F,7.670034199378971
2VGI,6.279795162782317
2QA8,5.341733617174636
8IPZ,3.5693990128571027
4CI5,6.5613873709681565
3H9R,6.9919682679497175
7FUX,7.242045184309812
6TOS,7.473532448224583
5KRL,5.253180813335204
5T97,6.978185549909596
8AM2,3.61933176139869
5Z90,5.989840785154364
6X3D,6.927894109959916
7RS4,6.993666622010352
5UC3,6.934023811195319
5QFB,7.617952854850165
6IIQ,6.823652241844452
6UV5,6.780681292996157
7MYJ,7.780476855509819
2ZK3,6.9383665947442426
8QLS,7.018860232769138
3R6N,6.595268442273938
7KT4,6.509025832732185
3FI4,8.127128569067247
6TUC,6.815656747675314
5N4Y,6.250753350747841
5ZF8,6.58170638810337
7D0P,6.992144149510284
3ONB,6.938366603482532
2XB7,7.004914215781757
5VT1,5.721571094356799
6PDN,6.3266015662204875
6YF3,6.931236966709732
6L17,6.93957141591741
2C9Y,6.596633127520199
3SXE,5.904034879715562
2ZWL,5.894252806127948
3F98,6.9378725465278785
8ASF,6.9140480804686675
8R9O,7.951427586949608
6BYY,6.813141196655757
3MJ2,7.827217975005178
6VEZ,5.394877882219819
3IXK,6.940420604260207
7G0L,6.692087366441855
6S9C,6.1711819047258345
3KVF,5.796847505356454
4OGV,6.392233693836372
4PX5,6.984349317048935
4IO8,6.995298891297673
4AOT,8.354255087653437
3SMM,6.6663241282426915
5DL4,7.370095479159465
8PPI,6.32239517146333
3ZIM,8.160097549657365
5U43,6.588298861130174
7O7K,8.204337737944734
5RKC,6.075348615873491
7O1W,6.9373958467315
5TMT,5.773893066619703
4RSY,6.939617055153695
4PRG,6.9703033830054615
5S8V,7.493262810033772
7FV3,6.709075086210423
4NGS,7.043228256443061
8BYF,5.838580935329949
3DEI,7.045109303700956
1RRJ,5.045771225871698
5MZA,5.614534873696733
8HUK,6.3596971977160415
8QSK,6.845542563155267
8XWD,3.6689898233770717
7MH1,4.296034739594458
8E5B,6.946299484790938
5VDK,7.579985533107681
2VIZ,6.922105806538189
1T4V,6.770746948235661
3KAB,6.023750737351694
6JUU,6.838500456183923
3EJ8,6.739635282257267
5QDL,6.1864786212781695
3U4U,8.529931222035705
5H24,6.950999682273135
6T3C,7.6993154963609856
8FKE,6.932853294717518
5W55,6.959756027551964
6QST,6.601214365219578
4JYV,6.9868025836787995
5KRM,5.788555929037937
4QUH,6.982463548009124
7AVU,6.643096121464317
5YCP,6.943281740889386
2PZY,7.480017396058696
1QJ6,6.675313822762705
6Z88,7.321150843952649
4IBL,5.827523456366422
3P17,6.943107048942312
3R8A,8.19061442275001
5JLZ,4.99310912746834
8Y8B,6.233100376205702
6Q9L,6.948100961968454
5Z12,6.796484878216401
6J65,5.829933253472621
5KO1,6.389057061313551
7G82,4.767970518298744
6YIL,6.71067147186573
6FCX,6.8943705230182735
5VO1,6.95110591741872
5TN9,7.029309140763389
3VJL,6.947724532374358
3GI3,7.110395636766909
5V19,4.771868283588389
6MC1,6.9383557125759046
4PTE,7.558550956311022
4Q1E,8.16002831277484
4CLJ,8.956296922204675
5ZKP,6.936699765246263
3PPK,8.579338664991557
5UF0,5.848661682133049
1W9E,4.168130126491071
6CNJ,6.67150233073729
1PCG,5.808234547393003
6G0E,6.919622305298269
6MH7,6.703393507172937
2ZI7,5.999752557115795
3VBW,6.0893864257009005
5DXG,6.681602030291124
1GS4,6.941089583644618
7BJD,7.376693682656089
5Y2T,6.942650908960985
3PS6,7.295394593456858
7RUW,6.180292779534019
1ZEH,3.411223743741059
4LOH,6.938356865865954
8CNP,6.938366603482532
7H9U,4.405754732919616
7Z6L,6.938435703805336
3UWJ,6.740718379983314
5Z5U,5.584201392203887
4KS7,7.459324143882872
5HG1,6.938366829044988
6FYP,6.850198221686111
4N6H,6.938358732938262
7G1V,6.401838085436723
5UAB,7.8876939234438765
6T1V,6.948153908901835
4XIP,6.97706847325758
5BXC,6.7710265591057555
7RKE,7.468804369451459
4FOC,6.98976592007878
4D2R,7.128652566191793
7C7B,7.094285229538653
6R8J,6.153118903411727
6L6N,4.337593278063379
7G1C,6.735682411427866
9LVC,3.746079671130039
6SFR,6.787858648403981
5JMM,4.816065806512371
2QU3,6.728882205582973
8DMS,6.731087021563436
4IVC,7.69701394721713
7OY5,7.855526115097041
3QCL,6.938366017633209
8PQ0,4.941118228839248
3PGF,6.8548319669879785
4KE0,6.998095242573287
7E5I,6.474568536161773
6DWK,6.911507644675513
7E2H,5.356839506698136
5KCD,7.132227800042466
7R7S,6.944943223561576
3BCJ,6.938366603482532
4X4R,5.801387962098424
4V25,7.070087457706355
7NRB,7.6014871893147955
2D06,5.521804656968226
5MQV,8.090352653849635
2BXU,6.8275003775060785
4CTB,7.7264692249686995
2G47,5.380167317702378
1T5Z,7.098946399432402
8EOI,7.385073096625953
5HZN,7.21978285182086
6ILZ,6.949377139332665
8K78,6.619069079558241
7FST,5.172888416501417
3BC5,7.634337854915258
5VCW,7.674984089067135
3BGQ,8.292010018730457
6LQX,6.799154571779352
9AS4,5.83417579773301
2OJ9,7.9029040018186
2V4L,5.746463427890502
7QHG,7.989832115921622
4BC4,6.358618585247129
5CSW,8.357725850036248
5U2E,7.040348625445252
5HZE,7.543225731615371
3D0B,6.535178651749642
5OPV,7.279708843929149
6PMB,7.674620195854144
8TK3,4.823739770540209
8X7R,6.949913661906748
6WY5,3.7688056129929066
6DI9,8.240842222854605
7MSR,6.924120724236108
4DJH,6.847073282852802
7KX6,7.031486067292831
8E2M,7.6631182233097865
4UMQ,5.389893307447261
5UP3,7.889754806450465
8JFL,6.339895650958315
6QBH,7.422796244381719
4N9E,7.510320703759263
2WIJ,3.6701048949775967
8UC9,5.327238595172585
3VRI,7.465093045769207
5HKG,7.009901414269355
4TO0,6.839439693005682
8OTT,3.151627145799453
7SCD,6.939021997585477
4WHU,6.270627887153629
5DIG,6.004163738440578
4MBJ,7.2200068150155765
5QDZ,6.936167800002758
6EIP,7.241009052817947
7RXV,5.9521877042126015
7M43,4.429093034847059
7RAN,5.30944209325868
7OLX,7.635237299366344
7G19,6.938364481982693
6IJS,7.202446881506864
2WTI,6.518112135724219
3RNJ,5.50965270277886
8P7J,7.448804741744387
6HMR,7.022449816817737
3AQA,6.938150483039114
6UKX,6.935889666067696
7ZUN,7.189881647637458
4ANQ,7.83416653276462
6WNH,7.0276249610269685
3TU1,6.826208843399939
5QEQ,6.968422441876987
6SQE,6.738385993432958
6DXK,6.88744307456894
4AWO,7.278513309452995
7G8I,6.789136251714053
8PO4,7.455282495869627
7G8A,7.331121860655785
4POK,6.937944654357589
1O5D,7.0497931652840435
8CIJ,7.1519465514585745
5UUI,6.93833359777794
3ZLW,4.213719473414911
3VBG,6.767226706537351
6VUM,6.951501798830167
5IN4,6.938366613616532
5HVY,7.749710277023813
8W03,6.699220991739318
4RZV,7.37721732516496
5EG3,4.316050588123128
9DNM,6.771326141854132
7VBT,7.4412108865495465
4PPB,8.479612410429283
4GWK,5.000943654001734
5Q1F,6.355445445649285
4FRD,5.800057524386752
8DUG,6.8223449048703575
6S89,7.345228923411161
4AGC,7.406841463218425
2BMC,6.547117451301919
6MXE,6.766468996035913
7FZ3,5.58520177803758
6VGH,7.266141056185814
4L2Y,6.887719809131316
5W8J,7.135956929146888
6Q7F,7.56886266984093
2R4B,7.989472528746781
1FA9,5.33644906427405
7REK,6.424327602042926
1RY0,6.938366603482532
7B8W,8.037248674320804
4HHY,7.194546477062593
4L44,6.933085913929695
6UQG,7.061396709573147
5DMF,7.738535147715857
2C0I,8.742036914641394
4QXQ,6.386553441308504
4ZWG,6.923449601065694
7QVJ,7.017822768451505
6CD4,7.108397864089836
3UYT,7.859637257116108
8AQC,6.866944510679733
8BWJ,5.9032710607419
4TO4,6.889149298806569
3DZQ,7.932348487360945
8X7Q,6.931742764185357
8G0H,6.924695346629034
7MU7,7.90004557231583
2YIX,7.879442374653387
4G11,5.3603002426050335
4BTK,6.5770414966799375
6FZG,6.948901473146386
7MHZ,6.788958599641068
5XST,7.485856177944645
8CQK,6.939034434782838
5FI4,8.052015322376693
7G84,6.463381776009619
2ZP0,5.007901102167826
4WV7,6.926792677850163
5TMO,6.907106379430702
3SP6,6.938933466210891
3B27,5.825659772160744
3B3K,6.310844818459502
2ANK,7.038380764091599
2YJ8,6.938299741295337
3QJZ,6.938044669363373
6T90,2.922080548511076
1XO2,5.165970387323929
2WID,3.6762415867329463
7AK3,8.036307567697646
7WGN,6.680475403289507
7F80,6.562007616127518
8EXU,7.228386210968685
4WDU,6.938366603482532
3HNG,7.071946429839218
4YBT,6.979896084219563
5W9C,6.783236128839652
2QGW,5.5511261529910065
7VPI,5.890980886767941
2OCP,6.435150750751002
4MR9,3.375303223404557
2B8O,5.202995766774133
8P72,7.563915727565796
3WC9,7.00108883986534
3AHQ,6.917541828506548
3EE5,4.968360477062002
5AOJ,6.951880670330631
8B66,6.938366603482532
1Q1M,6.918663655252259
7FVC,6.367800179378819
4ASE,8.379150020134492
3HLV,6.0795508540821555
7EJV,8.034743456079692
8SO1,6.418382423837838
9EY2,4.090669079087092
4FMD,5.392344168595839
7XN5,5.56013501420828
8B3R,6.938366603482532
2YLO,7.243012350807874
8C3G,7.277956822654437
7RS7,7.071939324108628
7G8F,5.584096881266676
7UUU,7.6277576908654945
7AW4,7.47488734692567
2HVC,6.96223330421746
8BW3,7.202778783870038
4BID,7.982698285916577
6CQU,3.784818926916533
3SRV,7.489964443134093
2QCT,4.071854483324598
3R4M,5.209652596704468
7L0G,6.938367579127336
4JTQ,6.319377080545715
3QD4,8.189641406436515
5KZ7,7.2002229803330815
3NEW,5.01027295160276
5QD1,6.676613317118209
8PQF,7.7192617152843965
3UIV,6.038808940629394
7M3J,7.187489134970031
7VD9,6.747704591383489
4Z1V,5.36207902486909
5HF6,3.739418325636918
1G30,7.382224080837004
3PDF,6.974154531137005
6B2E,5.077583532556793
4NEM,5.524971939832298
3O23,7.042919453977755
7KBS,7.324937248457604
8RB6,6.938366603482532
4XUF,7.4027827223410325
6EL5,6.935462062253553
8JD0,5.753547929466188
4ZYF,6.958301930411783
7G8T,5.355666147997914
6NW2,8.023411743623058
8PWK,6.617466709335957
4CWP,7.247945112296353
7FUU,7.201663359399726
2VV1,6.938366603482502
8BZJ,7.123847779658781
6X40,6.093023049541149
5TBM,6.9383217780056805
3NZ0,8.442956631325554
2DQ7,8.329934165960065
6QAV,7.464538619474368
7FUS,7.1677311547329134
2CF8,7.275862400674122
5Y2O,6.997010884148716
4BB9,5.64919336372428
5Q1C,6.440472816450711
3OTB,5.6166638802853
5WGD,5.825352784988345
2WBI,6.9007088465391995
1H1B,4.458841205756406
7A1B,6.396574395139921
3VWK,6.938357164720878
6ZY5,5.433460976640127
8HNC,6.847547082943141
7OB3,6.806219615885682
8V77,6.819522800322105
8CHF,7.153289193870293
6TD3,7.749135902183012
8GMC,6.93836660348275
8I0C,6.938366603482532
9C18,6.938390522015552
7ATU,8.323820282418062
7PRX,6.943538273593553
5S8W,7.374477313944272
6XIH,7.589902933496654
6I99,7.983673461172286
7S99,5.309592838326591
6Q4C,5.359224454266507
2QSE,6.395336669426715
3OPM,5.2711271030032325
4QMZ,6.669638531054064
2H6H,6.938366500518711
6BMY,6.953610819942809
5WA5,6.868671019348977
7DPO,6.824077831067223
7AKF,6.303966252071428
3NYN,4.921938634110194
4KNB,7.400368842096495
7EFQ,6.939752186472226
6BJO,7.118759019492505
7DH9,7.185543080505111
5AQW,5.983192078637299
4FTK,7.660920784150203
2WMX,5.727499186685992
6AF9,6.436625135706383
8PVD,6.80646362329009
4JVG,7.376753260868445
8BX0,5.707231805214525
3DT0,6.378058361247596
6GMR,4.519851892451768
3VBQ,8.783231493385468
6FYR,7.003079071260085
7AJ8,5.523320809833377
2XBJ,7.539997514831871
5DWG,5.588976070543854
8CSR,4.0422463254338865
7Q13,6.25293939681861
4PP7,7.950029479067773
3LXN,7.548522247165784
3U8W,8.737485869691994
5DRJ,5.815978419818348
7CHN,7.675804978267429
5HMH,7.567844541576191
6NZH,8.658971641901175
1ZQ5,6.938382476094179
6DZW,6.342144410875344
3I81,8.124184756284496
7YAJ,5.552109777582338
5UCI,5.089201163743704
5D24,6.780273728950677
5TLF,6.883592342697217
6PIT,4.713613795261223
2E2X,6.938706121879674
3D5F,6.06958922395836
7FVK,7.213672150706209
3HDM,6.583860584044745
4OT6,6.618785590461479
3OMK,6.790667651677824
7FVD,6.974635162495622
6FR0,6.6921008937131825
5HNI,7.701907817676198
5S93,7.03562327107096
4GJ7,6.207420099469207
2YHW,5.5642225521197
5EI1,6.634085068016589
3ZW3,7.460161913583249
2B7D,6.852262106128454
5DXB,6.73940454399791
5CS8,6.020066817326281
8V1F,4.109602790136301
9CFZ,4.652122514283559
6EEB,4.824439276359665
7R9N,8.033631147742165
6JJ3,6.099849445144868
5EXA,6.908461477040613
6M9L,7.313254427948099
1IMX,6.1659140989959
7HAP,4.6114504303165385
4U41,7.313062874001213
7X3O,6.938366603482532
4ODF,6.941153449712433
3T9F,5.821502452762566
2O28,5.0773789720676765
2YFX,7.904001297323837
7T9N,6.939476848494962
2R3H,6.3055339994804225
5DKS,8.014261370445976
1J9C,5.914153271470935
6XRM,8.819410936878127
9GEK,6.618932760403032
4YLW,7.014055920419431
1GWQ,5.482595508993871
5AK2,6.955444211520852
4V24,5.922892696744844
3BV2,7.179000726509326
8IMY,6.9383630783383285
8FEC,7.238835426117854
5URV,6.938366603546426
5URY,3.1019196220171317
2JC6,6.185033719455401
7AVY,7.963577812587435
5KKR,7.739869783296962
6NFY,7.620743888289341
3CLY,5.938334966448954
6M8B,5.369616234732527
1PMN,8.139986130946754
2E3N,6.935078972302135
8ZMY,4.675353248635524
6WZV,7.469799953147995
8IVG,6.948905744995981
4O38,3.838806069151177
7EM7,5.757156249157026
6J0O,7.109285975841337
7CHM,7.834392339121784
5S8Z,7.363876033552726
7PJN,6.888007427151112
5TM1,6.173151448587101
7NN2,5.097520992328471
7M0T,7.043366089505209
8T3R,6.93777680539984
3VBV,5.157363292651324
2D4Q,6.6297928452864054
2V4M,5.9983062985818085
5ACL,6.919943499336098
5J87,8.06019263649589
5X79,6.936516274080075
3HCN,6.848754999646468
1M51,4.7401015724971405
1SSP,6.726301445070401
7JXH,8.045600013319312
7VWF,6.298148013628019
4CWT,7.3083841774487
7AB2,7.149219462071748
4L02,7.689688511120138
6BRC,6.514289105764164
9B3N,5.714278645023535
8C6M,6.081905307778223
5RKE,5.677612094863488
3ML8,7.333614094892565
8JCX,5.459737300138072
4ZTN,7.730016744856988
8YGW,7.281665068546561
4QFY,6.576489920430947
6Q9O,7.028764170696833
8BZF,6.462730838013689
7G9G,6.802185610774054
3KC3,6.810087406942171
7UP5,6.4626383739071445
7DHO,7.246766136177417
7O9Y,5.963602497705651
6RQ7,5.49028462700193
6N7D,8.373125610206287
5C50,6.777581491995848
8X5K,7.783094890994993
3ZLR,7.398737174301046
3B5R,6.9281977542750885
8A62,6.9383489629626975
6EIJ,7.38957485853826
4OTQ,8.220182182502954
6L1Z,5.815694391726528
4ZW1,6.703488951878156
1NZQ,7.152482013273872
2VJ6,6.913310737033494
3DUX,7.145432755367754
4ZI1,6.902653491102378
5DUH,7.3233029405786905
4WDX,6.938366603482532
3R8H,6.938366603482532
8V78,7.090144869054922
5CJ7,5.207946719662903
8DUI,6.87336847590947
7N7L,6.442557145890147
1LHE,6.690642456190707
3ZLN,7.272387461084089
4RXR,6.765979248410631
2LZG,5.801955191166805
4U42,7.429818254339951
5S8X,5.95962278579991
4DLI,3.4205729578423028
2QE4,5.810951600714027
7OVJ,8.53083218047501
7G8B,5.277035362252718
5M4H,5.865655914512489
3JPV,6.548988131247061
4QG1,6.810692143053067
7K6O,7.995248348129197
9C57,6.938490551730598
7LOT,6.828161428431132
5S8F,5.627522829601015
5DWE,5.171219571083243
4DWK,4.9822021064916395
5IPJ,8.669737812609139
6PDO,7.007770279628072
4KO8,6.9383379176385205
2WF1,6.938376374549799
2Q6S,7.3801438184362524
6U9A,7.005607187878496
4ZTH,6.572479490874883
6M4U,6.999947908074964
1WCC,4.229886749525129
7ULL,6.512111614257753
3JYA,5.775097571730347
4X8U,6.895963165658191
5DWI,5.0005709089205865
1XBO,6.88430139228902
5RJP,7.8065397830415755
4CFF,7.7210842193810905
8TBS,6.486829889085281
8D6F,6.283727837691903
5OWR,7.821680719102325
3GJR,6.837093936054384
5KPQ,7.436882237824683
5FDX,6.729947825679467
2YFE,5.961028753043225
5AZT,6.938369733454507
6H3E,4.1878653262090335
4YQU,6.438365944093368
5T4H,6.9525160600844425
1AWH,6.94268861065876
9BQE,6.882204859714828
6UKV,6.940856347477963
6UIP,8.099361907587912
3TXO,7.387226886230907
2VX3,7.775559326916212
4MG6,5.531012125149089
2XE8,5.816490851175452
6CPG,6.784871636079242
3KTM,4.843613971554113
5EI6,7.010330956683038
5AV0,4.641978151204956
5LAZ,7.0570388610274355
5HOX,6.8726245427789205
7FZO,6.923510565579796
7G8V,5.639532187483004
6MD9,6.824190158086303
2KQD,5.66576940098048
5AEN,6.873650206118388
5I3O,6.9446944002269655
5IH9,7.944111762961732
4HGL,8.090026338811846
2IZS,6.873978266370978
8UOJ,7.755509426358713
7O2V,8.057698538245697
7RRX,6.977612542554666
5EHO,7.943104201564826
1ZRZ,5.931090699044129
6HWV,6.918650484168333
9AXF,5.786509146080039
3RAH,6.842117476996227
3CKX,8.558239126467901
8X73,5.29519778139505
6HMU,6.938366603303894
7WQM,6.938366603482532
4LMU,5.908866417514981
4AYY,6.938979895733452
5ZYK,6.944046835337376
7UJY,7.674429029929838
7O9X,3.8983119863253877
7UG1,7.333321286097286
6NFZ,7.803240881203801
4EQU,8.230057035246007
5U2D,6.618160854619058
3HUB,8.006317452079442
3VJK,6.897489707153974
3RLJ,6.942151229478152
2JF9,6.72281858164963
4ERE,5.877166853658252
2IW6,6.860226817061604
4NUS,7.377482641959199
8YF1,6.1248580274543905
1FIT,5.969497652241417
3MDY,8.032434215851016
6Z2V,6.533299029567793
5MPN,6.569769646809387
6ZPT,4.253650412307612
5IHC,7.879737441259063
2W1D,6.1964938049519445
1H8I,6.866559996707436
7M2K,6.808146733649882
2CMW,6.88559706927899
3R7Q,6.959974745919106
2POG,5.710435163945217
4MH0,6.938366603482494
7RS2,7.014012420508571
7R9V,7.266139748941917
4HLW,7.231610590987215
5NWD,6.9826526402647895
5EKO,6.9691378590458255
7MXG,6.800059060532508
2CHW,6.766122812455823
9C56,6.951874603296185
7NMX,4.789565624236447
7NPB,5.975019241332454
6RP6,5.435649723887918
6DO2,6.512997342409206
7OVN,7.84635296116769
7SU0,3.5321042254529194
6VZL,7.175288446175561
5X28,7.423453175473161
6YT6,7.192274932009776
4MXZ,7.71278916834487
1LD7,6.7327631453508365
8FLM,6.938495845929456
4K0Y,6.965329983042302
4OJB,6.966507263876798
5GWJ,6.958252702269175
4GK3,6.8349343254133945
1WSS,5.358960768385492
2I4J,6.884216698984323
4ANX,6.924059953737709
3UOK,7.983809459565706
7FVL,7.126239783766587
3T8M,6.851378949740651
7R9Y,7.0096911097386565
3TH4,5.792702938266045
2FVJ,6.753256392234296
3GHS,6.937671676623451
7RLJ,6.9382834786412335
3MB3,5.049881349196389
7AJV,7.026346628457343
6DB3,7.2598994272895325
4BKY,7.914097305615986
3KWF,6.3619145524618546
2VGG,6.017241702526903
4EZJ,8.409902697353429
4HGE,7.758943675611654
6OP9,9.270217630209526
4DJX,7.310722360293562
5UWD,7.240103661642964
7D0E,4.895500272459126
4JQ4,7.205410965860644
6HHJ,7.260480678682143
2BKA,6.502211005329445
5N4N,6.265888436975782
5TUR,5.613115244794835
4TXC,6.630176832460474
5RJS,7.403442011657689
4PP9,7.380182662965338
4TUZ,5.085006494922485
5IA5,7.518925656503852
5RKA,7.234374601554343
8BYB,6.23877100024864
1G50,5.797789384759351
2QA6,5.232486503516494
4H1J,5.929905186621879
6F8O,6.938366603482532
3LFD,6.996018378195349
7PVS,5.31119165851773
5UU4,2.9557565673386796
6X81,7.038745738096309
7P6T,5.267228758773528
6DW7,6.715007631888607
6ALC,6.8220428519011085
3GU8,6.140749286948451
3U6J,9.127271954282925
4JQ2,6.93906078721739
6WXN,8.157764987511404
8UAP,7.775220603887968
2V3H,7.425203712013447
3ADS,6.305170865483191
7KHH,6.948827764111172
4C6F,6.728390627244217
5H19,6.961938723835211
3BHH,7.285069479485551
8WTA,7.194888594284366
7FVY,6.690682146147683
5CGP,6.793385317373509
5T8F,8.134164441891592
3Q8R,4.557998824925329
1WQV,5.359417627786074
5AUZ,5.059380127629491
1M17,6.938358075446119
3MA3,5.795266658691891
6YF2,6.886724005613979
7FVN,7.151759785273125
6BQL,6.65058932303061
8HNH,7.221626677772585
3ZOS,8.879866452056504
3GHU,6.9376680231288335
4OFU,7.137733136819055
6LP7,6.611682958847866
1JCQ,6.747047187949562
5JFX,7.597896713930516
3QI1,6.7067891930527095
5RJW,6.237841369857901
6W89,5.979878096029845
2ZK4,6.9382468746873975
5NYH,6.831243042335697
5Q0M,6.824619630723937
8EL9,6.463297912592976
6EO6,6.216023208472522
5O91,6.612259537909181
5TN3,6.359143799265488
2C3I,6.920201764359632
4LWI,6.160460892560085
2VTO,7.100133827551437
5WS1,6.867579110252322
3OZ0,6.667694694019577
6GVA,6.7421368949816305
5S94,7.396701058576682
7UAF,4.8609472751387734
4CFE,7.68392918060929
5HE3,8.35424786960908
4BKZ,7.579889138582745
2F0Y,6.937271616084819
8GJX,6.9383659001782
4DI2,6.940820892801644
8BX4,5.802774135177706
2W4O,6.891926703124073
3AOX,8.69439080972822
4BAK,7.237073123060034
7Q7K,6.040522874568355
4LM5,5.867609459138212
3UG2,6.56893382462839
2L84,6.406226564486127
5J95,7.936769735399971
5DYW,3.454691287192602
4QMM,6.542117923875387
5U3X,6.52035382437526
6PFM,6.784594613354594
6FIL,6.4847221721122175
1J96,6.938366603482532
8AAO,6.8380174956247455
7QQG,3.258444348447382
5NN4,3.1073732442398945
7AW1,7.481637980434392
5UEU,7.080522701522318
8FCA,7.043833237241313
6G73,5.017733272229681
7L99,7.651698110821174
7QJG,7.326976243100305
7B32,9.434733624980234
7Q7I,8.242093876487475
5QIW,6.508965667539131
6HDP,5.740946294744322
2NPA,6.734949047943174
6LCB,6.327939912715828
6AFD,6.489531166714844
4P5Q,6.308581434657342
7RBE,5.916247967029404
3GP0,8.004374881581864
1GWR,5.69241101345728
6ZPQ,3.967766325024673
7FVQ,7.137161373544677
5N4Z,5.189006953117263
7FZL,6.936751443054287
4TV1,4.943625127689532
6KHD,7.069500250573904
3QFA,6.933952398859106
4XS2,5.830317021333767
6LX5,7.003934000450474
7RRZ,6.9593880611419
7C9W,6.961433217108431
5N87,7.736979484314555
5ZYM,6.729794982414026
2FAI,5.7270460494542395
5UI4,6.875720161358253
3FJL,6.567411550941777
8FD8,6.315546268209786
6FYK,8.261025950841429
7YIT,6.945095226778619
5O13,6.348611073109358
3PEQ,6.933144572437108
6FYI,6.689858535893434
8U57,6.315302808475707
7RTK,5.307123572154084
5VCJ,5.642838871702179
6J81,7.156248712438741
4WMT,6.868863130507377
4ZTS,7.573721990452778
3TKU,5.746338162887607
3LW0,6.552984305003423
4EMA,6.941849119026944
5YXD,5.977064651623575
8X71,6.110587903345634
8U02,4.407889258755168
3AN3,6.9203137073723
5KCT,7.036497737674797
1C88,6.4594099086177925
5ACB,8.684018710578139
6OVA,7.776659524229835
4QTC,7.338697121570946
4CD0,7.710283711787061
3GD2,6.972011030291933
5HGZ,6.867718020651309
4EZK,8.35733605415288
4FGY,6.938314228389973
6CQX,3.5519529027307044
5QEZ,6.896954465032705
5HYK,6.8303443631707985
2WI4,5.347144863415462
8UBZ,5.53066162114916
6IF0,6.959279151149444
4V3D,6.93837883883621
6TDC,6.848707006401094
7VJL,7.638899044904991
5Z5S,7.381528133278537
6DWN,6.938366625321493
4Y73,9.510106774534117
4AGD,8.02071984034647
3A9E,6.973035995073713
3PBA,6.938366590815406
6CPF,3.6963876024045996
3X08,6.26752729622197
5NK0,7.4338191338558826
6NRG,6.336308783272716
4I24,7.435836176527467
2ESM,6.269647670898687
7G90,5.602191738402817
7JWN,6.052617575473658
2IN6,7.630119087814922
8Q7R,6.050648810922081
8TYQ,7.477536243130428
2BAW,6.1594798665187795
3P89,6.867866271770715
6Q4F,3.3130257130474186
4I0T,7.579630716244328
9LIZ,6.709019977289684
1WM0,7.1223337503281146
4PY0,6.912246672791491
5Y44,6.9284934818802
3I0F,6.684121192707228
5KM6,5.69659596665119
1FHI,6.93836659908218
7FRK,5.329619692302492
5IUI,6.228749815113864
8BD8,5.610968930044558
5FDP,6.623097790755475
3H3Q,6.914232600935557
2BVS,6.930289310502899
5CJ6,7.106850085000401
5RKH,4.854441809850016
7SIU,7.679947270283502
5LQ9,7.717923814332263
7L24,7.395474627414228
2VZ6,6.970355346762577
7CHT,7.879393087058398
5UOO,6.300584992090438
5N64,7.136454778773241
2Y7J,7.7272320759875175
4M0Z,5.823245606142932
5HBH,6.951383611274391
4OEA,7.039247085906966
3D9V,7.2189594981629135
7BU4,7.749842877700564
5EQI,6.941203244301584
2VWU,7.146486816498335
5EQE,6.613727793012252
7H9W,5.310544397184136
7XHY,6.810445667725853
5LO0,8.174963258369155
4F70,6.8702037153987074
3W3M,6.371823564027597
7WGO,6.783395761717704
3R92,6.978724552011635
6VI4,6.516366148139595
3UGR,6.938366603482532
2YDO,6.152397718785281
5UES,5.76669196272179
7HB6,5.262316059195278
6GGA,6.938371330974875
7VXG,6.9375863418950106
5W0F,7.027320687648104
8TX8,4.12563405825486
6M93,6.007278826066046
2WIH,7.360115056927977
7FUT,7.279683680279067
3VSP,7.000515592731289
7JWE,7.026760946188787
1QPF,6.959418509543253
4NKG,6.090141181963713
4V04,8.100056577495167
8Q6R,6.737520863472212
4F7L,6.761702339148995
5D7A,7.669735418898789
5S98,6.981410994776445
5A9U,8.832729568066686
5HMI,7.522401412892637
5QE4,4.225835343652971
1YUK,4.624725007182901
3VSO,6.725323044542245
3FAL,7.105668606101076
5VDA,7.601055055281713
6TNC,7.472682719579531
4CI4,6.929486630984687
7THS,6.823819895030772
9IJP,4.607114404175801
1FF7,4.442936646952555
4JWR,5.97306818080814
5W5Q,8.839681535741647
5Q0X,6.893238904162053
6VXR,6.938302652896817
3KVX,6.8401885419610196
8X7P,5.548472077343028
8P73,6.7924047607513565
8Z7W,6.93832873133417
2PRM,6.607489378697732
1O4J,2.370092850262944
5DDD,7.161204704768905
5BYB,5.873551892625334
7R60,7.269205702877921
4B77,6.66358141588927
5FXR,7.774206025545097
6VP0,6.926048708134265
9AS7,5.941178781183368
7ONR,6.911026231249516
4P6X,6.96218367095535
3VNT,8.649790841279707
5S91,7.003821644807364
3HDN,6.823668077864816
1L2I,6.522754825482827
4I41,7.119007124095646
6V1K,6.547738285578726
4NYV,6.893932621520422
6FDZ,7.312141283102166
8JL4,6.662732592806872
2IOG,7.744006864982591
5HZI,6.7793876835500795
2ZVT,6.938309241723319
6ZMJ,6.68180181880445
2A0Q,4.426450540291372
9JD3,4.853801605095683
1T4E,7.025916450735346
4Y83,7.760243877760845
5UYJ,7.419578962899768
5VCX,7.492588079627933
2P33,7.250234241758718
4F6U,6.910117969823835
2WMS,6.531219847165513
5Y86,7.0247192326176755
5HBE,7.806020522796253
2YEG,6.186812287138122
1WV7,5.727796924338175
7FHT,6.938587299391342
8AUU,6.938366603482532
4Z2W,5.63013862915611
6EO8,6.606238846017018
5RKF,5.291997119458544
5ES1,7.6576195916403975
2M9S,6.363183975131321
5DXQ,5.218781806340119
6KHF,6.479538006920345
5BN9,7.248365160431509
1O4H,2.582097607638052
5DX3,5.772269792809674
4YZC,6.94053033581244
6OAV,6.507548445827752
4MTA,5.600657065577115
3KMX,6.532948470007725
7SZD,6.312952195616393
4G2F,5.634371127706416
8WZJ,6.822778376795915
5UIQ,4.740910286473673
3F3Y,6.936520824480824
8CK8,6.936041091197336
6LS5,4.163184189574502
7G11,6.559938633376445
8IT6,7.012574127195489
5DDC,7.132298897071547
5H2Z,6.626740961905343
7AVZ,7.946026768312583
6TGU,6.851233019004214
7YMK,4.134916512434454
8FP1,7.719630474305877
5OAI,6.836446568125854
7FZB,6.252571824629156
6XE8,4.137276319623782
5NK1,8.261502839096128
3R5N,6.93966883500197
6D8X,6.9484119607089845
4HXN,6.955873450113375
1DGB,6.78081626248347
4EM9,5.409787827948913
7KTH,6.773516359074866
6OD6,7.329811985876866
9C42,6.9118651511366265
7BAC,6.618136041245643
5J6L,6.655277462887353
3SML,6.654255637894176
2H6F,6.9383659431605516
5Z0S,6.87166839988466
7FVW,6.875739772649088
7A7H,6.546336604779859
8BIK,7.763596663890942
4UWF,8.1399530590597
5RKN,6.510063968332423
1RHR,6.93741625591769
2JDR,8.157072434246217
4JG8,8.58981548189158
2B1P,8.339306350268643
8EXV,7.327331866348994
3M11,7.380298469506192
8CZA,7.064618101476683
3S5Z,2.900242052516944
6GMD,4.499238105099768
5CXY,3.3387650818155663
7S2Y,6.932918361652023
5Q0P,6.60133451743959
8BYY,5.959904990946952
7BQ4,6.93836663452873
7QGB,6.8756719475359285
6BQ8,6.916562347517099
4M12,6.09510041073808
5LLH,6.937255622610143
6GYO,7.002474741452576
3X0C,5.09730828497811
4ZTL,7.584820901903781
8FKC,6.9356944164395475
7TJ9,6.9865067305039625
2ACS,6.938366603482532
4HGS,8.290054537676525
8UAQ,7.450722768536295
1JUJ,5.886154956733762
5S7C,8.338474881868407
7PGU,6.95811960466731
6ZUN,6.261538590242809
8X7H,6.947155421946549
5TLL,6.195398039004971
4CLI,8.899576591219038
6Q1U,6.938366606162698
6NO8,7.9666976000636796
7S9X,8.461855700593306
5AV4,4.919215234394811
6JJU,5.7499409261877945
4XX5,7.6358431157222295
6Z50,7.126470075951666
5N93,7.630185023963549
5ENG,6.80796906757216
7G8E,5.125942727457807
5RKY,6.820845045585559
7JGW,7.809712404444271
4HXM,7.129620399383985
5KCF,6.963502183694591
8BYN,3.8145333751407513
4JZD,7.06884131695337
6Z8W,4.2553942875704305
6ZPD,7.191519766983711
8UN3,6.891297271743211
4X2K,6.067601149033718
3DEJ,6.502366536270307
2Q6J,7.742442087595231
8UOL,7.209433457887242
6EGD,7.134333550637676
4BG6,6.938345923293601
3CGO,7.0361792820619815
6Y1P,7.040955911146959
1YC3,5.483755046832908
7SR6,6.371390926942542
3K22,6.945394104428939
3EPB,4.755762908662148
7KTD,6.784040890128433
8U0H,6.898365287159449
9LJ1,6.886028593052966
8TUC,7.4156712968532945
4GK4,8.4355268277457
7JUO,7.231895776870903
7UP6,7.3479496623355685
3TN8,5.7537871056331635
6M3I,5.3774862239966295
4CYG,6.873129432611131
5S9E,7.39549635415751
5BNJ,7.2124001328785505
2F9P,3.1019196220171317
4XH6,5.580187209297804
5TMW,7.499402756390775
1FKB,6.971103112411189
1SNU,8.26675708030921
4PPS,5.4305424211296796
4MQ1,7.930158058054692
1T5A,4.610175668033888
6HP9,7.424517233538578
5C91,6.544952038594564
7FQH,6.934356819845918
7QRB,7.43457522089821
7H9P,4.294362332560776
5N1X,5.9738333304802005
4M13,6.118906098696434
6XBM,6.976147719263357
2VAG,6.2485694920860695
2ZNN,6.7302506602489816
6DW5,6.937814138442303
6WNY,7.011474739137409
9BMH,4.984886526610802
3WZE,7.605373807396006
5NTT,5.759966997664482
6RJL,5.735415403610071
3SVH,6.437619580396533
5RKT,6.355104027426162
8DV7,7.14085068467475
2R3J,6.579737011742298
2XEY,6.703835133872939
8DC8,6.886344789125688
2YDJ,7.950215142708335
5KJ2,6.938365718926939
4OCC,6.850868131542869
5KM3,6.332850262275884
2I4Z,6.922591591200918
5JFS,8.178140032639035
1W84,5.22182521599688
2P4Y,6.795050968974703
8TBU,6.976254060307799
6Q96,6.9759426509713025
7K15,6.942534607797312
7YI7,6.572560860404563
4YKQ,5.124218739829205
3N8I,4.747592975871025
1LHD,5.807238865275861
4D2V,7.420107384488122
7TE7,6.8718455068467215
7QVL,6.9269663054997235
4TO2,6.851807133693363
3H44,4.975025447460562
7JYS,5.583586565971832
4G8L,6.6083570132718465
7BR3,4.191447989141826
6KUW,6.938366603482635
8T99,6.485352142499281
5UVW,7.204547556653928
5OQ7,6.74195173132863
5T18,9.289678142901868
1EV3,3.4047048346679456
4XCT,6.938359634768002
8Q9S,8.632760248593542
8WM9,5.12513450421128
6ZFH,4.840109571333507
7AJ5,5.291941861347372
7FRZ,5.057246298686113
8OG9,6.937819540176542
2QD1,6.938366568472972
6CBZ,5.832297101873557
5RK8,5.293721110283618
4RER,6.779551063469868
5Q0L,5.87128713305427
5QIP,6.422520907397033
6Y99,6.750439135698751
5SAU,7.120207210177499
9B14,6.934360908550176
2BRM,5.8620413356382866
8X7M,6.036666703824169
5I9V,6.005578342853513
2XKF,6.0502015766542625
6CZ5,4.844895179840913
2ACU,6.938366603482532
8PA6,6.824080574337532
1E2E,5.155861638456775
6KBA,6.824923350745726
6QHO,6.776806402519357
2IZT,6.874200844141344
6E5A,6.938366599940712
6BFD,7.18158184207814
4NJD,7.247328163886962
1HE4,6.9383666089813385
5KTW,7.105173963882447
6SUO,7.250663067904579
7AO8,6.986428003257533
2XCV,3.490199035659441
5TVT,9.598090444138645
8HND,6.864399096765543
8T47,6.938362291845883
3QDD,5.91776612132035
3POO,5.957266185632868
7GSF,6.409177006231719
4WMX,6.900245222164373
4TNR,6.872045252479211
3F88,8.62969553408086
8BYE,6.105108887642732
4TNB,4.819193773326187
6C1S,8.510177923395764
5TEL,6.411678875788792
2JFL,7.118571931074715
7OQW,5.267410697120162
4RN0,6.938366603386847
3L4W,6.624470393914447
5ACC,6.968517756242516
2R2J,3.346226726221512
8W6C,6.878934724549384
8TRW,4.059766988724807
4WSY,7.780187942308141
7SQL,4.363048677226114
7YNQ,4.08049589542933
3HG4,3.433010635711365
4KXB,6.841699400252129
8EBT,4.101950980494806
9ESZ,5.061524588356115
4GJ3,7.125269600667124
6FYV,6.730569879268154
6QXK,7.759999206634477
3FC6,7.064445621090352
2D7R,5.680045744742227
4AA0,7.294170681407628
5AUW,5.059742381074635
3X1I,6.938242084849635
6A4I,6.407629212310669
3BL9,6.5931044126163965
6YVK,6.280540653028093
7YXR,6.9356371261472
5Y49,5.1896164275625205
6QCD,6.275352303250097
6WFK,6.938366602711461
3SP5,6.714855022150991
5VIL,8.81018535150208
7LAZ,7.115456660333492
5TF8,5.298238171577604
4ZNH,6.901965884933413
6JWA,6.923839388665329
8G1U,6.230374752883698
5AQZ,6.655504175942488
3VW6,7.839673519325437
6FW2,6.938366603482532
2VUW,6.830749989565198
7MIH,7.0974759917218915
1DGH,6.800375821719346
7B4C,6.726119777888295
6AY3,7.315121652015106
3A7I,4.700320665344037
2V7A,7.085926255072616
5RK3,5.433265605902465
6WH4,6.617234265477113
7BG3,6.93411048463863
5DXR,5.916828591672296
3G9L,6.139949372392586
5ICP,8.409844633270861
3DKO,7.248265252793752
5M4U,5.961637975915892
6IZM,7.365169726120716
5Q1I,6.645691770434042
5ENH,5.426716866423088
4W4W,6.9739355435046
4RWA,4.612995278021544
5U3S,6.521051983612978
7WTC,6.080036417059094
6RQ4,7.64113809803829
6EYB,6.186073361821846
4OTI,7.246807926559046
2FJM,6.857721928382126
8HUL,6.450523965734925
5KTX,6.972251763084892
6CM4,6.953122368352303
3WZJ,7.474737981519374
7M5Z,7.303755605976912
6LIL,5.084389612195536
8G5D,6.778931157730734
6S39,5.042695441234561
4YP8,7.8804388790991835
7R4M,6.938366603482532
2JBU,5.305330952923031
6LKM,5.512823406085428
7PW8,6.7574245774392665
7RUX,6.704655845681494
5VDH,6.915585722324269
7AB1,6.497304354670696
5K7G,8.263576801950807
5AUU,5.27287979831372
4X8T,6.833633834848108
5TN7,5.7867800254456405
4JOC,5.921926646416232
7NKE,5.908135907011859
8HUO,6.914079353432544
5AAU,6.267010333682068
6N79,8.890856128404964
6LP6,6.604728591328126
3QCF,6.938366603482532
6SQF,6.827191620194575
6L13,5.468031410316847
6N8G,8.114501646968654
5S97,6.95068712754833
5OLG,6.709763985750582
7UGL,6.910287314544624
7UJM,7.692774957317305
8G67,7.367154261211215
1T84,6.893368993195171
3FT8,7.270354108231606
3FVU,6.012500259054302
8PM3,7.166260245171138
5IUG,7.340094127799133
6Y9R,8.703828004307407
5TM9,6.574759518142069
3ZSI,8.370549744843814
5I3R,6.976625877644366
7G99,5.239795895989627
8S88,6.282793861536755
3MB6,6.383380832167983
5EQH,6.9867256363708305
1OIP,7.203491028810704
4Q1D,7.790064848072278
3QCJ,6.9383584888869425
9FSH,6.801752632983558
6EBW,7.871707239970675
4G0V,5.868281752484709
6C99,6.469422415177997
5WU3,6.049834316869702
5ZXF,6.222696292948229
7FYF,6.935537920188989
5O8V,6.561680313141454
6R6X,6.273527301773514
6GVH,5.7754191164145
9CTV,4.641126809889296
3FEI,6.262453346970073
6QFT,7.450133939480592
5U2C,6.960403614319564
7LAK,6.804141429739564
5TM3,5.199816387109449
3VQH,5.92975134362085
2YE5,3.674590040036479
3PRZ,7.338056958434823
8HLP,6.3618449382296065
2IW8,6.999553067797686
7FVF,7.4472656761845535
7KK5,6.9119695961349095
3U10,7.280871837967979
6SMA,3.8186152174119106
5TC0,7.590166704988186
5U3T,6.5707166290799535
8JEW,5.20385569904472
4EWH,7.433860014239708
5OCI,6.627333078117467
7S1R,6.938028456164625
8AKA,6.3198867686478
4RFZ,7.390140900530654
6ZOQ,7.42738620142663
5XQD,4.7495810501310585
6NUB,3.7048739964760475
4M0Y,5.3635888308729145
7BSU,3.0895739741747232
5JZN,6.847426792300354
7X3M,6.938366603482532
4MXC,8.160218175003422
3OP5,7.498247188285037
7ATS,7.807292300021656
7DHN,6.8762979010470024
7YBP,6.937868303901521
4ZTM,7.609871991262326
2BVX,6.911759913425875
5S8I,6.669643776182334
6ZGV,5.117728455696257
2V3O,7.426073183608138
2QZL,6.952854179502973
4UDW,7.346524229458431
2H55,7.013337988489937
3G90,6.350073095119532
2JH0,6.910205902680953
4O0V,7.387364071285392
9FET,6.693814428352778
6HMP,7.5213746907446115
7FSV,4.1667677226613105
7FS1,6.1441458960060205
5ENB,6.888454650570354
7AVT,6.414129846062044
6ZMK,6.730928250445245
5FTO,8.097198747661995
6L15,6.197802945928243
6FBO,3.631536718292036
3GOK,7.1390712488457755
5O0Y,6.828340574755919
8UO9,6.935552770174854
1M48,6.85422727821503
8DHG,6.636464531560241
6NF1,7.821777904243104
5KPP,7.455506496487872
6B0F,7.1978600510719914
8E8C,5.987404963798796
4AF3,7.520041610935397
6WFV,5.895471499167437
5ZGG,6.938366603482532
3KMR,7.547580845738411
8REJ,6.882091429213789
5H15,6.9351848526399476
6F3I,6.5646939574921594
3S4Q,8.916043934757177
2XJ2,5.978906416474321
8T82,3.5623551250004613
2UVZ,7.224576336073173
6YVL,6.274472647889794
6F84,6.938366603482532
5WGQ,5.867846118935306
3Q6E,7.300616139027026
5Y3O,5.837084370710686
5HF5,3.7652892342828683
5FGK,7.0737483518730855
3WZU,5.899724554335381
7Z6H,6.938329151738686
8R1A,6.340006633971178
1UNL,6.996224620482254
7G95,5.889835625176376
5Q1G,6.937380569594026
7BQ2,6.793567759497303
1ZKY,5.928511470205121
4B99,7.220180949604824
5N5M,6.891594814962376
6FT9,6.949724805879746
5EGV,5.473103389613883
4HGT,7.749988950853014
1I0Z,5.993935247363538
3QCG,6.938366603482532
2I17,6.938095836716672
3OTF,6.96861008360209
5AX9,8.090167734202751
5RKX,6.564071881499126
3RT3,4.911365511635218
1LHG,5.814706117640909
4D2W,7.153797648337966
5A1I,3.9195321458984655
2BZ6,6.902244365027923
8X92,7.467878905721896
1AI8,6.674025100639864
8XY7,6.339895650958315
6MH1,6.674132322811035
2PKL,7.059670155699372
6MXZ,6.944464295980159
7FVB,7.182428891867978
5WRY,7.378381753466192
2XJC,6.685527369939896
7AQT,5.866917276561647
7FVJ,6.938507436477611
3O8X,5.651489784408556
4URK,5.969825688043744
4MP2,5.439757285567495
2BIL,7.138598204190235
2RKZ,4.45095488502791
6S86,6.938364497093668
1PYN,6.820967295967527
7ZI3,6.888374066865353
8DSZ,7.113156942387129
7SZC,5.9469641472695995
8D0Q,5.962476949323699
5EXW,6.448641591998263
6IAR,6.938366603482575
4PPA,8.678889395145614
4NYX,6.369545297701629
5U6J,6.95380531337475
5U2F,7.016419334033598
2BXT,7.050813437033462
4PS7,7.399646986553215
3IFW,5.488957235622825
5QD0,6.782969466072268
8OP9,5.973382451457978
9BU7,6.93453010781726
6PSJ,7.416895819613276
1XK5,6.937377586440627
2HZQ,6.948615380283507
7KKE,8.105366289546756
7G9I,5.04577725371128
9F7W,4.772426232978534
3I25,6.939951125023792
3PP0,7.949736807848919
3LQ5,6.970121105066438
3ZS2,3.8476737985019533
8XSM,6.7660253394657035
4ZNT,6.626849557796477
3V49,6.977151342475307
9ET7,5.359872262362272
6JJ5,6.686722052800079
8JCV,5.9340426651289775
7MTB,5.760977637041299
8BX9,7.843112711506332
2ETR,6.416581474728393
1MU8,7.685939425730371
5RJZ,6.180267974689914
3PO9,6.44774679168027
5TLV,6.811626934159409
4ZNW,6.77129459324702
3PTG,7.185975270422864
5D9K,7.37984380867988
5C5A,6.450074154024335
4Q1B,8.71047682300166
6FQT,6.505292617128975
6ITM,6.524135890131258
6QE1,7.012620470469676
5Q16,6.836083202432062
7DH3,6.859207879377501
8T5K,6.765871962816772
7ERA,6.938392724045977
6Q4A,6.728894717887142
8E8B,5.638952350791042
1CBS,6.933136527848961
7ONS,6.91958296921729
1H8D,6.45814805969928
4RG0,7.290097592113638
2VSL,3.504045047200818
7O20,6.74103685926814
6AWO,6.243056093454744
9INV,5.989006166107565
2FWZ,7.012161117393799
4JXF,7.9711113021594855
9LJ5,5.488619676495356
6UKW,6.940211494818686
7ZU2,7.065151213414876
3O8T,5.829409044744897
2DOH,5.705004464873688
1A3B,6.854509376737894
6G34,6.857019915135746
2X9E,6.749962038292246
1GCQ,4.153475831420007
3KDT,6.945224484002856
5EI2,7.890498050684764
4N3B,6.938359360892052
4BCI,8.21013526905011
7O70,6.939624246021584
3R7R,7.012118104692572
2VO7,7.149508611750599
5WIJ,6.337801261390907
2RJ8,6.836853918029824
7B1Q,7.13478201268936
4FSN,7.798150138480867
5IH8,6.748918671577199
4WZV,6.941732409953136
6L11,5.801422376710149
3KVW,6.900075641957832
7N3R,5.908549437231749
7AEI,7.946366869150203
8PAU,7.312662691897908
6M2B,6.593358283846364
3KA0,6.6182088631187375
4V26,6.779852008698972
6MX8,6.668113129874625
4WAF,5.116167988419553
6C5T,7.304678020231481
6XEE,5.315905814762011
5Q0S,6.933030212890096
6NJA,4.545122110708055
1O0D,7.034649849045382
4FV1,7.714394161888881
3OXI,6.19561971198099
6CJF,6.685762270564436
4XZ4,7.8325834670195995
8HL7,5.480961634707987
8HCK,6.22461355964017
5AND,5.403977173396911
6TND,8.854239127386933
8BYD,6.211185632252091
6UO8,5.719243694500568
1YND,6.891988766946854
5Q12,6.89675065436344
5QQM,6.021926321292195
5ED2,6.536711084858045
2WIK,3.6384599016503683
7KT3,5.3456430571289335
1QKM,5.8427579673785095
2RCW,6.845356105786876
4HG7,5.93542825638035
5NLK,6.926415990237751
5J3J,6.451466550990759
8AAP,6.849391785805824
3E3E,2.9047734657204396
1K22,7.070926679252145
4W8D,6.5101851421379795
4O0Y,7.359979520235028
1NMQ,6.75714570011087
5W0L,7.330204026823937
4R07,6.055315953721941
8JNZ,6.337516579364246
5VD3,7.560946805203879
9BC7,6.7017311505784924
5S7V,8.398226067838001
6XLO,7.347090607883744
9CGB,4.70475454329746
1FAK,5.663282365124562
3TO4,6.938359718064385
2FES,7.387145529760648
1XJD,8.115407692173413
7LU5,6.504495169801856
3DCV,7.487627892528775
4RXS,6.541556250973444
7P4E,6.6154149831365725
2ZO3,7.155440572638456
5AFZ,7.1577047493767765
6HMC,7.84428474422266
3FD5,5.7469217132218695
5Z1R,6.90081538625901
3PXZ,4.520821074231188
5DTV,6.936964839576285
5T1W,6.91975068958342
4ISH,6.811429796728135
7GTR,6.278761311231868
4U79,7.247227074229411
7E0G,6.877352597311654
5Y5U,7.7601721466486735
4CTC,8.252936658080426
5JRS,8.40999917668593
2BU5,7.770176278302339
5DIE,6.175364448084173
4IW8,7.530369460050747
8QTH,7.018923836346795
6ENQ,7.008159071430768
6W44,6.872082969528172
5BO6,3.470704654757891
7LH7,7.090608462466565
6M8A,5.269798772149416
6EJ4,6.481558950471633
6M8E,5.364160159015519
3WI6,6.230515120226979
8FVF,6.916683378511212
6P3D,7.7967919718931675
3F82,7.51771393864535
6AF5,4.5605869983939105
5I88,6.967459122330216
5DKE,6.564239882506762
7CD9,6.946204144032011
3CDS,6.093758208329058
5QE3,4.00260118117389
4UXL,9.021326829149423
7SFL,5.65547066339485
7NWK,7.128091630013783
3LZ5,6.938366603482532
6UKY,7.149652907576847
6WUZ,3.5644370175247184
3VC4,7.610276879772677
2XKW,7.023444490300664
3X1H,6.938180581235953
5HVU,7.879961239699363
6F2U,6.938366603482532
4AYT,4.568195133750021
4A4V,6.099893816634813
5HNU,6.938366603482532
9CQC,2.9856783416873673
7XYH,6.297610740480227
2IL2,6.9805149594264515
6N7C,7.9062205538403365
8KEI,5.903902627410734
7APO,7.686482494263164
1ERE,5.846336413391425
3EFW,8.991156170481961
1O43,5.670052327868676
6SLW,5.014827228781325
5RKO,7.62784186294461
6HXF,7.681691336936231
8P71,7.750884088640392
3FEJ,6.595317791501406
3SW4,6.464270009065315
7NEL,5.913209762066525
7ERB,6.938390118172937
2ZK1,6.934607493121463
3HMP,6.192878575530322
6AFA,6.368216539524216
8V72,6.910666445876128
9IWO,6.911703673948011
5Y93,6.807278420489072
5S76,8.366278036154092
4QXR,6.119619171533348
5KPZ,4.208082835925309
5L6P,7.2498349887944915
7G1R,6.948750561531927
4PNZ,6.361428112018244
4RFM,7.125608935120548
3BHT,6.578494939188818
6DCU,6.16158595754851
3U6H,7.7235565522304395
6NG0,7.8872746480547224
2P3G,6.9100960130291025
5O8U,6.322176196443093
1BHX,7.114231436235281
4V3E,6.938364396341799
8DV5,6.928249967370817
6YIJ,6.938367682398348
1PXM,7.230172280869434
7C2Z,5.964942543053843
4TO1,6.884285857324581
2VEY,6.937852420882803
4Z6A,5.31663946598862
9GR0,6.900486888393479
6X1M,7.319265412531955
7G9B,6.377626090641872
6BTY,7.103772246190131
5S8E,5.347510384768534
5G6V,7.929626009561326
3EB1,4.689030431045531
4XVD,6.938366603482532
4BC6,8.88569477515673
5TMS,5.720689470777538
1UZE,6.948746039067705
8JPF,6.8146582744120385
8REV,3.081547807951498
5DV2,5.757720482129135
3JYJ,6.7924557658568085
4MPV,7.0746019366781825
8RHG,6.0051715915323545
2WF2,6.938373956857035
6IEZ,7.115077926405813
6M89,5.404490207333284
7LA9,6.981349670965167
5MQK,4.930147126947384
7UN7,4.707103991321647
8OV6,6.922904464281033
4IAA,6.894964799734512
5U6B,9.275747127919608
5V24,6.984263531664912
2NRY,8.566291483685111
6OQA,6.957440426103808
6NTN,3.8353167408162077
1GZY,6.366340481248664
3VEY,6.370732439310952
2A9J,5.935745791341161
5QIG,6.883140033011245
8OME,7.015217671870476
2PX6,6.928275507879477
3PPJ,7.65573612161341
2VGL,6.698195096213846
3L3M,7.120173022528737
6CZ1,7.084641382808345
1PKD,8.52801843425976
2QAB,5.876097554049203
7VWH,6.776967770328963
3T42,6.938366603482532
5JJM,7.0996551434810575
7HB1,4.750412684649181
6IN1,6.388375237112143
7D3E,6.936178205656024
5KX8,7.409843616656527
8AOY,6.941610741841036
4UMU,6.907280928702301
4PS3,8.269121677882202
4PP6,5.484998624756305
8SS7,6.856666550891346
9KRH,6.901387019374283
5XF1,6.834355600194073
6UX9,6.6495798151927215
3LXP,8.185868310474705
7K71,6.831548294880516
5TES,5.373916192741964
8JL3,6.937975729362172
2H52,6.078956779820198
7G8P,6.7128150608255694
6YMO,3.87843525554981
7ZVT,6.931539272512404
8TSB,7.504140198963686
4IU7,7.049627352921613
4LSJ,6.773464218115662
2FHI,6.938366603482532
4G16,6.860257888233727
5DXM,5.168244964285929
5H1U,6.066508632620309
6NN4,6.328464088639637
6W2L,6.913456494397286
8UQ7,5.2200298035971295
2HRQ,6.692578725226937
5RKI,6.689286828121505
6Y6F,6.870625167494662
5TLX,6.365223037878809
3SOA,6.034910135552868
4KIK,8.010774620374292
4IVY,6.909597611587919
5LO1,6.966114479588068
6OHD,9.36958620900465
3ADT,6.049461595323097
6V87,6.611061486262743
6PZP,6.988135907501983
7AAC,7.285379897490056
2X7F,9.091399929947247
6X85,7.069561471876249
8U56,6.778839125706851
6FNC,5.784305940113403
3OQF,5.884856292690477
7OBL,7.041173089871756
3HO0,6.302533336809635
3QPV,6.810505589071392
3TTI,8.20987192539342
5J1V,6.288582653039656
6AFC,6.583868074985608
6YTG,7.426150740899958
2BU7,6.922134887297874
8QNH,6.984929062903095
9JD9,6.003280685386401
1BCU,4.51637034728253
3I4B,9.254408473036602
5IA4,7.196529550329222
4D2P,5.690140847104052
4A9F,5.349081848507845
4W7T,6.364166430955535
8WEJ,6.879175234518209
4K33,4.100768908084836
5TMQ,6.091935024083193
5TMZ,6.38450027537931
7NFY,6.938367259805072
5QCX,6.734629342337711
5Q0V,6.995828543162408
6ZOS,7.46138168151634
6HLP,6.9627697478462025
3R58,6.938366603482532
7DG4,6.922242817373339
8HHP,6.4300823902050634
3GZ9,4.732045871513254
5YV9,6.750263653826151
2OIC,8.409908303978689
6EIR,6.78006486856562
8X2A,9.68114737266399
5DLR,6.46159862344357
3NZU,7.903663696994646
3V8T,8.601814840825307
7FVO,7.046696859296765
8BY9,7.267825818950102
4Q93,6.697673726045875
3HOD,6.300418716732156
3VZV,6.464909801682782
6WGT,6.259031174026232
6YIM,6.291060496594406
3VBY,5.25505924798229
5Y1J,6.735038874779146
6TLP,6.887740981786378
6ZUU,5.826575024110531
7DPN,7.1384760403449885
6V0U,7.1631131915650235
3HU2,6.938357789813488
4E5W,7.1911671140163405
3F8S,6.947239669893184
7FQO,4.5722136280611565
7TRB,6.9383981600399345
2BIK,6.789611211772058
8BDM,6.939446773191721
7JGV,7.7024554858309
3PXY,5.219711403073598
3LS8,6.437252328408191
5UR1,8.515869081712605
7NV1,3.103014236860059
2G9X,6.9621634845133915
5H25,6.2352081591549
1KV1,5.7999480798819665
5KRO,6.945443370339542
4BJX,5.748325006493316
5DZ1,5.694787857703419
7JP3,3.6908638737506783
9EWY,6.929216162338465
5L6O,7.2057010449690235
5TM4,6.638242415852667
4R95,7.149905081993055
5Z8R,5.951789632273048
8DGS,6.933899527735527
7R4P,6.833653502705513
7W7X,8.431402078221405
1AIX,7.3973542102238765
6VKQ,8.15885254583472
8IJR,6.937449065809092
7KSJ,7.715447075299996
7FJF,7.330367184566318
2OUZ,7.141452150741359
8VNX,7.146395342960916
5FBX,5.295941546364897
4F7J,6.013032818802014
6QCN,6.298805996927141
8J03,6.040432452569579
6DWJ,6.889664194307147
6KXX,6.916711410956068
2FKE,6.868778698541963
7MR5,6.994605882118992
5Q0W,6.9379684130850805
6CNX,6.939136896430183
3HHM,7.910199895026858
5TMU,5.159575591700041
1O7S,3.2577980746956396
7FIC,6.985708018437946
5S90,6.877927938706257
7RS9,6.97610191917186
3WMH,7.072083602494759
5S8R,6.96312257217608
3RK5,6.460848107515046
7UKZ,6.959100221510731
7U99,7.8925853050272705
7NEZ,6.448437708001207
4ERW,8.000204879757222
5AM7,7.445708113183807
7Z5X,7.402162408481336
4TQB,6.310386621265123
2VWX,6.917808871590315
6P0M,6.855172657408281
4JVS,5.909558201307642
3GBK,6.888809779138616
4PVU,6.560516063319312
5GSA,7.1673696903111335
4QMU,5.879766227887945
5RJJ,7.382028209212206
6F7Q,3.5876312133184487
4AGL,6.935243171090656
3FQS,7.400156865842524
5LRZ,8.44123558147869
6F81,6.938366603482532
7G81,4.652648652465643
7FT0,6.270760729954236
7TD4,7.055616471805112
6VKK,7.182226420807781
4IUI,6.6435621055807275
6GGN,6.652719248118679
3L17,8.269579461978621
3OWD,4.700594627752744
4MS1,4.6705666384427795
2VEV,6.938003613526912
6NQ2,6.448053090016992
6L12,5.541301171881118
4C4E,7.226608968815663
6KZI,5.912476607721434
4GSS,7.0438800138341495
5DKG,6.764640442521303
5SCD,5.091476464440821
5U3V,6.227979638118749
6WI3,4.2674568828740655
6L96,6.801327088873092
4XI9,6.950185383475677
4OIV,6.927327229493422
7V3S,8.045162704341674
3CST,6.776480546760439
4OFR,6.999687823773712
7U8D,6.87933121597989
3BUH,4.223645439730516
2WIG,6.938804393052496
2XP2,6.952684715240962
5UVX,6.995088663603695
5UEP,5.379102149939676
5MMG,7.420149039496611
5DYX,4.825650305964469
6OPI,7.31727932267902
7CR4,6.8518935508756575
7ZRB,3.960516854780702
5F9B,6.938315603634626
4EON,6.060341181652522
5JGB,7.90031274430948
7WEU,6.73635406223087
5RKQ,6.799111319120074
3V2W,6.601413342113534
2YJA,5.854951030312292
6ZCD,6.869072376221128
3V3V,4.654031403495493
6DWD,6.8721696947029995
5H1V,6.71847694590105
4CRL,6.938320651125876
8BDX,6.938366597431475
4AGM,6.930494262831065
1QKT,5.528458911750888
8ARW,6.343530210031238
4CMU,7.973671405483689
4MGK,7.070331096254624
5XYZ,8.110056742165446
5EP7,5.85067432877843
3G2S,4.528326440840635
5J2X,6.511474870233647
5WUU,6.262149280199905
6MDB,7.011105934463131
7D3Y,3.739629958995563
8HLT,7.638550907412139
5MO3,5.261445002150455
8F7U,6.926601482283037
6CJH,5.7294138906132694
5H85,6.028078508865072
7AVS,7.053557377412314
4Y03,4.790586158152632
4ZNU,7.047768645931116
5VO4,6.7201586779786044
3NS9,7.204316126707141
3JS2,5.661425285885349
6DF6,6.861769599720372
4GK2,7.848472913717805
4H3J,7.3531481065465405
7BDI,6.936881658998143
3EJ1,7.013530378062297
8ENJ,7.14579399517673
7AOS,6.905004907696992
7CQE,6.927538452377502
8DBE,4.455036354280619
3TV7,7.16589381758917
2RDU,6.908087779519774
3OS9,6.46626870470344
1V1T,4.205956938176666
5JFV,7.301630826547134
7N3N,6.008093853123615
2NO6,6.788417783985069
7G9J,5.108651369390763
2VGF,6.43486063905392
7LM2,8.530938838688623
5VD7,7.820571746197397
8BFF,6.637719227604117
4QIM,7.494225381308437
5TN5,5.641249827184468
1W8C,6.324890356436628
6T6F,3.080641380308267
6GQQ,8.020281277912245
6FER,7.3389959489714185
7DHK,7.299062851117003
8V70,6.636865032056386
7KHJ,6.885951532778375
3TNW,5.928056656554761
5Y94,6.604265144720332
6Z5B,7.780634434936018
7R62,6.862144086591387
7YAW,6.990712246874003
7XI0,7.272863200463375
4N70,9.653693214996803
7ZLP,7.017542499136428
7W0G,7.13302319584494
7FXF,6.563532687241435
7P1L,7.363047809978199
4U6Q,6.074647043405855
6MA1,6.968692776550331
4QO9,6.734275609268467
4MF1,8.539807338327213
2VD5,7.115225712623673
7SHP,6.938366602716251
8UH0,5.978813217642408
2G94,6.941861914360148
6Y3U,6.866213631537895
7T0Q,3.418435196912472
5IHA,7.7367435990552975
7KW1,6.938366583850329
1GI9,5.230160151413924
2ZV2,7.3342430162837395
6BRJ,7.056735068695609
8K6L,6.90345292361655
8BI5,6.850375532043493
5AAV,6.953211756446745
8F5X,3.979473323060845
7C7F,6.938366603482532
3ADW,5.617068521509363
5X02,9.840541102191914
7ERE,6.938391310321002
6TJM,6.330086269616583
6A5W,7.154879607109618
7OTP,6.838317281518009
1RW8,7.343373978012935
6FCJ,5.039598097641426
1XU9,7.16820994630413
7BZT,6.992461504091676
8BXQ,6.965036081413704
2BU6,6.874083437163812
4HBN,7.052264274954183
9FGC,5.496488726819926
8WGB,6.695143998044691
5QE9,6.895744180025285
4MP7,4.88995002122949
5S95,7.48493465853892
8BF2,6.826766388329574
8U27,6.976195498067034
3LBK,5.946847931624972
3W33,8.985655701134293
3NPC,7.078333514599997
1UEI,6.83941028747183
1ZNJ,3.662548586930019
6X4H,6.438759947433237
4L1X,6.938366603482532
4N3C,6.938325860623212
5EKN,5.729720333850393
2OBJ,7.289708798669486
1WUN,5.415042234163988
7BDP,5.287570609518805
5U98,7.474112960900184
3R91,6.979649732115556
6G38,4.5087214719183795
9CTG,6.085455190744519
6X5P,6.933304289967707
6FNI,8.179576664181932
5YAK,6.983117775843409
6LLE,6.1453333768808776
6X86,7.165997035416601
3NAY,8.11728518677789
5MPZ,5.069199507571673
7M3G,6.575664180653398
7QFO,6.947288043223219
4O7C,6.8175792701668865
3EPA,4.572929253334119
3UWE,6.938366603482532
6N3Y,6.713733079897467
4BCF,8.160216804501207
5TGZ,7.033353870073485
7CLH,7.558984011826553
6OLX,6.6373230542933985
5TN6,6.542181443872424
2AOA,6.4441950780668265
5EI8,7.404129316340913
5LRQ,6.676770567574489
3FYK,6.867090981913073
6NPN,6.938366603473122
6PDI,6.868107195865702
7OQG,5.453276172801073
6O67,5.948366982447209
7EM2,5.119073942042038
6AXQ,4.453740980551113
2ZMF,6.9492805349930356
2PQF,4.812764835730691
4LZ1,3.7654858633130543
7EM8,4.844086114793508
3RDH,3.94268869252102
5HDU,7.395647415450426
5WG4,7.768327674645098
5U3Z,6.548259654283276
3PRE,7.1433219024024455
4FM8,6.95573297278583
2RFS,7.309003605857238
5OKO,5.154712819255463
7G8K,6.755792029374655
7SQB,7.109030558473963
4QOF,6.949378367660118
8OFA,6.425940741243392
6NFI,7.2524298594277194
7AJM,6.772771819239759
1YIM,7.136687787677157
8BOX,6.9380043530062245
5Q13,6.863003986892076
3KB7,7.55605078639388
4X93,3.406479672962824
2XYD,3.746745982510662
3OMM,7.055532078112818
4AZ2,6.843915740231676
3U9Q,6.366978643795372
3U11,7.223409720468748
1PXO,5.6591500183406644
2QH6,6.047554966761165
7N2M,5.608075082781225
7FV8,7.033702329669982
1T2A,6.9966428523035695
3IA6,6.948676906838952
6C1B,8.080481425058732
5N5L,5.8084976952066665
6GL3,7.950308185711517
1UNQ,6.107377088817732
4EUT,7.205811994653464
5C27,7.897763449133528
4US0,6.07163811998795
3R8I,6.918125298474904
6IO0,6.682116728968938
4W4V,6.949892981191806
5FTQ,8.166120062163051
7Q7L,6.9464227985925575
7G97,4.427798821710017
8ADF,6.474827810998406
5MAF,8.22812036237535
7AJ7,5.921607465630405
2RDT,6.868422065650738
5RKW,5.9309415209721585
5M53,6.220140023597612
2ZDT,8.009682637530432
8BXN,7.070743265177569
5RJV,6.6574764211517286
4L8Z,6.85320604269482
7G9A,6.921766178670838
5RKV,4.110830592264132
5I8A,7.037681266695233
5BV6,7.24601513588994
4X3J,7.419670523761244
4XUD,5.513977930649995
5RKR,4.27508304785899
8FJZ,7.03055523550963
6W4C,6.828565837214977
2VJ9,6.521914382600152
6K0T,6.947501692275187
8F1Z,7.643943660080691
6OPL,6.938366620259862
7XYD,6.576150425104142
4RKA,6.720136847777076
3DHK,7.0043163259783485
4HMN,6.938366603482532
5MRH,5.526950720244487
1HTI,3.1730574060405585
5TBE,8.912492088103507
7RCL,5.0942607199485215
3ET3,6.513330009661523
7FX8,6.934620920506829
7SSE,6.964430539081796
8PT9,7.1614499111472325
3F2N,6.070481734270945
8PTZ,6.567475515035053
5QDR,6.9625036191824385
4OLM,6.9501438052882945
9CBL,5.658433200446368
6M91,6.754815566706351
4KLR,6.6790777414428195
6G36,4.684519262714069
6EL9,6.937111916399798
6XDB,8.004814467298385
6TEC,6.13818083381283
3NZS,6.632734633887761
4JKV,7.021817064790297
8C1K,6.926177980647703
5TDF,5.620506880318452
4ZMA,5.937171255173962
3FY0,3.1070618355717743
2EXC,8.08640990383582
4JQA,6.625843764287374
8T4Y,6.155672198656433
4GV7,6.092005242312133
6R3D,6.354475667036836
7PGQ,6.971554908645582
7FXR,6.846557698702104
1A52,5.884396319366024
2Q7I,7.031529732369605
6MOM,7.844833155309174
4AS0,5.492733001548188
3EPC,6.936508268142523
3DKJ,6.218851717293826
4YJQ,7.752988730185356
6GTT,6.685054972705602
8BEM,8.03425467301698
4QIA,5.153540507546142
5S8H,4.733412227268095
8ILR,6.864537484061482
7AJW,6.683708761758893
8GVZ,6.648135365694214
4EHZ,7.005593283886755
5UGM,6.94906547619492
5KRF,6.811727059293602
4ISF,5.683574014392113
5I2E,6.851555952632534
8JTV,6.933152940281028
4PXZ,6.897216549271218
7UGI,6.826987656896248
3LM5,5.396281281855595
7FY5,6.675685720788751
7EAT,4.641244882794204
6UBW,9.074317920722276
8GVX,6.832316186693423
4BB4,7.463733393696453
5HOY,6.9061225622666855
7BJ6,6.980461783114238
3DPD,5.790043734844373
6A5X,7.115306837067471
5KRJ,7.374452105176885
5Q1B,7.830792155061133
6GIN,7.676526133624041
