PDB ID,Ligand ID
4O75,2RC
5J5T,6G2
7L24,XHV
7L26,XHM
4FR4,STU
4IDT,T28
8FJZ,Y3I
7M0K,YK7
7M0L,YK4
4IDV,13V
7KAC,W9D
8FKO,Y3O
4Y83,49B
4Y85,499
4UYA,AGS
6KHD,3NG
6WPP,PZ4
7M0M,YK1
6CD6,DXV
7L25,XHS
6NFZ,B49
6NFY,B49
6NG0,B49
5CEO,50D
5CEP,50E
5CEQ,50F
5VO1,9FS
8XN7,A1LVT
1Z57,DBQ
6Z1Q,Q58
6Z1T,Q55
6CQF,F97
5IU2,6DA
3FXW,F10
6Q8P,HQB
8CDW,UES
5VO2,9FV
5X8I,SQZ
6YKY,OWQ
6YLC,OXW
7SIU,9ID
2Y7J,B49
3FHR,P4O
3R2B,05B
8YHW,AGS
3KC3,MK2
3F5P,741
2YN8,STU
5J1V,6FD
6FT9,E6W
6EMH,BME
8OUR,W38
8OUS,W3I
8OUT,W3C
9CDX,A1AZP
9CDY,A1AZ8
2C47,5ID
6QTY,V25
8DEG,SIQ
6YTD,EAE
6YTE,EAE
7AK3,RH8
8PAS,XOH
8PAU,XOR
4AAA,DKI
2VAG,V25
6TW2,V25
3V6R,CQQ
3V6S,0F0
7R9T,2TR
8CIJ,USF
4D2P,6Z7
4D2T,3I7
1SM2,STU
6R3D,JQW
6R6E,JTQ
6R6X,JU8
6R8J,JUW
5KKR,6U7
4BBM,TC0
4D2V,45R
4D2W,NF5
4UMP,5QM
4YFI,4CW
6B5J,CV4
7OPG,EPE
3ZEW,STU
7NRB,P4O
9D00,A1A1A
7R9L,2YE
8P04,WAK
9CZW,A1A1C
9CZX,A1A1B
9CZT,A1A1E
1SNU,STU
8YP5,1FM
2X4F,16X
2CHL,DKI
4YFF,4CV
9B14,CRN
2A27,DTT
3R1N,05B
4X21,3WH
7R9P,2WI
1PMV,537
6CCF,H1N
6FT8,E6T
6YTG,KHC
5AJQ,DB8
3FME,STU
7O9Y,V5T
7OA0,JTQ
3A2C,PDY
3TKU,M77
4AGU,D15
9H8D,A1ITC
9H8E,A1ITA
4Y46,4F2
4Y5H,519
3MY0,LDN
1U4D,DBQ
2HW7,STU
9NC2,F97
7JUZ,3EW
4KKH,1RQ
5TVT,7LV
6FNM,1N1
7R9N,F97
9BI8,A1APL
5UKF,8.00E+01
5UVF,7DZ
2JFL,DKI
9B0T,CRN
9B0U,CRN
6FYO,EAQ
2WAJ,SNB
4U79,3EL
2EXC,JNK
3CGF,JNF
3CGO,JNO
4BKZ,1WS
5K00,6PV
4W4X,3HN
4W4Y,3HQ
2IZU,P01
6HXF,R70
7UKZ,NK3
3SHE,I85
3OP5,REB
3SXR,1N1
5OWR,1N1
5TWY,7LY
5TX3,7MY
6FYV,3NG
9H8F,A1ITB
6Z50,Q7K
5LOH,STU
1PMN,984
2O2U,738
4UMR,QBB
5TWZ,45R
4W4V,3H8
4W4W,3HJ
4Z9L,880
3G90,J72
3G9L,J67
3G9N,J88
2P33,J07
3OY1,589
8BEM,AV9
8P08,WAZ
6BU6,E8V
6VXU,VBD
6NPN,KWJ
2CLQ,STU
6YLL,OYB
2ZDU,446
7KSI,X3S
7KSJ,X3Y
7KSK,X3V
3V5L,0G1
7MGJ,ZFS
7MGK,ZGD
3FI2,JK1
6VXR,F7D
3DA6,BZ9
3KVX,FMY
6EKD,BME
7O7J,6ZV
2ZV2,609
3NR9,NR9
8S6I,A1H5G
5HZN,66A
2OK1,33A
3TTJ,JBI
4BKY,82B
4UMU,0V0
5IH8,6BJ
5IH9,6BF
5IHA,6BE
5IHC,6BB
2VGG,FBP
7F3G,RXT
8VNX,WHQ
8VO4,WHE
8VS0,A1ACT
8VTF,A1ACP
4G16,0VM
4G17,0VN
4WHZ,3NL
3RAW,3RA
2IZR,BRK
3ZBF,VGH
4UMQ,B5S
5TWL,H91
5VED,STU
9QT6,A1JAF
3GOK,P4O
9DN3,A1A7Y
4U3Y,DMS
6FER,D6Q
4ZP5,4QG
5J95,6HH
4EWH,T77
2VGF,FBP
2VGI,FBP
2JBP,P4O
3TTI,KBI
7Z5W,IDW
7Z5X,AWJ
2B1P,AIZ
2O0U,C0M
3LM0,EBD
7S1N,86C
7YL1,J6F
2IZT,23D
6CNX,F87
6CQH,F8Y
2VGB,PGA
2Z7R,STU
3WZU,1FM
6QHO,J3H
6QFT,J0B
6QG4,J0E
6QG7,6HL
6QHR,J3N
8XFY,A1LU8
2BBW,GP5
6FDY,DB8
5MAF,DMS
3WI6,YRZ
4EQU,G6I
5MAI,5U5
4KIO,G5K
6I2Y,88Z
6IB2,862
2CMW,OLP
8ENJ,WNK
5EQE,5R8
5EQP,5R9
5EQY,5RA
7QUE,F7I
4HGS,15G
6BSD,1N1
5MQV,D5Q
6FYK,EAZ
3LM5,QUE
4MF1,29Y
5W5Q,9X4
7ORF,0G3
3FV8,JK3
5OWQ,38O
4AOT,GW8
2VWY,7X5
2VWZ,7X6
2VX1,7X8
4UXL,5P8
4UMT,47W
5JZN,GUI
4OTI,MI1
4QMN,DB8
7QUF,F8I
9F31,A1H9M
2IZS,BRQ
2CKQ,PC
3ANR,HRM
7OVJ,24N
5VIL,9.00E+01
5VIO,9.00E+04
3EQP,T95
3EQR,T74
4NUS,2NK
6FNJ,DWT
2VWX,7X4
4EYJ,N61
4EYM,0RX
4USD,R09
4USE,R09
4USF,6UI
2VWU,7X1
6OYW,NKJ
2ZDT,46C
4UAL,3FV
3RTP,34I
5D9K,584
2CKO,DTT
3F2R,HC6
3KUL,BME
4BF2,STU
3IPY,MLT
1NXK,STU
6T41,MFE
5ZXB,9KO
4CRS,AGS
7P1L,V5E
3QGW,PQC
4MF0,29Z
4PPA,2VU
4PPB,2VV
4PPC,2VW
4QD6,30T
5I3R,IDK
1DKT,V7O
5H2U,1N1
5UNP,8FY
4F70,0ST
4F7L,0SO
4F7N,0SV
6HK6,G8H
4U43,3D8
5DI1,5DF
6YG5,IHH
6KHF,3NG
2PZY,B18
5A3X,QIV
5A4L,ZC3
5A4T,AJG
3ANQ,EHB
5HES,32
2VWV,7X3
2VWW,7X2
2X9F,X9F
6JLR,BV9
2PNR,RED
4U42,3C8
3T9F,I8P
6VQM,R7P
4NW5,2NR
4NW6,2NS
7Z5N,3NG
6FNI,DXH
2XVD,AS6
2WU7,V25
3QGY,PQC
8R4Q,DB8
5A4Q,Y3L
5A54,5PW
6QTG,JH8
6QTJ,JHK
2ZI7,GNG
6M89,QUE
8V6X,YHH
8V6Y,YHN
8V6Z,YHS
8V71,YI8
8V73,YIG
8V74,YJQ
8V77,YJ3
8V78,YJB
8V79,YJH
6FYP,3NG
4HGL,0YO
6CK6,N45
5EKN,N58
5EKO,N17
6UWY,QKG
4JG6,1LB
4JG7,1LC
4JG8,1LE
2VX0,7X7
1WVY,STU
6T8X,B97
5Z1D,95U
7OVI,2GI
7OVL,1XZ
7OVM,21I
7OVN,2I8
1E8Z,STU
5VT1,9JS
5MAG,7KC
4OTG,2V9
4OTH,DRN
4U41,3C8
4ID7,1G0
3RGF,BAX
3CKX,STU
3ZOS,0LI
8V6W,YHE
6L20,E3U
6QY8,41
4D9T,0JG
4D9U,0JH
7KX6,X7Y
7KX8,X8J
6FYR,EAQ
8R9O,YN3
8R9U,YNK
2Z7Q,ACP
6EIJ,B5Z
6EIP,B7B
6EIQ,B6Z
6EIS,B6N
6EIV,B6Q
6EJ4,B7W
6E2M,KK7
6E2N,KK8
6E2O,S0L
3VW6,IM6
6M88,MYC
4F7S,0SW
5HNB,62M
3SXS,PP2
4BB4,32W
2VX3,D15
2X7F,824
8P4Z,WZ8
8XY7,FAR
8XRR,A1LV8
6KYQ,BME
6KYR,BME
5G6V,919
4PP9,2VT
3V5J,0F2
3V8T,477
3V8W,0G2
5VC3,DB8
4QMS,1N1
4BC6,XZN
6KHE,3NG
6Y6F,OD2
6Y6H,OBW
5VCY,DB8
5I3O,IDV
4BR3,U85
6N55,UZ0
5Z1E,95U
8V5I,A1AAA
6CK3,F67
5HVY,66X
6Y0A,JRE
3ZXT,ACP
5BVW,1N1
1VZO,BME
5A4E,7QQ
5UOX,8GY
5UP3,8GS
5V19,8V4
5V24,8V7
3NYN,SGV
7A04,QTK
3ZM9,QMQ
4AW5,30K
5UY6,8R4
8V70,YHW
8V72,YIB
8V76,YIU
6BRC,E5J
3MIY,B49
7KP6,WTP
2CKE,IQU
4JLJ,1NM
4JLM,1NN
4Q1A,2XZ
4Q1B,2Y0
4Q1D,2Y1
3VN9,ANK
4CRL,C1I
4BKJ,STI
3LVP,PDR
5AIK,AWR
6XIH,V3S
3PTG,932
5EBZ,5TL
7NXJ,5I1
8OKU,VRU
6GTT,B96
4TNB,SGV
2WU6,DKI
3LW0,CCX
2ZM3,575
4EZK,0SD
3OXI,SYY
4XUF,P30
5FDX,5X1
6M8A,LU2
6M8B,KMP
6M8C,IRH
6M8D,J8D
6M8E,J8G
7BCM,TBK
5B2L,EPE
7CBX,FU6
2Z7S,P01
8JFL,FAR
9HZ0,A1IY7
8PM3,ZLE
8HMT,LWX
4L7S,G7K
5YV8,91L
5YV9,91O
5YVA,91X
6BQP,6T2
3MTL,FEF
6FNK,DXK
3TL5,980
3QQU,01P
7MU7,DMS
2OIC,STU
5X5O,7Z0
6CJE,F4A
6CJH,ET8
3TXO,07U
6HP9,GKB
3ML9,ML9
4DCE,0JF
6MX8,6GY
6TSZ,AGS
5FTO,YMX
4MQ1,2C3
4MQ2,2C4
5IKW,6BU
8FE9,WTP
5YVC,SU6
6EIF,B5T
6EIR,B6H
4NST,AF3
5ACB,5I1
5UYJ,8R7
8TUC,O7I
4X7Q,3YR
6TU9,0LI
4GB9,0WR
5W4W,9WG
7YAW,IGS
6JUT,C9O
6JUU,C9R
4NCT,2K2
4TPT,35H
4F6U,0SR
4F7J,0SU
5BNJ,4TV
5HBH,5Y7
5HBJ,5Y8
5ICP,69Z
5IDN,6A7
5IDP,6A6
6R3S,JRE
8C2Z,QS0
8R9S,PE3
6Z2V,KHC
7NXK,UUB
6QAT,FE7
5SAY,1IJ
5OQ4,A3W
5D9L,583
3APC,MMD
8UOL,X4H
6FDZ,C87
7SJ3,6ZV
4Q18,2XJ
4Q1C,2XM
4Q1E,2Y7
2V4L,ABJ
2CHZ,93
4PS3,2WH
4PS7,2WJ
4PS8,2WK
3L13,JZW
3L16,JZX
3L17,JZY
4YHJ,AN2
7FHS,4VZ
6YF8,OPW
7FHT,4WD
2IWI,HB1
4PQN,2W6
4RFM,3P6
1P5Z,AR3
5BYB,4WY
2C95,B4P
2NRY,STU
8R4V,XWA
2XP2,VGH
6YID,EDJ
3C4E,IMD
4AZE,3RA
2CHW,39
4EZJ,0SC
4EZL,0SE
4FUL,0VU
4HVB,19P
6C1S,EFV
4BIC,IE4
3CSF,DW2
3NZS,NZS
3NZU,NZU
6VRE,RFG
6FYI,EAE
8QCD,TBS
8P81,RMF
4KCG,1QC
6GQ7,DD8
4W9W,YDJ
6T3C,MBW
3TJP,13K
3MJW,WYF
6I99,H88
4FZF,DKI
8BZP,SWM
3ZDU,38R
4HCT,18R
4HCU,13L
4HCV,13J
4M0Y,M0Y
4M0Z,M0Z
4M12,1YZ
4M13,1.00E+00
4M14,QWS
4M15,QWS
2CHX,90
4KZ0,1UJ
4FJZ,4FJ
4J6I,1JV
3APD,MMY
3ENE,NPZ
6EIL,B6B
4BIB,IEO
4BHN,BH9
4BIE,IE6
4BID,IE8
4FNY,I3K
4FNZ,NZF
6S73,F9N
8P7J,X3K
6FYL,3NG
5JHA,6K7
5JHB,6K5
3QJZ,QJZ
7B5O,I74
7B5Q,I74
6BKU,DXV
2F57,TRS
5VCX,H8H
5ZTN,CUR
7O7K,6ZV
7MU6,A1AWT
2QL6,TIZ
5UOR,8GV
5L4Q,LKB
5VDK,8X7
8P7L,WD9
6GWR,FEW
3ML8,ML8
2A5U,QYT
4HLE,17V
4XX5,43R
4XZ4,456
5KAE,6RF
6AUD,BWY
3DPD,41A
3OAW,OAW
3PRE,3RE
3PRZ,3RZ
3PS6,3PS
6JQR,C6F
6NCG,KJD
5VEF,M77
6E0R,HKJ
2XBA,571
5IUG,729
5IUH,34Y
5IUI,45Q
6EBW,J3Y
6EDL,J4M
7BTT,F8R
5Y86,HRM
5U6C,7YS
5VCW,93J
4F6W,0SS
4RT7,P30
5FGK,5XG
5HBE,5Y6
3HNG,8ST
7AKA,RK2
6UIP,Q8J
7AKB,RJZ
7EJV,YK2
2NO6,ETV
6T3B,M9T
2A4Z,BYM
4URK,A82
5T23,74F
4KB8,1QN
4KBA,1QM
4KBK,1QG
6IL3,A9R
7UP5,O1R
7UP8,O10
7UP4,O1K
7UP7,1LE
2YFX,VGH
5AAA,VGH
5AAB,VGH
5AAC,VGH
4ANQ,VGH
4ANS,VGH
5A9U,5P8
5YVB,92C
6BQQ,R78
6BQL,BI9
8XFM,A1LU6
3LQ3,HC7
8P6Y,AGS
6XD3,V0G
6BTY,O4B
4ANX,534
3ZVV,XAZ
3ZW3,ZW3
7KKE,WJV
3SD5,SD5
7ZI2,J7W
7ZI3,J98
7A4R,QY8
7AJM,RKW
7AK2,RHH
7AJV,RKK
7AJY,RKZ
7AKE,RK8
3UYT,0CK
7YAZ,IGV
6GR2,GAL
6QAV,HVH
4CKR,DI1
6BRJ,VX6
5KNJ,6UX
6S75,F9N
6HDP,FZ5
2ZDX,P4A
4KS7,IPA
4KS8,B49
6XRL,V7Y
6XRM,V81
7JWZ,V7Y
3HMO,7PE
2OCP,DTP
7JXY,VSY
5AA9,5P8
4CLJ,5P8
5AA8,5P8
5SAV,1IJ
5SAW,1IM
5SAU,1IF
5SB0,1IZ
3GP0,NIL
8P6V,I74
3ORX,1F8
3KVW,IRB
7QGP,DJ8
7JWE,VL1
3DBS,GD9
3R7Q,FAV
3R7R,FAZ
5EAK,24R
4CNH,3U9
5FDP,5WR
8ORM,V0G
7JY4,W47
7JYS,VTD
8ARJ,NRR
7M5Z,YR7
5TC0,79Y
6A1G,9OL
7A5B,MFR
2BIL,BI1
1YHS,STU
3A60,STU
2IZX,DTD
5NXD,9D8
7QHG,T3B
4NJD,NJD
5BMS,4T6
5VEE,981
6FH5,DD8
3P2B,P2B
4FA6,0TA
4G11,0W7
3CST,E52
8P6W,X2H
8P6X,NS9
8P6Z,X4L
8P70,X4Q
8P71,X4F
8P72,X2Z
8P73,X50
8P74,X3Z
8P75,X3Z
8P76,X1W
8P77,I73
8P78,1QK
8PLZ,ZQ6
8S0R,A1H46
8S0T,YNK
4CLI,5P8
3AOX,EMH
5BV6,35G
8UOJ,X5I
3MJ1,614
3MJ2,MJG
2I0E,PDS
6ILZ,AFU
6FEW,D6W
6FIL,D6W
6FIO,DJH
6FIQ,DJW
5GTY,816
7JX0,VLV
4AOF,7L0
4FAD,0TB
2V7O,DRN
4QMW,KS1
2W4O,DKI
3SOC,GVD
2BIK,BI1
7UP6,SUU
4CG8,G8V
4CG9,GQG
4CGA,QLW
4QO9,PGE
3NW5,LGX
3NW6,LGW
3NW7,LGV
7ZH8,IWU
3D7T,STU
3T8M,3T8
4TV3,ML9
1BYG,STU
3BHH,5CP
8PYI,IER
5AX9,4KT
5D7A,58C
5KZ0,6YL
4FOB,0US
4FOC,0UU
4JOA,3DK
5IMX,CZ4
7DXL,E56
7CMB,G5X
7A4W,QYH
7A53,QYZ
7A55,QZ2
5X02,F6M
6BQ8,WNU
5JIZ,6FW
9BRF,A1AQ5
5I0B,67U
8UAP,W2T
8UAQ,W3F
9BRE,W3F
9BRG,A1AQ6
9BRH,A1AQ7
9BRI,A1AQ8
9BRJ,A1AQ9
4QMX,H8H
4YUR,4J7
2IN6,839
2IO6,330
4O0V,2OL
4O0X,2OQ
4O0Y,2OO
2BMC,MPY
8FP1,XXF
8FP3,Y3I
3O23,MQY
5LXC,7AA
5LXD,7A7
8YGW,B96
5VD3,H8H
6K0J,CQO
8D6F,QG5
8EQ5,QCT
2A2C,NG1
2A2D,A2G
3L54,LXX
6XRN,V84
7JIU,VBS
1WVX,BD4
4CCB,OFG
2XB7,GUI
7AVX,S4K
7CQE,YDJ
3TCP,CKJ
6LIL,EGX
4O6L,2QK
6NN4,FBP
7NB1,U6T
5FTG,NBR
8Q1Z,IKD
9FET,REB
2OJ9,BMI
8XB1,ZX3
3I81,EBI
6GVF,FE5
3FEG,HC7
4ASX,6OJ
6LN1,EKU
8C3G,QS0
5XVF,8FR
6S1B,KRQ
4NZW,J60
1UDW,CTP
3A7I,ADE
1UEI,UTP
3FMD,IQB
4JXF,631
7DG4,H5R
7DH9,H7F
7DHC,H99
7DHH,H7L
7DHK,H7O
7DHN,H7R
7DHO,H7U
7DHV,H7X
7DJO,H80
7DL6,H96
7DH3,H7C
5VD2,34W
5VD5,99M
5VD7,99V
5VD8,98M
5VD9,98G
5VDA,98D
1ZRZ,BI1
7B35,SQB
4QMT,H1N
5VD0,8X7
5VD1,P48
2C9Y,B4P
3X02,5GP
3X06,5GP
3X08,5GP
3X0A,5GP
3X0C,5GP
7AW0,S4Q
5M56,7FC
4CCU,AWF
4CD0,AWJ
4CMO,YPW
4CMT,GWH
4CMU,IV7
2JC6,QPP
7AW4,S5E
7AB1,DMS
7Z61,IGJ
5UBR,85S
7MLK,ZHY
5FTQ,U4W
5SB1,1JI
6PNX,ACP
6FEX,D6Z
7OAI,V5W
7OAJ,V6E
7OAK,V6B
7OAL,V62
3C3A,3PG
3C39,3PG
5ENN,5QS
7AJ2,RJ5
7AJ5,RHW
7AJ7,RHT
7AJ8,RJ8
7AJW,RKQ
8XU4,MLA
7UDQ,MVS
5UU1,7DZ
5O0Y,AGS
3OFM,4B0
3E3B,CCK
8R4U,XW3
4QNA,X11
7CP3,GC6
7CP4,GCC
4QMQ,34U
2CDZ,23D
7Q8V,9IV
5VC6,P48
5AUV,AGI
4AZF,3RA
2ZMC,7PE
3W1F,1O5
4BTK,DMS
5KZ7,6Z2
5KZ8,6Z5
7JYT,VRM
4CTB,KVC
4CTC,J99
7JYR,VTA
5AUW,QUE
5VCZ,XZN
2ZMD,7PE
7QRB,EX9
7AAX,R6H
7AAY,L1X
5TD2,7AE
8YEV,CUE
7AJS,RKH
3A61,STU
5ANL,RBQ
4OYS,1TT
3LS8,AJZ
4MP2,PV1
4MP7,PFT
4MPC,TLA
4MPE,PV8
4MPN,PV0
5J6A,P46
3ZIM,KKR
8GUA,1LT
8GUD,1LT
7A4S,QYE
7A4Z,6SD
7A51,QYK
7A5L,QZW
5DXH,5H2
6OP9,DB8
3E7O,35F
5FXQ,GD5
5FXR,8LN
1U59,STU
8R58,QCT
6I3U,H2E
6HMP,GEW
6PJJ,OCJ
3CEK,7PE
4FOD,0UV
4TXC,38G
1P4F,86Q
2YAK,OSV
7R7K,25J
7R7R,AWJ
6RA5,JWE
9GBE,A1IJ8
5DXT,5H5
5J71,TLA
2BU5,TF1
2BU7,TF3
5M4K,TF3
5M4M,7FW
5M4N,TF3
5M4P,TF3
8R8E,YOX
5C8W,MLA
4QMZ,B49
2VD5,BI8
9LGL,A1EJW
9LGN,A1EJU
9LID,A1EJX
6OSP,N51
5UI4,A7Z
2VUW,5ID
5VC4,XZN
1UEJ,CTN
8WSW,LH0
6Z59,Q98
8C3R,R7O
9FPX,CC9
8C3Q,RUT
4D2R,DYK
7NB2,U6E
3NPC,B96
7A06,QTH
4HNF,16W
6B1U,STU
6ZFH,GAL
2A98,I3P
3Q4T,TAK
5AUT,2AN
5AUY,MRI
5AUU,LU2
5AUX,KMP
5AV0,47X
5AV2,KMP
5AV3,KMP
6AAR,9TF
5N93,8QE
5N9S,8QW
5NAD,8RH
4NFN,2KC
4CFF,STU
8EXL,799
8EXV,X3N
5Y9M,NIO
8T2H,XIR
7OY6,39I
4QMM,35R
3HDN,GMG
5OOR,STU
9E8M,A1BF9
2BU6,TF2
4V25,TF3
4V26,TF3
8PPC,2KM
4XS2,42P
6TE2,N4N
8BZJ,SJX
4QMV,34W
6HDR,DTD
7AKF,RK5
7AKH,RK8
8ZTX,A1D83
8ZUD,A1D82
8ZUL,A1D84
5ISO,STU
8OW2,QIH
7B30,59T
7B31,SQ8
7B32,SQQ
4W8D,3JA
4W8E,3JB
1XJD,STU
4CFE,STU
8R4O,XVI
6CZ4,FKY
3HMI,DKI
3GFW,7PE
6U5L,3RJ
3BLH,TRS
7CCV,PIT
3GUB,GUB
5OKT,9XK
3HDM,MMG
7AVY,S4E
7AW2,S4W
7AW3,S4Z
7AVZ,S4N
7AW1,S4T
8ZD3,CDP
6PYS,P5J
7K71,VYP
6GVG,FCZ
6GVH,FDH
6GVI,FDW
6TLL,TBS
8EXO,X3W
8EXU,X3R
9QB5,F7I
4Y73,XPY
4UWF,EUT
6HMR,GE5
6YKG,OZ8
4HGT,15G
4TN6,PFO
7B8W,T3B
8VF6,A1AAY
6OAC,M1J
5U6B,7YS
1YXV,IMD
1YXX,IMD
1YI4,ADN
2P3G,F10
6UX9,UHJ
7EM4,CZU
7EM5,CZC
7N7N,IBI
5AUZ,GEN
5AV4,GEN
7CCU,STL
5LJJ,AD5
4TWN,B96
7QHW,CGI
4P5Q,Q0B
4P5Z,Q7M
3C0G,3:00 AM
4YO6,4GD
4YP8,4GF
4ZTL,4S1
4ZTM,4S2
4ZTN,4S3
5KX8,6YE
5T1S,76Q
5T1T,76P
8TBS,FBP
8TBU,I0R
8BZI,SJL
3F2N,IZZ
6G34,5ID
5ZJW,9EO
3LQ5,SLQ
3WZJ,O43
4D2S,DYK
3GU8,3GU
4B4L,1PE
7Q8W,9IO
7K6M,VXY
7K6N,VY4
7K6O,VY1
7AB2,R6N
7OLV,VK2
7OLX,VK5
7NZY,UX2
1AQ1,STU
8TBT,FBP
7OPS,07C
8S3X,A1H41
6Z56,Q7Q
6Z5B,Q7Z
8AHG,M4I
8AHH,M4X
8AHI,M56
7TUN,KLU
7SQL,PGE
1YWV,IMD
1YXS,IMD
5O11,3NG
5VJA,DMS
3JPV,1DR
2OBJ,VRV
3UZP,0CK
7T4T,PCG
4K33,ACP
3CBL,STU
3FYK,B98
5K72,6QY
5K75,6QX
5K7G,6R0
6PJX,SGV
8TWY,RNX
6T6F,MMW
8YHK,PGE
6GU7,FB8
7EAT,W6P
7R9V,2Q7
7R9Y,2IX
4EHZ,JAK
7JXH,VOY
4U9A,STU
4U97,STU
6B4W,CQ7
2X9E,SVE
4C4F,7PE
4C4H,7RO
5AP2,PWU
5AP4,O38
5AP5,PGE
7XYH,8BH
4QMU,SKE
1WUU,GLA
5V5Y,8X7
5O2B,KS1
4KBC,1QJ
8PYJ,IEA
8PYK,IC2
8PYL,IE0
8PYM,IED
8PYN,ICV
6YM3,OYZ
7EM6,IDP
7EM7,CZC
7EM8,CX0
7N81,HKP
7N7L,584
4BCF,T6Q
4BCI,T3E
4BCJ,T9N
7CHM,FZF
7CHN,FZL
7CHT,FZO
7CIL,FZR
7CJA,G0U
7CLH,G5C
5O91,C5N
7QDN,FBP
5KCX,IMD
7AAZ,R6K
2O63,IMD
5O12,1RO
5O13,9G5
5TEL,7AJ
5TEX,IMD
1YI3,LY2
5DH3,5BS
3BGQ,VX2
3BGZ,VX3
3F2A,985
3FPM,793
3FYJ,B97
5HTC,MPD
7VBT,5ZH
7N3U,05J
2REI,MPD
7R4K,NAP
7R4L,NAP
7R4M,NAP
7QPN,DVF
4HYS,1BJ
4HYU,1BK
3TNH,F18
9LGV,TLA
8X2A,IMD
8V5H,A1AAE
4CV9,W2K
4CVA,DMS
4CV8,3D7
3WYY,O17
4C4E,4T9
5AP6,PWU
4C4I,7PE
4C4J,X21
5N7V,8PT
5N84,8Q5
5N87,N66
5NA0,8QZ
4TWO,37W
5KO1,6UY
6B2E,CG7
2O65,IMD
3VBY,0FR
3VC4,0FS
4ALU,79O
4ALV,IMD
4ALW,IMD
3BGP,VX1
4RC3,3OA
5DWR,5H7
4XH6,HUL
3SOA,DB8
3UMX,Q18
4IAA,RTZ
3M2W,L8I
4PH4,2UG
6MOM,JX4
6VQL,R7S
7C2V,FJ0
2WTV,ZZL
7NWK,UT5
6YR9,P9K
6YVS,PVT
8HLT,XSE
6N54,KEA
2UX0,GLY
5ES1,5RC
4UV0,PGE
7CCW,STL
7EM1,IDP
7EM2,CZC
7EM3,CX0
8C8C,U1U
8PPB,3I2
8PPI,69I
3S95,STU
6O9D,LTY
6ZZ1,QOK
7UDP,MVS
3O2M,46A
2YIY,YIY
4IZY,1J2
6W9E,TO7
2J4Z,626
3ORZ,2A2
4EZ7,STU
4ERW,STU
7NVQ,STU
4YZC,STU
4E4L,0NH
5CSH,54E
5OS7,A8Q
6GMD,A8Q
2O64,IMD
3DCV,55E
4LL5,SK8
4LM5,Q17
4TY1,38W
5EOL,5QO
5IPJ,6CD
6MT0,JYG
3WE8,RUI
4JX7,1N6
4RBL,3O7
4RC2,3O8
4RC4,3OK
5KZI,6YN
4K0Y,1OA
5TOE,7GK
5TUR,7LK
6KZI,RTX
6L11,E2C
6L12,E2R
6L13,E2F
6L14,E2L
6L15,E2O
6L16,E2U
4UBA,3G5
5OQ7,A0Q
7NRY,B97
4JS8,1PF
5EHO,5O1
5EI6,5OQ
5MRB,C5N
5EHL,0SQ
5EI2,5O7
5NTT,SVE
6TN9,NN5
6TNB,8QW
6TNC,O23
6TND,8RH
2QO2,BME
2QOB,BME
2QOF,BME
2QOI,BME
2QOK,BME
6HMC,FXB
6TEW,N5Q
6TGU,N92
7A1B,QXW
7A1Z,QWN
7A2H,QX2
2Q8I,RDC
7Z4V,IB5
8ZU2,GLY
2XE8,3PG
6Z57,Q8W
6GL3,EMW
8BI5,QQS
8UE1,EPE
6TI8,NBW
6UYA,QL7
6N8G,KFD
3TN8,F18
1UKI,537
3DDQ,RRC
3GVU,STI
7ATU,RXN
8GMC,YFV
8GMD,ZRR
9FLQ,EPE
8BJU,QT9
9D53,A1A2P
9B4U,A1AIR
5M4U,7FC
7XHY,E0X
8BIK,STU
4ZHX,4O7
2O3P,QUE
4Q9Z,PZW
6QY9,JL2
6Q3W,GAL
6Q8Z,GAL
6F7B,CVQ
6VRU,IMD
3R00,UNJ
3R01,IMD
3R02,UNM
5C1Q,4YK
5T8F,799
4N6Z,2HW
3MA3,01I
3UIX,Q17
2C3I,IYZ
4N6Y,2HV
4N70,2HX
3VBQ,0F5
3VBT,0F9
3VBV,0FK
3VBW,0FN
3VBX,0FO
4AS0,RPS
4I41,MIX
4RPV,3UR
4XHK,3YR
6L17,E2X
6NO8,KUY
3CY2,MB9
3KA0,MK3
5UIS,8C1
1K3A,ACP
9FLT,A1IDF
4G1W,G1W
6H3K,FMW
7LQD,YB4
4G2F,C07
4GK2,L66
4GK3,L87
4GK4,L90
3W2C,N15
6NEC,XIN
9HHW,A1IU7
5NUD,99K
5NWZ,9CT
9BHJ,A1APG
9BHK,A1APH
4LMU,QUE
3HMP,CX4
6GZH,LCI
5AP0,AU5
5AP3,7PE
4C4G,7RO
5OXG,B4B
4MNE,ACP
7SZC,TAR
8QLS,VYH
8QLT,VZ2
7SZD,DVO
3R04,UNQ
4QTC,MPD
6G36,EKH
4MTA,2D2
4WSY,3U5
6G38,TBN
2VZ6,FEF
2XJ2,985
6VRV,WFY
3JXW,LXG
3JY0,LYG
3JYA,LWG
3NVN,NDG
7XYD,GBS
5TE7,EPE
8GYO,AJP
5T4S,DMS
9BVQ,6PL
3HG4,7JZ
3HG5,GLA
2XQK,GLY
3WF3,GAL
4GJ7,0LT
5TMK,7EJ
2G1O,2IG
2G1R,3IG
3G72,DMS
3S5Z,GLA
5DYW,5HF
6F7Q,CWQ
9AYJ,A1AHI
9AYK,A1AHJ
9AYL,A1AHK
2V0Z,C41
3G6Z,A7T
3OQF,S51
3VUC,HHE
7E7O,3PE
8H7B,QHR
6L6N,NDG
9FZQ,UTP
3SI8,DZ4
9JD9,TAU
9JD3,D12
9JD4,ABU
1FF7,FUC
1FFM,FUC
5W8J,9Y7
2HI4,HEM
7R7S,AGS
7RLJ,AGS
7VCU,AGS
8AKA,AR6
8CNO,AR6
8GOF,LYA
9JUT,A1EDM
7SZQ,ETL
6V8B,QRY
6V90,QSD
4PZS,ACO
6TA0,PRP
9FL8,BU1
5VWV,TFA
5VWZ,1PG
7C9W,SPH
3CBO,SAH
9DTQ,IHP
9I2C,A1ACV
3CBP,SFG
6Z2J,IHP
5WVE,DTP
1FAK,GLC
1G50,EST
5WGD,EST
6VGG,QWP
1A52,EST
1PCG,EST
2YJA,EST
5GTR,EST
1ERE,EST
1QKT,EST
1QKU,EST
3BQD,DAY
7W59,IHP
6NWK,DEX
6W1D,PLP
7RTK,PLP
1O5A,696
1O5B,ESI
6OJQ,G2P
1DVA,0Z6
7ABF,IHP
8WTA,GP4
6D9H,ADN
6WZV,UFY
6MPB,GLN
3AHQ,FAD
3AHR,FAD
3SGM,MPD
3SGP,MRD
2JBU,DIO
4PES,2PJ
6BYZ,J18
4DWK,MGK
4GSF,MGH
6MQ3,J22
7K1F,VQJ
8T3R,PLC
8T45,PIO
8T47,PIO
4EY5,HUP
4EY6,GNT
4EY7,E20
5HF5,DEP
5HF9,DEP
5HFA,DEP
3PDF,LXV
1ND5,2BF
5TIO,7C6
3CF6,SP1
6TEZ,UGA
6X3L,UMJ
6X4H,UOY
8SDF,MPD
9BVP,A1AVC
4MSL,2ET
7D6Y,MGO
3S5Y,DGJ
4AQD,BAL
4QFX,DGT
4TPW,MGP
4TQB,MGT
5MRH,Q9Z
6TEC,UDX
6TES,AKG
7PB0,ISY
4QG0,DGT
4QFY,DCP
4TNY,DGT
3Q3T,RX0
5KOT,6VU
5SY3,DMS
3G70,A5T
4BZB,DGT
4TO3,DCP
4ZWE,DGT
6AZP,BMA
9AY1,BMA
8BHB,EIE
2H00,SAH
8CVN,NAI
8CWL,NAI
8FD8,NAI
7LTT,DGT
5W8H,9Y1
6DQN,I3P
9AU5,DGT
9AU9,DGT
6CWA,3PG
3RH6,CTP
7WSM,5RH
7WSN,5RH
5YZG,IHP
3UUD,EST
9B3N,BGC
4M5S,SIN
8XS7,DTT
8XS9,DTT
8XSA,DTT
1GI7,120
1GI9,123
1GJ9,134
1O5C,CR9
7D0S,SCA
7E0G,HUF
5C1B,AGS
4BHW,01K
7VI0,6YI
8GZC,KQO
7LJE,Y2P
8FVF,JHL
4PZT,SOP
5LPM,71Y
5KJ2,6TF
5LPK,XDM
5BT3,2LO
3EPD,SPH
5ICN,IHP
6CZN,FNJ
1L2I,ETC
2G5O,DRQ
4PPP,FSV
4PPS,ESE
5KCE,OB3
7JHD,V9J
8EV2,WVE
4ZN7,DES
4ZN9,OBH
4ZNH,OBC
4ZNS,OFB
4ZNT,OBB
4ZNU,4Q9
4ZNV,4Q7
4ZNW,OBM
5DI7,5CQ
5DID,5CK
5DIE,5CJ
5DIG,5CE
5DK9,5CC
5DKB,5C9
5DKE,5C8
5DKG,5C7
5DKS,5C6
5DL4,5C4
5DLR,5DJ
5DMC,5DH
5DMF,5DG
5DRM,5ET
5DTV,5FS
5DU5,5G2
5DUE,5FY
5DUG,5FV
5DUH,5FT
5DVS,5G7
5DVV,5G6
5DWE,5G5
5DWG,5G4
5DWI,5G3
5DWJ,5J2
5DXK,5J1
5DXM,5J0
5DXP,5HX
5DXQ,5HZ
5DXR,5HW
5DY8,5K4
5DYB,5K2
5DYD,5K1
5DZ0,5K0
5DZ1,5JY
5DZ3,5JX
5DZH,5KG
5DZI,5KF
5E0W,5KE
5E0X,5KD
5E1C,5K8
5TLV,7ES
5TLX,7G5
5TLY,7ER
5TM1,7EQ
5TM2,7EO
5TM3,7EN
5TM4,7.00E+03
5TM5,7EV
5TM6,7J9
5TM7,7JY
5TM8,7K6
5TM9,7KL
5TML,7.00E+01
5TMM,7M4
5TMO,7M1
5TMQ,7M7
5TMR,7FD
5TMS,7FG
5TMT,7FJ
5TMU,7FL
5TMV,7FO
5TMW,7FP
5TMZ,7FQ
5TN1,7FR
5TN3,7FS
5TN4,7FZ
5TN5,7G0
5TN6,7G1
5TN7,7G2
5TN8,7G3
5U2D,OBH
6D0F,FYS
1GWQ,ZTW
1ZKY,689
2B1V,458
2B1Z,17M
2FAI,459
2G44,T3O
2Q6J,A48
2QA6,KN2
2QAB,EI1
2QGT,EED
2QGW,EES
2QH6,ODE
2QR9,HZ3
2QSE,1HP
2QXM,PIQ
4IU7,1GM
4IUI,1GQ
4IV2,1GR
4IV4,1GS
4IVW,1GJ
4IVY,1GT
4IW6,1GU
4IW8,KN3
4IWC,1GV
4IWF,15Q
5DP0,5ES
5DRJ,5EU
5EGV,5OS
5EHJ,5K5
5EI1,5OR
5EIT,5P1
5KCC,OB1
5KCD,OB2
5KCF,OB5
5KCT,OB7
5KCU,OB8
5KCW,OB9
5KD9,OBT
5KR9,CUE
5KRA,6WS
5KRC,ZER
5KRF,6WL
5KRH,6WN
5KRI,6WM
5KRJ,6WP
5KRK,6WQ
5KRL,6WR
5KRM,6WU
5KRO,6WW
5T1Z,Q97
5TLD,6WV
5TLF,7EF
5TLG,7EG
5TLL,7EL
5TLM,7EM
5TLO,7EE
5TLP,7EH
5TLT,7ED
5TLU,7EE
7T2X,EMY
2P15,EZT
7RKE,5VP
7SFO,98L
7YMK,IX0
8PQL,SY8
9AXF,TCR
7LD3,ADN
7LD4,ADN
3IEI,SAH
2Y1Y,MRD
2Y1Z,MPD
4AVV,GHE
2HZQ,STR
5VDH,7C6
8OFA,TQ8
8F0Q,BMA
6W2L,IPE
6X48,UNL
4N7E,2JQ
8Y2F,A1D5S
8Y2G,A1D5U
7FQI,WSN
9B95,A1ALI
6VEI,NDP
6AUI,DTP
2HRR,NTJ
7LU5,DGT
5OLG,ZMA
7D0P,1VU
6KO5,8QX
7F83,OLC
9EY2,SAM
7YMJ,JGX
7NKE,UGW
6F0X,AGS
2LP8,33B
4Y7R,TRS
3HM1,J3Z
3HLV,J2Z
4MG5,A1AQV
4MG6,27G
4DMA,0L8
4PXM,EST
5HYR,EST
1GWR,EST
5DXE,EST
7Y8G,IAT
5WGQ,EST
3V49,PK0
3V4A,PK1
5CJ6,51Y
1XOW,R18
7XPY,EIB
6HCY,NAP
6HD1,NAP
3SGR,MPD
6WBG,PTY
2BUB,FPB
3KWF,B1Q
5J3J,HL1
8XB3,YMN
7YVD,SEC
8EUC,PCG
8EVA,PCG
7NEZ,TTC
8ONE,AKG
6H9J,OGA
6HA6,OGA
9BVK,A1AVC
9BVR,A1AVC
4COF,BEN
7SU0,FLC
9BVL,A1AVC
9C2A,Y01
5FHZ,REA
5W8K,9Y7
2HRQ,GD7
8SC4,MF8
8JTS,MF8
8JTT,MF8
8JTV,MF8
3SWR,SFG
6T2F,M9H
3JZK,YIN
7BJ0,TVH
8AEU,BME
2LZG,13Q
3EQS,GAI
3TU1,07G
4JV7,1MN
4JV9,1MO
4JVE,1MQ
4MDN,Y30
4MDQ,28W
4ODF,2U1
4QO4,35S
4ZYF,4T4
4ZYI,4TH
5OAI,B5K
3LBK,K23
3VZV,VZV
5OC8,9QW
8J81,UAC
1T4E,DIZ
4DIJ,BLF
4ZGK,4NX
5AFG,P07
5LAV,6SK
5LAW,6SJ
5LAZ,6ST
5LN2,6ZT
5Z02,NUT
6GGN,EYH
6Q9H,HRH
6Q9O,HU8
8PWC,G7I
5ZXF,NUT
6I29,H0W
8DZR,U9I
8HNN,43I
6W89,SAH
7DSQ,TYI
5VO4,9FG
5XTC,PLX
8EOI,9Z9
5JLZ,MLA
5LAX,MLA
5JJM,DHT
2Q7I,TES
7YO9,IPA
1LQ8,IPA
3KVF,GVE
3KW5,GVE
3IFW,GVE
7WQV,MPD
8G4A,YL8
3NOX,6A5
3W2T,LF7
3EIO,AJH
6YLA,DMS
1TKR,DFP
2FJP,S14
2P8S,417
3F8S,PF2
3VJK,M51
3VJL,W94
3VJM,W61
4PNZ,2VH
5T4F,75M
5T4H,75J
6B1O,C8S
3AM7,MGP
2AH9,UDH
3EE5,UDH
8VBY,42L
5URV,NER
9JQQ,H6P
4XUC,43G
4XUD,43H
8Q6R,GCH
7AO8,IHP
7AO9,IHP
3EPC,SPH
3EPF,SC4
8Z6F,A1D75
4YQU,4GB
6MHD,JRD
7NEL,EST
5DXG,EST
8HL7,SAH
6T2D,EPE
7NA4,1I9
4OBA,2TW
4QOC,35T
7BJ6,DMS
7NA2,1I0
7NA3,1I3
7BIR,TUZ
5TRF,7HC
1RV1,IMZ
4ERE,0R2
4ERF,0R3
4HBM,0Y7
4JVR,1MT
4JWR,1MY
4OAS,2SW
4OCC,2TZ
4ODE,2U0
4OGT,2U6
4OGV,2U7
4ZFI,4NJ
4ZYC,4SS
5J7F,6GG
5J7G,6GG
6I3S,H28
3LBL,MI6
3W69,LTZ
5HMH,62R
5HMI,62T
5HMK,62Q
6H22,FL5
6Y4Q,O9E
3VBG,03M
4HG7,NUT
4OQ3,2V8
5C5A,NUT
6Q96,HRE
6Q9L,HTZ
6V2E,NH2
8Y45,A1LXY
7MXH,ZQ7
6K3E,DTT
6IGK,OLC
7UL2,Q6Q
4OH6,HFT
7RUW,7RR
7RUX,7RW
7RUY,7S0
7RUZ,7S5
7RV0,7RL
4OJ9,HFT
2HVC,LGD
2PIW,DHT
4HLW,TES
4OH5,HFT
4OHA,HFT
4OIL,HFT
4OIU,HFT
1E3G,R18
1XJ7,DHT
2AX6,HFT
2PKL,DHT
4OFR,DHT
4OFU,DHT
4OGH,HFT
4OK1,198
4OKT,198
4OKW,198
4OLM,198
1GS4,ZK5
1XQ3,R18
2AX7,FHM
2AX8,FHM
2AX9,BHM
2AXA,FHM
2OZ7,CA4
2PIU,4HY
2PIX,FLF
2YLO,TES
3B5R,B5R
3B65,3B6
3B66,B66
3B67,B67
3B68,B68
3RLJ,RLJ
3RLL,RLL
4K7A,MXD
4OEA,DHT
4OJB,198
7TD3,S1P
7TD4,J8C
7T9N,Z41
6V0O,SFG
7XCR,SAM
7Y5Z,PC1
7Y5X,PC1
8IMX,Y01
8IMY,AJP
8CS9,AJP
3KJN,DTT
6SNW,SPH
7BZT,SPH
6MWR,2LJ
5WKI,CUY
3VWK,4GH
5VCJ,N57
7YFL,GLY
8GZ3,FAD
8X2L,FAD
3TO4,AGH
7YFR,GLY
6HL1,JN3
3FAL,REA
3FC6,REA
4OIV,XX9
3GD2,708
8KEI,POV
1OSH,FEX
3FLI,33Y
3L1B,635
7U8G,POV
9CTV,PIO
6CNJ,NCT
9CXA,PIO
9GU2,ACH
9GU3,ACH
6X3U,ABU
6X40,ABU
7TVB,KOC
7TVA,KOO
7UC6,MJ6
6ID0,IHP
7MHZ,PKZ
7URF,HEM
5EDU,TSN
9E3B,SFG
6CLZ,PX4
6CM1,PX4
7RYN,CIS
6V80,AGH
3VRJ,1KX
4Y16,48G
3O8X,GSL
2ACL,REA
9CSB,PIO
9CXC,ABU
1F42,MNB
6E1H,PLM
7EVY,J8C
3VRI,1KX
9FAU,HEX
9FAV,HEX
9FAW,EPE
5Y1J,D5H
7D42,GWF
5Q17,9MV
5YXB,93O
5YXD,93R
5YXJ,93U
5YXL,NIW
7VUE,811
4QE8,MRD
5IAW,T73
5Y49,XD5
5WZX,7VX
7DVQ,G5J
8I0V,IHP
5Z58,IHP
5U98,1KX
9D37,GLY
9D38,GLY
9D3A,GLY
9D3B,GLY
9D3C,GLY
3OKH,OKH
5Q0M,9L1
5Q0R,9LG
5Q0T,9LM
5Q0W,9LV
5Q10,9M4
5Q11,9M7
5Q12,9MA
5Q1E,9NG
5Q1G,9NM
5Q1I,9O1
5Y44,XD4
3DCT,64
3DCU,O62
3HC6,88
5Q0I,0X0
9D39,GLY
5ICK,FEZ
8I0T,IHP
8I0R,IHP
8I0S,IHP
8I0U,IHP
9FAP,PX2
9FAQ,D10
6T90,PTD
3OKI,OKI
3OLF,OLF
3OMK,OMK
3OMM,OMM
3OOF,OOF
3OOK,OOK
5Q0J,9KV
5Q0L,9KY
5Q0N,9L4
5Q0P,9LA
5Q0Q,9LD
5Q0S,9LJ
5Q0U,9LP
5Q0V,9LS
5Q0X,643
5Q0Y,9LY
5Q0Z,9M1
5Q13,9MD
5Q14,9MM
5Q15,9MP
5Q16,9MS
5Q18,9MY
5Q19,9N1
5Q1A,9N4
5Q1B,9N7
5Q1C,9NA
5Q1D,9ND
5Q1F,9NJ
5Q1H,9NP
7TRB,IUS
3FXV,643
3HC5,82X
6A5W,9R0
6A5X,9R3
6ITM,AWL
3P88,P88
3P89,89P
7A5K,GCP
2WIN,BMA
8CH6,IHP
6YOV,PTD
8KCU,PC1
8OQY,PC1
6A5Y,9R0
6A5Z,9R3
6A60,64
8XT2,T1C
3J9F,PLM
5Z12,33Y
6WLW,WSS
7ODT,SAM
9F1D,SPD
8P2K,N
6QW6,IHP
5N1X,8HH
8H6K,IHP
8H6L,IHP
6AH0,IHP
5Z57,IHP
6AHD,IHP
6WM2,PSF
3Q6E,QQ7
3ZS2,IPH
3ZU1,RCO
4AKJ,IPH
5BQQ,IPH
5HRQ,IPH
5URU,IPH
5USS,IPH
5UU3,IPH
5UU4,IPH
6GNQ,CRS
9CIV,IPH
5WIU,AQD
8X7H,YBI
8X7G,YAX
3VKX,T3
5CRM,EB5
1B0F,SEI
1H1B,151
5I88,PGE
5KHM,XNH
2RG3,EPE
5EGU,5NQ
7KHL,WEM
1GP9,EPE
5T9V,CFF
1KKQ,471
1QPF,858
1FKJ,FK5
8CHJ,UQI
8CHL,USV
7U8D,LWR
8CHM,UT6
4PXZ,6AD
4NTJ,AZJ
6YF2,OP5
6YF3,OOZ
7PP1,7Y5
4PY0,OLC
3IMX,GLC
1DGB,HEM
1DGG,HEM
5V56,836
7JP3,IPH
8QNG,W89
8QNI,W7R
8C1Y,U0U
8U0H,UB0
8YPZ,APC
6APL,C5P
3RUL,TLA
5A7C,5D4
6QJU,DMS
8F5X,SIN
5IGL,BMF
6FBO,PPK
2F0Y,FPP
6GNK,CNA
6BJO,DUY
6AR4,BQA
7WMQ,JFL
8Z69,A1L0Y
4TNQ,TTP
4RXS,TTP
7KFN,IHP
8A5W,SEP
9D5J,IHP
9D5K,IHP
5ED1,IHP
5ED2,IHP
5HP2,IHP
5HP3,IHP
6D06,IHP
7QFO,ALA
5CJ7,TTP
5TYV,TTP
2QCT,561
4J51,N75
6F08,1PE
5D65,BGC
5COR,HEZ
9CO5,A1AZI
4A9C,B5F
6SQU,D7I
1L5Q,NBG
1L7X,NBG
7NIZ,FSC
6HMU,GE8
4JDD,FSC
6TJM,NE5
6TL3,NJW
8AOY,N0L
8AQ1,NJC
8AQC,NIB
8ARW,NQ9
8ARX,NR6
8AV4,O49
8AWG,O4I
8BWJ,RYR
8BWX,RZT
8BWZ,S3I
8BX0,S2U
8BX4,RZC
8BXN,S1R
8BXO,S1I
8BXQ,S3U
8BXS,S2E
8BY9,S86
8BYB,S8O
8BYD,S7I
8BYE,RY0
8BYF,S6X
8BYG,S6O
8BYY,SE3
8BZB,GEH
7BA7,T5W
7OPW,BME
7OQ7,BME
8BZD,SIT
8BZF,SJ4
8C0L,FC7
7CR4,GB9
9IXY,A1L3C
9LIZ,PIO
9LJ1,9MF
9LJ5,PIO
4JS2,C5P
4TTB,FMN
8W42,STL
9JBH,3PE
9HJC,VIB
8IT6,Q90
9CQC,DZ4
5V57,836
5WUK,73K
6LO2,EJU
7QJG,EKR
7QJU,EKF
7QK4,EJR
5GSA,73K
5H15,LQD
5H17,LQE
5H19,LQF
5H24,LQG
5H25,LQH
4F9G,C2E
6S26,KT2
4EMT,C2E
6YWA,PWB
8IK3,1SY
6YDB,GGF
6YDZ,4BW
6YEA,OOE
4F5D,C2E
4LOH,1SY
4QXP,1YE
4QXQ,1YE
4QXR,1YE
6MXE,K5S
6S86,C2E
8A2H,OK6
9CUC,A1A4R
9CUD,A1A4W
4QXO,1YE
6DXL,HG4
6XNP,V67
8B2J,GJF
9CT3,V67
9CT4,A1AZ0
9CT5,A1AZ0
9CT6,A1AZ0
6XF3,V5V
7KVX,X5J
7KVZ,X5D
7KW1,X4M
7SHO,9UH
7SHP,9UR
7SII,9IM
8A2I,KWF
8A2J,KWO
8A2K,KXD
8FLK,Y6H
8FLM,Y6H
8GJX,ZNT
8GT6,WJ6
8P01,W78
8STH,WWU
8STI,WX8
3DEI,RXB
3DEJ,RXC
3DEK,RXD
8QNH,Z3N
8QTG,WUQ
8QTH,WX0
9FQH,A1IEW
9FQI,A1IEV
9FQJ,A1IE5
5UUT,MYA
7S3P,8L6
8AXZ,PPK
7MRD,ZMV
7MRG,ZMM
7MRH,ZMJ
4FLP,JQ1
7UUU,OFR
8YHS,A1D6J
7M44,TTP
3LDP,3P1
5EY4,DTP
6DFM,3BH
6DFO,GBA
6CZ1,3FD
6DO2,H5V
6DWS,HFY
5EXW,7DT
5C91,4YU
9H9T,A1ITT
6U6L,NH2
6U72,NH2
6U8I,NH2
6U8M,NH2
6SMA,LKK
9C56,FRJ
7UAD,M5R
9C55,527
7XN5,APR
7XN6,NCA
8YTL,PGO
9IWO,2VN
6KXX,T02
6KXY,T06
8YT6,A1LZX
8YT9,A1LZY
8YU8,A1LZ1
8YWU,A1LZ9
8YWV,A1L0A
1TN6,ACY
1LD7,FPP
4TNZ,TTP
4TO5,DCP
8E0F,IHP
6VFF,IHP
5HEX,604
5HFU,603
5HG1,62C
5VRZ,TTP
3QFA,FAD
3QFB,FAD
8PTY,SF4
4ODR,FK5
5FE0,ALY
5FE1,12Q
5FE2,5WV
5FE3,5WX
5FE4,5WY
5FE9,5WS
1WUG,NP1
1WUM,NP2
1ZS5,MIB
6J3O,B4L
7F80,1KF
7W0G,85B
8HF8,LOO
8HUL,BJB
3OZ0,3OZ
7KP8,A7G
5BQE,PG0
7OMN,IMD
4QOF,FMN
8ROS,FMN
6ZMJ,G6Q
6YIP,IPA
1DVS,STL
5ZQM,AGS
6V0X,B49
2RAK,PIB
6K05,CQF
6FFG,D7B
3AQA,BYH
4AYT,GLY
4AYX,GLY
3R6N,D1D
8VW4,A1AEG
3RT3,SIN
9BH4,SAH
4BG6,PE4
8Z2Z,SAH
8Z7H,SAH
8Z7O,SAH
9BHD,SAH
9BHG,SAH
5OKO,B3P
3LMN,ACY
2CIA,MPD
6PC4,O91
4DCH,4DC
3QIC,GLC
3A0I,GLC
3F9M,GLC
3FR0,GLC
3GOI,GLC
3H1V,TK1
3ID8,GLC
3IDH,GLC
4MLE,GLC
4MLH,GLC
4NO7,GLC
7BYL,PT5
7BYM,FBX
7BYN,PT5
7CR7,FBX
7VNP,PT5
7VNQ,7YV
7VNR,7YV
8C2F,TJI
2G56,DIO
5T35,759
6SIS,LFE
8BDX,QIY
8W8K,TUH
7ZWL,K43
6UKM,QAD
6UKU,QAV
6UKV,QB1
6UKW,QB7
6UKX,QBA
6UKY,QBD
6UKZ,QBG
6UL0,QBJ
4JKV,1KS
4O9R,CY8
4N4W,SNT
4QIM,A8T
4QIN,SG8
2H6F,ACY
2H6H,ACY
1JCQ,ACY
1LD8,ACY
5XG4,QUE
8YMB,A1LY0
5U5T,7W7
7BQ1,PLM
9IWN,PLM
7BQ4,EPA
3ET1,ET1
7BQ2,P7F
5AZT,4M5
7BQ0,F5A
2NPA,MMB
2P54,735
3FEI,CTM
3G8I,RO7
7BPY,E0O
7BPZ,PEM
7BQ3,2VN
8HUK,BJB
1K7L,544
6L96,P7F
7C6Q,SAU
6OQA,60Z
8CTG,PAM
8RQ9,A1H2F
6EEB,J6P
7PSZ,85H
7PU9,85H
7VUR,MPD
7VUS,3NY
7VUU,3NY
9FFD,NAP
1S2A,NAP
3UG8,NAP
3LRG,TRS
7DPO,HFU
1HE4,NAP
1FA9,GLC
5A1I,MET
2KQD,ADN
7MRC,ZMS
7L9A,BME
8CZA,ZN1
7UBO,DMS
7L99,XWJ
7ALE,RLK
7WTB,BTI
7WTC,BTI
4H2F,ADN
5TE1,7A2
5TEQ,FLC
7M0A,TTP
7M43,TTP
5FE5,DMS
5LVR,78Y
5MKX,EPE
3ET2,1BO
3GWX,EPA
5U3Q,7UJ
5U3R,B7G
5U3S,7V4
5U3T,7UY
5U3U,7TV
5U3V,B7G
5U3W,B7G
5U3X,7U4
5U3Y,B7G
5U3Z,7UA
5U40,7UD
5U41,7UG
5U42,B7G
5U43,7SS
5U44,B7G
5U45,B7G
5U46,B7G
1GWX,433
3TKM,GW0
6A6P,PE3
7M45,TTP
2AWH,B7G
2BAW,B7G
2J14,GNI
2ZNP,B7G
2ZNQ,B7G
7VWE,B7G
7VWF,B7G
7VWG,B7G
7VWH,82K
7WGL,BOG
7WGN,P7F
8HUO,KKB
2Q5G,1FA
2XYJ,WLM
2XYW,08S
2XYX,Z00
3D5F,L41
3GZ9,B7G
3PEQ,3EQ
3SP9,IL2
5XMX,89L
5ZXI,9LU
1QZU,FMN
1R5L,VIV
1OIP,VIV
4QOI,FMN
2V76,PGE
5MUG,VIV
5YAK,FMN
8U5C,Y01
2RDT,FMN
2RDU,FMN
5QIC,FMN
5QID,FMN
5QIE,FMN
5QIF,GWS
5QIG,FMN
5QIH,FMN
9JBE,Y01
2F90,3PG
7N3R,3PG
1BA8,0IT
4BAK,M67
4BAM,MM9
1TMU,0G6
3P17,99P
3RML,M31
3T5F,M34
4UDW,N6L
6T56,ABN
6Y9H,DMS
6YB6,DMS
1HAI,0G6
3BIV,11U
5JZY,DMS
6T57,DMS
6ZGO,DMS
6ZUH,N6H
3UWJ,TIF
4AYY,9MX
4AZ2,9MU
4I7Y,0G6
4LZ1,0G6
5AFZ,UET
6CYM,71F
6ZUG,QPW
6ZUN,QQ5
6ZUU,QQN
6ZUW,QQK
6ZUX,QQE
6ZV8,QQT
1SFQ,0G6
1SHH,0G6
1Z8I,0G6
1Z8J,0G6
2OD3,0G6
6EO6,0G6
6EO7,0G6
6GWE,ODB
7NTU,0G6
4W9H,3JF
7ZI0,V0S
3H44,DIO
6VCD,FES
2CK2,ACE
8PTX,SF4
8PTZ,SF4
8PU0,DCA
2MK7,A2G
6IUR,TME
2RKZ,SIN
1RY0,NAP
3UWE,NAP
4WDT,NAP
4WDU,NAP
4WDW,NAP
4WDX,NAP
4XVD,NAP
4XVE,NAP
5HNT,QAP
5HNU,65D
7C7G,FJR
7C7H,NAP
7WQM,4IV
7WQR,NAP
7WQS,NAP
7X3L,8FO
7X3M,NAP
7X3O,NAP
8I0C,JTN
8JP1,NAP
8RB6,NAP
1RY8,NDP
7YAI,ACP
7YAJ,ACP
4QFZ,DGT
4TO2,DGT
5DN2,DIO
1BHX,R56
2HPQ,0G7
1NRR,0G6
5ACL,SAS
6ZY5,EVP
6ZY6,EVP
1NU9,0ZJ
5CJO,EPE
4RKO,0G6
1NU7,0ZJ
3FGU,BGC
6ZBR,MPD
6ZCD,MPD
6ZFL,MPD
7JRA,VGY
5UUI,MTN
6OOY,MRD
6OP0,A7A
7KP9,A7G
2AZ5,307
6X81,UTJ
6X82,UTM
6X83,UTS
6X85,UTV
6X86,UTY
7KPA,D84
3UIV,308
8YXB,9F2
3HY8,FMN
4TTC,FMN
6ZPD,VIV
7Q9O,STL
8U56,LMN
2NZL,FMN
6W44,FMN
6W45,SLG
6W4C,FMN
7R4O,I2W
7R4P,I2Z
8UO9,X49
9BU7,AGS
4Q93,STL
7H9K,A1AW3
7H9L,A1AW6
7H9M,A1AW8
7H9N,A1AXZ
7H9O,A1AXA
7H9P,HX8
7H9Q,A1AX0
7H9R,A1AX2
7H9S,A1AXJ
7H9T,A1AXL
7H9U,8K2
7H9V,A1AXO
7H9W,SLS
7H9X,A1AXD
7H9Y,A1AXF
7H9Z,A1AXH
7HA0,54F
7HA1,A1AX6
7HA2,A1AX8
7HA3,A1AW0
7HA4,A1AW1
7HA5,A1AW2
7HA6,A1AW5
7HA7,A1AW7
7HA8,A1AXY
7HA9,A1AW9
7HAA,A1AXB
7HAB,A1AXC
7HAC,A1AX1
7HAD,A1AX3
7HAE,A1AXK
7HAF,A1AXM
7HAG,A1AXN
7HAH,A1AXP
7HAI,A1AXQ
7HAJ,A1AXE
7HAK,A1AXG
7HAL,A1AX4
7HAM,A1AX5
7HAN,A1AX7
7HAO,A1AX9
7HAP,FMQ
7HAQ,A1AYU
7HAR,A1AYW
7HAS,A1AYY
7HAT,A1AY5
7HAU,A1AYA
7HAV,A1AY0
7HAW,A1AYD
7HAX,A1AYF
7HAY,A1AYH
7HAZ,A1AYI
7HB0,A1AYK
7HB1,A7Q
7HB2,A1AY2
7HB3,A1AYM
7HB4,A1AXV
7HB5,6RO
7HB6,72R
7HB7,WP1
7HB8,A1AXS
7HB9,A1AYN
7HBA,A1AYO
7HBB,A1AY4
7HBC,A1AYV
7HBD,A1AYX
7HBE,A1AYZ
7HBF,A1AY6
7HBG,A1AYB
7HBH,A1AYC
7HBJ,A1AYE
7HBK,A1AYG
7HBL,9TW
7HBM,A1AYJ
7HBN,A1ABL
7HBO,A1AY1
7HBP,A1AYL
7HBQ,A1AXU
7HBR,A1AXW
7HBS,A1AXX
7HBT,A1AXR
7HBU,KXQ
7HBV,A1AXT
7HBW,A1AY3
7HBX,A1AY7
7HBY,A1AYP
7HBZ,A1AYQ
7HC0,A1AYR
7HC1,A1AYS
7HC2,A1AW4
7HC3,A1AYT
8CV4,ACE
8CV6,ACE
9B8S,SF4
9NE6,SF4
9NE7,SF4
9NE8,SF4
7VG7,PGE
1GMO,EPE
3UGR,NAP
8EWV,X5K
7KHH,WEP
7ZNT,IZR
1AI8,T42
1BMM,BM2
1BMN,BM9
1YPG,UIR
1YPJ,UIB
1YPK,CCR
2ZNK,31U
3EGK,M18
1AWF,GR4
1QHR,157
1QJ1,166
1QJ6,167
1QJ7,GR1
1WAY,L02
1AHT,APA
1AIX,T19
1AY6,1ZV
1BCU,PRL
1H8D,PHW
1H8I,PHV
1THP,0G6
1YPM,RA4
2A0Q,NDG
2V3O,I26
2ZIQ,26U
2ZO3,33U
3D49,BEN
3DHK,23U
3DT0,16U
3DUX,64U
3EQ0,2TS
3LDX,NLI
3TU7,0BM
3UTU,1TS
5MJT,23U
1B5G,0ZE
2H9T,SVR
3BF6,SVR
1C1U,BAI
1DWB,BEN
1DWC,MIT
1DWD,MID
1DWE,0G6
1FPC,0ZI
1PPB,0G6
1TBZ,00Q
1WBG,L03
2C8X,DMS
2C8Y,DMS
2C90,DMS
2C93,DMS
6EO8,2FN
6EO9,DMS
1A3B,T29
1A3E,T16
1C4Y,IH3
1G30,T87
1G32,R11
1HDT,0.00E+00
1K22,MEL
1KTS,C24
1KTT,C02
1LHC,DP7
1LHD,DI2
1LHE,DI3
1LHF,DI4
1LHG,DI5
1MU6,CDA
1MU8,CDB
1MUE,CDD
1NZQ,162
1O0D,163
1QBV,PPX
1T4U,81A
1T4V,14A
1TOM,MIN
1UVS,I11
1W7G,MIU
2A2X,NA9
2ANK,N12
2BVR,4CP
2BVS,2CE
2BVX,5CB
2BXT,C2D
2BXU,C1D
2CF8,ESH
2CN0,F25
2FEQ,34P
2FES,3SP
2JH0,701
2JH5,895
2R2M,I50
2V3H,I25
3C27,DKK
3F68,91U
4BAO,MVF
6EVV,0G6
6GN7,0G6
6Z8V,0G6
6Z8W,0G6
6Z8X,0G6
1ABJ,0G6
1AWH,GR3
1HAO,0G6
1HAP,0G6
1HUT,0G7
2ANM,CDO
2GP9,EPE
2THF,0G6
3K65,BU1
4HFP,15U
6PX5,0G6
7ZKL,0G6
7ZKO,0G6
8ASF,NWF
7ZKM,0G6
7ZKN,JKR
3BMP,MPD
6XDS,V5S
4UI2,SRT
3ZTC,TR0
3ZTD,ZTD
4W9C,3JG
4W9D,3JK
4W9E,3JT
4W9F,3JU
4W9G,3JV
4W9I,3JS
4W9J,3JH
4W9K,3JO
4W9L,3JJ
6GFY,EXH
6GFZ,EXE
3ZRC,L8B
5LLI,6Z3
5NVV,9BT
5NVW,9BW
5NVX,4YY
5NVY,9B5
5NVZ,9BN
5NW0,9BK
5NW1,9BH
5NW2,9B8
6FMJ,DV5
6FMK,DV8
4FJV,NEH
4IDQ,P6G
2DVV,EPE
5DFD,59E
5UEW,87D
7NPZ,ULH
7NQ2,ULE
7NQ9,UMB
7G81,H04
7G82,UWS
7G84,YX6
7G85,LXA
7G86,YXB
7G87,YG5
7G88,WKY
7G89,ZT7
7G8A,WJ7
7G8B,LFO
7G8C,YXO
7G8D,DMS
7G8E,DMS
7G8F,YXK
7G8G,LXA
7G8H,YXU
7G8I,YXY
7G8J,DMS
7G8K,DMS
7G8L,DMS
7G8M,DMS
7G8N,Z1L
7G8O,O2A
7G8P,Z2F
7G8R,DMS
7G8S,Z5C
7G8T,DMS
7G8U,Z3O
7G8V,Z3H
7G8W,Z6I
7G8X,Z7T
7G8Y,WZY
7G8Z,DMS
7G90,DMS
7G91,ZBH
7G92,LWA
7G93,VW7
7G94,ZC9
7G95,W0Y
7G96,ZCI
7G97,APY
7G98,DMS
7G99,ZE9
7G9A,DMS
7G9B,DMS
7G9D,DMS
7G9E,DMS
7G9G,DMS
7G9H,DMS
7G9I,ZGQ
7G9J,DMS
8BNT,DMS
7V3Z,9GF
5ZKP,9ER
7K15,VRJ
7JWN,CYS
6JMD,FMN
6JME,FMN
6LP6,FMN
6LP7,FMN
6LP8,LDA
7XZH,POV
7B9X,T52
6ZMK,G6Q
2AR9,MLT
3F1Q,FMN
3FJL,FMN
4JS3,FMN
7K2U,FMN
8DHF,FMN
8DHG,FMN
8DHH,FMN
8VHL,FMN
8YHR,ORO
9BKM,FMN
9BKN,FMN
9BKO,FMN
9DHG,FMN
9DHJ,FMN
9DHI,FMN
8X62,YO0
8CD0,A3P
8CHS,A3P
6ZVJ,SF4
8RWZ,759
4Z77,15P
8FCB,GSP
8JVJ,F9M
8T9G,SAH
8TAS,SAH
8VNZ,SAH
7W54,AYE
3RDH,3RD
3PHW,NEH
5J31,BEZ
6FN9,DW8
6FNA,DWE
6FNB,BEZ
6FNC,DWK
2I5C,IP5
6X7U,FAD
4DI2,0K9
6DHC,GHJ
6UEL,Q5A
6W2J,374
7VPI,ACP
7UGE,N6I
8TX8,OXM
3WE3,ART
6JJU,ACP
6LLE,ACP
6LN5,ACP
8F17,WHL
7ZLN,JI9
7ZLO,JI0
7ZLP,JHR
7ZLR,JH9
3G76,CZ3
2R52,IPA
2R53,MPD
7RY1,MDC
7RY0,DMS
8ZV8,A1L2C
8ZVJ,A1L2D
9IPW,A1L2Z
8EI3,WHL
9EQJ,A1H6O
9GIO,3JF
9EQM,A1H9F
8FC8,XQ3
8FCA,XS9
3VW7,VPX
8ST7,AYE
3QCH,NX2
3QCI,NX3
3QCJ,NX4
3QCL,NXV
8V3M,MLT
2PQF,GAB
2VZ5,IMD
2D7I,NGA
3NCL,CCZ
3OA6,IMD
7V10,OQI
7V11,OQO
7V12,OR0
8BO3,QV3
9EVJ,GDU
5ZYG,9N3
2Z9Y,DDR
2Z9Z,DDR
7OUB,UCN
2Q59,240
2VV1,4HD
2VV4,6OC
2W2X,GSP
5HYN,SAH
4KV4,DTT
9OIQ,A1CBM
6KTN,STI
8CV5,ACE
7NFY,AGS
8G8R,DTT
8J3W,AIN
9CBL,ALE
9CBM,CZX
1M51,TSX
6CM4,8NU
6LUQ,GMJ
4GZM,GSP
3ADS,IMN
3ADX,NRO
4XUM,IMN
7SX4,PEV
6D8X,EDK
8ATY,O7O
8DSY,TJC
8DSZ,TJO
8PBO,Y5I
2Q5P,241
2Q5S,NZA
2Q61,SF1
2Q6R,SF2
2Q6S,PLB
6DCU,NZA
6MCZ,ACD
6MD2,GW9
1KNU,YPA
2HWQ,DRY
2HWR,DRD
2POB,GW4
2VV0,HXA
3GBK,2PQ
3OSI,XDH
3OSW,XDI
3PBA,ZXG
3R8A,HIG
4CI5,Y1N
4EM9,KNA
4OJ4,DIF
4PRG,72
4R06,3.00E+07
5AZV,4M5
5LSG,QZQ
6AN1,BKY
6JEY,EJL
6JF0,EBF
6QJ5,H8R
6T6B,MLQ
6TDC,4F1
6TSG,T4A
7A7H,TK9
7AHJ,570
7P4E,5IV
8BF2,QGL
8BFF,QG6
8C0C,T0C
8CPH,WY1
8CPI,WY1
8U57,D1D
2P4Y,C03
2XKW,P1B
2ZNO,S44
3IA6,UNT
3KMG,538
3NOA,5BC
3PO9,XPT
3R8I,XCX
3WJ4,TBY
3WJ5,T9T
4R2U,3JX
6T1S,EDK
7E0A,EWR
9L3T,AYR
1I7I,AZ2
1NYX,DRF
1ZEO,C01
2ATH,3EA
2F4B,EHA
2G0G,SP0
2G0H,SP3
2I4J,DRJ
2I4P,DRH
2I4Z,DRH
2Q8S,L92
2VSR,9HO
2VST,243
2VV2,5HE
2VV3,4R8
2YFE,YFE
2ZK1,PTG
2ZK3,OCX
2ZK4,OCR
2ZK5,NRO
2ZK6,C08
2ZVT,PTG
3ADT,HID
3ADU,MYI
3ADV,SRO
3ADW,MYI
3AN3,M7S
3AN4,M7R
3B0Q,MC5
3B0R,GW9
3B3K,LRG
3BC5,ZAA
3CDP,YRG
3CDS,GRR
3D6D,LRG
3HO0,DKD
3HOD,ZZH
3K8S,Z27
3R5N,MLO
3TY0,82
3VJH,J35
3VJI,J53
3VSO,EK1
3VSP,EK8
3WMH,JJA
3X1H,5OX
3X1I,66B
4A4V,YFD
4A4W,YFB
4E4K,RRG
4E4Q,RRH
4EMA,BRL
4JL4,AXY
4L96,LRG
4L98,LRG
4PVU,MGZ
4PWL,MSZ
4R6S,3K2
4XUH,SFI
4YT1,JJB
5F9B,5VN
5HZC,65W
5TTO,7KK
5U5L,7VA
5UGM,8A7
5WQX,T65
5WR0,8Y0
5WR1,8XO
5Y2O,8N6
5Y2T,8LX
6AVI,KNA
6C1I,EEY
6C5Q,EKS
6C5T,EKP
6D3E,FT7
6DGL,GEV
6DGO,GD4
6DGQ,GBV
6DGR,GDY
6DH9,GH1
6DHA,GFV
6E5A,HV4
6ENQ,BJB
6F2L,AXY
6FZG,EDK
6MD0,OLA
6MD1,OLA
6O67,LO7
6O68,LO4
6T9C,MX8
6VZL,EDK
6VZM,GEV
6Y3U,MLQ
6ZLY,QMH
7EFQ,J3F
7JQG,EDK
7LOT,Y9A
7SQB,A8R
7WOX,5YW
8ADF,LRA
8FHF,XZK
8HHP,NZA
8HHQ,GOA
8REJ,WUE
8ZFN,GW9
8ZFO,NZA
8ZFP,GW9
8ZFQ,EEY
8ZFR,EEY
8ZFS,EEY
8ZFT,EEY
4XSH,GSP
6BCB,GSP
2BCD,BME
6VLD,ASN
9DHH,FMN
4LSV,IMD
5W88,9XG
5WCL,9XG
7SUP,BQ6
7SVC,C9W
7SWG,BQ6
7SWI,C9W
4NXR,EPE
6GK0,FMN
8RYC,A1H32
6ET4,FMN
4OQV,FMN
6VND,R4P
5XDN,HEX
6FMD,DUH
6G6U,MC3
4Q5V,2ZE
4QCL,DCP
6AS7,DCP
7MTS,ZQY
8BDI,QF7
8BDJ,QE0
6QH5,IHP
9O53,A1B8D
9O5O,A1B8G
8WGB,W9R
8BDM,QE9
8BDN,QFR
8CQE,VFO
8CQK,VYQ
8CQL,VH3
8QJS,VL6
9QE4,A1I57
9QE5,A1I58
9BOL,DMS
8BDO,QFF
8T1B,YJ0
8T1D,XS9
8T1E,9ZR
8T1F,X7N
8JU5,F3L
8JU6,XPW
8JVI,F9M
3QCE,NXY
3QCF,NXY
3NR3,PLM
6XVY,PLM
2R2J,SIN
6LAU,SAH
6S24,TAM
8BO5,QVO
8BO6,QW0
4KKD,IMD
8BO7,QW6
3EP6,PYR
3EP7,PYR
3EP8,PYR
5K1J,DMS
2V4M,F6R
5ZYH,9N0
5ZYI,9ML
5ZYK,9MC
2E3N,6CM
2E3P,16C
2E3R,18C
3H3Q,H13
3H3R,14H
3H3S,H15
3H3T,16H
4GWK,3PG
6IEZ,A50
6IF0,A59
6J0O,XAF
6J81,B8X
9ARX,SRO
9ARZ,A1AFU
9AS1,A1AFV
9AS3,7LD
9AS5,A1AFW
9AS9,A1AFX
9AS7,91Q
8VNV,SAH
6TDB,ACE
8FUP,N6I
7UGL,N6I
2VJ0,BEN
7NGC,AGS
1IB1,COT
5FBK,TCR
5HKG,RAP
7BSU,P5S
1C9H,RAP
7M18,YNP
6LS5,EUF
8JPF,SRW
6XBM,CO1
6XBL,V0S
7DFP,SIP
8XSM,RBF
3QCG,ACY
8ST9,AYE
3VDZ,GD
7R2E,AYE
7LW8,SF4
2AZT,BME
2D7R,NGA
1T2A,NDP
6OHU,CTX
5A1G,MPD
5BO7,CTP
3EP3,PYR
3EP4,PYR
3EP9,PYR
3EPB,PUT
3H0V,PUT
3H0W,PUT
5BO6,CDP
6R7S,DMS
8W6C,Y01
5ZYJ,9ML
5ZYL,9MC
5ZYM,9M6
1FZV,MPD
1HTI,PGA
2E3O,DMS
2E3Q,DMS
7SCD,A3P
7SCE,A3P
2H31,CO2
9B7A,ROA
7WEU,UNL
8X71,YCC
8X73,YC0
9LNH,A1EL9
5TGZ,ZDG
6P0M,NLM
5XR8,FMN
9EWY,FAD
4YBT,DMS
5H1U,6KT
5H1V,7FU
8PUY,F3Y
4TNX,DGT
3U2C,NAP
5XDO,SPD
6G73,MC3
6NQ0,EUJ
6NQ2,EUJ
8GW0,LMR
8PC2,XZW
5SY6,DTT
3CZA,MLA
6HAY,FX8
2OCF,EST
8ES7,Y01
9CK0,EDK
5ZHX,FAR
7AWC,BRL
3ET0,ET0
4XTA,DIF
6FZJ,EDK
2OM9,AJA
4O8F,BRL
6MD4,BRL
3KZ1,GSP
8JD6,BK0
6HEP,ETE
8FYZ,DMS
6NRI,KYM
7E9G,40F
9F33,A1H9N
8Y62,16C
8Y63,A1LXR
7XXI,6AD
9GMR,A1IY0
8BB4,Q3R
4XT3,UNL
7STZ,BMA
7YG5,R16
8TB9,SAH
6OT0,CO1
7RLE,EDK
5GTO,T35
2OOQ,B3P
6TPV,IMD
3VFK,GCS
1TF0,DKA
7BR3,1QW
2VQ3,NAP
3D5E,DEP
1R74,BME
5FAI,SAH
7FVW,IQH
7FVY,IWI
7FW0,K0U
7FWE,MF9
7FWH,N1I
7FWK,76Y
7FWW,Q6I
7FXF,R9O
7FXR,TQO
7FXZ,UO3
7FY5,V4R
7FY6,VI0
7FYO,W90
7FZ1,WDE
7FZ3,WDO
7FZB,WEN
7FZL,WGQ
7FZO,WH3
7FZP,WHI
7FZX,WIC
7G0G,W8N
7G0L,WKN
7G0Q,WL6
7G11,75D
7G19,WN0
7G1H,W9B
7G1L,WON
7G1O,WP8
7G1R,WPQ
7G1Y,WQC
7P3B,5GP
3WAL,MLT
7S3G,PLP
6XXK,SPD
3EPA,TRS
3EP5,PYR
4JGT,PYR
7SED,8VD
5AEN,DP8
4AFQ,FLC
8EYO,NAP
6UPF,PGA
7T0Q,PGA
7UXV,PGA
2ZMF,CMP
9JA8,A1L31
3TKB,IMD
8DBE,HSX
8IO0,CMP
7WET,AQR
4J7X,NAP
8UBW,Y01
8UBY,Y01
8UBZ,Y01
9OIM,A1CBI
5AQY,ADN
5C1D,12V
8A9G,QJK
6YMO,SAL
6H3E,FKZ
9I5W,DMS
6Y6N,ODQ
8RX0,759
5XRA,FMN
4WIP,1PE
3CBX,MPD
4TO4,DCP
8OUO,W4E
8GVZ,URF
7N2M,DCP
8Z0E,PLP
8XER,A1LU4
8XF6,A1LU4
8XFG,A1LU7
8XFO,A1LU7
5R8I,A7N
5R8K,S8D
8C3U,T9C
8CV7,NH2
7DTU,TRP
7M3J,YP1
8WF6,SIN
5K5S,TRP
5OGC,9V5
6LKN,P5S
8Q9N,DMS
1TGJ,DIO
7E9H,SEP
6WH4,89F
6WGT,7LD
8ZMG,A1L11
6M8Z,EPE
6AF5,ISN
6AF7,1PE
6AF9,ISN
6AFA,ISN
6AFC,72R
6AFD,72S
6AFE,72T
6AFF,72U
6AFG,72V
6AFH,73F
6AFI,73D
6AFJ,73G
6AFL,73H
4P34,1PE
4P36,P15
8PPW,86F
8PQ0,8RX
7PA2,6SI
7PA3,6SI
5IP5,TLA
9CFI,4Y8
9CFM,4Y8
9CFZ,4Y8
9CGA,4Y8
9CGB,4Y8
9CGF,4Y8
3CZ9,P4C
9CWN,EDK
6PDZ,EEY
7SQA,A8R
8AQM,O2O
8B8X,A8R
8B8Y,Q33
8B8Z,Q33
8B90,Q1R
8B91,Q4O
8B92,Q5X
8B93,Q8F
8B94,Q5O
8B95,Q4C
8QW7,X53
8QRK,FES
2A45,0G6
3RWR,TBR
3RFM,CFF
1W80,BEN
4EHR,0Q5
7M40,YQJ
7WGE,AGS
6TIR,NAI
6TA3,G2P
6TIW,MZK
8P0M,1PG
3MU6,BXL
5G1N,PAL
5G1P,CP
6LIG,EE6
3CTR,MGP
7T6U,PLM
7T6V,PLM
7T6S,FUI
9F34,A1H9N
9JHJ,18C
6UP7,PIO
7Q2J,8KH
8BB2,Q3X
8FN0,SRW
7CXF,MLA
7CXL,MLA
8RZB,A1H4A
6TOD,7MA
3C0R,3CN
4C2Y,MYA
4C2Z,MYA
6TO7,SUV
6TOS,NRE
1FU1,ACY
7Y0A,FAD
4B8W,NAP
6A4I,HEM
5IN4,NAP
7G1G,WO0
8JL4,D12
3F98,NTJ
7CD9,FVR
7FX8,QN6
7FX9,QX0
7FXU,U6O
7G07,WJH
7G0T,WLF
7G0V,DMS
7G0Y,WM5
7G14,DMS
7G1C,DMS
7G1K,WOI
7G1V,DMS
7FVZ,IZ7
7FYF,VS5
7FYQ,W9B
7G0P,WL0
4RSY,B3N
6XXJ,SPD
4AFZ,TAR
7SE8,8W1
7SE9,8W1
7SEC,DMS
1GW6,BES
8FOA,Y01
8QDE,NAI
5H4J,FKM
5EHV,5ON
7P41,EFK
8DBF,HSX
7KST,DGT
1ST0,GTG
1ST4,GTA
3BL7,DD1
3BL9,DD2
3BLA,DD3
6FW2,MTE
8G5D,Q5B
9DNM,ODN
6A93,8NU
6A94,ZOT
8G0H,YH0
8T98,U6J
8T99,ZOW
8TF9,I7P
8TFA,U6J
6AFB,ISN
8FY0,CAD
1ZGY,BRL
1WM0,PLB
5TWO,7MV
6MS7,V77
9F7X,H3W
6IZM,B0X
8FXO,YN5
8G6T,YRI
3SVH,KRG
4NR4,2LK
4NR5,2LL
4NYV,15E
6LQX,EOO
7JUO,YF2
8FXE,YID
6YIJ,OSN
6YIK,OSQ
6V62,SAH
6WK2,SAM
4OD9,2RZ
5URY,PAM
9CTG,UPL
4LSJ,LSJ
6DXK,HJ4
7RR9,UNL
9BQ3,A1B90
9NKG,LDZ
2M5P,GGL
2M5Q,GGL
6J7X,GRG
4JVS,ACY
4RWD,OLA
4N6H,OLA
4RWA,OLC
3HCP,FES
6FCX,FAD
2QD1,FES
1HEZ,IMD
2DOH,DIO
9GJ2,KH0
4TO0,DCP
4TO1,DCP
6DW7,DTP
8F7U,GGI
8F7V,EUA
1BUI,0GJ
1CEA,ACA
7THS,I5Y
7UAH,M63
9AZK,A1AHR
6ST3,LUW
6DW3,HF4
6DW5,GTF
7S2Y,85T
7RBE,QPJ
9DUQ,G2P
6CM2,F6G
3OTF,CMP
1X7J,GEN
3QX3,EVP
1QKM,GEN
5GWI,N2R
5GWJ,N2S
5NN4,SC2
1XQH,SAH
7EL4,O4B
4BUZ,OCZ
7DHY,ARS
9G6T,A1II4
9G6U,A1II1
7EEU,ARS
8ES8,Y01
6D94,EDK
6ONJ,BRL
5JI0,9CR
1FM6,9CR
1FM9,9CR
1K74,9CR
3H0A,9RA
5LKS,3HE
8G61,PUT
8G5Y,SPD
8GLP,PUT
8IFD,84D
8IFE,84G
8JDM,GAL
7WLD,Y01
8FUF,UD1
8FE6,UD1
5NPS,94T
6IBO,12V
6TKA,NJ5
6Q4M,12V
1BMQ,MNO
1RWK,158
1RWM,Q2Y
1RWN,4QB
1RWO,BTH
1RWP,HQC
1RWV,5PH
1RWW,OQB
1RWX,YBH
2FQQ,F1G
3NS7,3NS
5MMV,WE0
5MTK,N7N
6F6R,CVE
6PZP,P7S
7W9M,9SR
7VFU,R16
7VFV,R16
3UB4,DTV
7KTR,IHP
5HGZ,ACO
8C44,PTY
4IG7,GVE
9DF1,ZFJ
2YGN,PCF
2YGP,PCF
2YGO,PCF
4JS1,CTN
5MV7,TAM
8IJR,Z0P
8W9W,UJO
2O28,16G
8UC9,QBC
8UH0,WRN
9BVE,A1ASY
9BVI,A1ASW
8RPS,5HU
5BXC,DA8
9GIN,A1IL1
3WC9,FPS
5VWW,MPD
4QVE,IMD
8H9S,CDL
6CT7,IPA
7APO,EQN
3KMZ,EQO
8SZI,PCW
9GJ1,GLU
9GIG,GLU
7BU0,AYE
3B0A,TAM
8DMQ,FLC
3HCN,FES
3HCO,FES
4KLR,IMD
4FMB,AF3
6CDF,NAI
6CDR,NAI
3HCR,FES
4U6Q,NAI
4DCB,MRD
6Q1U,WMH
6DWJ,HEJ
4Y03,SAL
4D6Z,HEM
4HBN,CMP
7EZF,0KI
7EZP,FBP
7EZR,0H1
6EDS,J22
6LCB,E83
8B87,SDY
5I46,67O
7Y99,IQ8
1NHZ,486
5UC3,486
6BI8,PGE
8YH2,ADN
8FE7,UD1
4GZ5,UD1
4GZ6,12V
5D3F,FSC
6WS5,U8M
8WM9,Y01
8SER,ADN
7W9P,9SL
7W9T,9SL
2WH5,STE
3FLV,STE
5FIT,AP2
6FIT,AMW
3SQ6,EPJ
6IIQ,MLA
1JVQ,NDG
4D90,NGA
2F9P,BU3
2YGQ,PCF
4P10,2B8
5YOQ,CLT
7NEU,U9K
2YPD,EMT
4IK7,IMN
4IKI,IMN
1P49,BOG
3OTB,DGT
3FVU,IAC
8QHQ,5HU
3G6X,DGT
3Q8R,DGT
4X4O,CTP
2A9J,3PG
2H4X,3PG
2H52,3PG
7F9Y,OCA
9CHU,E5E
9CHV,FK5
9CHX,CAU
2QA8,GEN
8DMS,AR6
4WMX,3R7
9MNY,PYR
4WGI,3M6
7FQH,WR9
7D73,GDD
6DWD,HDV
6DWK,HFD
3DZI,RGT
8T50,CMP
5A1P,HEM
3U11,CMP
6U1N,2CU
8G0L,CMC
7CVN,GJO
5IZQ,83A
4DQM,LUF
3KMR,EQN
7WQQ,5Z6
5TES,FLC
7UGI,N6I
7NFB,GEN
7NA1,1GI
4FME,AF3
5BNW,12V
9EK7,YC6
7UHF,N90
1J9C,GLC
7ZTX,DHT
7ZTZ,DHT
7ZU2,DHT
8EI2,WHL
6BT5,E7P
6XE6,Y01
7E2G,Y01
1FHI,IB2
1FIT,FRU
2FIT,FRU
2FHI,IB2
6SNY,PTY
1O7S,CYS
4V3E,PTY
4UZL,MYZ
2F9N,BU3
2LRR,DGP
8HNC,BLR
8HND,FY5
8K6L,IOQ
3U0Y,GTI
8T5G,DMS
9BVF,A1ASX
9C18,NAP
6ATQ,MPD
6OPL,NAP
7ZEJ,NAP
6VF2,DTT
8Z7W,MF8
7MH0,CTP
7RK3,4PS
9CDW,PGE
6TN1,GLN
4PBY,IPA
6ZRC,PXY
6ZRD,SEZ
6UAB,ADM
5U5P,DTT
8ROK,AGS
3QKD,HI0
6RNU,KBH
7Y8D,JFF
1YSG,4FC
1YSI,N3B
1YSN,43B
2O1Y,43B
2O2M,LI0
2O2N,LIW
3ZK6,H1I
3ZLN,H0Y
3ZLO,X8U
3ZLR,X0B
4C52,X0D
4C5D,X0R
7JGW,V9S
7LH7,XZM
8XVG,IHP
8Y58,PMZ
8R1A,AF3
3IOL,10M
4ZGM,32M
8A1G,POL
4WMU,19H
4WMT,865
6QBA,2T1
6VI4,JDC
4LKT,EIC
5O9H,9P2
7YXN,DEX
7YXR,DEX
5N5N,G2P
7O70,V4T
7A1Y,QWH
8UN3,XOI
9DMM,A1AWR
7FQL,WSN
5ZGG,9F6
9BC7,PCW
6UQF,CMP
6UQG,CMP
8T4M,CMP
8T4Y,CMP
4HLJ,1PE
2XZO,1PE
6GYO,CMP
4ZI1,KB0
5TDE,FLC
5TET,7A3
8SZG,YP4
7Z6H,AGS
1DKF,OLA
7QAA,OLA
8ST8,AYE
8TRW,DTT
5UXH,GFB
1LK6,NDG
6YV4,PQK
5CXY,55T
7WLK,7TB
7WLL,1II
5W4X,PG5
8HNH,30B
1XU9,NDP
9FFC,G3P
1HE5,NAP
1HDO,NAP
1HE2,NAP
1HE3,NAP
9C16,A1ATI
9C17,NAP
7ER6,NAP
6VEZ,8GT
6VF6,DTT
7KTD,DTT
7KTH,GOA
7KTI,PPV
6VHL,GLY
6VI3,GLY
7UPG,KDH
8BYN,S9C
9B4L,EDT
8FUG,Y9H
8UQ7,X6R
9DME,8VH
5MO3,PGE
4E0O,MPD
3KJ0,TRS
8D3X,MF4
8S0C,AGS
3SPF,B50
3SP7,03B
4QVX,3CQ
3INQ,X0J
3WIZ,LC6
6UVC,XOY
6UVD,XOU
6UVE,QHV
6VWC,RQ7
7AX3,GCP
7JGV,V9S
9AQZ,A1AFG
4NEJ,2K1
4NEM,2JY
8Z10,PRO
7UWO,WHL
7AFW,R9Q
7ZRB,JKI
3FXI,FTT
3A9E,754
8SZH,YP4
4N3C,UD1
4N3B,12V
6MA1,JA4
6MA2,J9S
6MA3,JAJ
6MA4,JA7
6MA5,J9V
7PGQ,PEV
8HMA,R16
8HLP,R16
8HMB,R16
6OC9,2PO
6WXM,HEZ
2M9R,23Y
2M9S,23Y
8KF1,VW6
8T82,YWK
8T89,TFA
6WFK,U2J
4E4V,DTT
8QZ6,PLM
8YG7,A1D6U
9EOT,PC1
2C6G,GLU
4V3D,PTY
8TU9,ACO
2CIJ,MET
3FEC,GLU
2XEF,AR8
4NGS,J34
7BMB,DMS
6T2H,DMS
6TR5,ML1
6YXI,PZ8
7B87,DMS
7BAC,DMS
7BDH,DMS
8OP9,ABU
3LYI,OCS
7UAF,M6X
9FRB,A1IFA
9FRE,EI7
9FRF,A1IFF
9FRH,A1IFF
9FRI,A1IFH
3FEP,LMC
7R9W,JO4
3C5N,I3P
6I6R,H62
8JL1,R16
8JL3,R16
8W4A,ACO
7R9Z,2LZ
7RA0,2JI
7P6T,9D2
8UO8,PS1
1MZF,AKG
7A1L,ROQ
4FC7,NAP
6Q0E,2PE
8QZ7,PC1
3L4T,BJ1
2W7O,DGT
4QSB,EWY
5LLH,DMS
5OOG,A0B
5OOH,NAP
6R6J,DMS
6YVK,U
6YVL,OMP
6YVM,U
6YVO,OMP
6ZX0,OMP
7AM9,OMP
4X4S,CTP
7AEQ,R8N
7ER7,NAP
7ER9,NAP
7ERA,NAP
7ERB,NAP
7ERC,NAP
7ERD,NAP
7ERE,NAP
5TYZ,EPE
7KT3,8DG
7KTB,8DG
5WU2,UTP
5WU3,UTP
7MH1,CTP
4SKN,URA
1EMJ,URA
1SSP,URA
1Q3F,URA
5W0O,UTP
5CA7,DGT
7KT1,DGT
8H6E,IHP
8H6J,IHP
7W5B,IHP
7W5A,IHP
6ICZ,IHP
5XJC,IHP
2BJ4,OHT
3OS8,KN0
7RS8,7EI
7CKF,AF3
7O1U,UYN
7O1W,UYQ
7O1Y,UYQ
7O20,UYT
7QY0,I0T
7QY1,I0W
7QY2,I0Q
8B4V,BEN
8B4W,F05
7YIT,IVB
1A5H,BBA
6B73,CVV
5UWG,PAM
7T47,6IC
7U8H,2XO
8VGQ,A1AAW
8VLX,A1ACS
7RP4,MKZ
7BEN,IMD
7MZK,MPD
1LYW,EPE
4WZV,E40
4XCT,N73
5U6P,CMP
8PNQ,2KH
8R3K,POP
6DWN,HEM
8SS4,SPD
5JUY,DTP
3ERT,OHT
2IOG,IOG
6SQ0,LRQ
6V87,OHT
7R62,3YJ
9BQE,TV3
9BU1,A1ASN
4TUH,38H
6UVG,QHP
1M4A,MPE
1M48,FRG
1M49,CMM
1M4B,NMP
1PY2,FRH
2G47,DIO
8Y0P,PRO
2JFA,RAL
5AAV,GW5
4XXB,BME
6V8K,QS4
8HDP,ADN
2D4Q,OXN
7R04,GSP
8UUD,BGC
2E2X,PEV
3P7Z,PEV
3PG7,PTY
7PGU,PEV
2EC9,ASO
5HOY,JEF
5ONQ,DMS
7F29,ACY
7OW1,FLC
5HOX,JEF
2IPU,ACM
3BY4,3CN
7WI6,Z99
8JF1,AV0
1APZ,ASP
9BTP,A1ATZ
5O5R,9OQ
1PK2,ACA
6VUM,OLA
7RXV,MTA
8RH8,ABU
8RHG,ABU
7Y9C,SAH
7YF2,SAH
7YF4,SAH
4KXB,BES
1CBS,REA
4Z1V,OGA
6TBE,NOV
8II0,P5I
9BVO,6PL
1H2N,AKG
2WA3,A29
2WID,TUN
2WIG,TC3
2WIJ,TN7
2WIK,TC5
2WIL,TCX
4NR1,OGA
6EQP,BUW
4Z2W,AKG
5F9O,EPE
5JWK,AKG
5JWL,AKG
4X4V,APC
3L4W,MIG
3L4X,NR3
3L4Z,SSD
7MGZ,UTP
7MIF,GLN
7MIG,ZFY
7MIH,ZG4
7MII,UTP
3CEH,NBG
3L4U,DSK
3L4V,KTL
2ZB2,GLC
4X93,PE8
2QKK,TRS
4PYX,DMS
4QSA,EWW
9CXG,PCG
5EWE,CTP
7Q13,GLC
6HGH,MLA
7KT4,DTT
7KT7,8DG
7U77,DGT
1JUJ,UMP
8E8B,DGT
8E8C,DGT
8E8D,DGT
1L5R,NBG
2E5C,PRP
3DKJ,PRP
3HU3,AGS
4KO8,AGS
9B3A,8VH
9B3C,NH2
4WV7,3UM
5AQZ,SGV
5MKR,TI8
5MKS,TI8
5BN8,EPE
5BN9,EPE
4IO8,3FD
6DLZ,GLU
6DM0,GLU
6DM1,GLU
6O9G,GLU
8SSA,PCW
8SSB,PCW
8SS6,6ZP
8SS3,ZK1
8SS7,PCW
9GGN,A1ACV
6WI3,NHE
7RNM,61Z
6CHW,F3D
6CHZ,F3D
1R5K,GW5
1UOM,PTI
2JF9,OHT
2OUZ,C3D
2POG,WST
3OS9,KN1
3OSA,KN3
4XI3,29S
5AAU,XBR
5ACC,KE9
5AK2,85Z
5FQP,GQD
5FQR,QHG
5FQS,J0W
5FQT,7QN
5FQV,VQI
6B0F,C6V
6IAR,H8W
6PFM,OGJ
6WOK,G9J
7WNV,2I9
8VV1,A1AEA
8VYT,A1AHV
8VYX,A1AHU
8VZ0,A1AHO
8VZ1,A1AHS
8VZP,A1AHW
8VZQ,A1AHX
8W03,OBT
8W07,A1AHY
9BPX,HIS
1X7E,244
1XPC,AIT
2AYR,L4G
2QE4,JJ3
2QXS,RAL
5T92,77W
5T97,782
5TN9,7EC
5TNB,7EB
1ERR,RAL
1SJ0,E4D
1XP1,AIH
1XP6,AIU
1XP9,AIJ
1XQC,AEJ
1YIM,CM4
1YIN,CM3
2I0J,I0G
2IOK,IOK
2Q70,DC8
2R6W,LLB
2R6Y,LLC
3DT3,369
3UUC,0D1
5UFW,86V
5UFX,86Y
5W9C,OHT
5W9D,9XY
6C42,85M
6OWC,ND1
6PSJ,29S
6SBO,L5B
6SUO,LVH
6V8T,C6V
6VGH,C3D
6VJD,C3D
6VPF,53Q
6ZOQ,QNE
6ZOR,QNH
6ZOS,QNK
7KBS,RAL
7N9O,5YR
7NDO,RAL
7QVJ,H09
7QVL,GZI
7RRX,7AI
7RRZ,77I
7RS0,7I9
7RS1,7Q5
7RS2,7I5
7RS4,7I0
7RS7,73I
7RS9,7OI
7TE7,I0V
7UJ7,NYU
7UJ8,OHT
7UJC,RAL
7UJF,R3V
7UJM,RL4
7UJO,QYM
7UJW,R3V
7UJY,RL4
8DU6,TQF
8DU8,TS7
8DU9,TT5
8DUB,TTU
8DUC,TU9
8DUD,TV3
8DUG,TVF
8DUH,TVL
8DUI,TVX
8DUK,TW6
8DUS,TWF
8DV5,TX9
8DV7,TXK
8DV8,TZ3
8DVB,TZI
8FY1,YF8
8FY2,YFH
2B8O,GLC
2FLB,6NH
2FLR,7NH
8VKZ,A1ACE
6FD4,PRP
8EI9,WHL
8EIA,WHL
8EIB,WHL
8EIC,WHL
3QXY,SAM
8BS9,AYE
5NWD,9C8
5TAR,FAR
5TB5,FAR
7BEP,IMD
7MDP,Z07
7UL3,FO9
6HLP,GAW
6HLO,GBQ
7PJN,7SU
6KDT,SAH
7RHG,CMP
7AOA,IHP
8EV1,WVW
2QZO,KN1
3Q95,ESL
6CBZ,EST
6PIT,EST
7AOS,LG2
5TGM,OHX
3HU1,AGS
3HU2,AGS
4KLN,AGS
5C18,AGS
7VCV,AGS
5C1A,AGS
7RL7,AGS
7RLC,AGS
7RLF,AGS
7RLH,AGS
7VCT,AGS
7VCX,AGS
5AQX,KC7
5AQW,5P7
6ICT,SAH
6C99,EQY
6MBK,SAH
6ICV,SAH
6MBL,SAH
6OX1,SAH
6OX2,SAH
7W28,SAH
7W29,SAH
6OX5,SAH
6OX0,SFG
4ZMA,BGC
7RS3,SER
2PUQ,BGC
1W0Y,771
1W2K,380
1WQV,BGC
1WSS,BGC
1WTG,BGC
1WUN,BGC
1WV7,BGC
2ZP0,BGC
2ZWL,BGC
2ZZU,FUC
3TH2,BGC
3TH3,FUC
3TH4,BGC
4IBL,BGC
6DF6,G8Y
6PET,G9J
4Q50,OHT
5U2B,6WV
5NFP,CPS
7MSA,ZNM
1O5D,CR9
5G3J,CPS
2A2Q,GLC
2AER,GLC
2B7D,C1B
2F9B,N1H
2FIR,GLC
3ELA,GLC
4UDC,CPS
4UDD,CPS
6EL7,B9T
6EL9,B9W
7PRX,82H
3E7C,866
1P93,DEX
4P6W,MOF
4P6X,HCY
1M2Z,BOG
3CLD,GW6
3K22,JZR
3K23,JZN
3H52,486
4MDD,29M
2J7Y,E3O
3KTM,BU4
1DAN,BGC
8IVG,SGO
7E2H,Y01
3H8H,2PE
7MIC,3CN
5CFB,SY9
9OVJ,A1CF1
1BDA,2Z0
2XQF,GLY
2XQI,GLY
2XQJ,GLY
3D8C,AKG
4B0O,GLY
4B0P,GLY
5M8P,TYR
5J6S,6GA
5M8M,KOJ
6SAM,L3H
4UXU,MLK
5K5E,6QS
6EQQ,H19
6Q0O,TRS
7Q1N,8IV
8AM2,N0C
4XII,40V
6CUD,6OE
7FCG,IMN
4M6L,21V
4X4R,APC
6WFV,TRS
3L4Y,NR4
5DEU,OGA
5H8X,5XT
7Y7W,ABU
7Y7Y,ID7
7Y7Z,TGI
9JDG,D12
4CYG,RRV
4N9E,2HL
3H6N,ARS
4Q6R,30J
5JWP,AKG
7MQ9,SAH
5YWR,PGE
5YQZ,OLC
6MXZ,K6S
4FMD,AF3
4FMC,AF3
6IGL,OLC
8QU2,TRS
7X6I,PTY
8GVX,PTY
3EJ8,H4B
5JCO,G2P
4JYU,1OK
4JYV,1OJ
4JZD,1NJ
4NG9,2KE
4NGA,2KF
4X8S,3Z7
4X8T,3Z8
4X8U,3ZB
4X8V,3Z9
4YT7,4K1
4ZXY,4T1
5L2Y,70D
5L2Z,70C
5L30,70A
5TQE,7KQ
5TQF,7KR
5U6J,82J
5PAT,7ZG
4ISH,1GE
4ISI,1GG
4NA9,1T7
4ZXX,4T0
1CVW,0GE
1QFK,GLC
2BZ6,346
3TX7,P6L
4TUZ,36J
4MG8,27J
4MG9,27K
4MGB,XDH
4MGD,27N
4TV1,36M
5JMM,QSO
3UU7,2OH
3UUA,0CZ
4MG7,27H
4MGA,27L
5DXB,EST
5DX3,EST
4CUD,FUC
8Q7R,U9O
9EE8,ADN
9EE9,ADN
9EEA,ADN
8Z6H,PGW
6X1M,UKS
3EU9,HIS
2JG4,DIO
4GS8,MGJ
4PF9,2Q6
4PFC,2QX
4QIA,33K
4M0E,1YL
5HF6,EFS
6CQU,HI6
6CQV,HI6
6CQX,VX
6NTG,HI6
6NTM,L0S
6NTN,HI6
6WUZ,UCJ
8JEW,AV0
8Y8B,MJJ
2PX6,DH9
6IZN,B1O
6T1V,EDK
8AQN,O0U
8DKN,EEY
8FKF,Y5X
9O9N,A1CAA
6ONI,EEY
8FHE,GW9
8FHG,XZK
8FKC,Y5F
8FKD,Y5O
8FKE,Y5T
6NJS,KQV
6NUQ,KQV
4XI9,12V
2RCW,AAI
2RD6,78P
3GJW,GJW
3GN7,3GN
3L3L,L3L
3L3M,A92
9BPY,DQV
9DMC,DQV
5DS3,1PE
6GHK,EZ2
6NRG,KYY
6NRH,KYP
5KPN,6WX
5KPO,6WY
5KPP,6WZ
5KPQ,6X2
5WRQ,7TX
5WRY,4YR
5WRZ,7U3
5WS0,7U6
5WS1,7U9
5WTC,7UL
5XSR,8EC
5XST,8.00E+06
8HE7,1WI
8HLR,25I
8JNZ,ERV
9ETR,A1H64
9ILN,A1D9M
7M2K,GZM
6PFP,MPD
7M3G,H43
8EDW,UNL
3FF7,ACY
9AVN,A1AG7
5TF8,TTP
8CSR,SAM
8CSU,SF4
8CSQ,SF4
8TZQ,LDP
8U02,LDP
5QIY,J61
6YVP,DGP
4JOC,MLA
5DYX,ADE
8XSN,RBF
4QPL,V3L
9C0Y,DMS
4G55,DMS
8AAO,LN2
8AAP,LLV
7DDZ,H46
1NTE,O
7D2T,TRS
9C0G,A1ATU
1D8E,FII
7MXC,ADN
7TYI,PLM
8F0J,D6M
6NCN,KJM
6NCO,KQP
3P8C,TRS
7JHJ,Y01
1YUK,NDG
8E5B,BBI
9GFE,EQN
9GFI,EQN
5K13,6Q7
7CMU,G6L
7CMV,G6O
8IRT,R5F
9BUB,A1B90
9BUC,A1B90
9BUD,A1B90
7Z77,IFF
5NDZ,8UN
6FXI,3AB
6TYP,PKG
8S8A,UK9
4HXD,4LJ
5IN5,NAP
2YJC,424
6W7G,Q3A
7MSD,ZMY
7SI4,9JL
5U5K,7VY
6I0M,5GP
2XJF,DG2
2IL2,LIX
3MB3,MB3
5S8L,12Q
5S8R,Y0A
5S8S,Y0G
5S8T,Y0J
5S8U,Y0Y
5S8V,Y1A
5S8W,Y1D
5S8X,34Z
5S8Y,Y1J
5S8Z,Y1M
5S90,Y1P
5S91,Y1S
5S92,Y2G
5S93,Y2J
5S94,Y2M
5S95,XZV
5S97,Y2V
5S98,Y31
5S99,Y34
5S9A,XZY
5S9B,OVM
5S9C,Y0D
5S9D,Y44
5S9E,Y47
5S9G,XLP
5S9J,3M0
5ENB,5Q5
5ENE,5Q8
5ENH,5QB
5ENI,5QA
5ENJ,5Q9
5S8C,RYD
5S8D,N1E
5S8E,5WY
5S8F,ZHA
5S8G,XLP
5S8H,D4V
5S8I,2LY
5S8J,54Y
5S8K,XLV
5S8M,1BN
5S8N,3PF
6DDH,IMP
5RJJ,HH8
5RJK,UUJ
5RJL,UUG
5RJM,UU1
5RJN,UUV
5RJO,1P8
5RJP,UUS
5RJQ,HHT
5RJR,S9S
5RJS,UUP
5RJT,UUM
5RJU,O2D
5RJV,UVD
5RJW,60P
5RJX,UVA
5RJY,UV7
5RJZ,K0J
5RK0,T0S
5RK1,UV1
5RK2,UUY
5RK3,UVV
5RK4,K1S
5RK5,UVS
5RK6,O1M
5RK7,UVM
5RK8,UVJ
5RK9,UVG
5RKA,T6J
5RKB,UWG
5RKC,UWD
5RKD,UW7
5RKE,K2G
5RKF,UVY
5RKG,GOJ
5RKH,LPZ
5RKI,K2M
5RKJ,UWY
5RKK,K0P
5RKL,UWV
5RKM,O0V
5RKN,NUA
5RKO,GX4
5RKP,UWS
5RKQ,UXJ
5RKR,O0G
5RKS,UXG
5RKT,UXD
5RKU,UXA
5RKV,YI6
5RKW,UX7
5RKX,UR1
5RKY,UX1
7FUS,ZIM
7FUT,ZJ8
7FUU,ZJE
7FUV,ZJI
7FUW,ZJN
7FUX,ZJR
7FUY,ZJW
7FUZ,ZK0
7FV0,ZK6
7FV1,ZKC
7FV2,ZKH
7FV3,ZKL
7FV4,ZKQ
7FV5,ZKU
7FV6,ZKZ
7FV7,ZL3
7FV8,ZL8
7FV9,ZLC
7FVA,ZLH
7FVB,ZLW
7FVC,ZM6
7FVD,ZM0
7FVE,ZMN
7FVF,ZMW
7FVG,ZNX
7FVH,ZOH
7FVI,ZO5
7FVJ,ZOK
7FVK,ZOU
7FVL,ZP0
7FVM,ZP5
7FVN,ZPB
7FVO,ZPL
7FVP,ZQ0
7FVQ,ZQ5
7FVR,ZQ9
8BW2,Y3Y
8BW3,Y3V
8BW4,Y3S
3GHS,NDP
3GHT,NDP
3GHU,NDP
3U10,CMP
3GHR,NDP
1I0Z,NAI
2I16,NDP
2I17,NDP
7DBJ,NAI
1US0,NDP
2QXW,NDP
5OSY,AJQ
2FVJ,RO0
3T03,3T0
3VN2,TLS
4Y29,CTI
6ILQ,AE0
3ET3,ET1
3QT0,486
3LMP,CEK
3U9Q,DKA
3V9Y,24L
4F9M,FCM
4FGY,0W3
4HEE,14R
5DV3,B05
5DV6,B4H
5DV8,T51
5DVC,T53
5DWL,3JX
5YCN,8LX
5YCP,BRL
7WGP,F5A
2HFP,NSI
3FEJ,CTM
3FUR,Z12
3G9E,RO7
7WGO,PEM
7WGQ,P7F
8HUM,BJB
8HUP,KKB
2GTK,208
3CWD,LNA
3S9S,M0T
5DSH,6BH
5GTN,Q35
6AD9,KK4
6IJR,A9C
6IJS,A9F
6K0T,CTU
8DK4,SJ9
9F7W,2OH
3B1M,KRC
3V9T,17L
3V9V,21L
5Z5S,RTE
5Z6S,RTF
6FZF,EDK
6FZP,EDK
3CFV,ARS
9C0Z,DMS
6E4L,DMS
7FSO,DGL
7FTB,DGL
8AAI,LKV
1W9E,BEZ
7D10,PLM
1V1T,BEZ
1W9O,BEZ
1W9Q,BEZ
6RLC,K7Z
8Q7O,DMS
5U5R,DTT
8HCK,P1Z
2VSM,IPA
8STE,FUN
7N3N,FUN
7S1X,82U
6BYY,1PG
3II0,TAR
5TDF,7A3
5WLQ,TMO
7SD0,GCP
6EKJ,CXS
4DJH,JDC
8FHD,P3X
4E9M,FLC
6WO5,BMA
2Y92,DTT
3UB2,DTT
3UB3,DTT
6M3I,UNU
2RIQ,EOH
6VKK,RPB
7CMW,DS9
4R6E,3JD
8FYY,YH0
7KK5,3JD
4UXB,P34
7AAD,09L
7KK4,09L
1UK0,FRM
1UK1,FRQ
1WOK,CNQ
6NRJ,KYJ
6NTU,DMS
6VKO,L1S
6VKQ,UHB
7AAB,UHB
7AAC,78P
7KK3,2YQ
7KK6,78P
7ONR,VKW
7ONS,VKT
7ONT,VKQ
9ETQ,A1H63
4GV7,MEW
4HHY,15R
4HHZ,15S
4L6S,1WQ
5A00,D7N
6BHV,DQV
8U4W,VHU
7TYW,PLM
9BP3,A1B90
7FJF,C3S
5QIO,UNL
5QIP,J51
5QIS,J5G
5QIT,J5J
5QIU,J5M
5QIW,J5S
5QIX,J5V
5QIZ,UNL
3N8I,NLA
4C0P,DTT
2P0D,I3P
8BD0,DTT
8EFG,D5M
8TYV,I8P
8CSP,SF4
6RW5,SRY
6M91,J97
6M92,J8V
6M93,J8Y
6VMS,08Y
7JVR,08Y
8IRS,R5F
6GMR,F4K
6WJ3,U3J
2PRG,BRL
7Z6L,IEI
5NDD,8TZ
4RN0,L6G
6PT3,OWY
3KQR,OPE
2W08,TPO
4APD,D6M
8D0Q,6CK
8V1F,TAM
2YJ2,YJ2
2YJ8,YJ8
2YJ9,YJ9
2YJB,YJ9
7BGC,TKN
6X5P,UQD
2XJC,5GP
2WBI,FAD
1HPK,ACA
2XCV,DG2
4H4B,11H
5S96,SAL
8S88,SFX
3T42,NAP
8BJL,NAP
1AZ2,NAP
1X96,NAP
1X98,NAP
2ACS,NAP
2ACU,NAP
3BCJ,NAP
3LBO,NAP
3LD5,NAP
3LEP,NAP
3LQL,NAP
3LZ3,NAP
3LZ5,NAP
3M4H,NAP
3ONB,NAP
3ONC,NAP
4PUW,2WQ
4QBX,NAP
6F7R,NAP
6F81,NAP
6F82,NAP
6F84,NAP
6F8O,NAP
6SYW,NAP
6T3P,NAP
6T7Q,NAP
6TD8,30L
6TUC,NXK
6XUM,30L
6Y1P,4G7
8A4N,NAP
8AQG,NAP
8AQP,NAP
8AUU,NAP
8B34,NAP
8B3N,NAP
8B3R,NAP
8B66,NAP
8CNF,NAP
8CNP,NAP
8OZ2,NAP
8P2R,NAP
4C2K,DTT
6THA,BNG
4PYP,BNG
7MSR,DCA
5EQG,5RE
5EQH,5RF
5EQI,5RH
6WCV,TUY
6QCD,AR6
6QCN,AR6
9ARY,SRO
9AS4,7LD
9AS6,A1AFW
9AS8,91Q
9ASA,A1AFX
9AS0,A1AFU
9AS2,A1AFV
8UWL,H8G
8V6U,YEQ
9C42,REF
6CZ5,FPJ
3G2S,HEZ
1X7R,GEN
8G5Z,SPD
5AQF,ADN
2YDO,ADN
1T9G,FAD
2A1T,FAD
5MWB,FUC
7XLQ,Y01
9AUC,PLM
6HR2,FWZ
9C57,AGS
5IRS,DTT
9GOC,A1INE
3KPV,SAH
1CB0,ADE
2D82,TTR
5CGP,53W
2L84,J28
2L85,L85
4WHU,3OT
6SQM,LU5
7WX2,7OW
5LPJ,XDM
5LPL,71X
5MME,8Q6
5MPK,0BC
5MQE,PKU
5MQG,F31
5MQK,QPR
5NRW,96N
6FR0,E3H
7XHE,JHF
9J6O,A1L3S
4TQN,UL4
5ENG,5QN
5EP7,5QR
5H85,5XS
5J0D,6F9
5MMG,UT0
5MPN,YE5
5MPZ,4I8
5NLK,92E
5OWK,7MX
5TB6,77X
5XXH,E0D
6FQT,AY2
6FQU,E3B
6SQE,LSZ
6SQF,LTW
8FXN,YN0
4NR6,2LN
4NYX,2O4
6YIL,OSQ
6YIM,OS8
7SIN,YP1
4MGI,CMP
4MGK,CMP
7BDI,AGS
3CFS,ARS
7FSH,DGL
7FSJ,YEB
7FSL,NUM
7FSM,WJA
7FSN,YDG
7FSQ,VVP
7FST,GLY
7FSV,UQS
7FSW,YDX
7FSX,I8A
7FT0,DGL
7FT4,O0J
7FT5,YEF
7FT6,DGL
7FT7,SZB
7FTD,YG0
3QE2,FAD
3QFC,FAD
3QFR,FAD
5EMN,FMN
5FA6,FMN
6QBG,HVT
6QBH,S43
7JNI,VFD
3FJO,FMN
4D2M,MRD
8D96,SF4
5URZ,BOG
7VGJ,P5S
6I3Y,LMT
7SFL,FUN
4LRH,FOL
9CKC,SAH
7L9P,AGS
7X9D,HRM
8WEJ,HEM
3DZY,9CR
9E7R,A1BF3
8G1U,ADN
4Z6A,BGC
7ZU1,DHT
6UF0,Q5V
3PGF,IMD
6I44,BEN
4QG1,DTP
4CIK,XO3
4TNR,DTP
4ZWG,DTP
4TNP,DCP
7PAX,FPS
1B2I,AMH
4RXP,DTP
6IO0,AOU
5CR7,5WO
1CEB,AMH
1KI0,BCN
2PK4,ACA
4RXR,DCP
5UGD,89S
5UGG,89M
6PAY,ICT
6DW4,HF7
7DBK,NAI
8QXJ,DZ4
3JRX,S1A
4G0V,MIX
8S0E,AGS
7TYX,PLM
5AOM,FY8
6GGA,EY2
7B4B,QN8
7B4E,QN8
4AGL,P84
4AGM,P86
4AGQ,P96
5AOJ,Y0V
5AOL,UFV
7B4C,QNN
8A31,KV0
8XCB,A1LUZ
4AGO,P74
8RBB,YLW
9G5H,EPE
9BR3,A1ARO
9BR4,A1ARZ
7EDS,ARS
7V97,ARS
8A92,EPE
8DC8,R50
8RBC,EPE
6PZV,FLC
4CT7,TRP
8VYJ,6OU
8VYK,Y01
8X90,PS1
7VFS,R16
7VFW,R16
6TTP,ADN
8G6J,SPD
1RDT,L79
3A8Y,TRS
7RAN,3IQ
6WHA,U0G
8XWD,KDH
9O4B,A1B9H
7WMM,1KI
7YNF,V79
7YNL,IZ8
7YNM,TFX
7YNN,TFX
7YNO,IZV
7YNP,IZM
7YNQ,IZV
8X7B,TFX
8X7L,IZ8
8X7M,CGO
8X7O,IZV
8X7P,V79
8X7Q,3LS
8X7R,Y9W
8ZLI,A1L13
8ZLO,1KI
8ZMY,1KI
9IJP,7TT
4PP6,STL
6M90,J91
6D4F,1PE
6RQ7,GD
2WAL,MLA
6P0P,Y35
7LF9,FUC
7LFN,FUC
4MPV,2A4
7VQG,HEM
3I0F,U5P
4DES,57D
2RJ8,BHE
3SXE,GAL
4FRA,GAL
4FRD,GAL
4GBP,GAL
2FL5,RBF
2JAW,BVP
3WEF,FPS
8G60,SPD
9D1Z,MPD
2G49,DIO
6AXQ,DMS
6AY5,C3V
5W0L,9UD
6AY3,C3J
6QST,JGK
7XIJ,EJ3
9JUU,A1EDN
3P1C,ALY
5DBM,58N
5W0E,9U4
5W0F,9U7
5W0Q,9UG
6ALC,DMS
7XH6,DMS
9JUY,A1EDO
4YK0,986
6FRF,E3T
7EVJ,JE9
7XI0,EL0
5KTU,6XB
5KTW,6XG
7XM7,GAY
5KTX,6XH
5NU3,99E
6FQO,E2T
7XNG,GI5
1BND,IPA
9FSH,TJQ
6KUW,E33
7EPB,40F
7D0E,GO9
1G1Q,MRD
4XO6,NAP
4L1X,NAP
1J96,NAP
4JQ2,NAP
4JQ3,ZOM
4JQA,ID8
4JTQ,FLP
7LLA,ACO
8G1E,ACO
8G1F,UNL
7P3A,IPA
1YET,GDM
4YKQ,4EO
4YKT,4EQ
4YKU,4ER
4YKZ,4EV
5LRL,73S
5OCI,9R8
4XIP,40W
5OD7,H0T
6FCJ,D4W
6GR3,AN2
4W7T,3JC
5J20,6FJ
5J27,6FF
5J2X,6DL
5J64,6G7
5J6L,6GC
5J6M,6FJ
5J6N,6FF
5J82,6GV
5J86,6GW
5LNY,70K
5LNZ,70Z
5LO0,70N
5LO1,70L
5LQ9,72K
5LR1,72Y
5LR7,73J
5LRZ,73Y
5LS1,73Z
5NYH,9EK
5T21,74E
6EL5,PU1
8ADM,O6C
2FWY,H64
3D0B,SNX
3MNR,SD1
4BQG,50Q
5CF0,FJS
5NYI,2EQ
5XQE,8CO
5XR5,8CR
5XR9,8CU
5XRB,8DU
5XRD,9ZC
5XRE,JX1
6EI5,B5Q
6ELO,BAW
6ELP,BA8
6EYA,C4K
6EYB,C3Z
2FWZ,H71
3B25,B2K
3B27,B2T
4EGI,B2J
4R3M,JR9
5LO5,70M
5LO6,70O
5XQD,8CF
6B99,NEC
6N8X,KFY
6OLX,KFY
6U99,Q2J
6U9A,Q2A
6U9B,Q2A
1YC1,4BC
1YC3,4BC
1YC4,43P
2H55,DZ8
3FT5,MO8
3OWB,BSM
4NH8,2LC
3HYY,37D
3HZ1,42C
3HZ5,Z64
3O0I,P54
3OW6,MEX
3OWD,MEY
3R91,06H
3R92,06J
3VHC,VHC
3WQ9,YUK
4CWF,H05
4CWN,6LV
4CWO,T62
4CWP,TV2
4CWQ,W2D
4CWR,HAJ
4CWS,G3R
4CWT,IK9
4EFT,EFT
4HY6,FJ1
4JQL,VJ6
4L8Z,RL1
4L90,RL3
4L91,X29
4L94,S46
4LWE,FJ2
4LWF,FJ3
4LWG,FJ4
4LWH,FJ5
4LWI,FJ6
4O04,2Q8
8TBI,ZNI
7OQG,0AW
7NMW,UJW
7NMX,K7Q
7NN2,K8W
7NNE,K92
7NPB,K7N
7NPG,K92
7OQU,0BL
7OQW,0B7
1GCQ,MRD
2J9H,GTX
1GSS,LEE
7ZVT,IHP
8AGI,M0U
8AGJ,M0U
8AGL,M0U
6RP6,KDK
6SLW,L1T
6RJL,K5Z
6RJQ,JT2
6SLX,KM8
7D3Y,IHP
1DGH,NDP
10GS,VWW
12GS,0HH
18GS,GDN
4GSS,GTX
5X79,GF5
5QQK,N6V
5QQM,N74
5QQN,N5D
9IOL,IHP
3EDZ,INN
7SOL,IHP
9KRH,CRN
5D3V,FLC
6YB8,C2R
5CGD,OLA
7P2L,4YI
1O86,GLY
1UZE,GLY
2XYD,3ES
7LA9,XR7
5U28,82V
5U2C,82Y
5U2E,837
5U2F,82Y
5W55,X30
5WA5,4K4
6CD4,EX1
6CD5,R4L
6CIS,X26
6CIY,F3J
6CJ2,X27
6WW8,YR0
7REK,R6S
7REM,4OF
8A62,L7L
6KAY,2VN
6LX5,C5F
8HUN,KKB
6L36,GW9
6LX4,F5A
2ZNN,S44
3VI8,13M
6KB2,WY1
6KB7,WY1
6KBA,WY1
6KYP,GW9
6L37,GW9
6L38,GW9
6LXB,EWR
6LXC,EWR
7E5F,S44
7E5G,HVX
7E5H,HW3
7E5I,HW3
2REW,CPQ
3KDT,7HA
3KDU,NKS
4CI4,Y1N
5HYK,65W
8RCE,WUE
5BTR,STL
6QS1,XPE
9GBP,A1IJW
6ZPQ,BO3
6ZPT,PG0
9GBS,A1IJY
7AVL,IMD
7AVS,IMD
7AVT,IMD
7AVU,S3Z
6G0E,EGN
6SFR,IMD
6SCM,L7H
9MJM,A1BMD
4O76,1M3
3SP8,MRD
7LW1,YG1
1GZR,C15
1GZY,C15
1GZZ,C15
1H02,C15
1IMX,CPQ
9EII,PC1
9EIJ,PC1
9EIH,PC1
5KM6,6US
6O5I,DMS
7NV0,TTP
7NV1,TTP
2VZD,PGE
8HID,LLR
8EL9,HEM
8SGV,NDP
8WZH,HEM
8WZJ,HEM
8WZK,NDP
8WZM,HEM
4JTR,IBP
4JQ1,NPS
6LTK,E0G
6LSZ,TUH
6LT8,ET3
6LTI,2GJ
7LSZ,ONG
7LT0,ONJ
8SWK,7YN
7NVR,SF4
9N0X,P5S
1OSF,MPD
5UEP,88P
5UEQ,87M
5UER,87P
5UES,87S
5UET,87V
5UEV,88Y
5UVS,8O1
5UVT,8NV
5UVU,8O4
4YKX,4ET
4YKY,4EU
4XIQ,40Y
4XIR,40X
4XIT,40Z
5J9X,6GC
5ODX,9RZ
6GP8,APC
6GQS,A12
6GR1,APC
4U93,990
6EY8,C4T
2QG2,A91
3BM9,BXZ
3BMY,CXZ
3K97,DMS
3QDD,94M
3R4M,WOE
6EY9,C4N
1UY6,PU3
2CCS,4BH
2CCT,2.00E+01
2CCU,2D9
2YE3,VXX
2YE4,2FY
2YE5,2A7
2YE6,2AE
2YE7,2GA
2YE9,2D4
2YEA,2A9
2YEB,2K4
2YEI,XQK
2YJW,YJW
2YJX,YJX
2YK2,YJW
2YK9,YK9
2YKB,YKB
2YKC,YKC
2YKE,YKE
2YKI,YKI
2YKJ,YKJ
3QTF,05S
4BQJ,XKL
6CEO,D57
6HHR,G5E
6U98,Q2D
1UY7,PU4
1UY8,PU5
1UY9,PU6
1UYC,PU7
1UYD,PU8
1UYE,PU9
1UYF,PU1
1UYG,PU2
1UYH,PU0
1UYI,PUZ
1UYK,PUX
2BSM,BSM
2BYH,2D7
2BYI,2DD
2JJC,DMS
2VCJ,2EQ
2WI4,ZZ4
2WI5,ZZ5
2WI6,ZZ6
2WI7,2KL
2XDS,MT0
2XDU,DMS
2XJX,XJX
3FT8,MOJ
3INW,DMS
3INX,DMS
4FCQ,2N6
4FCR,0TM
2VCI,2GJ
2XDK,XDK
2XDL,2DL
2XDX,WOE
2XHR,C0P
2XHT,C0Y
2XHX,T5M
2XJG,XJG
2YI5,YI5
2YI6,6QM
2YI7,BZ8
3RKZ,06T
4B7P,9UN
4EEH,HH6
4EFU,EFU
4O05,2Q9
4O07,FGH
4O09,2R6
4O0B,2QA
3LEA,Z93
1PGT,GTX
2PGT,EPE
19GS,BSP
6NTS,L2J
4P9H,EPE
1D5R,TLA
1U4L,ACY
1U4M,ACY
1U4P,ACY
2GBM,ARS
7R8R,8L6
5WRI,A3P
5VXO,1VU
1Z29,A3P
3QVV,A3P
1EFH,A3P
1LS6,A3P
3U3J,A3P
4GRA,A3P
1HY3,PPS
9DRC,TTP
3FIT,FRU
4OP1,2UW
4MSU,2EU
4OHK,2TE
4OHM,2TF
4OHO,2TG
4OHP,2TJ
4OLH,2TO
4OP2,2UX
4OP3,2UY
4PX2,2WY
4PX3,2WX
4PX5,2WZ
4MQU,MG9
4MRO,MG0
4PXS,2Y6
8BD8,QCU
8BDY,QCU
5TYD,EPE
5TYW,TTP
4XUS,TTP
8DUJ,CFF
8DVE,CFF
8XJI,A1LVX
2OVJ,7PE
7VRI,AC2
7NW0,SF4
7VRH,AC2
4I5I,4I5
4ZZH,4TO
4ZZI,4TQ
1FKD,818
4IPX,MPD
1FKF,FK5
1FKG,SB3
1FKH,SBX
6H7E,CMP
8PVD,HEM
5WIV,AQD
3F6K,PGE
3MQL,MPD
7UKR,NKF
7UKS,NL0
5OVG,AWZ
3VEY,GLC
3U5J,08H
3U5K,08J
7AVI,S2Q
6SWN,GLU
4YH4,Y81
5DLX,5D2
5DLZ,5D1
8XJJ,A1LVJ
6AFR,9.00E+03
9MJL,A1BME
3MXF,JQ1
3WGW,T2B
4YH3,Y80
4ZC9,4MW
5CS8,EB8
6DUV,0S6
6U0D,POJ
6YQZ,P8W
7WJS,JFL
7WKY,JFR
7YL2,JCO
8GLA,ZQZ
8WXY,XGN
8YME,A1LZZ
8YMF,A1LZB
8YMG,A1LZC
9FWX,A1IGX
9FXP,5WX
4GPJ,0Q1
4HBW,14Z
4HBX,14X
4HBY,13F
4IOO,BAE
4LYW,21Q
4LZR,LOC
4LZS,L46
4NQM,SIN
4UIY,5V2
5CFW,53W
5DX4,E0C
5S9P,YW4
5S9R,YWA
5UEO,87G
5UEU,0S6
5UEX,89D
5UEY,88M
5UEZ,89G
5UF0,89J
5UVV,8NS
5UVW,8NG
5UVX,8NM
5UVY,8NJ
5UVZ,8NP
6FO5,DZH
6ZED,QGN
7A9U,R5W
7B1T,DMS
7JKX,Y36
7JKZ,YF6
7M5L,TME
7M5M,NBU
7M5N,8VH
7MCE,YWY
7MCF,YX4
7OEO,V9Z
7R5B,I5K
7RMD,5Z0
7RUH,7QZ
7RUI,7QZ
7T3F,EM0
8B96,Q2F
8B98,Q2F
9QOB,A1I8D
2YEM,WSH
4BJX,73B
4DON,3PF
4HXK,1AJ
4HXL,1A9
4HXM,1A8
4HXN,1A7
4HXO,1A6
4HXP,1A5
4HXR,1A4
4HXS,1A3
4IOQ,BAQ
4J3I,1K0
4QZS,JQ1
4Z1S,559
5ABW,WQQ
5COI,55K
5CP5,EB0
5CPE,EB2
5CQT,EB3
5CTL,EB9
5D25,56M
5DW2,5GD
5EIS,5OU
5H21,RMR
5KDH,6RX
5KJ0,6TB
5M39,7EA
5O97,9OE
5OVB,AY2
5OWM,B0N
5OWW,B0Q
5TI2,7CJ
5TI4,7CM
5TI5,7CN
5TI6,7CO
5WMD,6JE
5Y8Z,8Q3
5Y93,8Q9
5Y94,8QC
5Z1R,EFL
5Z9C,MQO
6DMJ,53W
6JJ3,BS6
6JJ5,C6X
6JJ6,C89
6JJB,BT0
6PRT,OWA
6PS9,Y17
6PSB,Y18
6RWJ,KLK
6S4B,KUH
6S6K,KXK
6SA2,BU3
6SA3,L2N
6SAH,L2W
6SAJ,BU3
6SB8,L45
6VIW,QYV
6VIX,QYV
6VIZ,QYY
6VUB,RLG
6VUC,RLS
6VUF,RLV
6XUZ,O1W
6XV3,O2B
6XVC,O32
7AXR,S7T
7DHS,H8C
7M16,YNS
7MR5,ZMS
7MR6,ZMV
7MR9,ZMM
7MRA,ZMJ
7MRB,N49
7Q3F,8M6
7V1U,5.00E+03
7V2J,5FZ
7WL4,JFU
7WWZ,7OW
7X6T,97F
7ZAE,IJO
7ZAJ,HH8
7ZE7,UUJ
7ZEF,UUG
7ZFT,HWC
7ZFU,IS6
7ZFY,ISK
8DYR,U59
8E3W,UHI
8IBQ,OWO
8IDH,OWO
8K14,VFI
8QAL,GQX
8QAN,GKI
8QAP,Q9U
8QAR,GI0
8WIU,WPR
8WY3,XHE
8WY7,XHN
4C67,L5S
4MEP,24Y
4UYD,DMS
4ZW1,4V1
5ACY,9S3
5D3S,579
5E0R,5J5
5HLS,62G
5I80,67B
5LRQ,4WG
5MLI,82I
5Z5T,96R
5Z5U,96U
5Z5V,96X
5Z8G,DMS
6AJV,HCC
6CZU,FP7
6DNE,H1V
6FFD,D7T
6HDQ,FZE
6IN1,LOC
6JI4,BOF
6KEE,D7U
6LG4,EC0
6LG5,EC3
6LG6,EC9
6LG7,ECF
6LG8,ECR
6LG9,ECU
6LIH,EDF
6TPZ,NV2
6Z7G,QB5
6Z7L,QAN
6Z7M,QAZ
7AQT,EAM
7JKW,VCV
7P6V,5Z4
7P6W,5YY
7P6Y,5Z1
7W3D,89T
8P9F,X9O
8P9G,X9K
8P9H,X9C
8P9I,X8T
8P9J,X8O
8P9L,XA3
8PIQ,ZHO
8PXA,I0Z
8PXM,ZTY
8ZMB,A1L0Y
9F1K,A1H81
3SVF,WDR
3SVG,ODR
4BW4,9B6
4C66,H4C
4LRG,1XB
4NUC,435
4NUD,NUD
4PCI,2NJ
4QB3,30M
4QR3,BNJ
4QR4,BNK
4QR5,BNM
4WHW,3OT
4Z1Q,558
4Z93,4LD
5AD2,ETU
5AD3,K6K
5D24,L26
5D26,L28
5D3H,57G
5D3J,L33
5D3L,57F
5D3N,L40
5D3P,57E
5D3R,57C
5D3T,56Y
5FBX,5W4
5HCL,5Y9
5HM0,62V
5HQ5,64Q
5HQ6,64R
5HQ7,64S
5JWM,6ON
5LUU,77X
5ULA,5MJ
5UOO,8FV
5VOM,9GY
5WMA,6JC
5WUU,7UU
5XHY,8FC
5XI2,8F9
5XI3,8F6
5XI4,8F0
5Y1Y,HNQ
5YOU,8XX
5YOV,8XR
5Z8R,99O
5Z8Z,99R
5Z90,99U
5Z9K,99X
6AJX,HCC
6AJY,A0R
6AJZ,LOC
6C7Q,EO1
6C7R,EO4
6CKR,F5V
6CKS,F5Y
6DML,9BM
6FSY,E5Q
6FT3,E5T
6FT4,E5W
6JI3,BW6
6JI5,BQ0
6KED,D7R
6KEF,D7X
6KEG,D89
6LIM,EE9
6UVM,QJA
6V0U,BMF
6V1K,5SW
6V1L,5U6
6V1U,QMG
6WVX,UDV
6X7B,ZVP
6X7C,KV9
6X7D,UT4
6YIN,OS8
6ZCI,QFN
7AJN,RGW
7C6P,SQH
7EHW,J4O
7EHY,YD8
7EIG,N03
7EIK,J4R
7EIL,909
7FH2,4JI
7LH8,XZG
7MLQ,ZHV
7MLS,ZHM
7MR8,ZNJ
7RXT,7ZK
7USJ,82V
7UTY,OFR
7ZA8,HGQ
8C11,SY0
8CKF,E5Q
8V9F,YPB
8WYP,XUK
8ZM8,A1L1X
7OCM,EPE
5CT1,NHE
1GMN,EPE
3HN4,EPE
5COE,EPE
5CP9,6O5
5CS3,EP1
5CS5,PIN
5CSQ,MPO
5CT2,CXS
5CT3,54O
5A09,JJD
4UFB,LYS
4LC9,F6P
5AMA,ASP
4LMM,ACY
4MPA,ACY
6CY7,2BA
7MHC,ZEV
9CAF,IHP
7S90,ADE
7S95,ADE
5FNC,IEE
6TN4,NLZ
6TN5,NL8
9B8T,TTP
6LR9,EOR
8C30,PE5
8C28,B3P
3O64,IPA
5JCW,GVX
3K7V,XT1
8IXB,G2P
9BHO,ZNI
9BHP,ZNI
9BHQ,ZNI
6QZR,B3P
3SP6,IL2
1XDA,IPH
8IPZ,IPH
9LVC,IPH
9LVD,IPH
9LVE,IPH
9LVX,IPH
9LVY,IPH
9A88,SF4
9A89,SF4
5OVR,AXK
5OVX,AY5
5OW1,AY8
8Y8V,P5S
8HWG,AGS
3ELB,C5P
9B4E,P5S
2Y23,PG0
3RBS,BME
3AP1,A3P
8U5N,IAC
8U5Q,IAC
8U5V,Y01
2BKA,NDP
8U5X,IAC
5Y2I,8KX
6RVZ,KL2
7TTI,JUX
3G6Y,TTP
3GV7,TTP
3OSN,TTP
3Q8S,TTP
3QVU,NPO
3U3K,A3P
4JVM,XDI
4JVN,YUG
9DDR,TTP
4AJX,16E
6S4J,IMD
6M2W,CFF
1QPL,587
9LYG,A1L7S
2FKE,FK5
1BL4,AP1
1F40,GPI
1BKF,FK5
8CHI,UMR
1A7X,FKA
1FKI,SB1
8PDF,Y5Q
4DH0,MR8
1J4H,SUB
1J4I,TST
6YF0,818
6YF1,OP8
9DCW,A1AZI
8WG9,E7P
8WGC,W92
8WGD,WAG
1QQW,HEM
7VD9,HEM
1F4J,HEM
7P8W,NDP
5X1O,I3P
2WS6,IPH
2NZT,GLC
6HJ2,P06
7RIV,P06
2XZD,MRD
2XZT,MRD
2Y0B,MPD
3GJR,DZE
3KJF,B92
1GFW,MSI
1RE1,NA3
1RHJ,PZN
1RHM,NA4
1RHQ,0ZZ
1RHR,CNE
1RHU,3CY
2XYG,TQ8
2XYH,TQ9
2XYP,XVE
1NME,158
6GN8,MPD
6GNN,F4W
6GNJ,F4W
1X0J,DTT
3DD1,NBG
3DDS,NBG
3DDW,NBG
4Y32,49F
4Y3B,49F
9FS4,TJ8
9FVG,A1IF3
9FVH,A1IF5
9FVI,A1IF4
9FVN,A1IGH
9FVP,A1IGF
6FI4,60H
6X5C,UOV
5BUG,TLA
5BZZ,TLA
6OC0,M4J
6OC1,FMN
1NST,A3P
4YDP,GLU
3S91,JQ1
3AP2,A3P
3T6A,POG
4QSV,THM
6OFB,DND
4FS1,TTP
5ULW,TTP
6XKG,NPO
7S9F,94M
7S9G,94M
7S98,N6M
7S99,N6M
7S9H,7PP
7S9I,7PP
7UR3,OJ3
7X2U,85R
6KUX,E3F
6KUY,E39
5TXX,TTP
5VZF,TTP
5IAB,DTT
4QUH,MRD
4QUI,DTT
5AM9,GLN
6S27,KT8
6Y99,1SY
7OB3,V7E
5BQX,4UR
6Z0Z,M8T
6Z15,2BA
8T5K,YGI
8T5L,1SY
8P45,WY8
9CUA,1SY
9CUB,A1A3A
9CUE,A1A4X
4F5E,EPE
4KSY,1SY
6CFF,2BA
6DNK,1SY
6YWB,PWB
7A90,R4T
7ZKU,JLU
7ZV0,K1C
7ZVK,K1L
7ZXB,KAX
8A2X,KZA
8ORW,VZ6
7Q3B,8SC
7Q85,98F
7SSM,B7L
7X9P,A8A
7X9Q,A9X
9IJN,A1D9I
3DEH,RXA
3H0E,H0E
1NMQ,160
1NMS,161
5A0A,JJS
6H8R,FWB
9EEZ,A1BHT
8YF1,VLX
8JLI,UKX
9B4G,P5S
2AIY,IPH
3AIY,IPH
4AIY,IPH
5AIY,IPH
5E7W,POL
2OLY,RCO
2OLZ,RCO
2OM1,RCO
5UQA,IPH
6NWV,CRS
1XW7,IPH
3P33,IPH
3ROV,IPH
4GBL,CRS
4GBN,CRS
5UDP,IPH
1EV3,CRS
1EV6,CRS
1EVR,RCO
1QIY,IPH
1QIZ,RCO
1UZ9,CRS
1W8P,IPH
1ZEG,IPH
1ZEH,CRS
1ZNJ,IPH
2OM0,RCO
2OMI,RCO
2W44,RCO
2WS7,IPH
7NQI,UM8
7NQJ,UME
7OER,VBH
7OES,PE4
7OET,80Z
5XHE,PGE
6K04,CQF
6VIY,QYY
7DPN,HFU
7OE6,V9K
7OE9,V9N
7OGY,VE5
7WMU,JGF
7WN5,JGL
7WNI,JGU
8WYG,XHN
4J1P,1K0
5O38,9JB
5O39,31O
5O3A,31P
5O3C,9J2
5O3D,9J5
5O3E,9HW
5O3F,9HT
5O3G,9J8
5O3H,9HQ
5O3I,9HN
6I80,H7B
6SWO,LWB
6SWP,LW5
7VS0,7UH
7VS1,7UM
5EK9,5P4
5U6V,7WY
6DDJ,G7V
6YTM,PMW
7ENV,BUX
7ENZ,LDR
7EO5,PGE
7USG,O6O
8B5H,7PE
8UGU,PG0
8UGV,WNX
4A9M,P9M
7VSF,7UM
8JLH,UKX
5MVS,ADN
6Z89,QBK
4FNC,HMU
4JGC,1RT
7SR6,DCP
6JKE,BUX
8REV,SF4
7YAG,ACP
7YAH,ACP
4TO6,TTP
5OKM,B3P
5OKN,B3P
8SO1,HEM
8SO2,HEM
8XOF,A1LVW
6HSX,DMS
5JFD,2TS
5LCE,6TH
9R8Q,A1JDJ
5DO4,0G6
7BSP,ACP
9B83,IHP
9B84,IHP
9B89,IHP
3IRR,EPE
3VEV,GLC
3VF6,GLC
4DHY,GLC
4IXC,GLC
6E0I,GLC
1V4S,GLC
4ISE,GLC
4ISF,GLC
4ISG,GLC
4L3Q,GLC
4RCH,GLC
5V4W,GLC
5V4X,GLC
6E0E,GLC
7CVH,FBP
5TDM,7A2
6NT2,SAH
3PBL,ETQ
1G37,110
1NM6,L86
1NT1,T76
1TA2,176
1ZRB,62
3C1K,T15
1JWT,BLI
4RN6,15U
1S1P,NAP
1S2C,NAP
1ZQ5,E04
3R58,NAP
4DZ5,NAP
4FA3,NAP
4YVV,NAP
7C7F,NAP
2F38,NAP
3R43,NAP
3R6I,NAP
3R7M,NAP
3R8G,NAP
3R8H,NAP
3R94,NAP
3UFY,NAP
4DBS,NAP
4DBU,NAP
4DBW,NAP
4FAL,0T0
4FAM,NAP
4H7C,NAP
4HMN,NAP
4WRH,NAP
4YVX,GMR
4ZFC,NAP
6A7B,9S0
6F2U,NAP
6F78,CVN
6GXK,NAP
8BBS,NAP
8RRJ,NAP
8BDL,QF3
6Z13,ACY
6Z3F,NH2
4QAF,OMA
9IQX,P5S
9GLK,IMD
3WUZ,IPA
9EMT,5NG
8Z7T,UEG
3QCM,NXW
4I6N,GVE
7WOJ,CPT
7Z57,IGB
8QYT,BME
4H2D,FMN
3WPN,B4S
5CR1,T44
2W0U,C7C
7M2O,FMN
7US2,AGS
3S4Y,TPP
5DV2,C5P
4BKT,QD0
4AWJ,V6F
3ZUN,ZUN
5MU8,JNI
4N7H,GAI
9F6D,SF4
9F6E,SF4
9F6F,SF4
8IJK,7PN
8J04,9MF
8W4U,9MF
8X43,7Q0
8XO1,A1LWZ
9IXZ,A1L3D
6RL6,K7Q
6RM5,K8W
6RWH,KLB
6RWI,KLE
6RWU,KM8
6S39,K5Z
6S9Q,L1T
6SIN,K65
6YOW,L3Y
6YP2,P5N
6YP3,P5Q
6YPY,P7E
6YQ2,P7T
7NSV,UQN
7BI3,TQW
7BIQ,TVB
7NK3,UGQ
7NK5,UGN
7NM3,UHQ
7NMH,UHZ
7NQP,TJ8
7NR7,UON
7NYE,UVH
7NYG,UVT
7NZ6,UWH
7O3F,V0W
7O6K,V4N
7BIW,TW8
7BJL,TWQ
7BJW,TZW
7BKH,U1B
7NJ9,UGE
7NM1,UHN
7NM9,S9E
7NV4,UST
7NVI,USW
7NWS,UT8
7NXT,UVE
7NXW,UVZ
7NXY,UVQ
7NY4,UVN
7NYF,UVB
7NZG,UWQ
7NZK,UWK
7NZV,UXN
7O34,V0Q
7O3Q,V1Q
7O57,V2E
7O59,V2N
7O6J,V48
7O6M,V42
5IJ7,6BN
2HPP,0G7
1VZQ,SHY
1XMN,0G6
1REU,MPD
6HFP,DOR
8PBH,NCD
8PBI,FOT
6TA4,G2P
8PBP,NCD
8PBQ,NCD
8PBU,FOT
9FS1,NCD
4C6D,DOR
4C6Q,ORO
4C6E,DOR
4C6F,DOR
8CXF,PG5
8DHC,PG5
9J40,POV
5DPT,MPD
6EJ2,B7E
6EJ3,B7T
2HM1,LIQ
2IQG,F2I
2YEK,EAM
3S2O,EV6
4QEV,31O
4WY1,3VO
5I3Y,68K
1TQF,32P
1XS7,MMI
2B8L,5HA
2B8V,3BN
2IRZ,I02
2IS0,I03
2NTR,L00
2OAH,QIN
2Q15,3MR
2QU2,251
2QU3,462
2QZK,I21
2WJO,QUD
2YDW,WSH
2ZDZ,310
2ZE1,411
2ZJH,F1H
2ZJI,F1I
2ZJJ,F1J
2ZJL,F1L
2ZJM,F1M
2ZJN,F1N
3BRA,AEF
3BUF,AEG
3BUG,AEH
3BUH,AED
3FKT,SII
3IGB,454
3IN3,472
3IN4,BX2
3IND,593
3INE,X17
3INF,X45
3INH,569
3IVH,1LI
3L38,879
3L3A,625
3LHG,Z81
3OOZ,ZOO
3S7L,591
3S7M,532
4DPI,0N1
4EWO,996
4EXG,916
4IVS,VSI
4IVT,VTI
4ZSR,4RY
5DW1,5GD
5KQF,6WD
5MXD,III
5TOL,7H3
6FGY,D9W
6MOA,JW4
7B1E,SKW
7B1P,SL8
7B1Q,SLK
7WNA,JGR
2P8H,MY9
4A9E,3PF
4A9F,MB3
4UYH,9S3
5O3B,9HZ
6TQ1,NUH
6TQ2,NUQ
7VRQ,37T
6DDI,G7V
6MO7,JWA
6MO8,JWD
6MO9,JVY
7VRM,TEP
4A9I,P9I
7VRO,37T
7VRZ,7UH
3ONI,JQ1
7CME,G60
4QDV,30U
6YGJ,OQE
7DSV,LBN
7DSX,PGT
4URX,FK1
7UN7,TTP
3P70,BEN
5TO3,0G6
3PMH,0G7
1TB6,MPD
4UI0,MPD
6S8X,HEZ
7AAI,8PF
3H55,GLA
7FYH,FBB
7G0X,WLX
2I30,SAL
3ZYC,GCP
2AG9,IPA
3K5E,K5E
2Z5Y,FAD
7SEB,8XF
6HKX,GCE
1CWS,WO4
2B0M,FMN
4LS0,FMN
4RLI,FMN
6LZL,ORO
6SYP,FMN
2YDX,STL
6VP0,POV
8DBL,PRP
4DD8,BAT
1XM1,GAH
1ZGI,382
1ZGV,501
2BDY,UNB
1SL3,170
1TA6,177
1Z71,L17
3U88,CHD
4JAZ,STL
5C7G,BCN
5IYY,R40
5JGI,AAG
5JHK,6K8
6FMC,DUE
6FMF,DUE
9F6B,A1IAT
6S4M,OLC
8ESF,IMD
8Z80,UEG
2VSL,15P
2JK7,BI6
3EYL,SMK
7T78,GLC
7T79,G1S
6GMX,F7B
5TDZ,TLA
6FMI,DV2
8P0F,WBN
8J00,P0T
8J01,P0T
8J02,P0T
8J03,P0T
9CUI,Y01
9CUK,Y01
8PBK,FOT
8PBJ,NCD
8PBM,DOR
8PBN,FOT
8YLE,ACP
1MK2,ACY
5O4E,MPD
1HLT,0G6
9OIN,A1CBJ
2A1U,FAD
2H2B,ACY
4RCD,3LL
9DOW,LYS
5QD8,E6V
6E6J,HWV
2QMD,TAR
2QMF,TAR
2VKM,BSD
3L59,TAR
3L5F,TAR
3QI1,C6A
4I0H,1BL
4I0I,957
4RRO,3UX
5I3X,68J
5QCV,E5A
5QCX,E5D
5QD6,E6S
5QD7,0BI
5QD9,E6Y
5QDA,E74
6NV7,L3J
6NW3,L4J
7WLN,JFR
2F3E,AXQ
2F3F,AXF
2G94,ZPQ
3OHF,3HF
3UDH,91
3UDK,95
3UDM,09A
3UDN,09B
3UDP,09D
3UDQ,09E
3UDR,09F
3UFL,508
4FM7,0UP
4FM8,0UQ
4YBI,4B2
4ZSP,4RZ
4ZSQ,4RX
5HDX,60U
5HDZ,954
5HE7,60X
5HTZ,66J
5HU0,TLA
5HU1,66F
5QDB,BAV
6BFD,DJS
6BFE,DJV
6BFW,DK7
6BFX,DKJ
6NV9,L3M
7MYI,ZQS
3DUY,AFJ
3DV1,AR9
3DV5,BAV
3K5C,0BI
3K5D,XLI
3K5F,AYH
3K5G,BJC
3N4L,842
3NSH,957
3ZMG,6Z0
3ZOV,WZV
4B1C,DMS
4B77,DMS
4BEK,XK0
4BFD,8T3
4I0J,842
4J0Y,DMS
4J1E,DMS
4K9H,1QU
4L7G,1W0
4L7J,1W2
4OEP,12P
4R8Y,3KO
4WY6,3VP
4ZPE,4QA
4ZPF,4QD
4ZPG,4QF
5EZX,5T5
5EZZ,5T6
5MCO,BSD
6DMI,DMS
6WNY,U64
8YGQ,PLM
2FDP,FRP
2PH6,712
2QK5,CS5
2QZL,IXS
2VIE,VG0
2VIJ,C44
2VIY,VG3
2VIZ,VG4
2VJ6,VG5
2VJ7,VG6
2VJ9,VG7
2VNM,CM8
2VNN,CM7
2WEZ,ZYE
2WF0,ZY0
2WF1,ZY1
2WF2,ZY2
2WF4,ZY4
2XFI,XFI
2XFJ,VG5
2XFK,AA9
2ZJK,F1K
3CKR,9
3DM6,IPA
3H0B,B35
3I25,MV7
3IXK,929
3KMX,G00
3KMY,D8Y
3KN0,3TO
3KYR,38
3L58,CS5
3LNK,74A
3LPI,TLA
3LPJ,TLA
3LPK,TLA
3PI5,3P5
3QBH,QBH
3SKF,PB7
3TPP,5HA
3TPR,5HA
3U6A,18P
3UQU,ZPX
3UQW,ZPY
3UQX,ZPZ
3VEU,0GO
3VF3,0GS
3VG1,0GT
4B1E,6T6
4B70,WM9
4B72,2FB
4B78,KGG
4D83,0GT
4D85,0GU
4D88,BXQ
4D89,BXD
4DJU,TLA
4DJV,0KM
4DJW,0KP
4DJX,0KQ
4DJY,0KR
4DPF,0LG
4FRS,0V6
4H1E,10J
4HA5,13W
4HZT,0ZA
4I0Z,1BB
4K8S,1QT
4LXM,1YU
4R91,3KT
4R92,3KU
4R93,TLA
4R95,TLA
5CLM,52K
5DQC,5.00E+07
5T1U,P6U
6E3Z,HRV
6EQM,BUH
2Q11,XX4
7USI,O6O
4UYG,73B
5CYS,ACY
1SC7,M38
1SEU,SA3
1T8I,EHD
1TL8,AI3
6Z88,QBK
4X3V,TTP
5TUS,TTP
6LKM,TTP
7Q4Q,TRS
9AU8,TTP
2D06,A3P
4BKS,X6C
2YGG,MPD
6QZH,PGE
7ZLM,JIH
8C13,SYF
4HGA,PC4
8D3W,ACP
4XFT,DMS
8FC7,XPW
9IWM,2VN
6K41,CZX
5FR2,FAR
3HR4,FMN
6L89,E7C
9HX2,A1IYE
7U2P,UPG
8UMT,AGS
8UMW,AGS
1LSL,FUL
7YYK,FUC
7MSV,DGP
6XU5,PLM
6XUA,PLM
6XVQ,PLM
1XK5,TPG
3FD5,AP2
4WO0,AGI
8YPY,APC
4V06,IMD
5K56,FBP
5L0A,FBP
8Y66,AGI
7NZC,EPE
5LZ6,BGC
3RM4,3RM
3RM8,RM8
3RM9,613
5VAN,BGC
6LI0,EN6
6LI1,FMN
4QOH,FAD
8CKS,UZC
4DO5,DGJ
6DLU,GCP
3WAN,MPD
2Z5X,FAD
2G1Q,N9H
7SEA,DMS
5EOM,TMO
1Z28,A3P
3UWP,5ID
3KVL,DOR
4WH9,3M8
8U5M,VJX
8U7E,VXE
6M2B,FMN
2PRH,FMN
2PRM,FMN
2WV8,ORO
4IGH,FMN
4JGD,FMN
4JTU,FMN
6CJG,FMN
8RAK,FMN
9CCC,ORO
3FJ6,ORO
3G0U,ORO
3G0X,FMN
3U2O,FMN
3ZWS,FMN
3ZWT,FMN
4JTS,FMN
4JTT,FMN
4LS1,FMN
4LS2,FMN
4ZMG,FMN
5H2Z,FMN
5H73,7L7
5HIN,FMN
5HQE,64B
5MUT,FMN
5MVC,FMN
5MVD,FMN
5ZF4,FMN
5ZF7,FMN
5ZF8,FMN
5ZF9,FMN
5ZFA,FMN
5ZFB,FMN
6QU7,ORO
7Z6C,IEQ
8VHM,FMN
4RK8,ORO
4RKA,FMN
4RR4,FMN
4YLW,52Y
4ZL1,ORO
6CJF,FMN
2QP3,AOX
2QP4,AOX
8DBM,PRP
7ER8,NAP
8CCY,A3P
1ISG,AGS
2VGL,IHP
7TCI,I0S
3SZ1,KNA
6PCK,O81
6PCL,I7P
5IJR,HRG
5J1X,AR5
5JGQ,DMS
8UH6,WO8
6BC1,GSP
7TB1,I1J
8EHZ,WHL
8OX4,ACP
6K7I,ACP
6K7J,ACP
8F2B,D6M
4MDK,U94
2O02,BEZ
4N7G,P6G
5JM4,BEZ
2I5F,5IP
9DHZ,TA1
1EFV,FAD
5QDD,E7A
4XXS,SI5
5QCS,AXF
5QD4,AXQ
1T84,WSK
2QMG,SC6
2QP8,TAR
3HVG,EV0
3HW1,EV2
3L5B,TAR
3L5C,TAR
3L5D,TAR
3L5E,TAR
4GID,0GH
4GMI,0XA
4KE0,1R8
4X2L,3WP
5HD0,TLA
5QCO,E4A
5QCP,E4G
5QCQ,AFJ
5QCR,E4J
5QCT,E4Y
5QCU,E51
5QCW,AR9
5QCY,E5P
5QCZ,E5V
5QD0,E5Y
5QD1,E61
5QD2,E6J
5QD3,E6M
5QD5,E6P
5T1W,74B
2WF3,ZY3
3CIB,TAR
3CIC,316
3CID,318
3OHH,3HH
4L7H,1W1
4LXA,1YS
4LXK,1YT
4X7I,3YS
5HDU,TLA
5HDV,60V
5HE4,60T
5HE5,TLA
6OD6,M7D
6UVP,QJM
6UVV,QJV
6UVY,QJP
6UWP,QKA
6UWV,QK7
7MYR,ZRD
2P4J,23I
3IXJ,586
3R2F,PB0
3SKG,PB8
4D8C,BXD
4FS4,H24
4FSE,0VA
4FSL,0VB
4H3F,TLA
4H3G,10Q
4H3I,TLA
4H3J,TLA
7M0D,DUP
1RR8,TTG
1K4T,TTG
1RRJ,TTG
3GID,S1A
5KKN,6U3
6L3R,TTP
8ICJ,TTP
4JVL,A3P
6OMO,IPA
4XFS,DMS
3WO2,CPS
7OHO,IHP
8VL9,A1ACI
8VLB,3JF
8OV6,U79
7WR5,5ZV
8RU4,GLC
4BVM,PLM
3QCK,NX5
1ZT3,DIO
4G84,IMD
6B25,EPE
4BCX,IMD
7NDL,G6Q
4DM3,SAH
3KGT,GEN
3KGU,GEN
4DER,AGI
8YQ0,HSX
8U03,1PE
3TCL,IMD
207L,SC2
3FY1,AMI
5FII,PHE
3U3M,A3P
3U3O,3QV
3U3R,NPO
1OV4,AOX
7N3S,PGA
7THI,PGA
4US0,NEN
4URU,6W2
4URW,DXO
4URY,RV1
4URZ,VJP
4US1,L71
4US2,L7S
9LSJ,PLM
4XSG,GSP
9BJU,TFA
9OIO,A1CBL
7W6P,W96
7W7E,W58
7EJ0,E5E
7EJ8,J59
7EJA,CZX
7EJK,J5C
6K42,CZX
7AWD,NQD
8UI8,AGS
6TNZ,SF4
8Q0N,04E
4QL8,JAD
7P8X,IMD
8E1A,3.00E+00
8FGY,DHT
8FGZ,DHT
8FH0,DHT
8FH1,DHT
8FH2,DHT
4XBM,FUC
4GGC,MRD
3LQV,ADE
4DXA,GSP
4EQ1,PE5
4IQ2,MLA
3RNJ,EDT
7OR0,0IG
7OR1,0IG
7VSG,17F
3O9V,10T
4A5S,N7F
3OPM,LUI
3G0C,RUF
3G0D,XIH
3G0G,RUM
4G1F,0WG
7FCP,TRS
7NTC,BLA
6OQ3,7WO
6OQ4,N0G
6UZK,QMA
5UNF,8ES
5UNH,8EM
7AYY,SEQ
3V6O,CYS
5UNG,8ES
8VAV,POV
3LMY,NDG
5MZA,3PO
9BVM,A1AVC
1G5Y,REA
7A5V,R16
8OGI,HEB
5G5J,MF8
2LBD,REA
6MHC,JRM
4YQM,4G9
3PM0,HEM
8OTS,PTD
8C07,SY8
9CGJ,A1AWC
9CGK,A1AWD
8DZS,U9I
8DZQ,U99
5G53,NEC
7UMG,30W
7RE7,EPE
1T5Z,DHT
7LWE,YND
8SOS,FO4
8PJE,EPE
6X27,BO2
5HQ3,VX
3V2Y,ML5
4MGY,H07
4MGZ,HR6
4MH0,HR4
1RLB,REA
3V2W,ML5
4PS1,DTT
7D3E,HEM
7D3F,HEM
5XF1,97V
9FHB,HEM
9FMU,HEM
8QEY,AJP
7NI3,HEM
3U7Y,FLC
9FMM,A1IDX
6O3A,CXS
6V35,PGW
6WY0,HEC
6WY5,HEC
7LWD,IXX
5I71,68P
5I73,68P
5I74,69D
5I75,68P
1O7A,GDL
9JQR,H6P
8BHG,QMU
6KYA,DY3
4I8V,HEM
4R08,URI
4R0A,URI
7KX0,TRS
3W3K,L07
3W3M,RX8
3WN4,D87
5AWA,M8D
5AWB,M0A
5AWD,IDQ
5AZ5,MBL
5WYZ,7VF
5Z14,7VC
5Z15,7VL
7YTX,JRI
9BIG,A1AQQ
6MHB,JR7
4IEH,1.00E+09
5XTD,SF4
6O0M,LBM
6O0O,F3Q
6O0P,LBM
7YB7,IQ8
4AQ3,398
6GL8,F3Q
6O0K,LBM
8U27,ULL
7KI0,WF1
7DUQ,HNO
8DZP,U99
8VVE,A1AD6
8VVF,JDC
8VVG,A1AD5
9D61,JDC
7XCT,SAM
2MSC,PCW
6W4F,PCW
8JSR,UYI
9V2N,A1EQV
2Z4J,DHT
3L3X,DHT
3L3Z,DHT
2AO6,R18
7ZTV,DHT
6UO9,QD7
4MS3,ABU
4MQF,2BQ
4MR7,2BV
4MR9,2BX
4MRM,2BY
4MS1,381
4MS4,2C0
3PSE,4LJ
2G48,DIO
3KUF,DTT
7TJ9,PEV
7TJ8,PEV
8OXC,VN4
8OXA,VN4
8OXB,VN4
8CZZ,83J
5HU6,HEM
4C1M,HEM
5WDJ,AEY
8WBY,WM8
3ZS1,HEM
6AGF,6OU
6DZW,8PR
7QN6,EPE
7QN8,HSM
7QND,HSM
8QSK,Y01
8QSL,Y01
4R07,URI
4R09,URI
7CRF,GD0
9CAE,AGS
9CA9,AGS
8OTT,PTD
8S0D,AGS
5NI9,MRD
5NIG,MPD
8VWZ,F3Q
8VXM,F3Q
6QGH,1XJ
6O0L,LBM
6QGK,J1Q
6QGG,J1H
6QGJ,J1T
6VCB,QW7
7CZ5,PLM
8BOX,SV9
8F59,XB6
8FDV,HUF
8FJ7,Y0Z
2Q7L,TES
1T63,DHT
1T65,DHT
6FUF,RET
6UO8,QD7
6BQT,PE4
4OEM,GLY
4OEL,SER
9IIR,YLI
2CL6,CAG
9FNO,HEM
6AWO,SRE
6AWQ,SRE
6AWP,FVX
5KIR,RCX
5F19,COH
5IKQ,BOG
5IKR,ID8
5IKT,TLF
5IKV,FLF
6P67,FUC
9CA7,AGS
9CA8,AGS
9CAA,AGS
9CAB,AGS
9MZA,A1BUC
3D85,IMD
7F1Z,LDP
7F23,LDP
7NA8,1KD
8JRV,PIO
5EUO,IMD
5D2N,IMD
2Y48,FAD
8HOI,98I
5AQI,DMS
7W72,8JY
9DOD,A1A79
6UXX,QL1
6CKC,F5J
6RLL,K8H
6RLQ,K8N
9N3P,MTA
8CTB,PWX
8VET,MTA
8VEU,MTA
9MGM,MTA
9MGR,A1BLF
9NWY,A1B6Y
3KEH,NDG
6WI2,PLP
2V3E,NND
5LVX,79B
6YTR,PO8
7EKP,I33
7L0G,GSP
6CHT,DAO
8DN5,GLY
9BF2,U
9BF0,UTP
7WKX,MLA
5F1A,SAL
5XTI,SF4
5XTH,SF4
7F1O,LDP
5KYC,MLA
9E3C,SFG
4X63,SAH
4X61,SAM
5EML,SAM
4X60,SFG
6K1S,CUX
6UXY,QKY
5C9Z,SFG
5EMJ,SFG
5EMK,SFG
5EMM,SFG
8CYI,P2R
9MGP,MTA
9MRE,A1BQW
9N3O,MTA
6V0P,QN4
7MXG,ZR4
7ZUP,MTA
7ZUQ,MTA
7ZUU,MTA
7ZUY,MTA
7ZV2,MTA
7ZVL,MTA
7ZVU,MTA
8VEO,MTA
8VEW,MTA
8VEX,MTA
9MGN,A1BLK
7MX7,ZR1
7MXA,ZR4
7MXN,ZR1
9N3N,MTA
9N3Q,MTA
9N3R,MTA
7BO7,U6K
7KIB,WFM
7S1P,SFG
7S1Q,MTA
7S1R,MTA
7S1S,MTA
7SER,97L
7SES,97X
7UOH,NXF
7UY1,PJ0
7UYF,PUI
8CSG,PWL
8VEY,MTA
9MGL,A1BLM
9MGQ,SFG
7K6P,SAM
7K6Q,SAM
4GHI,0X3
4GS9,0XB
5TBM,79A
8CK3,UXU
3H7W,18
3H82,20
5UFP,86D
6CZW,FO7
6D09,FOJ
6D0B,FOV
6X21,UKJ
6X28,ULG
6X2H,ULD
6X37,ULS
6X3D,ULM
8CK4,UY3
8CK8,UYF
3F1O,2XY
5UIG,EDT
8XS6,A1LWH
8XS8,W62
8XSB,JY6
1UVQ,GLY
8C1L,PLM
3D0G,NDG
3D0H,NDG
3D0I,NDG
8UTB,XG3
8V86,POV
4WJG,HEM
9CRS,ABU
8YD7,SE
5XZF,8J0
7C7V,FKC
7C7W,FKF
7M05,YJG
4XT2,43L
9FAS,HEX
9FGH,PIO
7QN7,PX6
1N4H,REA
9GE3,A1IKT
9K0K,UTP
8X79,Y9Q
8X7A,Y9J
4GQB,0XU
5FA5,MTA
7KOZ,WU7
8GLI,ZR2
7KP1,FO4
9EQG,PGW
9FGA,PIO
9FGB,PIO
9FGC,D10
4DM8,REA
9CTP,PIO
9FGG,PIO
8UFF,Y5U
8UFZ,Y5U
8VDH,A1AAQ
8VDI,A1AAQ
8I0W,IHP
5XTB,SF4
8J6P,IX8
8J6Q,IX8
8J6R,FI7
8XXV,A1D5Q
8J20,9T4
8J21,BUA
6NJ9,SAM
9CGR,PXL
8ZOX,6UL
1ONQ,FUC
5L2J,6UL
5WKE,CUY
8K3S,PEF
9IYP,GLY
9IYQ,GLY
6NIG,KQD
6PV7,NCT
6PV8,P1M
8HD3,XAW
9CXD,ABU
9CX7,ABU
9CRV,ABU
9CT0,ABU
7PBD,ABU
9DMJ,POV
9DMK,POV
9DMQ,ACH
9DMT,POV
9DMV,POV
7QNE,PIO
7T0Z,ABU
5J11,PGE
5N20,8GN
6EW6,C0H
7ABG,IHP
6PJV,DMS
4KNB,1RU
3QF9,NM8
8I0L,NJ6
9D52,A1A2R
7BJX,U0Q
8RXR,A1H4E
5UIQ,8BV
4TYJ,0LI
9BHI,A1APF
7MYJ,4O7
4BCG,T3C
4BCH,T7Z
9B4T,5H5
3V01,3V0
3V04,V04
4BHZ,7PE
4BI1,7PE
5EH0,5NW
5EI8,5OE
4P4C,25Q
2JAV,5Z5
5L6O,6P6
5L6P,6P8
7JU6,Q6G
7DU9,Q4J
2WO6,D15
4F9B,0SY
4O91,NG2
4WAG,3K7
3H6O,FBP
3H0Z,45B
3H10,97B
3T9I,3T9
2XIX,XIX
2XIZ,XIZ
2XJ0,XJ0
2XJ1,XJ1
2BZH,HB1
2BZI,DW2
2BZJ,ME3
4BZN,UGX
4BZO,676
4MBI,26K
4MBL,26L
5DHJ,5.00E+05
5DIA,5.00E+06
5V82,96Y
6AYD,C2J
5N4V,8MW
5N5L,8NZ
5N4N,8M8
5N4O,8MB
5N4U,8MZ
5N4X,8MT
5N4Y,8N5
5N4Z,8MK
5N50,8MN
5N51,8N8
5N52,8N2
5N5M,8O8
6BDL,IMD
7DU8,Q6G
7DUA,HJ0
5FM3,PP1
4QYG,3DW
4QYH,3DX
5YU9,1.00E+08
5DXU,5H5
6Z45,Q6E
5OY6,B4E
3Q4U,LDN
8WJY,W9X
3COH,83H
5LI9,ACP
1CKP,PVB
7JU5,Q4J
2JED,LG8
6YM4,P4Z
3BHT,MFR
3BHU,MHR
3DOG,NNN
4MWI,PXN
4F9C,0SX
6YQ1,P7N
3IW4,LW4
8IE5,EZE
8IE7,3RL
3LE6,2BZ
5F9E,5VS
7FRV,FBP
7FRW,FBP
7FRX,FBP
7FRY,FBP
7FRZ,FBP
7FS0,FBP
7FS1,FBP
7FS3,FBP
7FS4,FBP
7FS5,FBP
7FS6,FBP
7FS7,FBP
7FS8,FBP
7FS9,FBP
7FSA,FBP
7FSB,FBP
7FSC,FBP
7FSD,FBP
8BCY,I3H
2XE6,3PG
2J90,IZA
4BGG,844
7QG2,B6I
5W5O,9XA
7AVQ,S1Z
8S3R,A1H48
9GCF,A1IJ5
4NKG,HEZ
8AFR,M0F
3DKO,IHZ
2YDJ,YDJ
5L2S,6ZV
6O8U,LS7
5L2I,LQQ
5L2T,6ZZ
6LXY,EXF
2C6E,HPM
3EFW,AK8
3AQV,TAK
6BX6,EDJ
2G9X,NU5
3BHV,VAR
7K1H,VNS
4B2D,SER
2QO7,BME
5EHY,7PE
5AP7,SVE
3DZQ,IFC
8Q9S,QBE
8QLR,VYN
5HTB,MRD
1E9B,ATM
1E9D,ATM
9L3R,A1L62
6T6D,MM8
5DR2,5.00E+01
4A7C,E46
2IVV,PP1
5IH6,SRT
2QT1,NNR
1YRP,DTT
4O38,SIN
5UVC,8PV
5XVA,8FU
5XVG,8FX
6GUC,SU9
8K5R,VQE
3TNW,F18
7N91,1RJ
3WF5,FZ8
6EG9,0LI
3W18,N13
2W1H,L0F
3FZ1,B98
2A4L,RRC
6HMQ,TRS
9INV,HCC
9INW,A1L2V
9INX,A1L2W
6YI8,FGF
5M57,4SP
5ONI,9YE
7XSV,I4M
7ZUN,JYO
2QLU,ADE
7N93,1SK
3L8P,0CE
5FM2,PP1
5JH6,T92
5JK3,6L4
3GQY,FBP
3GR4,FBP
6XL4,NQ1
3OS3,3OS
2EVA,ADN
6OCO,M5V
6OCU,M5D
7JIS,VBS
4IJP,1EH
6LVM,EVR
7DHL,H6X
4CKJ,ADN
3DDP,RC8
7NM2,UJ5
7NM4,UJ8
7NM5,UJ2
6BQ1,E4S
6P1D,NQ1
3UNZ,0BZ
3UO6,0BY
3UOH,0C4
3UOJ,0C5
3UOK,0C6
3UOL,0C7
5X2F,7XU
6V5N,QP7
6V5P,QP4
6WA2,TOV
6WXN,UEJ
3NGA,3NG
1OIQ,HDU
1W0X,OLO
6ZGC,H8H
8QLQ,VY0
7SQM,A5G
4A55,P08
6G6W,EO5
4RMZ,T20
5OWL,B0K
4L7F,1V5
6TEI,N4N
5CVF,54Z
6FVF,503
6FVG,E8K
7QIE,DVF
4JPG,FBP
6Z5D,MPD
6Z5E,DMS
6TD3,RC8
2UZP,PLP
5J7S,6H3
5J8I,6H4
5J9L,6HF
6PCW,O97
6PDI,OCJ
6PDN,OD4
6PDO,OD1
6QXK,JKW
6YKD,OWB
4I5C,C5I
6ELR,BFK
8ZM1,A1L16
8ZM2,A1L17
3R30,CD2
4WJ8,OXD
1E9A,Z5A
5YWM,NIO
3LZB,ITI
6Q90,GAL
6Q91,GAL
6QJE,GAL
3EQH,5BM
6FEK,ADN
6SGH,LCW
6SGK,LCQ
8CIE,US0
4L53,1UO
4DHF,0K6
1OIR,HDY
1OIT,HDT
9B4S,5H5
3C0I,3:00 AM
1Q8T,Y27
1P5E,TBS
3EQC,3BM
9GDI,A1IJ1
3W8L,IHP
5KU8,6XK
5T1H,75E
6GUB,F9Z
6GUF,23D
4BCO,T6Q
5BYY,4WG
6EGD,J87
6EGE,DL1
4RPP,FBP
7A4B,QXW
7A4C,QWW
3Q9X,EMO
7A49,QWN
5A6N,U7E
7BJJ,TVW
7BJM,TW2
7BJO,TWK
7BKO,TVW
6GU6,1QK
3V3V,MYU
9CSK,A1AZ4
5HIE,P06
5CQW,JRJ
7QZU,FBP
5WO4,B7V
7MX3,ZOV
8R10,XGQ
8R1N,XIT
8R1P,XIP
4E5W,0NT
5HX8,66P
6SMB,LKQ
1QCF,PP1
2C3J,DBQ
3ME3,3SZ
1YDR,IQP
6NJA,ADE
5AMN,DTQ
2P4I,MR9
4O0W,ADN
4C3R,ACP
2A0C,CK9
2FVD,LIA
1DI8,DTQ
5D1J,56H
4L52,1UL
7SZA,DUI
7SZB,DQ4
3RCD,03P
2ETM,7PY
4YKN,4EL
4C3P,ACP
2GNI,M77
7TZ7,KVJ
4Y8D,49J
5EYM,5U5
3EQD,AGS
5UUU,QRW
6TMQ,TF3
6TN0,TF3
6TN2,TF3
4A4X,JUP
6TMZ,TF3
7PUE,86H
9EPU,A1H6P
4L3P,1UH
5V5N,EDH
8ELC,Y56
2XE7,3PG
4O33,TZN
5M6Z,3PG
5MMF,JMB
5MOW,BR9
5ORH,A4N
6EHU,B5E
6YPH,N5Q
9AXH,A1AHE
1E9C,TMP
1E9E,TMP
3RPS,4B0
4B6L,9ZP
3F66,IHX
4ZSJ,4R0
3ELJ,GS7
7C2W,FJ9
4FK6,0UJ
4K77,1Q4
5OQ5,4K4
3NUP,3NU
3NUX,3NV
5ITD,6CY
4YJ5,PYR
6Y4K,FSC
6Y6B,OD8
3D0E,G93
7QWK,G41
4O0U,ADN
2W1F,L0F
3VAP,0FY
2EXM,ZIP
1GZ8,MBP
2C6O,4SP
1H00,FAP
2VTL,LZ5
2R3Q,5SC
2R3R,6SC
6ACR,9TO
4AOJ,V4Z
4JVG,B96
8A66,5BS
4LRM,YUN
3EQF,KSA
4OGR,ADN
5SC8,FBP
5SC9,FBP
5SCA,FBP
5SCB,FBP
5SCC,FBP
5SCD,FBP
5SCE,FBP
5SCF,FBP
5SCG,FBP
5SCH,FBP
5SCI,FBP
5SCJ,FBP
5SCK,FBP
5SCL,FBP
5SDT,FBP
5SXD,71F
5SXI,71J
5SXJ,BHO
2PEY,ADX
8Q6G,KIH
6C9F,R34
6C9G,R93
6C9H,STU
4ZOP,4Q2
5UK8,8DV
5UKJ,3K6
5UL1,8DY
9AXM,A1AHE
5E7R,5KW
2C1A,I5S
2JDS,L20
4KIN,1M8
4KIQ,1RA
3W8Q,AGS
8VXF,A1AD8
3BBT,FMM
5ACK,DMS
7AKO,STU
3O50,LJE
6CPF,ACP
4O0S,ADN
4JAJ,XU1
3K5U,PFQ
2W1D,L0D
1JVP,89E
2BHE,BRY
1E1V,CMG
1E1X,NW1
1GIH,1PU
1GII,1PU
1GIJ,2PU
1V1K,3FP
2VTI,LZ3
2VTN,LZ7
3IG7,EFP
3IGG,EFQ
1PF8,SU9
2B52,D42
2B53,D23
2B55,D31
5K4J,6QB
1KE6,LS2
1KE7,LS3
1KE8,LS4
1KE9,LS5
2R3F,SC8
2R3G,SC9
2R3H,SCE
2R3I,SCF
2R3J,SCJ
2R3K,SCQ
2R3L,SCW
2R3M,SCX
2R3N,SCZ
2R3O,2SC
2R3P,3SC
2XIY,XIY
8R0H,8UB
8R1K,XHI
3EYH,IZA
6AAH,9T6
3EYG,MI1
4E4N,0NL
4X3J,3WR
7BJE,ADE
5OOT,4K4
5OP2,A0Q
5OP4,A0T
5OP5,3FE
5OP7,A1K
5OPB,A1N
5OPR,A3E
5OPS,A3Q
5OPU,A3K
5OPV,A3H
5OQ6,4K4
5OQ8,A0Q
3RHK,M97
5M44,7EY
5M4I,7FC
4QYE,3DL
4QYF,3DV
4JIK,1KO
6JWA,5ID
7PW6,IHP
1T5A,FBP
5X1V,7XX
5X1W,FBP
8SBJ,ZUO
8ILR,7TZ
8ILS,7U5
8ILV,L2V
8W9A,UEX
8W9B,UJ3
2W5B,AGS
9FBI,NIO
5Y7Z,IRE
9DUB,A1BB7
9DUE,BO3
9MIU,A1BLJ
9N2O,A1BVL
2XK3,XK3
2XK4,OL2
2XK6,EQH
2XK8,5R1
2XKC,4VQ
2XKD,T3M
2XKE,WI2
2XKF,BX1
7VJL,7IF
2X13,3PG
8Q77,LN3
7XZQ,BU1
4C59,FEF
6ZGV,QKZ
6ZGW,GAL
6ZGX,GAL
6ZGY,GAL
6ZGZ,GAL
2JDV,L20
2UW7,GVP
9FLC,A1IDA
9F81,A1IBA
8GUB,1LT
6C9J,R34
8SBC,ZTV
3MY5,RFZ
4GU6,10N
4GU9,4GU
4K8A,K8A
4KAB,4KA
4KAO,KAO
2OFW,ADX
8BQ4,QZR
2I6A,5I5
6CPG,35R
8QVZ,CMP
4A07,AZ7
5EZV,STU
9FPD,A1IED
3M11,AKI
5EW9,5VC
2W1G,L0G
1H0V,UN4
1H0W,207
3TI1,B49
1H07,MFQ
1URW,I1P
2BHH,RYU
2CLX,F18
2J9M,PY8
2VTM,LZM
1Y8Y,CT7
1Y91,CT9
2C5Y,MTW
2DUV,371
2R64,740
2UZN,C96
2UZO,C62
2V0D,C53
1KE5,LS1
2W06,FRV
4LYN,1YG
6I82,H6W
7PW9,IHP
1E2E,TMP
6TCA,39G
7JXW,YY3
7KY0,XA4
7MON,ZL1
4AN2,EUI
7NZN,VJH
2C1B,CQP
2UW4,L15
2JDT,I5S
2VO7,M05
4BCQ,TJF
2P0E,TIZ
5M6V,H52
6HZU,GYQ
4EZ5,0RS
2WMQ,ZYQ
2WMR,ZYR
2WMS,ZYS
2WMT,ZYT
2WMU,ZYU
2WMW,ZYW
2WMX,ZY6
4AUA,4AU
7BJD,TVT
7BJH,42C
7BJR,TWH
7BK1,U0N
7BK2,U0K
8AEK,LVL
4RLP,72B
3PP0,03Q
5K76,6R1
5K7I,6QZ
8HMS,FBP
2ZJW,REF
4UB7,3G5
4B99,R4L
5W84,9YY
5W85,9YS
6JFB,SER
7A21,QWQ
3AXW,TID
8UDT,MLT
7LGS,Q6K
4L23,X6K
7PG6,1LT
6C83,ACP
9ESZ,HGW
9ET1,IJL
2UVY,GVI
2UVZ,GVJ
2UW0,GVK
2UW5,GVN
2UW6,GVO
2UW8,GVQ
5NP8,93T
5OBR,9QT
5DPV,5DN
5DR6,5.00E+01
5DR9,SKE
5DT0,SKE
3NRM,NRM
3R22,D37
4PRJ,2VU
2W1E,L0E
3FDN,MMH
4JBO,WPH
4JBP,YPH
4JBQ,VX6
4JAI,XU2
2C68,CT6
2C69,CT8
2C6I,DT1
2C6K,DT2
2C6L,DT4
2C6M,DT5
1VYZ,N5B
2BTR,U73
2BTS,U32
1PXI,CK1
1PXJ,CK2
1PXK,CK3
1PXL,CK4
1PXN,CK6
1PXO,CK7
1PXP,CK8
2B54,D05
1FVT,106
1WCC,CIG
4D1X,ESJ
4D1Z,WG8
1G5S,I17
1PYE,PM1
5FP6,MFZ
5JQ8,I73
5I9Y,1N1
4WUA,3UL
5M51,NU6
2WQO,VGK
4QQC,37O
4R6V,FI3
6YT6,PKE
5JT2,BEN
9M3T,TF3
4RER,STU
4REW,STU
7JXI,8BS
7JXL,VO7
4I24,1C9
2IW8,4SP
2IW9,4SP
3DS6,A17
6ZPR,QOK
4Z16,4LH
5Y80,IRE
6TPE,NTW
6GGH,EYQ
2E9V,85A
2VNW,M01
2VNY,M02
4L2Y,XXK
7T4U,EX6
7T4V,EXZ
7T4W,EZJ
6OQL,N1A
6OQO,N1J
4OVV,PBU
2WMV,ZYV
7JNT,VFA
7P6N,5YS
5X0I,FBP
6GUE,FB8
5LQF,4SP
2VU3,LZE
5CU0,54R
5CU2,551
5MMR,H83
5MO6,KXZ
5MO8,C98
5OT6,AJK
5OTD,AOW
3EFK,MT4
9D51,A1A2Q
2WGJ,VGH
2BRG,DFY
2BRH,DFW
2BRM,DFZ
2BRN,DF1
2BRO,DF2
2C3K,ABO
2CGU,3A3
2CGV,3B3
2QHN,582
2R0U,M54
3U9N,09H
5BYZ,4WE
3NLB,5BE
6HKM,G92
6HKN,G9E
4QG6,PRO
2I6B,89I
9C61,A1AUU
8A8M,AP2
3PE1,3NG
7PUS,86E
7MYO,1LT
2XNE,ASH
2XNG,A0H
3UP7,0C9
4DEB,NHJ
4UZD,QMN
3R21,D36
4B0G,VEK
5AAD,5GX
5AAE,7HD
5AAF,NL4
5AAG,6F2
2W1C,L0C
1YKR,628
3EZR,EZR
3EZV,EZV
3LFN,A27
3LFQ,A28
3LFS,A07
1JSV,U55
1PXM,CK5
1R78,FMD
1W8C,N69
2DS1,1CD
3S2P,PMU
5A14,LQ5
1P2A,5BN
4NJ3,2KD
6INL,AJR
6TTF,LZ2
5IA0,A5B
5I9X,DB8
7LG8,VNS
7U98,M1O
8EDH,WGK
8VXD,A1AD7
3WIL,LCD
5B0X,HCK
3AT3,ATK
1Q61,MG8
2UVX,GVH
2UW3,GVG
1E2D,TMP
1E2G,TMP
6IQN,AQ6
4H58,10Z
4YZ9,4K7
3OMV,SM5
5ZJ6,VSE
3VRY,B43
3VS2,VSB
3VS3,VSE
3VS5,VSG
2WQB,QQ1
1XO2,FSE
3HHM,KWT
8TDU,X3N
5LCQ,6TV
5LCR,6TX
5LCT,MPD
5M0B,MPD
5M0L,7CT
5M0U,MOH
5M6Y,7KB
5M71,MOH
8C1E,T0X
3NAY,MP6
7A6K,R28
7UKW,ZRT
4AN9,ACP
4ANB,YQY
8PT8,A3O
8PTA,CIF
4AWI,AQ2
8PT9,DVI
6RSB,KGZ
6RSC,KH5
6RSD,KH8
6RSE,KHH
6RSH,KHE
2PEZ,GGZ
4RVK,3XK
4RVL,3XL
4RVM,3X7
3MVJ,XFE
6FC8,D4Q
6FCF,D58
6FCK,D4Z
9FMR,RMF
6SRH,LU8
6GIN,IR2
5JGA,6KC
5JGB,6JV
5JGD,6KD
1VEB,I05
4DEA,NHI
6C2T,EGJ
2X81,ZZL
3P9J,P9J
3LAU,OFI
3W10,RO9
3W16,P9J
4BYI,FH3
4BYJ,FH5
4ZS0,4QV
4ZTQ,4RM
4ZTR,4RJ
4ZTS,MPD
7AYH,S9H
7AYI,S9K
5ANE,SZL
5ANG,WY3
5ANI,ES4
5ANJ,ZXC
5ANK,RJI
3QQL,X03
3QTR,X36
3QTS,X46
3QTU,X44
3QTX,X43
3QZF,X66
3R8L,Z30
3R8P,Z46
3R8U,Z31
3R8V,Z62
3R8Z,Z63
3R9D,X6B
3R9H,Z67
3R9N,Z68
3R9O,Z71
3RAH,O1Z
3RAK,03Z
3RAL,04Z
3RJC,06Z
3RK5,07Z
3RK9,09Z
3RMF,20Z
3RNI,21Z
3RPR,25Z
3RPY,27Z
3RZB,02Z
3S00,Z60
3S0O,50Z
3S1H,56Z
3TIZ,3TI
3UNJ,0BX
3UNK,0BY
4EZ3,0S0
7M2F,YOS
4FKL,CK2
4FKP,LS5
5IEV,R0N
5IEX,6AF
5IEY,6AE
6YL1,OWN
6YLK,OY2
3ULI,1N3
5OO0,9YZ
5OO1,9Z2
5OO3,9ZB
5OSJ,AAK
5OSM,AEQ
6OQI,N14
7RWE,7TH
8CUR,OW6
7S9X,8KF
5M4F,7FC
4YMJ,4EJ
5A6O,PGO
2RFN,AM7
3EFJ,MT3
4L43,5FI
4L44,5FI
4L45,5FI
4L3J,5FI
4L3L,5FI
2GHG,A53
2CGW,3C3
2CGX,3D3
2YWP,A42
3JVR,AGX
3JVS,AGY
2HXL,422
5UIT,8CD
5S7K,LU8
5MRD,S26
6DKW,GXA
6UNS,LDN
1UWJ,BAX
5CSW,P06
4WAF,3K6
5SW8,70S
5SWP,70W
5SWR,718
5SWT,71A
5SX8,71M
5SX9,71L
5SXA,71N
5SXB,SOA
5SXC,URF
5SXE,ES3
6NCT,144
6TLR,NKE
6TLW,NKZ
3PE2,E1B
3R0T,FU9
5OMY,9YE
5OWH,B0K
9CD7,A1AV2
1H1S,4SP
3ZLS,92P
3ZLY,YSO
6THW,NBK
6THZ,NB5
6THX,N9Z
6TTH,FBP
6TTI,NXE
6TTQ,NXH
8G2E,YII
8ERD,WQ6
9FR2,A1IE9
6N77,KEJ
6N7C,KF1
1H08,BYP
1H01,FAL
2VTO,LZ8
2VTP,LZ9
5XGI,84R
8V8V,YQ2
5SWG,AX7
5SXF,HPP
5SXK,71K
8AM0,MWF
7K0V,VQP
2F7E,2EA
5LCP,M77
7BU4,Y49
3WIK,LCT
6HNW,CUE
2X7G,PVB
5LMK,6ZK
2JIU,AEE
3IKA,0UN
2WIP,P49
3KCF,JZO
2IW6,QQ2
2DWP,F6P
2R4B,GW7
5FI4,5XV
5XGJ,84X
6CPE,P4G
3UO4,0C0
3UOD,0C3
3UP2,0C8
6HJJ,G7T
5ONE,9YQ
6HJK,G7W
6GRA,F8Z
1MUO,ADN
7O2V,V0K
4Z7H,4L5
3PXZ,2AN
3NS9,NS9
5GJD,6V3
5GJF,6V4
5GJG,6V5
4FKQ,42K
4FKR,45K
4FKU,60K
4FKV,61K
4FKW,62K
3PXY,JWS
3SW4,18K
3SW7,19K
4EK4,1CK
4EK5,03K
4EK6,10K
4EK8,16K
4FKG,4CK
4FKI,09K
4FKS,46K
4FKT,48K
6Q48,DMS
6Q49,DMS
6Q4E,DMS
6Q4H,HGH
6Q4I,DMS
6Q4J,DMS
4BGH,3I6
5MHQ,8QT
6GUH,FB8
6GUK,FC8
6Q3B,PYZ
6Q4B,HHN
6Q4C,HH8
6Q4D,HHT
6Q4G,HJK
6Q4K,HHW
4XV2,P06
5W86,9YV
6BBU,D7D
4R4L,HEZ
7PW7,IHP
6C0T,DMS
3F9N,38M
9D1X,A1A6M
2XNM,WGZ
2XNN,430
4AFE,GGY
5NXC,9DB
8PTS,EIF
3BQR,PGO
7B43,SW5
1R0P,KSA
4L42,5FI
4L46,5FI
2AYP,43A
2E9O,A58
2HY0,306
3OT3,22K
3PA3,C70
5UIU,8CG
6EGA,J8A
8TS9,UE9
8TSA,UIW
8TSB,UIW
8TSC,UJC
2VTH,LZ2
2VTR,LZB
2VTS,LZC
2VTT,LZD
2VV9,IM9
2UV5,AMZ
4QQ5,37O
1E2F,TMP
8YNG,A1D6S
4EI4,0Q2
4IVB,1J5
4IVC,1J6
4IVD,15T
2WEV,CK7
7PQV,80C
5BX0,4W5
5HZE,E62
3ZLX,5EZ
3ZM4,22T
8YP4,WNT
3Q9W,EMO
3Q9Y,TXQ
6HOR,GJK
6SPW,A0Z
6SPX,9AB
3AT4,CCK
3U4U,LNH
8I1O,ADX
5KX7,6YD
7QG3,B4U
7QG5,B7R
6EIX,A3F
6GI6,EZB
3OOM,507
5KVT,YMX
5LCU,IQP
3UO5,0BX
5ZAN,9A6
3QBN,E9Z
2WTW,ZZL
7FIC,5YZ
9BZG,OG0
9BZL,OGR
7ZKS,IXQ
3PJ8,404
5AND,5JE
6Q3C,BYZ
6Q3F,HEW
6Q4F,26D
6JGM,AQG
7RA5,3I3
7S84,8IL
6FNH,DXK
3VS7,KS1
3RCJ,3RC
2C0I,L1G
2C0O,L2G
9CKO,ACE
3OWJ,1EL
6L1Z,E3U
6L21,E3U
6L22,E3U
6L24,E3U
3AMY,AGI
4GUB,0Y4
6P7G,E7M
6W39,SJG
6W3A,SJM
6W3E,SJV
5N9K,8QK
5N9N,KC5
5N9L,8QH
1JLU,OCT
7QQ6,38O
3NMD,HEZ
2C3L,IDZ
2UUE,MTZ
2C5V,CK4
2WIH,P48
2X1N,X1N
7SUJ,BYL
1H1P,CMG
1H1Q,2A6
1H1R,6CP
4EOK,4SP
4EOR,4SP
2HOG,710
2QHM,7CS
4HYH,1:00 AM
2YER,TQ1
7MCK,YXD
7XLP,FZC
7XNC,GIK
5G15,ACP
2VTQ,LZA
2W05,FRT
3QC4,MP7
5JSM,DMS
6SK9,F9N
5M53,7GJ
5M55,7GG
5CQU,JRJ
5CI7,51W
4WNO,3RF
2E9N,76A
4QXK,PCG
5O7I,9N8
4AXA,RKD
9ESJ,HHT
9ESK,W3D
9ESL,V3U
9ESN,UUS
9ESO,W3A
9ESP,UUV
9ESQ,IT4
9ESS,UUG
9ESU,IJU
9ESW,IJF
9ESX,A1H6Y
9ESY,HH8
9ET2,IJX
9ET3,1P8
9ET4,A1H6X
9ET5,T5G
9ET6,HHQ
9ET7,HGQ
9ET8,IIS
9ET9,HEW
9ETA,7ZX
9ETB,PYZ
9ETP,BYZ
6NU5,CYS
4TTH,24V
5UIR,8BY
4FK3,325
8Q6F,KHR
6NUB,SER
5XGN,85X
6SM8,LKT
1OI9,N20
1OIU,N76
1OIY,N41
1PKD,UCN
2C5X,MTW
2UZB,C75
2UZD,C85
2UZE,C95
2UZL,C94
2WXV,WXV
3ZLW,MT8
3PXK,PXK
6SZM,M2Z
7C3G,FH0
3ZEP,1NX
2XRU,400
4UYN,Y3M
4UZH,JVE
2OFV,242
6Q4A,HGW
8RU8,I74
7UG1,N5R
7ZPC,JLC
8UV0,XKU
5LVM,ADE
3ION,8H1
3IOP,8I1
2C0T,L3G
9LTA,A1EKR
8CHF,29L
8WM0,ADN
6CNH,919
6PK6,OND
6V9C,QS7
5WE8,A7Y
4R7I,STI
4Z84,NVX
4IJ9,PTV
4Z83,4L7
6E9L,J0P
5M0C,7CB
5M75,DMS
5VLR,9EM
5Z2C,AYU
8V8U,1LT
6TPF,NTQ
3QTI,3QT
6DBN,G4J
5DG5,5B4
2BR1,PFP
2X8I,X8I
2HXQ,373
4FSN,A58
2YM4,4YM
2YM8,YM8
5DLS,5CV
6NU1,CYS
6JUX,C9U
6TN8,5U6
3D4Q,SM5
3C4C,324
6V2U,P06
4G5P,0WN
8PO4,26X
1OGU,ST8
2BKZ,SBC
2C5N,CK8
2C5O,CK2
2V22,C35
3EID,PO5
2I40,BLZ
7ACK,R7B
6U2G,ACP
9CKP,ACE
4Q9S,30G
4K9Y,K9Y
3BZ3,YAM
1UWH,BAX
7UY3,OJL
3LXP,IZA
3LXN,MI1
8ZML,A1D8H
6TLO,NKB
6TLS,NL2
6TLV,NKW
6MNH,JVD
2E9P,77A
2E9U,A25
6TIA,ND2
6F3I,CKN
6RFJ,K1E
8PP9,4IM
2OG8,1N8
7VDU,65L
3H9O,9BD
1RV6,B3P
3NAX,MP7
7MKX,ZGY
2JIV,HKI
4I23,1C9
4CFN,JYM
2C6T,DT5
3F5X,EZV
5NEV,72L
1FVV,107
5E8W,STU
5E8X,STU
5LVL,537
7ATS,RXQ
4TYH,39G
6PYR,P5J
6PYU,P5V
7LQ1,YA7
6Q0J,LCJ
7M0T,3EW
5H3Q,7HF
6DKI,22L
6DKB,FKY
6DKG,22L
2FB8,215
4WO5,324
7PW4,IHP
7QGB,7M0
6GZD,DMS
6TLU,NKT
3MB6,01I
3MB7,14I
6HNY,GHT
6RCB,JYZ
6RFE,K0Z
6RFF,K1B
7AY9,S92
7AYA,S8W
6I8Z,H82
5S82,LU8
5S7B,LU8
5S75,LU8
5S76,LU8
5S77,LU8
5S78,LU8
5S7A,LU8
5S7C,T5Y
5S7D,LU8
5S7E,LU8
5S7F,LU8
5S7H,LU8
5S7I,DMS
5S7J,LU8
5S7L,LU8
5S7M,LU8
5S7N,DMS
5S7O,LU8
5S7P,V1L
5S7Q,LU8
5S7S,TLA
5S7T,XGJ
5S7U,LU8
5S7V,LU8
5S7X,LU8
5S7Y,LU8
5S7Z,LU8
5S80,TLA
5S83,LU8
5S84,LU8
5S85,LU8
5S86,LU8
5S87,DMS
5S88,LU8
5S89,LU8
5S8A,LU8
5S8B,LU8
7QG1,B8I
4RA4,3KZ
6XDD,N97
6HV0,GUK
6HX1,GXK
6TLP,7M0
4K6Z,1Q3
3PA5,C73
4FSM,HK1
4FST,HK4
4FSU,HK5
4FSY,HK7
4FT3,H1K
4FT5,H2K
4FT7,H3K
4FTA,H5K
4FTC,H6K
4FTI,H7K
4FTM,1HK
4FTN,2HK
4FTO,3HK
4FTR,5HK
4GH2,HK0
2XEY,YVQ
2XEZ,XEZ
2XF0,4UB
2YM3,YM3
2YM5,YM5
2YM6,YM6
2YM7,YM7
4FSQ,HK3
4FSR,HKC
4FSW,HK6
4FSZ,HK8
4FT0,HK9
4FT9,H4K
4FTJ,H8K
4FTK,H9K
4FTT,6HK
4QX5,CMP
5MJA,7O3
5MJB,7O3
9D8U,A1AZ4
4Y72,LZ9
5M6U,7KA
5UBT,85S
4WKQ,IRE
1M17,AQ4
4FX3,60K
1E9H,INR
4EOI,1RO
6RIJ,K4W
4CFM,4QE
4CFV,75X
4CFW,SQ9
4EOL,1RO
4EON,1RO
4EOP,1RO
4EOS,1RO
3NZ0,IZA
6X8F,UWP
6KZC,DZC
6KZD,DZ6
6IUP,AX0
6IUO,AWX
5JKG,6LF
2X6E,YM4
8JG8,C74
8JMX,E47
8V8H,YO4
8V8I,YOR
8V8J,YO4
8OY2,W5W
2WVJ,TTP
7A4Q,QY2
5TF9,7AV
5KJX,CMP
5KJY,CMP
2XNO,ED8
5LVN,DTD
8R7G,YEE
6D1Z,FQD
6D1Y,FQJ
6D20,FQD
4PMP,31W
4PMS,31X
4PMT,31Y
9D8Z,A1A3D
5KMI,6UE
5KMJ,6UF
5KMK,6UG
5KML,6UH
5KMM,6UJ
5KMN,6UK
5KMO,6UM
3II5,831
5HQ0,LZ9
3PRF,FP3
4KSP,1SU
4RZV,32
3PPK,FNI
6VZK,HC4
4R1V,3.00E+08
3ZC5,W9Z
2WD1,GBL
2WKM,PFY
3L8V,L8V
6YOJ,P4N
4EBV,0O7
4EBW,0PF
8H6P,WZU
8H6T,WZZ
7AYM,4VD
3E5A,VX6
5L2W,1QK
5XGM,85X
7T4J,R28
3UG2,IRE
7AEM,6GY
4HJO,AQ4
4I22,IRE
5CYI,55S
4BCK,T3E
4BCP,T3C
3EJ1,5BP
3LFA,1N1
3L9L,L9L
3L9M,L9M
6QJ7,J4B
6Q3X,GAL
1UNL,RRC
5XFJ,6LF
8TSD,XUZ
3OWK,18E
3OWL,19E
7ZY5,1NP
3WAR,NIO
6UBW,84S
1E9F,TMP
5KHX,6TE
6W8L,R4S
2HK5,1BM
8H4R,1QK
5F4N,5UY
8I0M,NJ6
9L40,A1EIE
6URC,QFV
6NZH,L9A
2OO8,RAJ
2OSC,MUH
8JF4,C0N
9D0U,A1A1H
4R7H,P31
2F2C,AP9
2XMY,CDK
8VB5,A1AAC
5I8A,69C
6NPT,KWY
6NSP,L0P
6NSS,L0M
6PL2,OOM
6PL3,OOD
6CAD,EU4
3OG7,32
3IDP,L1E
4FC0,0T2
6V34,QOP
4DBN,0JA
4I4E,1BQ
4I4F,IPA
4MNF,29L
6HZV,GYW
6BBV,D7D
3RVG,17P
4YTC,4HW
4YTF,4HZ
4YTH,467
5C41,ACP
6WK0,ACP
6NYH,L8D
3SAY,OFT
3F7Z,34O
3F88,3HT
1Q41,IXM
1Q5K,TMU
5NG0,ACP
5B7V,LWJ
4PNK,KZQ
6GQJ,F82
6GQK,F88
4HVS,647
6G3C,EKT
8BXH,C87
5TQ4,7GY
5TQ5,7GX
5TQ8,7GS
1YOM,P01
7UE8,Y92
7XMK,GO4
5K5N,6QH
1H8F,EPE
2JLD,AG1
6GJO,F1B
1Q3W,ATU
2UW9,GVP
5AR4,SB2
4C62,XWW
5W5V,ANW
6BNY,E0M
6BOD,E0P
6BOE,E0S
6CQ0,F8M
6CQ4,F8P
6CQ5,F8S
6RSR,KHT
6RST,KHQ
6RSU,KJB
3O8I,M1T
3IQV,FSC
9EW5,WQI
4XJJ,41D
4GFM,0X2
3IO7,1P5
3IOK,1P6
3KRR,DQX
4GMY,0X5
8W2H,FBP
8W2J,FBP
8FEC,XU0
5VND,9ES
7VTO,107
4NFD,SIA
8X5L,RKD
6ITT,AWO
7KHG,P31
9CLQ,A1AZA
7UET,MXW
7UEU,YX5
2JDR,L20
5USY,SKE
6HVI,POP
4JIA,1K3
4D1S,BJG
4IVA,1J5
4F09,JAK
8BA4,Q8U
8BPV,6T3
8BXC,S4R
7LL4,Y5D
7REE,4LY
7RN6,46
5HLN,65C
5KPK,6VK
5KPL,6VL
5KPM,6VM
3M1S,DW1
3Q3B,55E
5AR7,SR8
5AR3,ACP
7K7Z,W4G
5HE1,ZS2
2JDO,I5S
4P7U,1PS
2R4H,HIS
4D0W,VVQ
4D0X,953
5AEP,QUP
5WEV,9ZS
6DRW,SKE
8BX6,S5I
8BM2,QQC
8G8O,YT0
8G6Z,YSI
8G8X,YT8
6GQL,F8B
6GQM,F8H
6XVA,O2K
6XVB,O2H
1R0E,FLC
4IQ6,IQ6
5HLP,65A
3I4B,Z48
2OW3,BIM
3SD0,TSK
4C02,FLC
5AR8,XYW
5J7B,6GD
6HMX,GEZ
4DAW,0H2
2HY8,1ST
4EQC,XR1
2BDF,24A
4EUU,BX7
8PAW,ASP
8X8Y,YEA
8X8Z,YEI
9HFP,A1IUI
7YDX,3CI
7JOU,VFS
4C8B,0LI
7Q7L,9I2
3UGC,46
5L3A,6DP
6TPD,QZ8
7Q7I,9I8
7Q7K,9I5
7Q7W,9HR
8BAK,AD5
8EX1,AD5
8BX9,S59
5WIM,35R
6OAV,M3A
6OBB,M3Y
6OBL,M4P
5FOR,1PE
3VZB,SQS
4L02,1V2
6H0U,FKB
1Q4L,679
5F94,3UO
5F95,3UP
6ES0,BW8
6RN8,K9T
6RNA,KA2
6KLA,DJX
7N9G,STI
6WTQ,U8J
5WIL,YDJ
7UYW,OV0
8BPW,2V9
4J99,ACP
4J95,ACP
4J97,ACP
2X39,X39
2XH5,X37
7MFF,215
1YOL,S03
7FCZ,3IF
7FD0,3IU
7ULJ,42C
3L1S,Z92
4J71,1JX
4PTC,2WE
4PTE,2WF
4PTG,2WG
7T0P,E3W
6BRW,5BS
6M9H,J9D
6BS0,E4V
7F7W,36H
8BA3,Q8U
5WIJ,AQG
5WIK,584
5WIN,SKE
2ASS,BEN
1PTY,PTR
1PTV,PTR
7PWD,8DS
6XV9,O35
6J5S,ESA
5BPY,4UQ
6PK4,UTP
3ZMM,F9J
2HYY,STI
4XEY,1N1
3A4O,STU
8EYA,TRS
8EYB,TRS
8F88,TRS
7JYO,VPS
6XJK,V4D
8B9H,Q7F
8EX2,Q2Q
8EX0,AQG
4ACC,DMS
6Y9S,OHK
4ACD,GR9
4ACG,6LQ
4ACH,KDI
3UE4,DB8
8P0S,DTT
1AV5,AP2
1XBC,STU
6IBY,HAT
8VYP,AGS
8VYS,A1AEN
8XLO,A1LVQ
6MOB,JWY
7KHJ,WEG
7KHK,WEJ
6S90,L0Z
3CS9,NIL
7Z1F,3NG
5W5J,9WS
2WEL,K88
7T1T,E8I
1LKK,ACE
5UKL,SIX
5UKM,T0E
5HE0,453
5HE2,F0S
5HE3,FF1
9D4W,A1A2Q
9D4X,A1A2S
9D4Y,A1A2S
9D50,A1A2T
5AJV,FDP
2YAC,937
5JRS,6MV
4NWM,2P5
6NZM,L9S
3F81,STT
8TK3,I2X
8JPB,STU
8JPC,SRW
6SZE,M2B
2H8H,H8H
3GQI,DVT
5UT0,35R
2QYQ,PTR
2GQG,1N1
1Y57,MPZ
5T31,6VL
8DJD,U3E
5J79,6GE
1LQF,BGD
5KAD,TRS
2FJM,73
1JF7,TBH
1PXH,SNA
1Q1M,234
1PYN,941
1SUG,TRS
3QKP,TRS
5K9W,TRS
5KA1,OTA
5KA3,OTA
5KA9,TRS
1BZC,TPI
1ONZ,968
2CNG,IZE
5KA0,TRS
5KAA,TRS
1BZJ,PIC
1C83,OAI
1C84,761
1C85,OBA
1C86,OPA
1C87,OPA
1C88,OTA
1GFY,COL
1NL9,989
1NO6,794
1ONY,588
1T48,BB3
1T49,892
1T4J,FRJ
2BGD,T1D
2BGE,T2D
2CM7,IZD
2CM8,F16
2CMC,DFM
2H4G,694
2H4K,509
2QBR,910
2QBS,24
6B8Z,FRJ
6B95,D0P
6BAI,TRS
7S4F,EPE
1ECV,878
1KAK,FNP
1KAV,FEP
1L8G,DBD
1NNY,515
1NZ7,901
1PH0,418
1QXK,429
1XBO,IX1
2AZR,982
2CM2,MPD
2CMA,F20
2CMB,F17
2CNE,BOG
2CNF,F32
2CNI,IZF
2QBP,527
2QBQ,4B3
2ZN7,410
3D9C,ZYZ
4I8N,1CG
8G65,YW9
8G67,KB8
8G6A,ZD3
1G7F,INZ
1G7G,INX
2B07,598
2HB1,512
2VEU,IZ1
2VEV,IZ2
2VEX,IZ4
2VEY,IZ5
3EB1,LZQ
5QDE,AWD
5QDF,AWG
5QDG,AWS
5QDH,JFJ
5QDI,JFM
5QDJ,JFP
5QDK,JFS
5QDL,JFV
5QDM,TRS
5QDN,TRS
5QDO,TRS
5QDP,JGA
5QDQ,JGD
5QDR,6SU
5QDS,JGG
5QDT,GUY
5QDU,GV1
5QDV,GQP
5QDW,TRS
5QDX,JGM
5QDY,MPV
5QDZ,JGP
5QE0,TRS
5QE1,JGV
5QE2,JGY
5QE3,JH1
5QE4,JH4
5QE5,JH7
5QE6,JHA
5QE7,JHD
5QE8,JHJ
5QE9,TRS
5QEA,TRS
5QEB,JHV
5QEC,02S
5QED,7MU
5QEE,JJ4
5QEF,JJ7
5QEG,GRY
5QEH,JJG
5QEI,JJM
5QEJ,JKP
5QEK,TRS
5QEL,TRS
5QEM,JLG
5QEN,JLD
5QEO,JLA
5QEP,JL7
5QEQ,JL4
5QER,JL1
5QES,TRS
5QET,DSJ
5QEU,TRS
5QEV,JKV
5QEW,JMV
5QEX,JMM
5QEY,JMJ
5QEZ,TRS
5QF0,JMG
5QF1,JMD
5QF2,JMA
5QF3,JLY
5QF4,JLV
5QF5,JLM
5QF6,TRS
5QF7,JNV
5QF8,JNP
5QF9,TRS
5QFA,JNG
5QFB,JND
5QFC,JNA
5QFD,JN1
5QFE,JJP
5QFF,JMY
5QFG,JOA
5QFH,JOD
5QFI,JOG
5QFJ,TRS
5QFK,TRS
5QFL,TRS
5QFM,TRS
5QFN,JOV
5QFO,8H8
5QFP,JJY
5QFQ,JK7
5QFR,JKA
5QFS,JJY
5QFT,JOY
5QFU,JO7
5QFV,TRS
5QFW,JKA
5QFX,JO4
5QFY,JO1
5QFZ,TRS
5QG0,JP4
5QG1,JKG
5QG2,H5A
5QG3,JP7
5QG4,JPD
5QG5,0R0
5QG6,JPG
5QG7,JKJ
5QG8,TRS
5QG9,JQ4
5QGA,JQ7
5QGB,JQA
5QGC,TRS
5QGD,JKJ
5QGE,JKG
5QGF,F8D
8G68,YXF
8G69,MPD
1NWL,964
2HNQ,WO4
2NTA,521
3CWE,825
3EAX,LZP
6XEF,TRS
7MM1,OTA
1NWE,FG1
1Q6M,P27
2NT7,902
4QAH,TRS
4QAP,TRS
4QBW,TRS
7MNA,OTA
7MND,OTA
7MOW,OTA
1Q6J,335
6XE8,TRS
6XED,WO4
6XEE,BEN
6XEG,BEN
7FQM,TRS
7FQN,JKA
7FQO,TRS
7FQP,TRS
7FQQ,TRS
7FQR,TRS
7FQS,TRS
7FQT,TRS
7FQU,TRS
7FQV,TRS
7FQW,TRS
7FQX,TRS
7FQY,TRS
7FQZ,TRS
7FRE,TRS
7FRF,TRS
7FRG,TRS
7FRH,TRS
7FRI,JHJ
7FRJ,TRS
7FRK,JFP
7FRL,TRS
7FRM,TRS
7FRN,TRS
7FRO,TRS
7FRP,JL4
7FRQ,TRS
7FRR,TRS
7FRS,TRS
7FRT,TRS
7FRU,TRS
8DU7,TRS
7KLX,WOV
7RIN,TRS
7GS7,TRS
7GS8,GV1
7GS9,TRS
7GSA,TRS
7GSB,TRS
7GSC,TRS
7GSD,GVY
7GSE,TRS
7GSF,TRS
7GSG,RZG
7GSH,TRS
7GSI,TRS
7GSJ,B0G
7GSK,UXG
7GSL,TRS
7GSM,TRS
7GSN,TRS
7GSO,TRS
7GSQ,JKY
7GSR,TRS
7GST,TRS
7GSU,TRS
7GSV,TRS
7GSW,TRS
7GSX,JLM
7GSY,TRS
7GSZ,TRS
7GT0,TRS
7GT1,A1ABH
7GT2,TRS
7GT3,TRS
7GT4,TRS
7GT5,TRS
7GT6,TRS
7GT7,TRS
7GT8,8K2
7GT9,A1ABR
7GTA,TRS
7GTB,4ZV
7GTC,TRS
7GTD,TRS
7GTE,TRS
7GTF,TRS
7GTG,TRS
7GTH,TRS
7GTI,TRS
7GTJ,TRS
7GTK,TRS
7GTL,TRS
7GTM,A1ABV
7GTN,TRS
7GTO,TRS
7GTP,W1D
7GTQ,TRS
7GTR,TRS
7GTS,TRS
7GTT,TRS
7GTU,TRS
7GTV,UJQ
7GTW,TRS
7GTX,TRS
7GTY,TRS
7GTZ,TRS
7GU0,TRS
7GU1,TRS
7GU2,TRS
7GU3,TRS
7GU4,TRS
7GU5,TRS
7GU6,TRS
7GU7,TRS
7GU8,TRS
7GU9,TRS
7GUA,TRS
7GUB,TRS
7GUC,TRS
8VYU,A1AEN
6ITV,AWO
4YHF,4C9
5XYZ,GYL
7ZY6,KCI
7UJQ,UZD
7KL0,UZD
6NJZ,BTN
6NKP,BTN
6ZIW,AGS
3AJM,4IP
7UMU,NUN
2LKO,4IP
5UT6,8MY
1KPE,ADW
7SZW,DVY
2ZT7,GLY
7OTE,0LI
5EKD,5BX
3LEV,1PE
1KSW,NBS
6IBX,H9Z
6IC0,HAK
8DJC,UAU
8DJE,U6S
3D42,TAR
6X3O,ULY
5FBN,5WF
3FC2,IBI
3KB7,71
5TA6,79D
5DFP,59U
8I2N,O4U
2BDJ,HET
3FQH,57
4D0M,93
6V6Q,ACP
4V24,GYR
7Z1G,3NG
1UV5,BRW
6FU5,E7N
6RU6,ACP
8JMZ,UKI
4K11,0J9
4PUZ,CG9
8PQ9,9JI
8PQG,9JI
7ZW8,K3R
7U4O,L8K
7U4R,L8R
7UN0,NV3
7UN4,NVF
9BU4,CJA
4MA4,MLA
7S0Q,BMA
7UMV,NUU
3NKX,PPI
9MZX,A1BU4
9D4V,A1A2P
7OY5,39I
7U2Z,L7C
7U36,L7W
3GB2,G3B
1VHR,EPE
8TK2,I1Y
9GEK,P33
2WH0,PGE
7NI6,AGS
6AGX,9WX
3H0F,PG5
7Z87,1IX
7Z88,1IX
2WO1,POL
6ATE,6H3
5Y5U,8OU
6ZSP,IMD
6Y9R,OH8
6TCU,N1Q
4DIT,0KD
2O5K,HBM
4U1P,15P
6IPZ,O4B
7LWH,IMD
6VOV,R6D
4XG3,X3G
4XG8,X8G
4XG9,X9G
5GHV,X5G
8PQA,98A
8PQB,9XO
8PQC,9OO
8PQD,9VV
8PQF,9KI
8OG6,LQH
8OG9,VM3
8OO5,VUF
9BHR,A1API
9BHS,A1APJ
7SSE,B1I
7C04,FEU
4A4O,664
2HZ4,4ST
9NBX,A1BW5
9N48,A1BV1
9N4U,A1BV8
5T68,77V
7B6F,SZW
2PZP,ACP
7A2O,PGE
7A2P,PGE
8JCU,Z99
8JCV,Z99
8JCX,Z99
4DKD,BMA
4W4Z,HEZ
4W50,BU2
4ZLY,IPA
4ZLZ,IMD
4Z3V,IMD
6J6M,IMD
5P9I,1.00E+08
3GEN,B43
1O9U,ADZ
6I7K,EOH
7ULK,42C
6J5Z,ESA
6MC1,CJA
8FHN,XZF
3I7Z,TRS
6ETJ,F6P
6BL8,PVB
3KRL,KRL
8FF8,XV0
9F3V,A1H90
6O8B,BX7
6NPU,STI
8JD1,GLU
3PIY,585
7L5P,R1L
5VFI,9AJ
5T18,73T
4OTF,2VL
2QF6,A56
3K99,PFT
5GGZ,6TN
9D4E,A1A1Q
8F8E,XJI
8JNB,USX
5UI0,FLC
3MJG,NDG
6NMI,SF4
1XBB,STI
3FQS,585
7PE7,IHP
7PE8,IHP
7PE9,IHP
2FO0,P16
8SXN,7YN
6E4F,HRA
5P9M,7GB
5P9G,7G6
5P9J,8.00E+08
5P9L,7G9
4WZG,BME
8X2O,6IL
6O8C,BX7
3RI1,3RH
3FQE,P5C
4WA9,AXI
4JSP,AGS
7C7B,FJX
3NMQ,7PP
6N8Y,KFY
9GTG,RCM
7N5X,IMD
7N5R,IMD
7N5Y,IMD
5P9F,2VL
3PIX,27
3PIZ,03C
3PJ1,LHL
3PJ2,04K
3PJ3,04L
4OT5,DMS
4OTQ,DMS
4OTR,2V3
4RFY,3OU
4RFZ,3OV
5P9H,7G7
7KXM,X9M
4OT6,2V1
4RG0,3P0
6HRP,GMQ
6HRT,GMW
7SXF,6VL
7SXG,D1E
7N4R,0BG
7N4Q,0B9
7N4S,0B0
3AP3,A3P
4B7T,CWT
8HAQ,L1N
8JF3,C0N
5XY1,8H0
2F4J,VX6
4YC8,4B7
2G2H,P16
4TWP,AXI
2V7A,627
3QRJ,919
3HNE,TTP
8ZBU,FMM
8OG5,LQH
8OG8,VM8
2HZ0,GIN
8WA4,THM
4F5B,PTR
8JN8,JA6
8JN9,UJ0
3EMG,685
5TR6,7KG
4YJV,4DT
6W06,S5M
6EP9,BNB
6X3N,5WE
6X3P,UM4
7KXL,X9J
7KXN,X9P
7KXO,X9S
7KXP,DMS
7KXQ,DMS
8FLN,Y7W
5P9K,7G8
6NFI,KLP
7R61,DMS
8E2M,UB6
7R60,2IE
5ZR3,9J0
5FLC,RAP
9GTY,RCM
2HZI,JIN
1PJ4,MLT
8VCG,PTR
1O4M,MLA
1O41,300
1O42,843
1O43,821
1O45,687
1O46,903
1O47,822
1O48,853
1O49,493
1O4A,197
1O4B,876
1O4D,262
1O4E,299
1O4F,790
1O4G,I59
1O4H,772
1O4I,219
1O4J,IS2
1O4K,PSN
1O4N,OXD
1O4O,HPS
1O4P,791
1O4Q,256
1O4R,787
9IRL,A1L20
6HM7,GDH
4YJO,4DF
4YJP,4DL
4YJQ,4DK
4YJR,4DJ
4YJS,4DN
4YJU,4DO
5Y5T,8OR
4D0L,93
8QJI,VNG
7KIA,WFD
4ZOG,VX6
2E2B,406
2G2F,AGS
8ZAZ,NGA
8R41,XUF
8HN9,IMD
8JD0,J9R
7W7X,8DW
7W7Y,8IW
5FBO,5WE
6AUB,BXM
6XE4,V1G
6O8I,LTJ
6VXQ,RQS
6W07,DMS
7LTY,DMS
1O44,852
4DFN,0K1
4RSS,4MG
3TUB,FPU
3TUC,FPW
3TUD,FPX
3VF8,0JE
3VF9,477
4FYN,0VE
4FYO,0VF
4FZ6,0VG
4FZ7,0VH
4I0R,1B4
4I0S,1B5
4I0T,1B6
4XG4,X4G
4XG6,X6G
4XG7,X7G
5TIU,7CU
5TT7,7KF
6HM6,GDK
5NEI,8VB
5NJE,8Z5
2HIW,7MP
2XJE,U5P
8U7Q,IMP
1UYM,PU3
3B2T,M33
9GR0,FAD
5WRJ,A3P
3SRV,S19
5C27,50J
5LMA,6ZG
4F4P,0SB
5C26,50H
8XQ0,A1LV4
6ZC0,QDZ
6ZCP,QFK
6ZCQ,QFB
6ZCR,5JG
6ZCS,QFE
6ZCX,QFQ
6ZCY,QF8
4JSV,MGF
6CCY,EX4
8U8A,0LI
8H7F,QEW
8H7H,QH9
7CC2,FVC
7DT2,HJ9
6DI5,GJ7
6DI9,DMS
6DI1,GJD
6DI3,GJA
6DI0,GJG
6N9P,KHD
4Z1F,H71
4Z1H,4KP
5UJJ,TYM
5Y3N,8MF
5Y3O,8M9
7C05,FE6
7C7C,FK0
7NVW,SF4
5MO4,NIL
4JSX,17G
4JT5,P2X
6AX4,AML
7MX1,ZOY
5NMM,8Z5
5NN2,Z24
5GPG,RAP
4GFG,0XF
4WNM,3RT
6ZCU,5JG
6ZWM,AGS
6ZWO,AGS
7SXH,D1E
7SXJ,6VL
6ZQS,3FF
3OCB,XM1
6HXS,CNA
4O3T,1PE
4JT6,X6K
7L5O,DMS
8FLG,DMS
8FLH,DMS
8FLV,ZB9
8EJB,WKC
3CLY,ACP
4GV1,0XZ
6S9K,CFH
4F7H,SRT
3OW4,SMY
7Y1H,F99
7Y28,F96
7Y3S,F9C
7OJI,TTC
4E9C,PG0
4LKL,ADM
5EWZ,BEZ
7QQG,DGJ
8I7S,6CI
8I7T,6I5
8I7Z,6CI
8R42,XUC
7LKZ,6OU
4RX8,3YX
4RX9,3YT
5CXH,55M
5CY3,55Y
6SSB,LUE
4PX6,2X6
6LVK,EVC
3QRK,9DP
6TUH,NXT
6TVN,NYQ
7RFE,IMP
8TXZ,A1N
3CQU,CQU
7KIE,WF7
7OBT,FSC
3AJ4,SEP
3BFX,A3P
3QKK,SMH
3QKL,SMR
4O71,CPB
8TYQ,T3X
8TZB,T3X
8TZE,T3X
4AF3,VX6
9FHE,A1ICK
9F44,IHP
9F45,IHP
7CGP,PEE
8GC7,YXJ
8GC8,YXJ
8U2D,UQX
8U2E,UP9
7PEA,IHP
7PEB,IHP
7PEC,IHP
8XQ2,A1LV7
8XQ1,A1LV6
8WYW,XFB
4GAH,0ET
9DMI,A1A7Q
4DRH,RAP
4DRI,RAP
2M0Z,33B
2M10,33B
1FAP,RAP
3G36,DTV
4Z1G,94M
4EKL,0RF
5KCV,6S1
2GOO,NDG
5U77,NDB
2QUH,TRP
1R6T,TYM
1R6U,TYM
2DR2,TRP
6YYG,Q1B
8TU3,UEO
8TU4,V72
8TU5,V7I
8SSN,AY7
3H64,ENL
3H67,NHC
6HHG,G4T
6HHJ,G4H
3QKM,SM9
3O96,IQO
4EJN,0R4
6U8R,IMP
8E1X,U9P
5SVM,6AT
8TLA,I3P
5HZI,FMN
5HZJ,FMN
8TZC,A1N
8TZH,A1N
1UNQ,4IP
1H10,4IP
4WRL,SIA
8BI2,QR7
8XI9,RAP
6HHF,G4K
6HHH,G4Q
6HHI,G4N
6S9W,L1Z
6S9X,L1W
8ERA,XZ9
7L9L,R78
1T8T,A3P
6WJZ,A12
7NH4,UCE
6M4U,RAP
1NSG,RAD
8PPZ,0AN
2FAP,RAD
4J9C,PGE
4DRJ,RAP
5EG3,ACP
6YYF,3IS
9H59,A1ISP
2UZS,4IP
4QO3,FLC
4YOL,FLC
6QDU,HY5
8WFF,FLC
8X5K,3YT
5OEG,9SZ
5MXO,FSC
4RH7,AOV
9BMF,AOV
9BMG,AOV
9BMH,AOV
8ZBT,URF
8H75,KX0
2UVM,GVF
6J65,B4P
5D3Y,4IP
5FBQ,5W6
8VOF,A1ADE
5FBL,5W9
5FBR,5W7
5FBV,5W3
5FBW,5W8
5KM2,C5P
7U8U,UJY
8ER6,XYU
8ER7,XZ3
4F0D,3AB
3FAP,ARD
4FAP,ARD
3Q1I,1PE
2CJZ,PTR
8OME,VTJ
6UL7,FRU
5LU1,TRS
7OBD,FSC
4K30,NLG
8W3D,TZ0
8W38,TZ0
8W3B,TZ0
8UW9,XQ2
7NRL,UPK
7AXN,S6B
7AYF,S9E
7AZ1,SGH
7AZ2,SFW
7BDP,TJB
7BDT,TJ8
7BDY,TJK
7BFW,TKH
7BG3,TKK
7BGQ,TL8
7BGR,TQK
7BGV,TLK
7BGW,TLQ
7NIF,P5N
7NIG,UFH
7NJ6,UG5
7NJ8,JFS
7NJA,UG2
7NRK,UPQ
7OQ9,0AW
7OQA,09W
8C3C,FSC
8C2G,T85
9U3N,A1ENT
5AX3,5ID
3T0L,1CT
3T0M,2CT
5OEH,9SZ
6TLF,IMP
8RRM,FSC
8QSB,WQ9
8QSC,WPN
8QSD,WQT
8QSE,WQI
8QSF,WPN
8QSG,WQ9
8QSH,WQI
8C2E,TJI
3T2S,AGS
3FAY,TRS
8BVW,SF4
8BYQ,SF4
6W8I,TKY
6M4W,RAP
7PVS,PGE
6HXR,UHB
6G9Z,LMR
6N3V,KB7
6N3W,KBJ
4WFS,FMN
4WOH,4NP
6W9R,FLC
4AMH,TRS
7UD6,SAH
3F3Y,4OA
4QC4,FLC
6W7O,TL7
5OF4,SF4
7LAZ,VYJ
7LB4,BMF
2BZZ,AP5
3CKL,STL
9BGH,ZNI
7F7O,4CI
4QAL,FLC
4QBV,FLC
2K8R,IHP
1RML,NTS
6W65,T9D
5D3X,4IP
8TUA,4IP
3HM8,GLC
5L6W,AGS
3TUH,TUH
2VFL,C5P
8OMJ,VTM
8OMK,F1X
3BPT,QUE
6TWZ,TAR
7OBY,FSC
7NIX,NHE
3IN8,FYI
3C7I,TVN
2GWH,A3P
2Z5F,A3P
5DJ4,LEU
5T0N,LEU
6N0M,K94
6TS3,ACE
7AD8,SF4
9NFQ,A1BX6
7LAI,R78
5KM0,IMP
7U8W,KUC
7U8X,UJV
7U8V,UJS
5WA8,9ZA
5WA9,9ZD
6J64,TAU
6N3X,KBD
6N3Y,HHJ
6EZA,FMN
6EZB,FMN
6EZC,FMN
4RH3,ACP
8STG,WCJ
5LTW,TRS
7K0U,R78
4ZBN,EPE
6IXE,SIN
8Z7U,2TA
8Z7Y,2TA
8SJK,CFF
4NH9,2LC
9GKG,LRX
5WBZ,A4J
6W0N,RYS
7FHA,ADX
7Y1P,I5L
2IFQ,EOH
5M37,9SZ
7EPE,FMN
7EPF,FMN
2MSE,PCW
7VXG,83Q
6BMR,DZV
6BMU,5OD
6BMW,5OD
6BMX,DYV
6BMY,5OD
6BN5,DZJ
6CRG,5OD
6BMV,DZS
6MD7,JE1
6MD9,JEJ
6MDA,JED
6MDB,JE4
6MDC,JEA
6MDD,JE7
2SHP,CAT
5EHP,5OA
5EHR,5OD
7JVM,VKS
7JVN,VKP
6WU8,U9Y
7RCT,4Q4
8CBH,U70
7R7D,37I
7R7I,3CW
7R7L,3ED
7TVJ,FLC
3B7O,MLT
4PVG,2WT
7XHQ,FIZ
8RZY,A1H4L
3O5X,JZG
5XZR,8J6
6CMR,5OD
6CMS,5OD
8RZW,A1H4N
8S01,A1H4J
8S04,A1H4I
8S06,A1H4M
8S0H,A1H4Q
8S0I,A1H4P
8S0J,A1H4R
8S0K,A1H4S
8S0P,A1H4O
8S0Q,A1H4T
8S0S,A1H4H
3MOW,B2B
4RDD,3LU
7R75,33I
8T7Q,ZH5
8T8Q,ZJX
8U7W,W8I
8U7X,WAB
8WFY,5OD
9BLG,A1AQ1
8GWW,KID
1PBK,RAP
6HYJ,SEP
9JBG,3PE
5KM9,ADN
2HW1,FRU
7NTK,FLC
5EXA,5SO
2AOB,S1S
4YKW,4ES
4NH7,E0G
5J8M,6DL
5J8U,6DL
2QFO,A13
2QG0,A94
3HHU,819
3R4N,FU5
3R4O,FU3
3R4P,FU7
2BT0,CT5
2YEG,XQG
3B26,B2L
3K98,1RC
6B9A,PA7
6CYG,N5O
6CYH,N5A
2WI2,DMS
3EKO,PYU
3EKR,PY9
4FCP,42C
2BZ5,AB4
2XAB,VHD
3HEK,BD0
3HYZ,42C
3RLP,3RP
3RLQ,3RQ
3RLR,3RR
3VHD,VHE
4AWO,99B
4AWP,99A
4AWQ,592
4L93,S36
6ZBT,CFH
6ZC9,CFH
1M27,FLC
6P38,NQV
7K03,VJM
6GJN,F0Q
6T5H,PGE
5IZ8,PGE
3JUT,GTQ
1HKN,N2M
2ERM,IPA
3K1X,DBX
8W2X,A1AFR
6B42,D5M
6YQM,DGP
7UMO,NT6
7LAY,5W2
5WBO,A1Y
7LBT,VYJ
3ECN,IBM
1FKB,RAP
6NF1,9JY
2C7W,MPD
1QHA,GLC
1DGK,GLC
4GYY,12V
3NC2,QUZ
5CYH,GLY
3CYH,SER
4CYH,HIS
7UXN,WHL
6GJI,F1E
5NOU,L60
6GS6,EA4
1NMK,SFM
1YND,SFA
3RDD,EA4
4N1N,UNU
4N1O,LSA
4N1P,WM1
4N1Q,WM2
4N1R,WM3
4N1S,WM4
5NOQ,93E
5NOR,93Q
5NOS,92Z
5NOT,938
5NOW,L89
5NOX,L97
5NOY,93K
5NOZ,L99
5T9U,7HG
5T9W,78E
5T9Z,78R
5TA2,78X
5TA4,838
6GJJ,L36
6GJL,F1Q
6GJM,L36
6GJP,F0T
6GJR,F0W
6GJY,F1Z
6X3R,ZXX
6X3Y,UMM
6X4M,UMM
6X4N,UOD
6X4O,UO7
6X4P,UOG
6X4Q,UOJ
9GHY,A1ILH
1W8L,1P3
1W8M,E1P
5LUD,76X
1FAO,4IP
3E3E,P6G
5LBZ,FAD
7VO6,MLA
7EA2,P6G
7L72,79C
9JBF,Y01
1G3M,A3P
7JTC,VK1
7K0D,VQS
7K1P,BMF
7L6X,G9V
7LB3,XXS
5M36,9SZ
3IID,APR
3IIF,APR
7YI7,IUV
7YJC,IVO
8VJF,P33
8VJG,A1ACH
4TNS,REA
2XP3,12P
2XP4,12P
2XP5,12P
2XP6,12P
2XP7,4F8
2XP8,12P
2XP9,12P
2XPA,12P
2XPB,12P
3KAB,12P
3KAC,4BX
3KAD,4C0
3KAF,4D9
3KAG,4D7
3KAH,12P
3KAI,12P
3KCE,12P
3ODK,PE4
3IMD,FYQ
3IMJ,AYI
3IN7,AYQ
3KFJ,YEN
1X0N,DTF
2HUW,YVN
6SDF,MPD
2AOA,S1S
7MPH,ZLY
4F9O,BGC
4FOE,BGC
4FOI,BGC
4FPA,BGC
4FPB,BGC
6Q3Z,HG8
2F8A,MLA
8T6J,YKU
5EEL,MLA
3GQQ,UNL
5WBR,A3Y
7LEJ,IBI
7BJY,79C
7LEM,4K4
5C3Y,AN2
8UW3,TTP
1ZRH,A3P
9FSJ,TJQ
4GWT,LMR
4GWV,FLC
2F21,1PE
3I6C,GIA
7EFX,J3X
8VZ3,A1AEL
9IT1,P3G
7ULL,42C
3T10,ACP
7JJG,VCD
7JSP,VJM
8GSJ,K8C
8JYG,V8R
8OHR,VP5
5CI8,53Y
5CI9,549
9BCV,G2P
3NC9,TR3
3Q92,XNB
6W0W,RZA
4XP7,FNR
1CZA,GLC
2WWW,2PE
4QOJ,FMN
4WNJ,DMS
6RO4,SF4
7OBH,FSC
6P39,NQY
6P3A,NQP
7LB0,XXV
2CYH,ALA
4N1M,GLY
3P1O,FSC
3P1Q,FSC
3P1S,FSC
5OMA,TRS
3SMK,CW7
3SML,FW1
3SMM,FJA
3SMN,FC7
3SMO,FJA
3SP5,CX7
3SPR,FC7
4FR3,0V4
9BA2,IMD
4OG8,TBF
5DQY,BEZ
4POK,COM
4POL,COM
4POM,COM
7LAK,IBI
4XAQ,40F
4XAS,40H
8DSO,TOO
5M4H,7FX
5M4E,7F9
4QXW,MLA
6XNO,BOG
6XO1,MLA
7VXW,URE
7VY4,URE
7VY7,URE
8T7H,QUS
8T8M,QUS
8EBV,SF4
8EBS,SF4
8EBW,SF4
8EBT,SF4
8EBX,SF4
8EBU,SF4
8EBY,SF4
3TC5,3T5
6O34,2PE
8VJD,P33
4TYO,39X
2ITK,PE4
2Q5A,16P
2ZR4,1PG
4QIB,PE4
4U86,1PG
5UY9,PE4
3IKD,J9Z
3IKG,J8Z
3JYJ,JZI
3NTP,RZD
3TCZ,R2Z
3TDB,3TB
4U84,15P
4U85,15P
6DUN,TAS
6VAJ,QT7
7EFJ,J2C
7EKV,J50
7F0M,0BF
8VZ5,A1AEM
8W11,A1AET
9INR,A1D9K
2DG3,RAP
2DG4,RAP
2DG9,RAP
4O74,R78
5V67,IBI
4CFL,8DQ
6MH1,JQP
7K6G,VYJ
7K6H,4WG
7KO0,5W2
6PTS,PCW
6U3E,4IP
6U3G,4IP
8SXT,TTP
3BD9,A3P
4BB9,F1P
4WWQ,MLA
4XSV,C5P
5OI7,MPD
1Z8D,GLC
8UG1,WNH
8UG3,WRE
2OHF,ACP
8S5W,2TA
5IPD,6CG
5KM4,IU
5KMC,6UU
9GYQ,A1IQV
5WBM,A4G
5WBQ,A3J
6W0X,S6J
6W0Y,S6S
6W0Z,S6D
8P8P,X7I
8PA6,XKB
8PA9,XKF
8PAF,XKK
8PAI,XKO
8PWK,I0H
7UG5,N6I
5ZWK,FBP
2VZC,TRS
5VBQ,R78
5VBR,IBI
1WDY,25A
5CNI,GLU
5VKG,4N1
1CJ1,C78
1HKC,BGC
4EGK,RDC
6B41,CJV
6E1A,HL7
7Z70,KS8
6BXH,DMS
9H1C,A1IRQ
9H1D,A1IRR
7O9X,V6Q
7O9Z,V6N
7OA9,V6K
4GQ3,0RO
6WNH,7MM
7UJ4,OQ4
4V0U,LAB
6S2K,KTQ
6V0N,SFG
4DX2,BGC
2A3R,A3P
6PTW,PCW
7Z6O,IHP
7ZT6,IHP
4WHD,BOG
6XNT,BOG
5F2R,ACP
6BQD,69G
7P4S,5LV
7T36,EIO
9DPM,CYS
7X0T,CO8
9CTF,UPL
2ZND,MRD
8TAO,QUS
7UXH,IHP
2HXK,EOH
2BHK,IPA
1WAQ,MPD
1IHI,IU5
4XO7,NAP
6UI9,ACO
6UV5,ACO
6O0H,LBG
7UXJ,NH2
6YR7,B3P
6GHP,EZ5
7LAH,BMF
7LAJ,79C
7LAU,VYJ
5KM3,U5P
5KM1,5GP
5I2E,67D
5IPC,6CE
5KLY,6UR
5KMA,777
5KMB,6UT
4EQE,EPE
4EQG,A5A
4EQH,EPE
5IPE,6CG
9GYP,A1IQU
7Q2U,P6G
3TJO,BOG
3HL2,PLR
4KCX,1QK
7L73,VYJ
7LEL,BMF
7UXC,IHP
6FFH,OLA
6FFI,OLA
4OO9,OLA
5CGC,OLA
7AVV,IMD
6KEC,D9C
6KEI,D6U
6KEJ,D7F
7C2Z,SQH
1HKB,BGC
4O70,1QK
4O72,2R4
4O77,2RE
4O78,SAV
4O7A,2RF
4O7B,2RJ
4O7C,2RK
4O7E,2RN
4O7F,2RQ
5F5Z,5VY
5F60,5VZ
5F62,5W1
5F63,5W2
5VBO,4K4
7UGF,N6I
8WQO,X3L
17GS,GTX
6M4V,RAP
8WDK,W6U
5WBP,A2J
8XV9,2TA
7MTR,GLU
4JQ4,IMN
5VYY,9QY
6GPO,CMP
6GPR,CMP
6GQU,CMP
7OB8,FSC
5XI1,MYC
7KJZ,4IP
1UPR,4IP
2REO,A3P
1PIN,ALA
8YFK,MPD
8XVV,IHP
9CAD,IHP
6MH7,JQY
8S6Z,IMD
6A5Q,MLA
7L6D,BMF
7L9J,79C
7L9K,BU1
4G8L,25A
8W2G,F6P
8W2I,F6P
9HC0,OLA
9HC3,OLA
9B9H,A1AM2
9B9T,A1ANM
9B9W,A1ANN
9DLW,A1BAF
5DB1,58O
5DB2,58R
5DB3,DMS
4OG5,2S7
6BXY,EEV
5DDD,59X
5DDF,5A1
5DD9,59K
5DDA,59M
5DDB,59Q
5DDC,59V
5DDE,5A0
6OPJ,DMS
4X5Y,3XW
8VA5,K5O
8VA6,K5O
9C92,A1AVE
9C93,A1AVF
9C94,A1AVG
4GQ4,0RT
8IG0,7IX
6PKC,OP4
7M4T,YQV
7K06,C5P
5AMC,GLY
3UV5,TRS
5I1Q,67C
5I29,67B
7T2I,DMS
6FIC,DKH
3ETA,351
7APG,RQT
8H7X,6GY
4G5J,0WN
6Z4B,Q6K
7A2A,57N
3EOC,T2A
7B7S,T1T
3VQH,IQB
4CFU,2WC
4YC3,MPD
6E6E,HVY
6Q0T,AGS
9FBM,NIO
3ZBX,6XE
3ZCL,5TF
5HNI,63B
4IWD,1JC
3C1X,CKK
3CE3,1FN
3CTH,319
3CTJ,320
3F82,353
5JD7,6JR
7SSB,B4I
5XFF,6LF
6JPE,BYU
4TYI,38O
5HTK,FLC
4BCM,T7Z
4BCN,T9N
3AMA,SKE
3AMB,VX6
2J5F,DJK
2ITY,IRE
4JQ7,KJQ
4JQ8,KJ8
4JR3,KJR
4JRV,KJV
4LL0,YUN
5EDQ,5N3
5EDR,5N4
6S9C,L1K
6S9D,L3Z
7QHL,D5P
5ZZ4,9M3
3HA6,2JZ
7KJS,WG1
6F3G,CJN
8C7W,U0C
9L04,A1L4C
6PL4,OO7
6PMA,OQS
6PMB,OQM
6PMC,OQJ
7XBI,CVY
4XLV,ACP
6N0P,K81
5CT7,55J
4XV1,904
4XV3,P02
5ITA,6DC
8F7O,QOP
3Q4C,RSW
2I1M,5CN
2XNB,Y8L
1UU7,BI2
3OTU,J30
3QD3,3Q5
3QD4,3Q6
2PL0,STI
3KMM,LHL
5TKD,7GL
2AXN,F6P
4U6R,3.00E+04
8P5I,WYX
8P5K,HVH
9L4B,A1EIK
5MOV,HC4
5CSP,54G
5MOH,YTX
5MOT,HBD
5OUL,AWE
5OYF,B4Q
5OTS,AU2
6A1C,9NX
4GG5,0J3
5HTI,66L
9C15,A1ATF
3W2Q,HKI
7ZYM,6GY
7A6J,R2E
7ZYQ,V58
2J6M,AEE
4LQM,DJK
4WD5,3LH
4ZAU,YY3
4R5S,FI3
5J9Y,6HL
5J9Z,6HJ
5Y25,8LU
8GK5,Q6K
8B54,P2V
4CFX,G6T
3GCU,R48
4KIP,1R9
7PQS,80H
7OXB,35Z
8VQ3,A1AC4
7PCD,70I
4YNE,4EK
5WR7,RCH
6J5L,B9C
6PL1,OOJ
5VAL,92D
5VAM,92J
6NSQ,KZP
6B8U,8EN
6N0Q,K7S
3Q96,0NF
5FD2,5XJ
5HID,B1E
6XLO,V5J
3PSD,SM7
4R5Y,3K3
7PW5,IHP
9AYA,A1AHE
6T2W,M9T
7QGD,7M0
9FBL,NIO
7QGC,7M0
2I0Y,5CN
3FAA,55F
3RWQ,3RW
4AOI,4K0
3Q6W,Q6W
3R7O,M61
3CCN,LKG
3CD8,L5G
3DKG,SX8
3LQ8,88Z
7RCL,GLA
7OZX,GAL
3O0G,3O0
1UNH,IXM
3O51,LJF
3AC4,DMS
3ACJ,DMS
5HO7,63L
5HO8,63E
7KJC,ACP
6TFU,N7K
6TFW,N7W
6TFY,N7Z
6TFZ,N7B
6LUD,YY3
2ITP,AEE
2ITT,AEE
2ITW,ITQ
4RJ4,3QW
4RJ5,3QY
5C8K,4YV
5C8M,4YW
5CAL,4Z8
5CAO,4ZG
5CAV,4ZQ
5EM5,5Q2
5EM8,5Q4
5HCY,60D
5HIB,63M
5XDK,8JC
5XDL,8JC
6JWL,YY3
6JX4,YY3
3W2O,03P
3W2P,W2P
3W2R,W2R
3W2S,W2R
3W32,W32
3W33,W19
5FED,5X4
5FEE,5X4
5GNK,80U
5UGB,8BM
6JRX,9JO
3MVL,38P
3MVM,39P
7X4H,8BH
5KJZ,PCG
6VHP,QP1
7VRA,I0A
4OLI,2TT
4WOT,3SG
4QP2,36R
4QP1,EMU
4QP6,36N
1UNG,ALH
6NVI,XL7
6JPJ,FGF
7DTZ,HHL
7F3M,GX3
7WCW,90F
7WCX,90F
7YBO,IH7
7YBP,IH7
7YBX,IH7
6W3K,SJS
7SUF,BVI
7SUG,BWI
7SUH,BXI
7SUI,L80
9OB2,A1CAE
9OB3,A1CAH
9OB4,A1CAF
9OB5,A1CAG
9OB6,A1CAI
4IBM,IR1
2X7O,ZOP
1W4R,TTP
4CQE,CQE
3PPJ,FOI
3PRI,FP4
4KSQ,1SW
4PP7,2VX
8F7P,K81
4E4X,T1Q
4G9C,0WP
4G9R,B1E
4MBJ,DFS
9AXC,A1AHE
5YA5,6TD
7B3V,SWB
7B40,SWN
7B41,SWK
7B42,SW8
6S89,L0Q
6TFV,N7Q
6TG0,N78
6TG1,N82
5HG8,634
2ITQ,ITQ
2ITU,ITQ
4LI5,1WY
8F1W,R2E
8FV4,YAA
2ITO,IRE
5U8L,O44
6JZ0,CKO
6S9B,L1H
7KXZ,XA4
3HV4,L51
3HV5,R24
8BR5,R73
8TVM,VDC
8TVN,VE9
8UCB,X1T
8W3W,A1AFO
8W3X,A1AFH
5E8Y,STU
4HW7,64M
8QEL,UH3
8J5W,A4U
8J5X,A4U
8J61,A0X
8J63,A6X
7LM2,Y5Y
8HY7,NSO
8HV2,MWU
8TJL,HZ6
5N23,35R
3PWY,SYP
5C03,AGS
8P5G,XBJ
8P5H,XBJ
8P5J,WYT
8P5L,1FV
8SV9,WXH
3ZXZ,KRW
3ZZE,6XP
4AP7,F47
5UAB,84M
4EEV,L1X
3I5N,B2D
3VW8,DF6
4R1Y,7PE
5T3Q,75H
5UAD,84P
4I5M,R78
3OD0,PCG
8SIV,ZXH
8DKS,SO9
9AXX,A1AHE
4PMM,31V
6N78,KEP
6N79,KES
6N7B,KEY
6N7D,KF4
5F1Z,5U3
4PY1,2YK
5HG5,633
6D8E,FZP
6LUB,EUX
5GMP,F62
5GTZ,81C
5X26,7XO
5X27,7XR
5X28,7XU
5ZTO,9JO
6JRJ,C6O
6JRK,C6O
6VH4,QQM
6VHN,QQJ
7AEI,R85
5Y9T,8RC
3FZP,AGS
5JFS,6K0
5JFV,6K1
5JFW,6K2
5JFX,6K4
7XAF,FKT
5HI2,BAX
3TV4,TV4
3TV6,B0R
6AAK,9T6
7PW8,IHP
8W5C,VZO
8PO2,26X
8F1X,R28
6P5M,O1S
7ZY0,KC0
7ZWE,QXZ
4UJ1,NVX
4UJ2,NVV
3NX8,IPH
3OOG,YTP
3OXT,3SB
3P0M,4SB
3POO,S69
5UZK,504
6N3L,KAV
3OCP,CMP
3OGJ,CMP
5JAX,6J7
8SIW,ZXL
4Z07,PCG
8C1G,T3I
8C1D,T2F
8C1H,T3U
8C1K,T4O
3LCO,LC0
4QP3,36Q
4QP4,36O
4QP7,363
4QP8,362
4QPA,35W
5UG8,8BP
5UG9,8:00 AM
5UGA,8BM
5UGC,8BS
6JX0,YY3
6JXT,YY3
5FEQ,5XH
5UWD,8OV
7U99,M0R
8A2B,KY9
9BY6,PDO
3FZS,B96
6GVA,FCQ
3GCS,BAX
6SYT,IHP
4X7H,3Z2
4X7J,TLA
4X7N,3Z5
4X7O,3Z6
6PDJ,CXS
3BYM,AM0
3BYS,AM5
3BYU,AM6
6P5S,3NG
6NZP,LB7
4MXC,DWF
6SDC,88Z
6SDE,V0L
7OKW,MPD
4UJ9,S3N
3L9N,L9N
8G63,YXT
9H46,A1ISA
6P5P,O1V
6C4D,EJP
6HOH,PGE
6JOL,STI
6JOJ,6T2
6JOK,B49
3PSB,SM6
3SKC,BR2
4EHE,RI8
4EHG,RI9
9EJO,A1BIV
9EJP,A1BIW
9DTA,A1BBV
9DTB,A1BBW
9MK7,A1BLV
3NYX,TZ1
6GU2,F9Z
6GU3,FB8
6GU4,FC8
4ZJI,4OQ
4ZJJ,4OR
2RFS,AM8
2X18,EPE
4GG7,0J8
8AN8,MDI
4I5P,1D1
4I6B,11G
4I6F,1C7
8V2F,YJU
8V2L,YK0
8F1H,X9H
7ZYP,R25
6N33,622
5HG9,63A
7U9A,M19
8A2A,KY9
2XCK,MH4
3SC1,3S1
3OVV,1SB
3OWP,2SB
5BX6,495
5BX7,4W1
6FRX,E3Z
5JRQ,6N9
3ZC6,VFC
6XDB,N8S
8S85,A1H5R
4KU8,GLY
8PNZ,2I0
8PO0,2I6
8PO1,2EI
8PO3,2II
5U7R,81G
9GLA,YNK
4KIK,KSA
6YAT,3FX
4G34,924
6NZE,L8Y
6NZF,L91
6NZQ,LB4
8C6M,TNO
8C6N,TN0
5E1S,5JA
6UUO,QH1
7SHV,29L
4RZW,B1E
7ERK,1N1
9D0V,A1A1H
8VQ4,A1AC5
4XJ0,41B
8F1Y,R2E
8F1Z,X9B
7ZYN,0UN
5ZWJ,9LL
5HG7,630
5X2K,0UN
7ER2,JAU
7T4I,R28
7UKV,ZRT
9BY4,PDO
3ET7,349
3FZR,3JZ
3FZT,4JZ
5MXX,W4A
8PVP,FWU
7V3R,5IE
7V3S,5I9
4CFH,STU
6DBM,G4J
5F20,5U4
5FP5,1Y6
8WD4,W7W
8GDS,Z8O
3IIM,DTV
7B3Z,DMS
7B44,SVT
8AU3,3.00E+08
8AW1,3.00E+08
3U6H,03X
3U6I,44
4DEG,0JJ
4DEH,0JK
4DEI,0JL
4XMO,46G
4XYF,44X
5EOB,5QQ
7B3Q,SV5
9LFU,A1D97
4I6H,1C8
9NA4,A1BW1
9NA5,A1BWY
9NA6,A1BWZ
8SCE,ZVD
4UJA,4L7
4UJB,8BQ
2DQ7,STU
9HBO,A1IUK
7VRE,7VH
8EME,ZNL
8HV3,PE5
8HV4,PE5
8HV6,PE5
8HV7,PE5
8HV9,N9L
8HV1,PE5
8HV5,PE5
8HV8,PE5
8HVA,N9R
7OTV,KWT
8UAK,W39
8U37,V5U
7UXI,NH2
7VKN,7GI
7VKO,7GI
7P3V,5I4
2OF2,547
2OF4,979
3B2W,9NH
5C01,UNL
6NSL,KZJ
6Q4Q,A1H27
7REC,7ZV
6N3N,KA4
8SIX,ZXP
9CE4,A1AV4
7MFD,CHU
7YC1,IIQ
5C9C,4Z5
6P3D,0LI
8UCC,WFQ
9FRD,DTT
9EWT,A1H7O
9GC4,A1IZ7
9GC5,A1IZ8
9GC6,A1IZ9
9GDV,Q6K
9D3V,A1A5V
9D3W,A1A5L
4H1J,0YH
4H1M,0YJ
5TO8,7FM
5TOB,YAM
3GCP,SB2
3ZON,IK1
4GIH,0X5
4GII,0X6
6X8G,UWM
7VDQ,64V
6JOI,6T2
5GRN,748
5HHW,60O
5CSX,54J
7ZWG,R7W
7Y4T,I90
7Y4U,I94
8GVJ,KGL
5C50,BEN
6ZH0,GAL
9FZR,A1IHC
9FZS,A1IHD
9DC6,A1A3I
9DCD,A1A3J
4C3F,7KW
3MPM,5LK
5I9V,AGS
5IA3,P17
5I9Z,627
9F32,A1H9M
6SDD,353
5EYC,5SZ
5EYD,5T1
9AXA,A1AHE
7VDP,65L
7VDS,61U
7VDR,63I
3EKK,GS2
3EKN,GS3
9DF3,A1IMS
9DF2,A1IMS
9DF4,A1A4E
9GI9,A1ILZ
9GL7,A1IMS
9FQP,A1IEZ
5USQ,8LY
3HEG,BAX
1WBS,LI2
6QYX,BOG
3FLN,3FN
3FLW,FLW
4AA4,QC0
4AA5,NQB
4DLI,IRG
4DLJ,6RG
1W84,L12
8XLQ,A1LVQ
8X5M,Y4O
6N3O,KA7
8V1O,Y9T
5KPZ,PAZ
5KQ8,AN2
5KQD,PKZ
6PE6,ODG
6X4K,UOP
7UE3,ND6
7UE5,Y88
7UEO,Y90
4L6Q,1WU
5WNG,B4Y
5WNH,B5G
7XC1,5ID
3H9R,TAK
8PQH,9JI
4XV9,1OO
8A5J,5BS
7MTB,SGV
7MTA,RET
5NJZ,8ZH
5NK0,91E
5NK1,90N
5NK5,90K
5NK6,90W
5NK7,8ZZ
5NK8,90Z
5NK9,912
5NKE,90B
5NKF,8ZN
5NKG,8ZK
5NKH,8ZQ
5NKI,8ZW
6FNF,DXH
6HEY,FZW
6Q7B,HO5
6Q7C,HOK
6Q7D,HOT
6Q7E,HMW
6Q7F,HNZ
6Q7G,HO8
5H09,OOO
5H0B,OOQ
5H0E,OOS
5H0G,OOU
5H0H,OOV
6AAM,9T6
4GJ2,0XH
4GJ3,0XP
5WAL,9ZS
6DBK,G5D
6VNS,R5D
6VNV,R4Y
6VNX,R4V
6VNY,R4S
7K7O,VZJ
7K7Q,VZG
4BC5,5FX
9EWS,A1H7N
4X2G,3WK
1RW8,580
4X0M,3WA
4X2F,3WJ
4X2J,3WN
4X2K,3WO
5E8Z,5L4
4FA2,GG5
3HP5,I46
1OVE,358
1WBT,WBT
3BX5,304
3HVC,GG5
1ZZL,TZY
3FLQ,891
3FLS,FLS
3FLY,FLY
3FLZ,FLZ
3FMH,533
3FMJ,FMJ
3FMK,FMK
3FML,FML
3FMM,XI2
3FMN,530
3FSF,FSS
3HV7,1AU
3C5U,P41
3QUD,BOG
4AA0,AA0
3GCQ,1BU
3GCV,SS6
1DI9,MSQ
8JFK,FAR
8XYA,FAR
8SHJ,ZI8
8ATL,O6X
7MF0,Z6P
4AT5,MUJ
4AT3,LTI
4AT4,T6E
7OTP,AGS
3V8S,0HD
3NDM,3ND
5V60,ACP
5O90,SB4
9I10,A1IYV
9IVB,A1L3A
9NA3,A1BWX
8ATN,O06
8BR7,R6R
8TX0,VEU
4X7K,3Z3
4X7L,3Z4
5VLO,9EJ
9GZH,A1IRC
1YRK,ACY
5EW3,5T2
3SMP,ARS
5HOR,63K
2AST,BEN
2DWO,F6P
3AGL,A03
1VJY,460
2I7P,ACO
4F9W,GG5
3HEC,STI
3HUC,BOG
1WBV,LI3
3IPH,G11
3GFE,P37
4F9Y,GG5
1WBW,LI4
3D83,GK6
1OZ1,FPH
3HRB,I39
3MPT,1GK
3MW1,MIH
1BL7,SB4
3HUB,BOG
3MPA,SB2
3OBG,SB2
4A9Y,AQZ
4L8M,BOG
1OUY,94
3BV2,P38
3BV3,P39
3CTQ,337
3GI3,B10
3IW5,BOG
3IW6,PP0
3IW7,BOG
3IW8,BOG
3NWW,3NW
3S4Q,NK0
4AAC,AAV
4GEO,BOG
1A9U,SB2
1W82,L10
1W83,L11
2I1V,FDP
2YHY,BM3
6XFP,V1Y
3LXL,IZA
3LXK,MI1
8EJ4,AGS
7A6Y,FSC
6OVA,N9G
3NCZ,3NC
5K4I,6QB
2Z8C,S91
6R5F,JSW
4M7I,27D
7NCF,U82
5IA1,ZZL
5IA4,88Z
9L46,AGS
9L4F,AGS
6BFN,DL1
6GR9,VX6
8OOV,PAP
9JQ1,A1ECU
2WOT,ZZG
5QIK,J2M
3GXL,QIG
5QIL,J2V
6B8Y,D0A
4EWQ,GG5
3B8Q,900
4R3C,GG5
1WBN,L09
2ZB0,GK3
3ITZ,P66
1AGW,SU2
1BL6,SB6
1FGI,SU1
1W7H,3IP
1ZYJ,BOG
1ZZ2,BOG
3FI4,FI4
3FKL,FKL
3FKN,FKN
3FKO,FKO
3FL4,FL4
3FSK,RO6
3HL7,I46
3HLL,I46
3HV3,R49
3UVQ,FS8
3HA8,5JZ
3QUE,BOG
4EH3,NAR
1BMK,SB5
2GFS,PQB
2RG5,279
3HV6,BOG
3L8S,BOG
3O8P,BMU
3O8T,BMU
3O8U,BMU
3OBJ,BMU
3OC1,BMU
4E6A,0O9
4E6C,0O8
4E8A,0OA
4EH2,IRG
4EH4,IRG
4EH5,IRG
4EH6,IRG
4EH7,IRG
4EH8,IRG
4EH9,IRG
4EHV,0SJ
3OEF,BOG
3PG3,BOG
5TBE,78L
5TCO,BOG
1IAN,D13
2BAL,PQA
6WXJ,UF4
8JOT,UKI
7MFC,Z6V
8PQI,9OO
7APF,RQZ
4QPS,37Q
6GLA,F4B
6GLB,F48
4O0R,7KC
3TWJ,07R
7OTW,MBW
7OTY,1IX
4N0S,DHC
5BVD,4VF
5BVE,4VG
5BVF,4VJ
5HOA,63K
8OV7,W3W
4XZ0,4N5
2YA3,J7V
8WTF,8CG
4ASE,AV9
7W5O,MLA
3VO3,0KF
3VHE,42Q
6Q38,A1H27
5HO6,63K
8OUV,W3R
7OR8,0AW
7ORG,09W
7ORH,0B7
7ORT,0HP
3HMM,855
3TZM,85
1WBO,2CH
2ZB1,GK4
3ZYA,2A8
3DT1,P40
3HP2,I46
3K3I,JZJ
3K3J,F4C
3L8X,N4D
5ML5,BOG
5N66,BW1
2YIS,YIS
2YIW,YIW
3GC7,B45
3MGY,BOG
3MH0,BOG
3MH1,BOG
3MH2,BOG
3MH3,BOG
3OCG,OCG
2RG6,287
3JS2,VM1
3NNU,EDB
3NNV,437
3NNW,EDD
3NNX,EDD
3OD6,BOG
3ODZ,BOG
5MTX,FJI
5MTY,HB9
5WJJ,AQY
5XYX,FTZ
5XYY,P0F
6ANL,T75
1KV2,B96
2BAQ,PQB
2BAK,AQZ
2QD9,LGF
2W0J,ZAT
6VNL,5W2
6VSN,RG4
3GQL,GQL
6HES,G0H
6HET,G0Q
6HEU,G0N
6HEV,G0K
6HEW,G0E
6HEX,G02
7UYR,OVI
7UYS,OVC
7UYT,OV5
7UYU,OV0
3KRW,BA1
5IA2,L66
5IA5,GV0
6AYW,C2V
1W1G,4PT
4O0T,2OL
6ED6,J0P
3TV7,07Q
4W7P,3J7
7OTM,2R4
5BUJ,4VB
5BUE,4V8
4O6E,2SH
4QP9,35X
8SCV,ZVG
3MDY,LDN
5WNF,B4V
4AGC,AXI
6XVJ,O35
6XVK,O3E
8XOX,YAM
3WZE,BAX
3CP9,C19
3CPB,C92
3CPC,C52
2FGI,PD1
2FSL,BOG
2FSM,BOG
2FSO,BOG
2FST,BOG
3NEW,3NE
3ZSI,52P
2I0H,222
3KQ7,KQ7
3U8W,09J
3ZS5,SB2
2NPQ,BOG
3KF7,L9G
3LFB,Z87
3LFC,Z86
3LFE,Z84
3LFF,BOG
3UVP,48
3UVR,06F
6OHD,MKP
3ODY,BOG
3RIN,I2O
3S3I,CQ0
6SFI,LB5
6SFJ,LBB
1KV1,BMU
2B7A,IZA
6VGL,RXT
6VNK,RXT
8T55,ZI3
7RGD,IMP
4OAV,ACP
5UC4,83S
5UCH,DMS
5UCI,DMS
5UCJ,KU3
8K78,IYC
8OW3,W40
2YIQ,YIQ
2YIR,YIR
2YIT,YIT
8EQ9,WPB
8EQD,WPX
8EQE,WQ2
8CGC,LMR
9BYJ,VSE
6UMW,CTC
7OBL,FSC
4P90,2K0
5KBQ,IPV
5KBR,IPW
6GR8,F8Z
8ATB,O0H
9NA2,A1BW0
8BR6,R6I
8QQG,WJ9
6RQ4,KE8
1TVO,FRZ
1YWN,LIF
3SA0,NRA
7X4U,5ID
3W55,1FM
4ZXT,CAQ
3VNT,0JA
4ASD,BAX
6GL9,F3W
2P2I,608
4ZTH,VVT
6QDZ,I46
6QE1,I46
2YIX,YIX
3LHJ,LHJ
3ROC,29A
5MZ3,8EN
5N63,8OW
5N64,8OH
5N65,8OT
5N67,8ON
5N68,8OK
5O8U,9O5
5O8V,9O2
5OMG,9Y8
5OMH,9Y5
6HWT,BOG
6HWU,BOG
6HWV,BOG
4NKS,2M2
4RWJ,66T
4RWK,66T
9CJ4,B96
2BAJ,1PP
8PIE,7QT
4BC4,XUL
4YC4,M59
4MXO,DB8
4V04,0LI
2GU8,796
3ZSH,469
6ZWP,OE8
5Z0S,960
6M95,J8S
6M9L,J9G
5J87,N42
6GQP,F88
5TX5,7MJ
7S26,86K
6OPH,6QB
4FV0,EK3
4FV1,EK4
4FV2,EK5
4FV4,EK7
4FV7,E94
6OPI,N0V
1WZY,F29
4FUX,E75
4FUY,EK2
4FV3,EK6
4FV5,EK9
4FV6,E57
4FV8,E63
4FV9,E71
4G6N,EK0
4G6O,E28
4BBE,3O4
4BBF,O19
9BP8,A1AQY
3PJC,PJC
3VZC,UUL
3VZD,UUL
4MXX,DB8
4MXY,DB8
4MXZ,DB8
3KRX,BA1
5NK2,8ZZ
5NK3,92Q
5NK4,90E
5NKA,91H
5NKB,8ZT
5NKC,90T
5NKD,91K
6FNG,DWT
9BLH,6ZZ
9L4D,A1EIK
1Q3D,STU
5NG2,STU
9C1W,XOO
4E4M,0NH
4A9R,RU5
2WTC,VGM
2WTD,ZZK
2XM9,LWH
2YCF,YCF
2YCQ,UPX
2YCR,HCW
2YCS,NXP
2XK9,XK9
3FUP,MI1
5IZJ,6J9
7Y1G,I5G
3WZD,LEV
9F6X,A1IAZ
3DTW,A96
3EFL,706
3ZSG,T75
4WUN,66T
5UQ0,WP1
6C1B,YY4
6C1O,MK9
3LFD,Z85
8VI1,A1AB1
3U6J,03X
6GES,6H3
4V0G,G9B
5HX6,65U
6C3E,EJY
5LCJ,6TS
6QA3,PZO
6QAL,HV2
6QAQ,HVQ
7C3N,FHX
8FE5,XTT
9J9D,A1L30
4AG8,AXI
4AGD,B49
2QU5,276
6ITJ,AXU
4ZSA,4UT
5UR1,YY9
3G0F,B49
6QDS,HY5
3VHK,BPK
3VID,4TT
7DV6,HJF
8A5X,L6A
6J71,BMA
9EP8,A1H6L
6NW2,L4Y
2ESM,M77
2ETR,Y27
4ITI,1HW
4ITJ,1HX
6RLN,K8K
8POD,7IO
6P68,O1Y
7S49,4QI
7S4C,GLA
8FE2,XTI
6VNE,2TA
6VN8,3JW
4A9T,A9T
2XBJ,XBJ
2WTI,WTI
2WTJ,WTJ
4BDJ,Z2M
2YI1,BMX
1YVJ,DTV
4HVD,PHU
4HVG,19Q
4HVH,19R
4HVI,19S
4I6Q,PHU
4EUT,BX7
8YHL,A1D6I
8YHF,A1D6I
2P2H,994
3EWH,K11
5O49,9K5
9NYT,GG5
9O4L,GG5
5QIN,J2V
2YHW,BM3
5AJY,PHS
7KPF,MYA
2XIR,00J
8XYB,FAR
8OWG,W40
3QPU,POP
6D5X,5AD
8VPN,BL1
2I7N,ACO
2W1I,L0I
5QU0,QMV
2ETK,HFS
3D9V,H52
4ZY5,4T5
4ZY6,4T6
6B16,C7Y
8ZJV,5ID
8BOD,QTX
8BOF,R3L
8BOG,QUU
8BOH,R0T
8BOI,R0O
8BOK,R0X
8BOM,QU6
5DEW,59N
2RL5,2RL
6GQO,F82
6GQQ,F8B
3BE2,RAJ
8VXE,A1AD9
2XA4,AZ5
4HGE,15V
5CF4,50Y
5CF5,50W
5CF6,50O
5TQ3,7GZ
5TQ6,7GV
5TQ7,7GT
3K54,1N1
5C3Z,ACP
5C40,ACP
4XZ1,4N6
8Q61,K06
2W7X,D1A
8BM8,QT1
8BOC,QUF
5J18,6FS
5J2R,6FS
4RIO,3QX
5TTS,7KU
5TTU,7KV
5TTV,7KX
6DA4,G4V
6DB3,G54
6DB4,G4Y
6DUD,HB4
4IM0,1FV
4IM2,BX7
4IM3,BX7
1Y6A,AAZ
1Y6B,AAX
3RHX,3RH
3C4F,C4F
5QHK,GOY
3LPB,NVB
5CF8,50V
3TJC,0TP
3TJD,6TP
4AQC,88A
4YVC,4KH
4YVE,4KK
5BML,4TW
5IME,6BZ
5KKS,6U1
5KKT,6U2
5UZJ,8UV
2XM8,B4W
7UES,MXO
8DGS,AGS
8DGT,AGS
6C0U,EE4
9MHB,A1BLA
8X3M,B8Z
3LPW,MPD
5JOE,IPA
2Y9R,12P
5WG5,ZSO
1FBZ,CC1
4E6D,0NU
4JI9,1M3
4P7E,2HB
4E6Q,0NV
4F08,1RS
4ZIM,4OK
6OCQ,M5J
7OPM,08G
6SLG,LHZ
7URY,MLT
6I1S,E26
4U5W,MPD
4QT1,3C9
4ZLO,4PV
5HVU,65R
8PT3,D7O
8PST,AN2
8PSW,AN2
8PSY,AN2
8U8J,WAL
8U8K,W8U
8PAV,XOZ
8S98,ZRU
8TB6,ZOI
6AAJ,9T6
3Q32,J2I
6VNB,R6P
6VNC,R6V
6VNF,R6S
6VNG,R6M
6VNH,XZS
6VNI,R61
6VNJ,R5S
6VNM,R5Y
6VS3,R6V
6X8E,UWP
3E8D,G98
8YD9,6GI
3G0E,B49
5ZV2,LEV
4F63,0S7
4F64,0S8
4RWL,3ZC
4BDK,RQQ
5WG3,AFM
5WG4,AFV
6C2Y,EJS
6U7C,Q1Y
1IJR,CC0
8S99,ZS3
8S9A,ZSB
8W1L,A1AE3
3BEG,ALA
5LWM,79T
5TOZ,7H4
5VO6,9J4
5WFJ,9Z4
6NY4,Z3A
7Q6H,934
4IW0,BX7
4IWO,1H4
4IWP,BX7
4IWQ,1FV
6E9W,J0P
6HHO,G4W
9LNR,A1EKR
7OZB,47I
7OZF,466
4D4K,PHS
5AJW,PHS
5AJX,PHS
5AJZ,PHS
5AK0,PHS
6HVH,GV2
6HVJ,GV8
6U2H,29L
3DU8,553
6S1F,KRE
6D5K,5AD
3QPV,FDP
3V5W,8PR
3FXZ,FLL
3FY0,DW1
4BDC,ODH
4BDF,H3R
4BDG,P3J
4BDI,HAU
6D2I,35R
3JY9,JZH
3KCK,3KC
4YTI,VJK
3PUP,OS1
6MZQ,TZ0
6MZW,TZ0
5AM7,38O
6C18,YY5
6C19,YY7
6C1C,YY6
4U0I,0LI
8X8X,YDW
8X92,YEW
5DEY,59T
5LWN,PHU
8QQY,WT3