PDB_CODE,Predicted_Value
4CWF,5.0400002002716064
6ZRC,3.125
1L5Q,6.450000047683716
5RK9,5.0400002002716064
8CPH,6.450000047683716
4MGI,5.960000038146973
7ER8,5.0400002002716064
3FUR,7.920000076293945
8EYO,5.0400002002716064
5LO5,5.960000038146973
6NWK,7.599999904632568
6B1U,7.659999847412109
3NOX,5.960000038146973
4O76,7.56000018119812
7B31,7.920000076293945
5IAW,5.960000038146973
8U4W,5.960000038146973
3BGP,7.920000076293945
5TM6,6.049999952316284
5P9J,7.920000076293945
4MGA,5.0400002002716064
6JOJ,7.659999847412109
7R4K,5.0400002002716064
3BF6,7.505000114440918
3U2C,5.0400002002716064
7UBO,7.659999847412109
3W3K,8.59000015258789
6YOJ,4.090000152587891
4MG7,7.7200000286102295
6I2Y,7.920000076293945
8A31,6.125
5N5N,5.0400002002716064
5NK8,7.659999847412109
6XRL,7.920000076293945
4L98,5.0400002002716064
2ZIQ,7.56000018119812
3SMO,7.7200000286102295
6WHA,6.450000047683716
4O75,7.460000038146973
3K65,5.0400002002716064
3GWX,5.0400002002716064
5RK2,5.0400002002716064
9AS3,7.7200000286102295
5WIN,7.659999847412109
5J7F,6.5950000286102295
7R9L,5.0400002002716064
2RAK,5.0400002002716064
7AW3,7.460000038146973
5KRK,4.010000228881836
5TB6,5.960000038146973
6YB8,5.0400002002716064
6YV4,7.7200000286102295
4RC2,6.049999952316284
5DXP,5.960000038146973
2QGT,7.7200000286102295
2FLB,5.0400002002716064
5R8K,5.230000019073486
1AZ2,5.0400002002716064
1X7J,6.049999952316284
7VUE,8.369999885559082
2YKB,6.450000047683716
5MKR,6.450000047683716
7R9W,5.0400002002716064
6PKC,7.505000114440918
7ZLR,5.230000019073486
4D9T,7.659999847412109
6DXL,6.450000047683716
1T4U,7.56000018119812
2XQK,5.0400002002716064
7G14,7.7200000286102295
5DEY,7.920000076293945
7CKF,5.0400002002716064
4OJ4,6.450000047683716
7RLF,5.0400002002716064
8DU9,5.960000038146973
5JZY,7.56000018119812
4ZN9,6.049999952316284
6A6P,7.659999847412109
8V6Y,5.960000038146973
3NOA,7.920000076293945
6NJS,7.56000018119812
6HCY,5.0400002002716064
9CHU,5.0400002002716064
4LXA,7.56000018119812
6DFM,5.0400002002716064
8SS6,5.0400002002716064
8EV1,5.960000038146973
4FMC,5.0400002002716064
3QCE,8.59000015258789
6DW3,5.0400002002716064
6KHE,6.699999809265137
5XMX,6.5950000286102295
6BMU,5.960000038146973
5S96,5.0400002002716064
8GZ3,5.0400002002716064
5S8Y,5.960000038146973
1NM6,5.960000038146973
4FA6,7.659999847412109
8IMX,5.0400002002716064
1TOM,5.230000019073486
7RUZ,6.450000047683716
5TM5,6.049999952316284
3IMX,5.0400002002716064
4XVE,5.0400002002716064
7DBK,5.960000038146973
8TU9,6.450000047683716
7MRC,8.369999885559082
5TB5,6.450000047683716
3FT5,5.960000038146973
7X9D,5.0400002002716064
4CIK,5.960000038146973
7FT7,5.0400002002716064
5WS0,5.960000038146973
3CLD,7.599999904632568
7FV2,5.960000038146973
7M44,5.960000038146973
5MVC,5.0400002002716064
4USE,7.460000038146973
4PYX,6.699999809265137
7BGQ,5.0400002002716064
3H0W,5.0400002002716064
7WGP,5.0400002002716064
3ELA,5.0400002002716064
4C67,8.59000015258789
5VD1,7.659999847412109
5XGN,7.659999847412109
5UGB,7.659999847412109
2Y48,6.879999876022339
4EY6,5.0400002002716064
4G9R,7.920000076293945
5QIE,5.0400002002716064
6ZC9,5.0400002002716064
7FQL,5.230000019073486
4CWN,5.0400002002716064
4ODR,7.7200000286102295
5RKL,6.450000047683716
7WMM,5.960000038146973
7WNV,5.230000019073486
5VD5,7.56000018119812
4NGA,7.505000114440918
4IM2,6.450000047683716
7FVE,5.960000038146973
8YP5,7.659999847412109
6TFV,7.920000076293945
3DT3,4.010000228881836
5U3U,6.5950000286102295
7EVJ,7.659999847412109
3ZXT,5.0400002002716064
3ZLO,7.56000018119812
5IN5,5.0400002002716064
4BQG,5.0400002002716064
1Q3F,5.960000038146973
1DWD,6.450000047683716
9JD4,5.0400002002716064
3FMJ,7.659999847412109
7ZXB,9.0
4APD,5.0400002002716064
8T4M,5.960000038146973
5NMM,5.0400002002716064
1WOK,5.0400002002716064
5L2Y,7.56000018119812
5WUK,6.450000047683716
3M4H,5.0400002002716064
6X83,5.0400002002716064
1EVR,5.0400002002716064
6QZR,6.450000047683716
7VNQ,7.56000018119812
7QJU,6.450000047683716
1M49,6.450000047683716
3F66,7.659999847412109
1GIH,7.56000018119812
7CBX,7.659999847412109
5QIX,6.450000047683716
7P3B,5.0400002002716064
7FV1,3.125
5IZQ,6.450000047683716
8JTT,6.450000047683716
7VNR,7.56000018119812
6KXY,7.599999904632568
1T65,5.960000038146973
5HM0,6.699999809265137
6TR5,6.450000047683716
1KTS,6.450000047683716
4QFZ,5.960000038146973
2QZO,4.849999904632568
6T2D,6.450000047683716
6SNW,5.0400002002716064
2JG4,5.960000038146973
6H22,5.0400002002716064
7AAZ,8.369999885559082
5Q0J,5.230000019073486
4FSM,7.920000076293945
4ODE,7.659999847412109
7EM5,5.0400002002716064
5DRM,4.010000228881836
8U2E,5.960000038146973
8OKU,5.230000019073486
5IA3,7.920000076293945
7AVX,7.920000076293945
8J61,5.230000019073486
6TW2,7.460000038146973
5S80,7.659999847412109
5KR9,6.049999952316284
7M0K,7.659999847412109
7EZF,5.0400002002716064
5Z8Z,7.659999847412109
5UC4,7.7200000286102295
5DDB,8.149999618530273
4RBL,6.049999952316284
6DHC,5.230000019073486
4ZN7,5.0400002002716064
4MGD,5.0400002002716064
6LG8,7.659999847412109
7M45,5.0400002002716064
8P77,7.56000018119812
3CGF,7.460000038146973
3Q4T,5.960000038146973
7A2H,6.699999809265137
6TI8,7.659999847412109
7G87,5.960000038146973
7R9T,8.369999885559082
5KOT,7.7200000286102295
5SCJ,5.0400002002716064
5IA0,7.920000076293945
4OAS,5.0400002002716064
4U43,6.450000047683716
4BAO,7.56000018119812
9L3T,5.960000038146973
5GTY,7.920000076293945
1ND5,6.450000047683716
4JV9,5.0400002002716064
7MIG,7.505000114440918
8P70,5.230000019073486
5TYV,5.960000038146973
8DZQ,7.7200000286102295
3O64,7.56000018119812
6YLL,7.56000018119812
8A9G,5.0400002002716064
5UU1,7.920000076293945
4XXS,7.599999904632568
3V9T,7.920000076293945
4XUC,5.0400002002716064
2CDZ,7.56000018119812
9CHX,6.450000047683716
6O8C,7.56000018119812
7VFU,5.0400002002716064
3DDQ,7.460000038146973
6S1B,6.450000047683716
3L1B,7.659999847412109
8CQL,3.125
2BAK,8.369999885559082
6I3S,6.125
5RK6,8.149999618530273
7LTT,5.960000038146973
4LWE,7.659999847412109
3X0A,5.0400002002716064
7UL3,5.0400002002716064
5JWL,5.0400002002716064
8Q6G,7.7200000286102295
8DUB,5.960000038146973
6YXI,5.0400002002716064
6MWR,6.450000047683716
8RBC,5.960000038146973
5LS1,7.56000018119812
3DZY,7.7200000286102295
6YEA,9.0
7U8V,5.960000038146973
3EAX,5.0400002002716064
6X3Y,7.56000018119812
5KRC,6.049999952316284
7L9A,7.659999847412109
4FCR,7.659999847412109
6XD3,6.699999809265137
5Q0R,8.369999885559082
4GZM,5.0400002002716064
6PNX,5.0400002002716064
4ZWE,5.960000038146973
5L30,7.56000018119812
1YXX,6.699999809265137
7QK4,6.450000047683716
8J5W,5.230000019073486
5RJU,5.230000019073486
3G6Z,7.7200000286102295
8GMD,5.230000019073486
4UYA,5.0400002002716064
6JX0,7.659999847412109
7KVZ,5.960000038146973
3BEG,6.450000047683716
8VO4,5.230000019073486
9BCV,5.0400002002716064
5FQV,4.849999904632568
2WTV,7.659999847412109
8C13,3.125
1LQ8,5.0400002002716064
8QHQ,5.960000038146973
5ED1,5.0400002002716064
5TLG,4.010000228881836
6QY9,7.920000076293945
5DEU,5.0400002002716064
1AWF,7.7200000286102295
4ANS,7.460000038146973
4XBM,5.960000038146973
2Q8S,5.0400002002716064
3QGY,7.920000076293945
7AW0,7.460000038146973
8CSG,5.0400002002716064
3QTF,7.7200000286102295
5KHM,7.7200000286102295
7HBL,6.125
5S7Q,7.659999847412109
6FRF,6.699999809265137
3C0G,5.0400002002716064
6I29,7.659999847412109
7KTB,5.960000038146973
7T4V,5.960000038146973
7MDP,6.125
6VQM,7.920000076293945
8PO1,7.7200000286102295
5ZYJ,7.7200000286102295
4YKT,6.450000047683716
6TEZ,5.0400002002716064
7M05,7.505000114440918
6N0Q,7.920000076293945
8TSA,5.230000019073486
8XB1,5.960000038146973
4OD9,6.450000047683716
5QIF,5.0400002002716064
4EGI,5.0400002002716064
6K3E,5.960000038146973
8J3W,5.0400002002716064
6VF2,5.960000038146973
7UL2,3.125
3HY8,5.0400002002716064
5WTC,8.149999618530273
3UUC,5.0400002002716064
8B34,5.0400002002716064
3QT0,7.7200000286102295
3L4V,5.960000038146973
7GTF,5.0400002002716064
3TKM,7.659999847412109
3QCH,6.450000047683716
5DZH,4.010000228881836
3QQU,7.920000076293945
8EWV,3.125
7T2X,6.699999809265137
5Q19,7.659999847412109
5TTO,7.920000076293945
7OVI,7.460000038146973
4EK5,7.56000018119812
9NC2,7.460000038146973
6CZN,4.010000228881836
2FIR,5.960000038146973
2VWZ,7.920000076293945
4SKN,5.960000038146973
6S8X,5.0400002002716064
4UBA,5.360000133514404
6RL6,6.450000047683716
5HIE,7.920000076293945
1GI7,5.0400002002716064
6AFI,5.0400002002716064
7NM9,5.0400002002716064
7X0T,6.450000047683716
5QDQ,5.0400002002716064
6A1G,6.699999809265137
5ZYG,5.0400002002716064
6WK0,5.0400002002716064
2QXM,7.460000038146973
5OOR,7.920000076293945
4NR6,7.7200000286102295
7R04,5.0400002002716064
4KSY,5.960000038146973
8P4Z,5.230000019073486
5YCN,7.920000076293945
3RML,7.56000018119812
6PCW,6.699999809265137
9D5J,5.0400002002716064
3C27,6.450000047683716
5FEQ,7.659999847412109
7N9G,7.659999847412109
6FIT,5.0400002002716064
5PAT,6.450000047683716
4OKT,7.505000114440918
5UVU,7.460000038146973
5UG9,7.460000038146973
7MXC,5.0400002002716064
7BDT,5.0400002002716064
7D42,8.369999885559082
4FM7,9.0
5ULW,5.960000038146973
4DCH,5.0400002002716064
6CHW,6.5950000286102295
4FKG,7.56000018119812
9JDG,5.0400002002716064
4C52,7.599999904632568
7T0P,6.450000047683716
3ZEW,7.920000076293945
4Y16,5.960000038146973
5S9C,5.230000019073486
5TQF,7.56000018119812
2G1R,6.450000047683716
7ORT,6.450000047683716
7HB7,5.960000038146973
4OAV,5.0400002002716064
5ENJ,5.0400002002716064
6V8B,7.505000114440918
5YQZ,5.0400002002716064
5QIY,6.450000047683716
5WNG,7.56000018119812
4YK0,5.960000038146973
4Q50,7.659999847412109
1G1Q,5.0400002002716064
8FXE,7.7200000286102295
7EFJ,5.960000038146973
3NUP,7.56000018119812
8R58,5.860000133514404
1WUU,5.0400002002716064
7Z77,7.659999847412109
8JVI,5.230000019073486
7K6N,5.960000038146973
7LW1,6.450000047683716
3GHT,5.960000038146973
1XQC,7.659999847412109
4QFX,5.960000038146973
5AOM,3.125
6XDS,5.0400002002716064
8EXL,7.659999847412109
3OSA,4.849999904632568
1GZZ,6.450000047683716
7Y7Y,5.960000038146973
8CYI,5.230000019073486
2ZM3,7.920000076293945
8CD0,5.0400002002716064
7UP4,5.0400002002716064
5CP9,5.0400002002716064
3NC2,5.0400002002716064
5NU3,6.699999809265137
8WF6,5.0400002002716064
5RJT,6.450000047683716
4JVR,7.599999904632568
7AAB,6.450000047683716
2X4F,7.659999847412109
5OD7,7.659999847412109
6YWB,9.0
7REC,6.450000047683716
6CYG,6.450000047683716
1D8E,6.450000047683716
8B4W,5.960000038146973
7N7N,7.659999847412109
7YNL,5.0400002002716064
6D0F,4.010000228881836
6HEV,7.920000076293945
7SCE,7.505000114440918
6V80,6.450000047683716
6T2F,6.450000047683716
1HE2,5.0400002002716064
7F29,5.0400002002716064
9BLH,7.460000038146973
4IVW,4.010000228881836
5J7G,6.5950000286102295
4J51,6.450000047683716
8PQI,5.230000019073486
5TMM,6.049999952316284
5LR1,7.659999847412109
9EK7,5.0400002002716064
5UBR,7.659999847412109
7R9Z,5.0400002002716064
5NDD,6.125
5ZYH,7.7200000286102295
5MQE,5.0400002002716064
8STH,6.450000047683716
6RJQ,6.450000047683716
3C3A,5.0400002002716064
7X3L,5.0400002002716064
9CGA,5.0400002002716064
6FVG,3.125
5EYM,7.920000076293945
3F1Q,5.0400002002716064
8IRT,5.960000038146973
5MO6,6.450000047683716
4QSB,5.0400002002716064
5S9G,8.59000015258789
1HE3,5.0400002002716064
2QLU,5.0400002002716064
4AQD,5.0400002002716064
7FSO,6.450000047683716
7EL4,5.960000038146973
5N4U,7.920000076293945
1S2A,5.0400002002716064
4UZL,5.0400002002716064
5DVV,4.010000228881836
8DUH,5.960000038146973
7M5L,6.450000047683716
4MDD,7.920000076293945
8GLI,5.0400002002716064
7F7W,7.659999847412109
2P4I,7.460000038146973
7Z4V,7.56000018119812
6N7B,7.659999847412109
7M18,7.7200000286102295
7WX2,7.460000038146973
4AYX,5.0400002002716064
5NOT,5.0400002002716064
2FAP,7.7200000286102295
7R9P,8.369999885559082
7BGC,5.0400002002716064
5KAE,8.369999885559082
6HDR,5.0400002002716064
9FRE,5.960000038146973
7CIL,7.460000038146973
5KTU,5.230000019073486
6A60,7.920000076293945
6UF0,6.125
9FS4,5.0400002002716064
4NFN,7.920000076293945
3UUD,5.960000038146973
3OFM,7.460000038146973
2L85,5.0400002002716064
3GV7,5.0400002002716064
1RY8,5.960000038146973
8FP3,5.960000038146973
6T7Q,6.450000047683716
7DUA,7.659999847412109
7Q8V,6.450000047683716
1ZGY,8.59000015258789
5W9D,6.5950000286102295
4GZ6,6.450000047683716
7EJA,5.0400002002716064
7UKW,5.230000019073486
5LPK,6.450000047683716
5RJQ,5.0400002002716064
6OOY,5.0400002002716064
4NA9,5.960000038146973
1UOM,6.450000047683716
6DHA,8.59000015258789
5ZXI,6.5950000286102295
6YID,7.659999847412109
1LHC,5.230000019073486
6PCK,5.0400002002716064
6Z59,7.659999847412109
7T4T,5.960000038146973
6WW8,7.460000038146973
8PAS,5.230000019073486
5DXK,5.960000038146973
8C1G,5.230000019073486
6TLW,5.0400002002716064
5D3F,7.7200000286102295
4YKZ,5.0400002002716064
5ANE,5.0400002002716064
8HUP,7.599999904632568
6A5Y,7.659999847412109
5A7C,6.450000047683716
7QGP,7.920000076293945
3IW6,7.7200000286102295
6AAR,6.049999952316284
5DMC,4.010000228881836
3U3O,5.0400002002716064
4GFG,7.659999847412109
7FVH,5.230000019073486
2V7O,7.460000038146973
6EJ3,7.7200000286102295
5QFK,5.960000038146973
2OHF,5.0400002002716064
2CNI,6.450000047683716
8AEU,7.7200000286102295
1SJ0,4.010000228881836
6SYW,5.0400002002716064
5CEQ,7.56000018119812
8SO2,5.0400002002716064
6YG5,6.699999809265137
4ZHX,7.659999847412109
4TWO,6.5950000286102295
4B8W,5.0400002002716064
4AAA,7.659999847412109
6DNK,5.0400002002716064
5RKM,7.599999904632568
7FTD,3.125
6NTM,5.0400002002716064
5UFW,4.010000228881836
8V79,5.960000038146973
5TE1,5.0400002002716064
3INW,7.659999847412109
7YNF,5.0400002002716064
3BGZ,6.699999809265137
7Y0A,6.879999876022339
4AOJ,6.699999809265137
7M0A,5.960000038146973
7AK2,7.920000076293945
7FT5,5.960000038146973
4PXM,5.960000038146973
3OD0,5.960000038146973
4TO3,5.960000038146973
6LN5,5.0400002002716064
7X6I,5.0400002002716064
3FLI,7.659999847412109
6NUQ,7.56000018119812
2YKJ,7.659999847412109
2LP8,6.450000047683716
7OY6,7.56000018119812
8X8Z,5.230000019073486
7WGQ,5.0400002002716064
6TE2,7.659999847412109
4L7S,7.920000076293945
8P6V,7.56000018119812
4LXK,7.56000018119812
2E3R,6.450000047683716
5S92,5.960000038146973
4E4K,5.0400002002716064
5Q0U,7.659999847412109
6CIS,7.659999847412109
7DHC,7.920000076293945
4US2,5.960000038146973
6Q3F,5.0400002002716064
6UWV,7.7200000286102295
1P4F,6.699999809265137
6V2E,5.0400002002716064
6GVF,7.659999847412109
8G8O,5.230000019073486
5KMB,6.450000047683716
5QIC,5.0400002002716064
9BGH,7.7200000286102295
6PJJ,7.659999847412109
4QPL,5.0400002002716064
8AXZ,6.450000047683716
7GS7,6.450000047683716
5J1X,6.450000047683716
2XVD,8.369999885559082
8HDP,5.0400002002716064
7FH2,6.450000047683716
2XE7,5.0400002002716064
2EVA,5.0400002002716064
4FZF,6.450000047683716
6AFL,6.125
2VJ7,7.56000018119812
7B87,5.0400002002716064
7MFC,7.920000076293945
9CJ4,8.369999885559082
2PIU,5.960000038146973
3MQL,5.0400002002716064
8XV9,7.56000018119812
4B0O,5.960000038146973
7BCM,7.56000018119812
7SSM,6.450000047683716
1G32,6.450000047683716
7M2O,5.0400002002716064
7W9M,5.0400002002716064
5BNW,6.450000047683716
2WAL,5.0400002002716064
4MGY,7.460000038146973
7KSK,7.460000038146973
7B35,7.920000076293945
8ARX,3.125
4YJP,7.920000076293945
3U3K,5.0400002002716064
3V4A,7.920000076293945
4QOC,5.960000038146973
4XUS,5.960000038146973
9DUQ,5.0400002002716064
8T1B,5.0400002002716064
5USS,5.0400002002716064
8C44,5.0400002002716064
8R9U,5.230000019073486
3SXS,7.659999847412109
1JVQ,6.450000047683716
5FE0,6.450000047683716
8FKO,5.960000038146973
6RA5,6.699999809265137
6FNK,7.659999847412109
5Q0N,8.369999885559082
5RKS,5.960000038146973
5J6N,5.0400002002716064
7G86,6.450000047683716
7Z5N,6.699999809265137
5SWP,5.960000038146973
7JYT,5.0400002002716064
6I6R,5.960000038146973
3KMG,7.920000076293945
3ONC,5.0400002002716064
8AAI,5.230000019073486
7OPG,7.460000038146973
6DLZ,5.0400002002716064
7RN6,8.369999885559082
3R7M,5.0400002002716064
4QIN,3.125
9CFI,5.0400002002716064
8UTB,3.125
8P04,5.230000019073486
5XR9,7.659999847412109
5P9M,7.920000076293945
3FEP,5.0400002002716064
5VD2,7.56000018119812
7BA7,6.450000047683716
5TMV,6.049999952316284
3VJH,6.450000047683716
6GWE,7.56000018119812
3ORX,6.450000047683716
5KRI,5.960000038146973
8UWL,7.56000018119812
7NXJ,7.460000038146973
7RS3,6.5950000286102295
7NA4,7.7200000286102295
5ZJW,7.920000076293945
7KXQ,7.920000076293945
5GRN,7.920000076293945
8B3N,5.0400002002716064
2VWY,7.920000076293945
6VIW,7.460000038146973
1G3M,5.0400002002716064
2G0H,7.505000114440918
4EFT,5.960000038146973
2B1Z,4.849999904632568
7BPY,5.0400002002716064
7Q9O,5.0400002002716064
7ZVU,5.0400002002716064
4AGQ,7.56000018119812
2RFN,7.920000076293945
7ZU1,5.960000038146973
5TLP,7.460000038146973
6D9H,5.0400002002716064
4OVV,5.0400002002716064
5KCC,6.049999952316284
8EQ5,5.860000133514404
8S0E,5.0400002002716064
8AHI,6.450000047683716
5RKD,5.960000038146973
3ADU,5.0400002002716064
6S26,5.960000038146973
5VD9,7.56000018119812
7ZVK,9.0
4TNP,5.960000038146973
3Q3T,7.7200000286102295
2B1V,5.960000038146973
4ZP5,7.659999847412109
3OSI,5.0400002002716064
2G0G,7.505000114440918
8DEG,5.960000038146973
6DM1,5.0400002002716064
2J7Y,5.960000038146973
6L16,7.460000038146973
7FXZ,5.0400002002716064
4GBP,5.0400002002716064
6Z4B,7.659999847412109
8P6Y,5.0400002002716064
4IG7,5.0400002002716064
3D7T,7.920000076293945
5O12,7.920000076293945
2BBW,5.0400002002716064
1QFK,5.0400002002716064
5T21,7.56000018119812
5JIZ,7.659999847412109
8HID,6.450000047683716
4LQM,7.659999847412109
1YC4,5.0400002002716064
5A00,8.149999618530273
2ZMD,6.699999809265137
7G8Y,6.450000047683716
6TLL,6.699999809265137
4N4W,5.960000038146973
6IGK,5.0400002002716064
7CJA,7.920000076293945
9FL8,5.0400002002716064
1ZEO,5.0400002002716064
7JXI,7.460000038146973
5Q0Y,7.659999847412109
6R7S,7.659999847412109
4AKJ,5.0400002002716064
8R9S,5.0400002002716064
5W4X,5.0400002002716064
8FXN,3.125
5DS3,6.125
8DJE,5.230000019073486
6NKP,5.960000038146973
5VJA,7.460000038146973
4KKH,7.920000076293945
7WSM,5.960000038146973
5ICN,5.0400002002716064
8P6W,5.230000019073486
6CHZ,7.659999847412109
2OO8,7.659999847412109
3SGP,5.0400002002716064
6CQV,5.0400002002716064
4FKW,6.699999809265137
1YC1,5.960000038146973
7MII,7.505000114440918
4FAL,5.0400002002716064
5MKX,6.450000047683716
3E7C,6.450000047683716
6LTI,7.56000018119812
3CTH,7.920000076293945
1NXK,7.659999847412109
5LBZ,5.0400002002716064
7ER6,5.0400002002716064
2IZR,6.699999809265137
5WZX,7.7200000286102295
5XR5,7.659999847412109
2G5O,7.7200000286102295
3GJW,5.960000038146973
9EVJ,5.0400002002716064
5HMK,9.0
9DME,5.0400002002716064
6QY8,4.849999904632568
7C7H,5.0400002002716064
8CTG,5.0400002002716064
5MJT,7.56000018119812
4QDV,5.0400002002716064
3OLF,8.369999885559082
5Q17,8.369999885559082
7NNE,6.450000047683716
7YL2,3.125
5EHL,6.450000047683716
6CM2,5.960000038146973
3DBS,7.659999847412109
3T10,5.0400002002716064
5DN2,5.960000038146973
7O1U,6.450000047683716
6DGQ,6.450000047683716
1I7I,5.0400002002716064
8AGJ,6.450000047683716
5DI7,7.7200000286102295
5FQP,6.049999952316284
2A1T,6.879999876022339
5J6A,6.450000047683716
1UYI,5.0400002002716064
4PFC,7.56000018119812
6NRH,5.960000038146973
5J20,7.920000076293945
4JPG,5.0400002002716064
4F7N,6.450000047683716
6XRN,8.369999885559082
6EO7,6.450000047683716
4M5S,5.0400002002716064
7FSH,7.56000018119812
3HCR,5.960000038146973
2Z9Z,5.0400002002716064
6ZUX,7.56000018119812
6Z8V,5.0400002002716064
3EGK,7.7200000286102295
5FE3,5.0400002002716064
5A1P,7.7200000286102295
5EIT,4.010000228881836
8AV4,3.125
6RWU,6.450000047683716
4MRM,5.0400002002716064
3OOF,8.369999885559082
7B3V,5.960000038146973
5HQ5,6.450000047683716
4BUZ,5.960000038146973
6K0J,6.699999809265137
7A4R,6.699999809265137
8BM2,5.230000019073486
4FPA,5.0400002002716064
6F0X,5.0400002002716064
5NYI,7.920000076293945
4PF9,7.56000018119812
6W7G,6.450000047683716
6NQ0,5.0400002002716064
7BDH,6.450000047683716
4EY5,5.0400002002716064
7FWE,5.960000038146973
2BVR,6.450000047683716
6VF6,5.960000038146973
6PJX,7.659999847412109
5AFG,7.56000018119812
6FFG,5.960000038146973
4OK1,7.505000114440918
5DB2,5.0400002002716064
2WH5,5.0400002002716064
8FUP,5.230000019073486
5N84,7.460000038146973
4PZT,6.450000047683716
7UJF,7.659999847412109
7JQG,6.450000047683716
7FY6,5.960000038146973
4NH8,7.56000018119812
5HZC,5.0400002002716064
3TY0,7.920000076293945
6TEW,7.920000076293945
6RSD,7.56000018119812
6DUV,7.460000038146973
4X8V,7.505000114440918
5S7A,7.659999847412109
7RLC,5.0400002002716064
7RLH,5.0400002002716064
7XH6,7.460000038146973
5TMK,7.7200000286102295
7DHH,7.920000076293945
7P2L,6.450000047683716
6F82,5.0400002002716064
7ERK,6.450000047683716
8WZH,5.0400002002716064
2UVX,5.0400002002716064
9B83,5.0400002002716064
5KD9,6.049999952316284
8JP1,5.0400002002716064
3FXV,7.920000076293945
1YSG,6.125
5M8M,5.960000038146973
7G8U,5.960000038146973
4FT0,7.920000076293945
4O7F,7.659999847412109
2R2M,6.450000047683716
7ERD,5.0400002002716064
6GXK,5.0400002002716064
7CMB,7.659999847412109
2FWY,7.659999847412109
7CMW,5.960000038146973
1YPK,7.56000018119812
2Z7Q,5.0400002002716064
3NR9,6.699999809265137
6Y6N,5.0400002002716064
3J9F,5.0400002002716064
8P08,5.230000019073486
6JMD,5.0400002002716064
6Q3W,5.0400002002716064
8JFK,5.0400002002716064
5S8D,5.0400002002716064
2E3Q,6.450000047683716
7B4B,5.960000038146973
8JF1,5.0400002002716064
3RHX,6.699999809265137
6M92,6.450000047683716
7FSJ,5.960000038146973
7L9L,7.56000018119812
6A93,7.599999904632568
8P01,5.960000038146973
3TH2,5.960000038146973
5W8K,5.0400002002716064
4L96,5.0400002002716064
3HA8,7.659999847412109
2VX0,8.369999885559082
5H17,7.7200000286102295
5UAD,7.659999847412109
7QPN,6.450000047683716
6VGG,5.0400002002716064
4QO4,5.960000038146973
7G0V,6.125
8V6Z,5.960000038146973
4ID7,7.659999847412109
7FVG,3.125
6YVM,5.0400002002716064
7FUW,3.125
6FYO,7.659999847412109
2WQO,7.920000076293945
3L4T,5.960000038146973
5WRQ,7.56000018119812
1XP6,4.010000228881836
5S99,8.59000015258789
5A1G,6.450000047683716
7FSN,7.7200000286102295
3P2B,7.659999847412109
9AUC,5.960000038146973
7DDZ,7.56000018119812
6X28,7.659999847412109
4NR4,7.460000038146973
7AJ2,6.699999809265137
6JOI,7.659999847412109
6JUT,7.920000076293945
8Q1Z,5.230000019073486
7G94,6.125
7FSX,5.230000019073486
5I1Q,5.0400002002716064
5AJZ,5.0400002002716064
5Q0Z,7.659999847412109
5AJQ,7.920000076293945
2FL5,5.0400002002716064
7FZ1,5.230000019073486
7FVM,3.125
5ENN,7.56000018119812
2YEK,7.460000038146973
2FEQ,7.56000018119812
2ATH,5.0400002002716064
8XU4,5.0400002002716064
2XZO,5.0400002002716064
3HM1,5.960000038146973
6YVO,5.0400002002716064
7U36,7.56000018119812
5VCY,7.920000076293945
7RUY,6.450000047683716
7VRI,5.0400002002716064
3VN2,7.920000076293945
6FIO,8.369999885559082
6Z2J,5.0400002002716064
2WIL,5.960000038146973
6R3S,7.659999847412109
7FV5,3.125
4JS8,7.460000038146973
8ZLO,5.960000038146973
5LN2,7.659999847412109
7LEM,7.659999847412109
8B4V,5.0400002002716064
4NO7,5.0400002002716064
1DGG,5.0400002002716064
4DM8,7.7200000286102295
6FFI,5.0400002002716064
6VJD,6.5950000286102295
1OSF,6.450000047683716
5RJM,5.0400002002716064
1GIJ,7.460000038146973
8PT3,5.0400002002716064
5WRI,5.0400002002716064
3IDH,5.0400002002716064
5DUE,6.049999952316284
7YAH,5.0400002002716064
7KSI,7.920000076293945
7KFN,5.0400002002716064
7NIG,5.0400002002716064
8C3R,5.960000038146973
7BIQ,5.960000038146973
7FV9,3.125
5SY3,7.56000018119812
4TTB,5.0400002002716064
7A1Z,5.0400002002716064
3UFL,5.960000038146973
5CU0,6.450000047683716
4CWO,7.659999847412109
4MG9,5.0400002002716064
3H3T,6.450000047683716
7EPB,5.960000038146973
6SNY,5.0400002002716064
6T6B,7.505000114440918
7A5B,6.699999809265137
1LD8,5.0400002002716064
6AY5,7.460000038146973
7SFO,7.920000076293945
6TNB,7.920000076293945
6V5N,7.920000076293945
7TYX,7.7200000286102295
2VV4,5.0400002002716064
6W1D,5.0400002002716064
1AHT,5.0400002002716064
7MIF,7.56000018119812
8CQE,3.125
3GUB,7.460000038146973
6UL0,8.59000015258789
3A61,7.920000076293945
4EY7,5.0400002002716064
2QL6,5.0400002002716064
6AAM,7.56000018119812
8UCB,5.230000019073486
3EQP,7.920000076293945
1TF0,5.0400002002716064
6UKZ,7.599999904632568
7K2U,5.0400002002716064
7URF,6.450000047683716
4KLN,5.0400002002716064
3LDP,6.450000047683716
6EQP,5.960000038146973
3DEK,6.450000047683716
4F6W,7.56000018119812
5ZYI,7.7200000286102295
4XUH,7.659999847412109
8T1D,7.7200000286102295
3UQW,6.450000047683716
5UY6,6.699999809265137
7SIN,6.450000047683716
8TU3,5.960000038146973
5KKN,7.7200000286102295
7EM1,5.0400002002716064
7NPG,5.0400002002716064
8HV2,5.230000019073486
1IHI,5.0400002002716064
2M9R,5.0400002002716064
2I4P,5.0400002002716064
7EHY,7.460000038146973
7QDN,5.0400002002716064
6LTK,7.56000018119812
7EVY,7.599999904632568
6YOV,5.0400002002716064
4AGU,7.920000076293945
5MAI,7.659999847412109
6Y4Q,7.7200000286102295
1DVS,5.0400002002716064
7F1Z,5.0400002002716064
6VNE,7.659999847412109
6CWA,5.0400002002716064
8G2E,7.7200000286102295
7LF9,5.960000038146973
3HMO,7.920000076293945
7Z5W,7.460000038146973
8GVJ,9.0
7XIJ,7.659999847412109
2IZU,7.460000038146973
1DVA,5.960000038146973
6X3U,5.0400002002716064
4PUW,6.450000047683716
8BJU,5.230000019073486
5JUY,5.960000038146973
7DJO,7.920000076293945
6NRJ,5.0400002002716064
6JLR,5.0400002002716064
3KJN,7.56000018119812
7KT7,5.960000038146973
5EBZ,5.0400002002716064
4F9Y,7.659999847412109
5XDO,5.0400002002716064
8QSE,3.125
3APD,7.659999847412109
5VD0,7.659999847412109
6TN9,7.920000076293945
6PAY,5.0400002002716064
3NTP,7.56000018119812
7CP4,7.659999847412109
7R7R,7.920000076293945
8FCB,5.230000019073486
1C1U,5.0400002002716064
4PWL,5.0400002002716064
9C55,7.56000018119812
1XJ7,5.960000038146973
7G8N,5.230000019073486
5JCO,5.0400002002716064
6A5Z,8.369999885559082
4RH7,5.0400002002716064
2VX1,7.920000076293945
5SAW,7.659999847412109
8BQ4,3.125
5MPK,6.699999809265137
5I3X,7.56000018119812
5ISO,7.659999847412109
6S75,7.56000018119812
5DWJ,4.010000228881836
4WMU,5.0400002002716064
5AA9,7.920000076293945
2QZK,5.960000038146973
3QGW,7.920000076293945
6D20,6.125
8C0C,5.960000038146973
6TN8,5.960000038146973
5FXQ,6.450000047683716
6VKO,5.960000038146973
4CMO,6.699999809265137
5RJO,5.0400002002716064
5LAX,5.0400002002716064
6Q4G,6.699999809265137
3UU7,5.0400002002716064
4BZB,5.960000038146973
5L2S,7.920000076293945
3GCS,7.659999847412109
6JF0,6.450000047683716
2XMY,7.460000038146973
7SUG,7.460000038146973
8UUD,5.960000038146973
2CLQ,7.920000076293945
3B1M,7.920000076293945
3KVL,5.0400002002716064
5FBQ,6.5950000286102295
4EUU,6.5950000286102295
7AJY,7.920000076293945
7CP3,7.659999847412109
2JH5,7.56000018119812
3BFX,5.0400002002716064
6HK6,6.450000047683716
3RGF,6.699999809265137
1FKJ,7.7200000286102295
6ZRD,7.56000018119812
1Y8Y,7.505000114440918
6BKU,6.699999809265137
5XFJ,7.460000038146973
1X98,5.0400002002716064
5K75,7.659999847412109
3QIC,5.0400002002716064
3HG5,5.0400002002716064
4NEJ,5.0400002002716064
2A98,5.0400002002716064
8HNN,5.960000038146973
3H0V,5.0400002002716064
9BRE,5.230000019073486
9ET2,5.230000019073486
4CRS,5.0400002002716064
5O9H,6.5950000286102295
7K1F,6.450000047683716
8FY1,3.125
5CEP,7.56000018119812
6ZZ1,5.0400002002716064
7JHD,4.010000228881836
4CWS,7.659999847412109
8UBW,7.7200000286102295
5TOL,6.450000047683716
7Z61,7.659999847412109
5KZ0,7.460000038146973
3SHE,7.920000076293945
6KZD,8.369999885559082
6CJE,6.450000047683716
7G8O,6.450000047683716
7YL1,5.0400002002716064
8FKF,5.230000019073486
1B0F,5.0400002002716064
3WQ9,7.659999847412109
3DCU,7.920000076293945
2Y1Y,5.0400002002716064
4XO6,5.0400002002716064
6Z57,7.659999847412109
7VCU,5.0400002002716064
2R3M,7.920000076293945
5AK0,5.0400002002716064
8BXS,5.960000038146973
7E5F,7.56000018119812
8ADM,3.125
8BZD,7.7200000286102295
8PTX,5.0400002002716064
5DZ0,4.010000228881836
8BW4,7.56000018119812
6FD4,5.0400002002716064
6FMK,6.450000047683716
8FKD,5.230000019073486
3LMP,7.920000076293945
8S0C,5.0400002002716064
7TVA,3.125
8UBY,7.7200000286102295
7VCT,5.0400002002716064
3G6X,5.960000038146973
6VQL,7.659999847412109
8RCE,5.960000038146973
6FNB,5.0400002002716064
3MNR,8.369999885559082
6N3N,7.920000076293945
2WF3,7.56000018119812
4G1W,7.460000038146973
8PUY,5.230000019073486
5BT3,7.460000038146973
4IV4,4.849999904632568
7Y28,9.0
3TX7,5.0400002002716064
8W42,5.0400002002716064
8PQL,5.0400002002716064
7ERC,5.0400002002716064
8IO0,5.960000038146973
5TLT,5.0400002002716064
7AW2,7.920000076293945
3IN3,5.0400002002716064
8SS3,8.149999618530273
2H9T,7.505000114440918
8V6X,5.960000038146973
5N4X,6.450000047683716
3H67,5.960000038146973
5DK9,4.010000228881836
5LO6,7.7200000286102295
5MAG,7.659999847412109
7NZN,7.920000076293945
2YJC,7.56000018119812
2Q11,5.960000038146973
8X2L,5.0400002002716064
4USF,7.920000076293945
4O7A,7.659999847412109
4RC3,6.049999952316284
9BPY,5.0400002002716064
3HCO,5.960000038146973
4ZXY,6.450000047683716
1W2K,6.450000047683716
7AM9,5.0400002002716064
6B99,6.450000047683716
8T45,5.0400002002716064
7R7K,7.920000076293945
7TVB,3.125
5FA6,5.0400002002716064
5T4F,5.960000038146973
4D2M,5.0400002002716064
6BHV,5.0400002002716064
5IGL,6.450000047683716
5VD8,7.56000018119812
5S8L,5.0400002002716064
6UYA,7.56000018119812
5TNB,7.659999847412109
1W0Y,7.505000114440918
6XXJ,5.0400002002716064
7K7O,7.659999847412109
4EQ1,5.0400002002716064
6OP0,7.920000076293945
7G0P,5.960000038146973
5HF9,5.0400002002716064
8RBB,6.125
8EV2,7.659999847412109
4OKW,7.505000114440918
3ET1,5.0400002002716064
3HZ5,5.0400002002716064
9B4L,5.0400002002716064
4I5C,5.960000038146973
5S8N,5.0400002002716064
6SQM,7.659999847412109
5U46,5.0400002002716064
8C1Y,5.230000019073486
3P70,5.0400002002716064
7VWG,5.0400002002716064
5S7L,7.659999847412109
5LAV,5.0400002002716064
4DQM,7.7200000286102295
1OZ1,7.659999847412109
4QXP,5.0400002002716064
5AV3,4.849999904632568
7E2G,5.960000038146973
7NMW,5.0400002002716064
4TNX,5.960000038146973
5ICK,7.7200000286102295
2WA3,5.0400002002716064
5RK7,7.7200000286102295
5F5Z,7.659999847412109
3FLY,7.920000076293945
5VCZ,7.920000076293945
5U42,5.0400002002716064
5S8G,8.59000015258789
5TN8,4.849999904632568
6LO2,6.450000047683716
8P45,8.149999618530273
7RY1,7.56000018119812
2QR9,6.049999952316284
8AGI,6.450000047683716
3SOC,7.56000018119812
2VSR,5.0400002002716064
8DUS,5.230000019073486
8PQH,5.960000038146973
8BYG,7.7200000286102295
6IZN,7.920000076293945
6SIN,6.450000047683716
4U9A,8.369999885559082
2AH9,5.0400002002716064
7BGR,5.0400002002716064
1XP9,4.010000228881836
4Q6R,5.0400002002716064
8STE,7.505000114440918
7Y1G,7.659999847412109
4FC7,5.0400002002716064
5AOL,6.125
3EQR,7.659999847412109
5CA7,5.960000038146973
3VRJ,7.56000018119812
6EO9,6.450000047683716
7FV0,3.125
7UP8,5.0400002002716064
4G55,5.0400002002716064
7FHS,6.699999809265137
5TLU,5.960000038146973
6ELP,7.659999847412109
8PBO,7.599999904632568
6KAY,5.230000019073486
6HR2,7.659999847412109
5DU5,6.049999952316284
3G9E,7.920000076293945
5KZ8,7.659999847412109
7RV0,6.450000047683716
6THX,7.659999847412109
3L4Z,5.960000038146973
3LBL,7.599999904632568
4FT5,7.659999847412109
9FFC,5.0400002002716064
2HWR,7.920000076293945
7VSG,5.0400002002716064
4M15,6.450000047683716
5EMK,7.56000018119812
7K6M,7.659999847412109
2PIW,5.960000038146973
6QTG,7.659999847412109
4MG8,6.049999952316284
3VS2,7.659999847412109
5U6P,5.960000038146973
8R4Q,7.920000076293945
7OAJ,7.460000038146973
3L4Y,5.960000038146973
5XFF,7.460000038146973
6QGJ,7.505000114440918
7G0Q,5.960000038146973
8GUA,6.450000047683716
6KTN,7.659999847412109
7G1L,5.960000038146973
5J82,5.0400002002716064
7ZI0,3.125
6XBL,6.450000047683716
8EDW,5.0400002002716064
3OKH,7.659999847412109
6OSP,7.920000076293945
4OGT,5.960000038146973
6UQF,5.960000038146973
6CCF,7.659999847412109
5LJJ,7.659999847412109
8BZP,5.230000019073486
2VJ0,5.0400002002716064
9CHV,7.7200000286102295
7ULJ,5.0400002002716064
8G1F,5.0400002002716064
5KMC,6.450000047683716
8ONE,5.0400002002716064
4YT7,6.450000047683716
8TWY,5.960000038146973
3H3S,6.450000047683716
8QCD,6.699999809265137
1YPJ,7.7200000286102295
3DDS,6.450000047683716
2HWQ,7.920000076293945
6MS7,5.0400002002716064
9IOL,5.0400002002716064
8F0J,5.0400002002716064
6F08,6.450000047683716
5U5T,5.960000038146973
6FIQ,8.369999885559082
4L91,5.0400002002716064
3UUA,6.125
7AOA,5.0400002002716064
6FQO,7.460000038146973
3C39,5.0400002002716064
3HLL,7.659999847412109
5ZQM,5.0400002002716064
3C5N,5.0400002002716064
6SQ0,7.659999847412109
7FZP,5.960000038146973
7LGS,7.659999847412109
4PYP,5.0400002002716064
4W8E,7.659999847412109
5RJL,5.0400002002716064
8PPC,5.0400002002716064
1QZU,5.0400002002716064
3P7Z,5.0400002002716064
6T41,6.450000047683716
5UEW,7.460000038146973
1W9Q,5.0400002002716064
2NZL,5.0400002002716064
4B0P,5.960000038146973
4K7A,5.960000038146973
7RS8,6.5950000286102295
3UP2,7.659999847412109
1R5K,5.0400002002716064
4PMS,7.920000076293945
5RKG,5.0400002002716064
4WGI,5.0400002002716064
5SAY,7.659999847412109
3W16,7.659999847412109
4JGD,5.0400002002716064
7PW7,5.0400002002716064
7BEP,5.0400002002716064
1PY2,7.56000018119812
7FUV,3.125
9F7X,5.0400002002716064
2IWI,5.0400002002716064
8V8I,5.230000019073486
8T50,5.960000038146973
5SB1,8.369999885559082
9B0U,5.0400002002716064
7LEL,7.460000038146973
1GWX,6.5950000286102295
4AFQ,5.960000038146973
8R4O,5.230000019073486
8X7O,5.960000038146973
7N3U,7.56000018119812
5Q0T,7.659999847412109
8EFG,5.960000038146973
5I73,5.0400002002716064
4OQ3,7.659999847412109
2POB,7.920000076293945
3FSF,7.659999847412109
1FFM,5.960000038146973
3QE2,5.0400002002716064
5CRM,7.659999847412109
6FQU,7.599999904632568
7D73,5.0400002002716064
2FO0,7.920000076293945
5FE1,5.0400002002716064
4R06,6.450000047683716
3NSH,7.56000018119812
7G0T,5.230000019073486
3MJW,8.369999885559082
8D96,5.0400002002716064
8X7G,5.230000019073486
7KP9,7.659999847412109
6YIK,3.125
5DZ3,4.010000228881836
8C2Z,5.230000019073486
6VPF,5.0400002002716064
7FWH,5.960000038146973
5QDP,6.450000047683716
5O3H,7.460000038146973
5DWR,8.369999885559082
4ZFI,5.0400002002716064
6V8T,7.659999847412109
4TNQ,5.960000038146973
5WMA,5.0400002002716064
7U77,5.0400002002716064
6D09,6.125
8QJS,3.125
7BIR,7.659999847412109
7SUF,7.460000038146973
5U5K,5.960000038146973
2F57,7.56000018119812
5KRH,6.699999809265137
2R6Y,4.010000228881836
4NR5,7.460000038146973
8QXJ,6.450000047683716
7RR9,5.0400002002716064
3VJI,7.56000018119812
2YJ2,7.56000018119812
6Z56,7.920000076293945
3EIO,8.149999618530273
4QE8,6.450000047683716
4J7X,5.0400002002716064
9LVX,5.0400002002716064
9EE8,5.0400002002716064
4LWF,5.0400002002716064
7RS0,7.659999847412109
6K42,5.0400002002716064
5RJR,6.450000047683716
3RUL,5.0400002002716064
5VXO,6.450000047683716
5Y9M,5.0400002002716064
2XP5,5.0400002002716064
4X4S,5.0400002002716064
7NA1,5.960000038146973
7AAX,7.920000076293945
6U5L,7.659999847412109
7JIU,7.659999847412109
7VQG,5.960000038146973
7G98,5.960000038146973
6EZA,5.0400002002716064
8G0L,6.450000047683716
7G9D,6.450000047683716
8OW2,5.230000019073486
7LD3,5.0400002002716064
9FAW,5.0400002002716064
5XRD,6.450000047683716
3L4X,5.960000038146973
5TML,7.659999847412109
3SI8,5.960000038146973
4JQ3,5.0400002002716064
7C05,9.0
6DM0,5.0400002002716064
7OBT,7.7200000286102295
2CHZ,7.659999847412109
3KW5,5.0400002002716064
1TN6,5.0400002002716064
7E7O,5.0400002002716064
5WKI,5.0400002002716064
7RA0,5.0400002002716064
1M4A,6.450000047683716
2Q5G,7.659999847412109
2C47,7.460000038146973
8TXZ,7.659999847412109
5IEY,7.505000114440918
8JVJ,5.230000019073486
5QF3,5.960000038146973
2JFA,4.010000228881836
6MHD,8.59000015258789
3SP9,7.7200000286102295
5Z58,5.0400002002716064
4DMA,4.010000228881836
5RJN,5.0400002002716064
4L6S,5.960000038146973
3LZ3,5.0400002002716064
5J0D,7.7200000286102295
2I16,5.960000038146973
2HW7,8.369999885559082
6DFO,5.0400002002716064
6YKY,7.56000018119812
6PT3,7.7200000286102295
3KEH,6.450000047683716
3JY0,7.920000076293945
2VV0,5.0400002002716064
4R3M,7.56000018119812
1E3G,7.7200000286102295
2I7N,6.450000047683716
5EMN,5.0400002002716064
4TWN,8.369999885559082
5UCJ,7.659999847412109
1XQ3,7.7200000286102295
7G1H,7.599999904632568
5O5R,5.0400002002716064
7OVL,7.659999847412109
7NTC,5.0400002002716064
7G1K,7.599999904632568
4RXP,5.960000038146973
6FH5,7.659999847412109
5TLO,5.960000038146973
6S24,6.450000047683716
3TJP,7.659999847412109
5OMG,7.920000076293945
3K8S,7.920000076293945
5RKU,3.125
7LFN,5.0400002002716064
7JNI,5.0400002002716064
6MA5,6.450000047683716
5BQQ,5.0400002002716064
6X7U,5.0400002002716064
5VWZ,5.0400002002716064
5QQK,6.450000047683716
2XYH,5.0400002002716064
7ZKL,5.0400002002716064
4FKT,6.699999809265137
8TFA,5.0400002002716064
2Z9Y,5.0400002002716064
7EZP,5.0400002002716064
5M4M,5.0400002002716064
4Z07,5.960000038146973
6ZOR,7.659999847412109
6T3B,7.659999847412109
6SQU,5.0400002002716064
5KCW,6.049999952316284
7FRO,5.0400002002716064
3AHR,7.920000076293945
2OMI,5.0400002002716064
1R5L,6.699999809265137
7XNG,3.125
7G8C,5.960000038146973
2G44,7.7200000286102295
6IGL,6.450000047683716
3EKO,5.0400002002716064
3H52,7.7200000286102295
6TES,5.0400002002716064
2Q6R,7.920000076293945
5TM7,7.659999847412109
3OSW,5.0400002002716064
4A9C,5.0400002002716064
4FTI,7.920000076293945
6UEL,7.56000018119812
3GHR,5.960000038146973
5AIK,7.460000038146973
8TBT,5.0400002002716064
4ERF,5.0400002002716064
3QFB,5.0400002002716064
6LR9,7.56000018119812
5TWO,7.920000076293945
3F9M,5.0400002002716064
3OXT,4.010000228881836
7KVX,5.960000038146973
3WE8,6.699999809265137
5DBM,7.7200000286102295
5AQY,5.0400002002716064
8YH2,5.0400002002716064
6ETJ,5.0400002002716064
8JN8,5.230000019073486
2YJ9,7.56000018119812
7DBJ,5.960000038146973
8XB3,5.230000019073486
5FE5,8.59000015258789
9FPX,5.0400002002716064
5FE2,5.960000038146973
5N67,8.369999885559082
4O6L,7.920000076293945
4QXO,5.0400002002716064
5GTR,5.960000038146973
7FX9,5.230000019073486
7W9P,5.960000038146973
7G8S,5.960000038146973
6SGH,6.450000047683716
8QNI,5.230000019073486
7ZI2,5.0400002002716064
6I7K,5.0400002002716064
8BOG,5.230000019073486
2Q5P,7.920000076293945
4BF2,7.920000076293945
7F3G,7.460000038146973
7C2V,8.369999885559082
7WSN,5.960000038146973
2QFO,7.599999904632568
6U9B,7.659999847412109
3WE3,5.0400002002716064
2Q59,7.659999847412109
5QFU,5.960000038146973
7G9E,6.450000047683716
6VRE,7.659999847412109
8HE7,9.0
1T49,7.505000114440918
2ZZU,5.960000038146973
2E3P,6.450000047683716
7FSW,5.230000019073486
2A2X,7.56000018119812
5CR7,6.450000047683716
7P3V,8.369999885559082
7A4S,5.0400002002716064
2FLR,6.450000047683716
8CPI,6.450000047683716
6CK3,6.450000047683716
7ZLO,5.230000019073486
8EVA,5.960000038146973
2Z8C,6.450000047683716
1GJ9,6.125
2HFP,7.920000076293945
8P76,5.230000019073486
4DZ5,5.0400002002716064
6FNJ,7.920000076293945
8W4A,6.450000047683716
6ZV8,7.56000018119812
7YXN,7.599999904632568
5H8X,6.450000047683716
7WLL,9.0
5S8K,5.0400002002716064
9EE9,5.0400002002716064
7KX8,7.460000038146973
3NCL,5.0400002002716064
5TAR,5.0400002002716064
2HRR,5.0400002002716064
5J64,5.0400002002716064
5K72,7.56000018119812
5KCU,6.049999952316284
7REM,7.659999847412109
7SZQ,3.125
7OXB,8.369999885559082
7WMQ,7.659999847412109
8CNO,5.0400002002716064
6SZM,5.0400002002716064
6NCG,7.659999847412109
5TLD,7.56000018119812
5VBR,6.450000047683716
2V0Z,6.450000047683716
7EM6,5.0400002002716064
4IV2,4.010000228881836
7L26,8.369999885559082
7VCX,5.0400002002716064
5J27,5.0400002002716064
4ISG,5.0400002002716064
3CSF,5.0400002002716064
5U28,7.460000038146973
8V8U,7.659999847412109
7UDP,5.230000019073486
7G8H,5.960000038146973
7AKA,7.460000038146973
5K5E,5.960000038146973
7JY4,5.0400002002716064
5AQF,5.0400002002716064
7AYI,7.659999847412109
1H02,5.0400002002716064
6ITT,7.659999847412109
7FT6,7.7200000286102295
5AQX,6.450000047683716
1BYG,7.920000076293945
7U2Z,5.230000019073486
5UKF,7.659999847412109
1Z57,6.699999809265137
5QQN,6.450000047683716
5S8S,5.960000038146973
1XP1,4.010000228881836
3VHC,7.920000076293945
8BDO,3.125
4OBA,5.960000038146973
7A1Y,6.450000047683716
7RYN,6.450000047683716
5MWB,5.960000038146973
1US0,5.960000038146973
8C3Q,4.010000228881836
2Q70,4.010000228881836
6I3Y,5.0400002002716064
3PG7,5.0400002002716064
1GMO,6.450000047683716
2J9H,6.450000047683716
2G56,5.960000038146973
7Y8G,5.960000038146973
5U44,5.0400002002716064
8FHF,5.230000019073486
9FAQ,5.0400002002716064
1HKC,5.0400002002716064
3LEP,5.0400002002716064
6ICZ,5.0400002002716064
7NA2,5.960000038146973
1WVY,7.920000076293945
2BUB,6.125
5TN1,5.960000038146973
7ORF,7.920000076293945
4YJR,7.920000076293945
8PU0,6.450000047683716
7NRL,5.0400002002716064
1BMM,5.230000019073486
3H1V,5.0400002002716064
6XXK,5.0400002002716064
8W5C,5.230000019073486
3R94,5.0400002002716064
5RK5,8.59000015258789
5W8H,8.149999618530273
1O86,6.450000047683716
6S73,7.56000018119812
5EQY,5.960000038146973
5T4S,5.0400002002716064
1LK6,5.0400002002716064
7T47,9.0
5U41,6.5950000286102295
6SCM,6.450000047683716
6ELO,7.920000076293945
6IL3,7.659999847412109
6YQZ,6.450000047683716
7FYO,5.960000038146973
3VJM,8.149999618530273
6WM2,6.450000047683716
8JU6,7.7200000286102295
8PTY,5.0400002002716064
5O2B,8.369999885559082
6NEC,7.659999847412109
6TFY,7.920000076293945
5FQS,4.849999904632568
6PET,4.010000228881836
8AQ1,3.125
7L9P,5.0400002002716064
8FV4,5.230000019073486
1YET,7.7200000286102295
6WOK,4.010000228881836
3SKF,6.450000047683716
3MTL,6.5950000286102295
6KEG,7.460000038146973
8S99,3.125
8FC8,5.230000019073486
6O68,5.960000038146973
5DLX,7.56000018119812
1DWC,6.450000047683716
5LSG,7.7200000286102295
3R2F,7.56000018119812
7OVM,7.920000076293945
5L2Z,7.56000018119812
3OKI,5.230000019073486
7XLQ,5.960000038146973
5VEF,5.960000038146973
1DAN,5.960000038146973
8C8C,5.230000019073486
4CWR,7.659999847412109
6TTP,5.0400002002716064
4JVE,5.0400002002716064
8TYV,5.0400002002716064
4ZYC,7.460000038146973
5TLM,4.010000228881836
4D9U,7.920000076293945
7B5O,7.56000018119812
5VED,7.920000076293945
4AGO,7.56000018119812
6ZGO,7.56000018119812
3O8U,6.450000047683716
5U3Q,6.5950000286102295
2ZB2,5.0400002002716064
4HEE,7.920000076293945
6HVJ,7.920000076293945
8QYT,5.0400002002716064
6N0M,7.599999904632568
5Q1E,8.369999885559082
8JU5,6.125
1XPC,4.010000228881836
5RJX,6.450000047683716
5C9C,7.920000076293945
1UEJ,5.0400002002716064
2ZNP,5.0400002002716064
7CMU,5.230000019073486
7RS1,6.049999952316284
3PE2,7.920000076293945
2F9N,5.0400002002716064
5XSR,6.125
5SC9,5.0400002002716064
2ZNQ,5.0400002002716064
2QXS,4.010000228881836
5LVR,5.0400002002716064
6WJ3,5.0400002002716064
7Y7W,5.0400002002716064
8UW9,5.230000019073486
3DZI,5.0400002002716064
3DM6,7.505000114440918
4X2J,7.659999847412109
6UAB,5.960000038146973
7MCE,7.659999847412109
7S1N,7.920000076293945
7MGZ,5.0400002002716064
7G1G,7.7200000286102295
8RPS,5.960000038146973
5KRA,5.0400002002716064
5Q11,5.960000038146973
5Q10,5.230000019073486
8U5Q,5.0400002002716064
4UJ1,7.659999847412109
7FWK,5.0400002002716064
3W10,7.659999847412109
6KO5,9.0
5WVE,5.960000038146973
7OQU,6.450000047683716
4UAL,5.960000038146973
9N0X,5.0400002002716064
3FEC,5.960000038146973
7KTI,5.960000038146973
7WET,5.960000038146973
7DFP,6.125
6EL7,7.56000018119812
5O38,5.0400002002716064
6EIS,7.460000038146973
5OS7,5.0400002002716064
7KP8,7.659999847412109
3FMN,7.659999847412109
8RH8,5.0400002002716064
5RJY,6.450000047683716
7MLK,7.659999847412109
5DID,7.7200000286102295
5C1B,5.0400002002716064
7DL6,7.920000076293945
4IW6,4.849999904632568
6FDY,7.920000076293945
6FNM,8.369999885559082
7N9O,5.960000038146973
1X7E,4.010000228881836
8F0Q,5.230000019073486
8P7L,5.230000019073486
2AWH,5.0400002002716064
8S5W,7.56000018119812
5QIT,5.0400002002716064
3ML9,7.659999847412109
7G9H,5.960000038146973
4C59,6.5950000286102295
7A53,6.699999809265137
7SX4,5.0400002002716064
5U3Y,5.0400002002716064
8FLK,5.960000038146973
7S84,6.699999809265137
6UKU,8.59000015258789
7FVI,5.960000038146973
7UAD,5.230000019073486
6MHB,6.450000047683716
2Z7S,6.450000047683716
6EKJ,5.230000019073486
4R6E,5.960000038146973
5YVB,7.460000038146973
6YTD,8.59000015258789
3TH3,5.960000038146973
4O0X,7.659999847412109
3FXI,5.0400002002716064
2YGQ,5.0400002002716064
1PXH,6.450000047683716
7OPW,7.56000018119812
5RKB,5.960000038146973
4JQL,7.7200000286102295
8T8M,5.0400002002716064
6EIV,7.460000038146973
6TSZ,5.0400002002716064
7Q8W,6.450000047683716
5R8I,5.0400002002716064
8X7L,5.0400002002716064
6EYA,7.659999847412109
7XM7,7.659999847412109
8W9B,5.230000019073486
2REW,7.7200000286102295
5EQP,5.960000038146973
4QSA,5.0400002002716064
8AGL,6.450000047683716
2YI1,6.450000047683716
4YKU,5.0400002002716064
7W7E,5.960000038146973
4M14,6.450000047683716
5IMX,7.920000076293945
5DXE,5.960000038146973
5FE9,7.505000114440918
3P88,7.920000076293945
1DKF,5.0400002002716064
5Q1H,7.659999847412109
4E4Q,5.0400002002716064
5EHJ,4.010000228881836
4FR4,7.920000076293945
1P93,7.599999904632568
7OAI,7.460000038146973
6EIQ,6.699999809265137
8II0,6.450000047683716
4X4O,5.0400002002716064
3IOL,5.0400002002716064
6FCF,7.659999847412109
5AV2,4.849999904632568
6EQQ,5.0400002002716064
6CD5,7.659999847412109
5QIU,6.450000047683716
8JSR,5.230000019073486
5LCQ,6.450000047683716
5DYD,4.010000228881836
1Z28,5.0400002002716064
7G91,6.450000047683716
3RLL,6.450000047683716
5QD7,7.56000018119812
6RNU,6.125
2R3K,7.460000038146973
7ALE,7.56000018119812
3V9Y,6.879999876022339
7K7Q,8.369999885559082
5U40,6.5950000286102295
5QIH,5.0400002002716064
3QFC,5.0400002002716064
3CIC,7.56000018119812
8DK4,5.230000019073486
8R4U,5.230000019073486
5ANL,9.0
2A2D,6.450000047683716
6GR2,5.0400002002716064
4GQ4,8.149999618530273
5QID,5.0400002002716064
5EGU,7.920000076293945
3D5E,5.0400002002716064
7MGK,7.659999847412109
6SIS,7.659999847412109
6TA0,5.0400002002716064
17GS,6.450000047683716
4DES,5.0400002002716064
4IK7,5.0400002002716064
6Y6H,7.920000076293945
2FJP,8.149999618530273
2P0D,5.0400002002716064
5D26,6.450000047683716
2W05,7.460000038146973
7X2U,5.0400002002716064
3OCP,5.960000038146973
4BBM,8.369999885559082
1CB0,5.0400002002716064
4RC4,6.049999952316284
8GT6,5.230000019073486
6ZUG,6.450000047683716
7MXH,7.599999904632568
8G6T,7.7200000286102295
1UK1,9.0
5U45,5.0400002002716064
7ZLN,5.230000019073486
8GYO,5.960000038146973
6B1O,5.960000038146973
7R75,5.960000038146973
7FV4,5.960000038146973
8TF9,5.0400002002716064
6AFH,5.0400002002716064
4QD6,7.56000018119812
3ZU1,5.0400002002716064
5NK4,7.659999847412109
8FY0,3.125
7L25,7.659999847412109
8DV8,5.960000038146973
5E1C,6.049999952316284
5JWK,5.0400002002716064
7G92,5.230000019073486
7DXL,7.920000076293945
7JUZ,6.450000047683716
7QUF,7.659999847412109
3IIF,5.0400002002716064
8IK3,5.960000038146973
8CHS,5.0400002002716064
5DI1,7.659999847412109
7SOL,5.0400002002716064
8BWX,5.960000038146973
5Q1A,8.369999885559082
2A2Q,5.960000038146973
3GN7,5.960000038146973
5EWE,5.0400002002716064
5COR,5.0400002002716064
3OWB,7.920000076293945
5S8J,6.450000047683716
3AN4,7.56000018119812
4WDW,5.0400002002716064
7FQN,5.960000038146973
2VV2,5.0400002002716064
5Q0Q,8.369999885559082
3BL7,6.125
7B4E,5.960000038146973
7GS8,8.59000015258789
4CUD,7.7200000286102295
5OYF,7.920000076293945
8WZK,5.0400002002716064
7G0Y,3.125
7UJO,4.010000228881836
5BO7,5.0400002002716064
1C9H,5.960000038146973
2WOT,7.920000076293945
8P0F,3.125
8A5W,5.0400002002716064
4HXP,5.960000038146973
1RV1,7.7200000286102295
4ZXX,7.505000114440918
3B0Q,7.920000076293945
7FW0,5.960000038146973
2W2X,5.0400002002716064
5Z6S,7.920000076293945
1KNU,5.0400002002716064
6YR9,7.920000076293945
7FVR,5.960000038146973
8FUG,5.960000038146973
4LKT,5.0400002002716064
2QP4,5.0400002002716064
5CS5,5.960000038146973
3HC5,7.920000076293945
6ILQ,7.920000076293945
1C4Y,6.450000047683716
5ENE,5.0400002002716064
8QZ7,6.450000047683716
8FY2,3.125
6W2J,9.0
4EZ7,8.369999885559082
5F9O,5.0400002002716064
4JL4,5.0400002002716064
2H00,5.0400002002716064
2UW4,5.0400002002716064
2VV3,5.0400002002716064
6AFB,5.960000038146973
3ERT,7.659999847412109
7NRK,5.0400002002716064
5ZXB,8.369999885559082
8X90,5.0400002002716064
1XW7,5.0400002002716064
4RPP,5.0400002002716064
5LNY,5.960000038146973
8U2D,5.230000019073486
6J7X,5.0400002002716064
5LRL,7.659999847412109
5V60,5.0400002002716064
4RCH,5.0400002002716064
3T5F,7.56000018119812
2ACL,7.7200000286102295
3ET2,5.0400002002716064
1O5C,6.125
3ZWT,5.0400002002716064
3D6D,5.0400002002716064
4R4L,5.0400002002716064
2I5C,5.0400002002716064
2YJB,7.56000018119812
5RKK,6.450000047683716
7UP7,6.699999809265137
5MUG,5.0400002002716064
8AWG,3.125
5Q14,8.369999885559082
7KT1,5.960000038146973
7NXK,7.659999847412109
4RWD,5.0400002002716064
5NKB,7.659999847412109
7JWZ,7.920000076293945
8BW2,5.230000019073486
4RT7,8.369999885559082
6BXY,7.56000018119812
6AD9,8.369999885559082
6LP8,5.0400002002716064
3A60,7.920000076293945
4CV8,7.460000038146973
3JVR,6.450000047683716
6AFE,6.125
3BE2,7.659999847412109
5UFX,4.010000228881836
5K56,5.0400002002716064
4IDQ,5.0400002002716064
4EMT,5.960000038146973
7OBH,7.7200000286102295
4GSF,6.450000047683716
5KMO,6.450000047683716
7HB5,6.450000047683716
8WZM,5.0400002002716064
6CIY,7.56000018119812
2ANM,7.56000018119812
7PW9,6.450000047683716
1WTG,5.960000038146973
5T1Z,4.010000228881836
3JZK,7.659999847412109
7JHJ,7.7200000286102295
7G1Y,5.960000038146973
8ATY,5.230000019073486
8V71,5.960000038146973
3X06,5.0400002002716064
7BTT,7.920000076293945
9FAU,5.0400002002716064
3IN8,6.450000047683716
6L20,4.849999904632568
3OWL,7.920000076293945
7FV6,5.960000038146973
8BWZ,5.960000038146973
4X8S,5.0400002002716064
3LDX,6.450000047683716
3OGJ,5.960000038146973
5IKW,8.369999885559082
7U8H,5.0400002002716064
6U99,7.659999847412109
5Z02,5.0400002002716064
4A55,7.56000018119812
4XII,5.0400002002716064
9CXG,5.960000038146973
8SDF,5.0400002002716064
4PMP,7.659999847412109
8YPZ,5.0400002002716064
4UXU,7.7200000286102295
6IB2,7.920000076293945
7MSD,6.450000047683716
4BCP,7.460000038146973
2FIT,5.0400002002716064
4TTC,5.0400002002716064
5CP5,7.659999847412109
7AJS,6.699999809265137
6PYS,7.659999847412109
3P1C,5.0400002002716064
2YN8,7.920000076293945
6BU6,7.920000076293945
6XNO,5.0400002002716064
5OXG,7.659999847412109
3U6A,6.450000047683716
6OWC,7.659999847412109
4COF,5.0400002002716064
1QJ1,5.960000038146973
6ZCQ,7.659999847412109
5AZV,5.0400002002716064
6YLK,7.7200000286102295
7SJ3,7.920000076293945
3GR4,5.0400002002716064
4IWF,4.849999904632568
5FIT,5.0400002002716064
2EC9,5.960000038146973
7FVP,5.960000038146973
5CGD,5.0400002002716064
2ZND,5.0400002002716064
3WEF,5.0400002002716064
5X1W,5.0400002002716064
7MRG,7.659999847412109
9CT3,6.450000047683716
9DTQ,5.0400002002716064
6VWC,7.56000018119812
5LAW,5.960000038146973
7G8X,5.230000019073486
5MQG,5.0400002002716064
3ENE,7.659999847412109
7ZH8,5.960000038146973
4O04,7.7200000286102295
4ZNV,6.049999952316284
2JAW,5.960000038146973
7FT4,6.450000047683716
5HP2,5.0400002002716064
6J5Z,5.0400002002716064
7UGE,5.230000019073486
4C3P,5.0400002002716064
1IB1,6.450000047683716
4YC4,5.960000038146973
5IPC,6.450000047683716
6LUQ,6.125
6GWR,7.920000076293945
5C18,5.0400002002716064
7A55,5.0400002002716064
2PIX,5.960000038146973
6AFG,5.0400002002716064
7OUB,6.450000047683716
3HEK,6.125
7U4R,8.59000015258789
7FVA,5.230000019073486
8R8E,5.960000038146973
5Q1D,7.659999847412109
3SXR,7.659999847412109
6F2L,5.0400002002716064
2HI4,5.0400002002716064
4A4W,5.0400002002716064
5M8P,5.960000038146973
9CBM,5.0400002002716064
4CVA,7.659999847412109
8T5G,5.960000038146973
5XR8,5.0400002002716064
6HD1,5.0400002002716064
8FYY,5.0400002002716064
4F9G,5.960000038146973
1W7G,6.450000047683716
6W45,7.659999847412109
3VI8,7.659999847412109
4CFH,7.659999847412109
5DY8,4.010000228881836
2Y1Z,5.0400002002716064
6P68,7.460000038146973
6MA3,7.505000114440918
5MRB,7.920000076293945
3EPF,7.659999847412109
7FSM,7.505000114440918
7G07,5.960000038146973
7NFB,6.049999952316284
3L3L,5.960000038146973
7WTB,5.960000038146973
7JJG,5.960000038146973
5XHY,7.56000018119812
4CCU,7.920000076293945
5VRZ,5.0400002002716064
7G1O,5.230000019073486
6O9D,7.56000018119812
7AAD,6.125
3G8I,7.659999847412109
3FME,7.920000076293945
8F7V,5.230000019073486
1LQF,6.450000047683716
6HGH,5.0400002002716064
7FYH,6.125
5RJK,5.0400002002716064
4NST,5.0400002002716064
6EIF,6.699999809265137
9DF1,7.659999847412109
7WQV,5.0400002002716064
4O0B,7.7200000286102295
5SXF,5.0400002002716064
1UKI,6.699999809265137
1P5Z,5.0400002002716064
6BQP,7.460000038146973
7CGP,5.0400002002716064
6MCZ,5.0400002002716064
2XYW,7.920000076293945
6PC4,5.0400002002716064
6YDB,9.0
7DSQ,7.7200000286102295
4D90,5.960000038146973
7TD3,5.0400002002716064
7G8Z,5.960000038146973
2R6W,4.010000228881836
5MOW,5.0400002002716064
7AAY,7.920000076293945
5NK2,7.659999847412109
5S9A,9.0
3QFR,5.0400002002716064
8IRS,5.960000038146973
7KPA,8.369999885559082
3FAA,7.920000076293945
6AFF,5.0400002002716064
1L5R,6.450000047683716
2D7I,6.450000047683716
1XOW,7.7200000286102295
3ZC5,7.659999847412109
3GCU,7.920000076293945
2O02,5.0400002002716064
5TWY,7.659999847412109
7V2J,7.659999847412109
9CIV,5.0400002002716064
7ZTZ,5.960000038146973
5XRE,4.010000228881836
7FTB,5.960000038146973
7WQS,5.0400002002716064
7S3P,7.7200000286102295
2UW0,7.659999847412109
5FQT,4.849999904632568
7UJ8,7.659999847412109
9D61,7.56000018119812
5SCF,5.0400002002716064
6RSB,7.56000018119812
6NTG,5.0400002002716064
3JRX,7.7200000286102295
5DPV,5.0400002002716064
7S1S,5.0400002002716064
6LZL,5.0400002002716064
5DXH,7.659999847412109
7O1Y,6.450000047683716
5TET,5.0400002002716064
2XQI,5.0400002002716064
3HU1,5.0400002002716064
6IJR,7.56000018119812
5HG8,7.659999847412109
4ZGK,5.0400002002716064
6D3E,7.920000076293945
6R6E,7.460000038146973
1TKR,5.0400002002716064
3LQL,5.0400002002716064
5DXT,7.659999847412109
6JEY,5.0400002002716064
3VW7,7.56000018119812
4O9R,7.7200000286102295
9B3A,5.0400002002716064
5TQE,7.56000018119812
3H3R,6.450000047683716
7M0L,7.659999847412109
6VMS,7.56000018119812
8FXO,7.7200000286102295
3QX3,5.960000038146973
7A4Z,6.699999809265137
4HY6,7.599999904632568
7A5L,6.699999809265137
7KK3,8.149999618530273
5LR7,7.920000076293945
8PSY,5.0400002002716064
8DUC,5.960000038146973
6DGO,7.920000076293945
1GZR,6.450000047683716
6D06,5.0400002002716064
1YIN,4.010000228881836
5HBJ,7.659999847412109
7AVL,6.450000047683716
3Q95,5.960000038146973
9ETB,5.0400002002716064
6R6J,6.450000047683716
5TM2,4.849999904632568
9DMC,5.0400002002716064
2G1O,5.0400002002716064
5DFD,7.460000038146973
5TRF,7.659999847412109
5W0E,3.125
7UC6,3.125
3B65,6.450000047683716
6ZUW,6.450000047683716
4TN6,7.920000076293945
7LQ1,7.659999847412109
6TO7,5.960000038146973
5NWZ,6.699999809265137
6DGL,7.920000076293945
3LM0,6.699999809265137
3R6I,5.0400002002716064
7G8L,5.960000038146973
4PES,6.450000047683716
1QIZ,5.0400002002716064
3BIV,7.56000018119812
5LNZ,7.7200000286102295
5QCY,7.56000018119812
3CF6,5.960000038146973
2XQF,5.0400002002716064
5LPJ,6.450000047683716
7G0G,7.7200000286102295
8G4A,6.125
4UYD,5.0400002002716064
3T03,7.920000076293945
6Q49,5.0400002002716064
7UHF,5.960000038146973
7KIE,7.659999847412109
8PPW,5.230000019073486
5YVA,6.699999809265137
5N68,8.369999885559082
5WR0,6.450000047683716
6UPF,5.0400002002716064
6YLC,6.450000047683716
1WAY,5.960000038146973
3FR0,5.0400002002716064
7E5G,6.5950000286102295
9GJ2,5.230000019073486
7C7G,5.0400002002716064
2AYR,7.659999847412109
1T9G,6.879999876022339
8CDW,5.230000019073486
7XHE,7.460000038146973
7JXY,5.0400002002716064
7W5A,5.0400002002716064
4KS8,7.659999847412109
2P2I,6.699999809265137
7MH0,5.0400002002716064
2PRG,8.59000015258789
5FQR,4.010000228881836
5O4E,5.0400002002716064
5URU,5.0400002002716064
5J6M,5.0400002002716064
5C7G,5.0400002002716064
8W9W,6.450000047683716
5NXD,7.505000114440918
3LMY,6.450000047683716
4AIY,5.0400002002716064
3RH6,5.960000038146973
6GQ7,7.659999847412109
6ZQS,8.369999885559082
4F64,6.699999809265137
2XJF,5.0400002002716064
7HA0,5.0400002002716064
7YAI,5.0400002002716064
3OS8,4.010000228881836
3HYY,5.0400002002716064
5UCH,5.960000038146973
7KAC,7.920000076293945
5VC3,8.369999885559082
5Q18,7.659999847412109
7M0M,7.920000076293945
3EPD,5.0400002002716064
6BSD,8.369999885559082
2E5C,5.0400002002716064
6EDS,7.7200000286102295
4GWT,5.0400002002716064
2A2C,6.450000047683716
8DUK,5.230000019073486
1YI4,5.0400002002716064
6YB6,7.56000018119812
8YHW,5.0400002002716064
5L4Q,7.920000076293945
8PBP,6.450000047683716
7WOX,6.450000047683716
3RAW,6.699999809265137
6SYT,5.0400002002716064
3L38,5.0400002002716064
6OMO,5.0400002002716064
7VFS,5.0400002002716064
3W2T,5.0400002002716064
6MD0,5.0400002002716064
7UJW,7.659999847412109
7UPG,5.0400002002716064
3TPP,7.56000018119812
7R4L,5.0400002002716064
8SC4,6.450000047683716
2OZ7,7.7200000286102295
5KCE,6.049999952316284
7RL7,5.0400002002716064
6WI2,5.0400002002716064
5QD5,7.56000018119812
4HXO,5.0400002002716064
6APL,5.0400002002716064
4F9M,7.920000076293945
4JV7,5.0400002002716064
1TGJ,5.960000038146973
7CCW,5.0400002002716064
3ORZ,5.960000038146973
8FHD,7.7200000286102295
7YMJ,5.230000019073486
7R4O,5.960000038146973
7FYQ,7.599999904632568
2XYX,7.659999847412109
8HUN,7.7200000286102295
3SQ6,5.960000038146973
3CBL,7.920000076293945
7UJC,4.010000228881836
7D0S,6.450000047683716
7ONT,6.450000047683716
5QEJ,5.0400002002716064
1WVX,7.920000076293945
6Q8Z,5.0400002002716064
7W7Y,7.920000076293945
6EI5,7.659999847412109
4D88,7.56000018119812
7NIZ,7.7200000286102295
7WQQ,7.7200000286102295
7JYR,7.920000076293945
6PRT,5.960000038146973
1DWB,6.450000047683716
2F8A,5.0400002002716064
4P6W,7.7200000286102295
3HMI,7.659999847412109
8VYJ,5.0400002002716064
7A4W,6.699999809265137
8HMT,5.230000019073486
3C7I,6.450000047683716
4CV9,7.659999847412109
4E4L,5.960000038146973
5S8C,5.0400002002716064
7S9F,7.659999847412109
8C1E,5.960000038146973
5HNT,5.0400002002716064
5OWK,5.0400002002716064
5EQG,6.450000047683716
8XSN,5.0400002002716064
6A94,8.59000015258789
2AZ5,7.599999904632568
4QQC,7.460000038146973
2UZS,5.0400002002716064
4JS3,5.0400002002716064
3HU3,5.0400002002716064
1UVS,7.56000018119812
6AWP,7.599999904632568
2G2F,7.56000018119812
8P6X,7.460000038146973
4MQF,5.0400002002716064
6DDH,5.0400002002716064
7PWD,7.659999847412109
7QUE,7.659999847412109
1FKI,5.960000038146973
5HYR,5.960000038146973
7JX0,6.5950000286102295
4L94,5.960000038146973
3L5B,5.0400002002716064
9D3C,5.230000019073486
6MQ3,7.7200000286102295
3VUC,5.230000019073486
7G93,7.56000018119812
5U2B,7.56000018119812
5UXH,5.0400002002716064
7VCV,5.0400002002716064
3MY0,7.659999847412109
5ZYL,5.960000038146973
8AQG,5.0400002002716064
7NRY,7.920000076293945
3BLA,5.0400002002716064
5RKJ,6.450000047683716
5S83,7.659999847412109
7AKH,7.920000076293945
7CR7,6.450000047683716
6CJG,5.0400002002716064
5ABW,5.0400002002716064
4YH4,5.0400002002716064
5UVF,7.659999847412109
6F7R,5.0400002002716064
2I0J,4.010000228881836
4JYU,7.505000114440918
7RP4,7.7200000286102295
5WA8,6.450000047683716
6Y0A,7.659999847412109
8TZQ,5.0400002002716064
7NZY,7.659999847412109
7G85,6.450000047683716
8AQP,5.0400002002716064
2J9M,5.960000038146973
8V74,5.230000019073486
5C1Q,6.699999809265137
5RKP,5.0400002002716064
8AHG,6.450000047683716
3ID8,5.0400002002716064
6SAM,5.960000038146973
2QXW,5.960000038146973
7KK6,5.960000038146973
5FE4,5.960000038146973
5K13,7.920000076293945
5S9D,5.960000038146973
7GT2,5.0400002002716064
5U3W,5.0400002002716064
7AKB,7.920000076293945
5T92,4.010000228881836
8K14,7.7200000286102295
6OPH,7.920000076293945
1GFY,7.56000018119812
4FAD,8.369999885559082
5BQE,5.0400002002716064
5HQ0,7.920000076293945
7FVZ,5.0400002002716064
8S8A,5.960000038146973
5QD2,7.56000018119812
7E5H,7.659999847412109
5E0W,4.010000228881836
6ZC0,7.659999847412109
6JQR,7.659999847412109
6Q4E,6.699999809265137
9CXC,5.0400002002716064
5S9B,5.0400002002716064
5J6S,6.450000047683716
2WMT,8.59000015258789
4NG9,6.450000047683716
7UDQ,5.230000019073486
5AUT,6.699999809265137
8DZR,7.7200000286102295
5U3R,5.0400002002716064
4XZ0,5.0400002002716064
3HC6,7.920000076293945
7OAK,7.460000038146973
8OUS,7.7200000286102295
4FUL,7.659999847412109
8S0T,5.230000019073486
4XI3,4.010000228881836
5SB0,7.56000018119812
6Q4D,5.0400002002716064
8YEV,6.699999809265137
3WJ5,5.0400002002716064
5TI6,5.230000019073486
5NDZ,7.56000018119812
2XQJ,5.0400002002716064
8V73,5.960000038146973
6XE6,7.7200000286102295
1QJ7,7.7200000286102295
6P38,5.230000019073486
2YIY,6.450000047683716
8YXB,6.450000047683716
8T98,5.0400002002716064
4M0E,5.0400002002716064
8GW0,5.0400002002716064
9IYP,5.960000038146973
6BMW,5.960000038146973
6UKM,8.59000015258789
9ET3,5.960000038146973
7ZTX,5.960000038146973
8HLR,8.149999618530273
1NSG,7.7200000286102295
6FNA,6.450000047683716
4DIJ,7.659999847412109
4BAM,7.56000018119812
3TNH,5.0400002002716064
5TDE,5.0400002002716064
5C8W,5.0400002002716064
6YLA,5.0400002002716064
4LWG,5.0400002002716064
7XPY,5.960000038146973
5CF0,7.920000076293945
4GZ5,6.450000047683716
5GWI,6.450000047683716
6CQH,7.920000076293945
8PNQ,6.450000047683716
7UJ7,7.659999847412109
3FMD,6.450000047683716
2E3O,6.450000047683716
8HV9,5.0400002002716064
7G8R,5.960000038146973
7U8U,5.960000038146973
6DH9,8.59000015258789
4PPP,4.849999904632568
6ID0,5.0400002002716064
5HP3,5.0400002002716064
1ERR,4.010000228881836
5WR7,7.920000076293945
2OLZ,5.0400002002716064
5HRQ,5.0400002002716064
4C6D,5.960000038146973
4I22,7.920000076293945
1UDW,5.0400002002716064
7KP6,7.659999847412109
3QCI,6.450000047683716
7AKE,7.920000076293945
8BZB,6.450000047683716
4C5D,7.659999847412109
2G49,5.960000038146973
8C2F,5.0400002002716064
5VC4,7.920000076293945
5TLY,6.049999952316284
1G5Y,5.0400002002716064
3OOK,8.369999885559082
7BGV,5.0400002002716064
6CUD,5.0400002002716064
1K3A,5.0400002002716064
7Y99,7.56000018119812
5C1D,6.450000047683716
5XRA,5.0400002002716064
4L90,5.960000038146973
1U4D,6.699999809265137
6YF8,6.699999809265137
7G96,5.960000038146973
8P74,5.230000019073486
7RNM,7.659999847412109
7MM1,7.56000018119812
5QFV,7.56000018119812
5QCR,6.450000047683716
7FUZ,7.7200000286102295
4D0M,7.659999847412109
5UWG,5.0400002002716064
6J3O,6.450000047683716
8J81,7.7200000286102295
6NCO,5.960000038146973
6NV7,7.56000018119812
3WAL,5.0400002002716064
7AEQ,6.125
8VYK,5.0400002002716064
4TNZ,5.960000038146973
6MD1,5.0400002002716064
2P8S,6.125
6ZUH,7.56000018119812
5MKS,6.450000047683716
1EFH,5.0400002002716064
9AS8,5.0400002002716064
2CIA,6.450000047683716
6GJI,5.0400002002716064
5XRB,7.659999847412109
5VBQ,7.56000018119812
6RLC,6.450000047683716
6VFF,5.0400002002716064
7Y8D,7.56000018119812
6T57,5.230000019073486
3VN9,6.450000047683716
1M4B,6.450000047683716
2ZNK,7.56000018119812
6CK6,7.920000076293945
6V8K,6.450000047683716
8QLT,5.230000019073486
1X96,5.0400002002716064
5EW9,7.659999847412109
6WXM,5.0400002002716064
2AR9,5.0400002002716064
3SP8,5.0400002002716064
6TU9,8.369999885559082
4LL5,7.460000038146973
5XQE,7.659999847412109
7ER9,5.0400002002716064
7W9T,5.960000038146973
4PX2,7.56000018119812
4QOI,5.0400002002716064
5RK1,7.7200000286102295
7CCV,4.010000228881836
7EM3,5.0400002002716064
7OLV,7.920000076293945
3BQD,7.7200000286102295
7RHG,5.960000038146973
4U97,8.369999885559082
5M4P,4.010000228881836
1FAP,7.7200000286102295
8T1F,5.230000019073486
4QVX,8.369999885559082
4P36,5.0400002002716064
8TSD,5.230000019073486
8DZS,5.960000038146973
7KHL,7.460000038146973
5G15,5.0400002002716064
6V0X,7.599999904632568
4RWJ,7.659999847412109
2Q5S,7.920000076293945
8SXT,5.0400002002716064
3F68,7.56000018119812
1FKH,7.7200000286102295
8AHH,6.450000047683716
4FRA,5.0400002002716064
7MSA,4.010000228881836
8X62,5.960000038146973
2CN0,6.450000047683716
6GU7,7.460000038146973
6ST3,5.0400002002716064
8OUR,7.7200000286102295
5ORH,5.0400002002716064
7MZK,5.0400002002716064
8WSW,7.659999847412109
3Q9X,6.049999952316284
5AM9,5.0400002002716064
6MA2,5.0400002002716064
3S9S,7.920000076293945
4WDT,5.0400002002716064
4V0U,5.960000038146973
3X02,5.0400002002716064
4ZYI,7.659999847412109
5W0Q,5.230000019073486
7VFW,5.0400002002716064
8YPY,5.0400002002716064
1OSH,7.659999847412109
5DP0,4.010000228881836
2P54,7.659999847412109
6OAC,7.659999847412109
6CYM,5.0400002002716064
3FGU,5.0400002002716064
2CKE,6.450000047683716
8C0L,7.7200000286102295
7FSQ,5.0400002002716064
7G8W,5.960000038146973
3O0I,5.0400002002716064
8T8Q,5.960000038146973
8BXO,3.125
4FSQ,7.920000076293945
8DVB,5.960000038146973
7QG2,7.56000018119812
6G6W,7.920000076293945
7YNP,5.960000038146973
3K23,8.369999885559082
4MPN,5.960000038146973
9B3C,5.0400002002716064
6THA,5.0400002002716064
6T56,5.0400002002716064
7ER7,5.0400002002716064
5I46,6.450000047683716
4YHJ,5.0400002002716064
1CJ1,5.230000019073486
9B7A,5.0400002002716064
8AQN,5.230000019073486
6DW4,5.960000038146973
7JRA,7.659999847412109
3SPF,5.0400002002716064
2PNR,5.0400002002716064
8V6U,5.960000038146973
1WBG,5.0400002002716064
7BQ3,5.230000019073486
5E0X,4.010000228881836
8P75,5.230000019073486
3BZ3,7.920000076293945
7KPF,5.0400002002716064
1KI0,5.0400002002716064
5NEI,8.59000015258789
5SXE,5.0400002002716064
1E8Z,8.369999885559082
1X7R,6.049999952316284
5X2F,7.659999847412109
4HBM,5.0400002002716064
8DHF,5.0400002002716064
6AN1,7.920000076293945
6K05,7.460000038146973
7Y7Z,5.960000038146973
8BJL,5.0400002002716064
7EM4,5.0400002002716064
6O9G,5.0400002002716064
1L7X,6.450000047683716
7SII,7.920000076293945
8HF8,7.599999904632568
1T8T,5.0400002002716064
6YM3,8.369999885559082
4N7E,6.450000047683716
4TUH,8.369999885559082
5WIU,6.450000047683716
9FAP,5.0400002002716064
3GID,7.7200000286102295
8T2H,7.7200000286102295
6FZP,6.450000047683716
9AU5,5.960000038146973
8ZBU,7.505000114440918
8PQ9,5.960000038146973
5OC8,7.659999847412109
4D6Z,6.450000047683716
3KPV,5.0400002002716064
6QTJ,7.659999847412109
4ASX,7.920000076293945
3A0I,5.0400002002716064
1W9O,5.0400002002716064
5OOH,5.0400002002716064
5JCW,6.450000047683716
2AER,5.960000038146973
8SGV,5.0400002002716064
3VF3,7.56000018119812
8C3U,7.7200000286102295
5WRZ,6.125
8CWL,5.960000038146973
5DZI,4.010000228881836
4CCB,7.460000038146973
4H2F,5.0400002002716064
4LWH,7.56000018119812
8PPB,5.0400002002716064
7NA3,7.7200000286102295
6N8X,5.0400002002716064
1QKU,5.960000038146973
2IOK,7.659999847412109
4XUM,5.0400002002716064
7DSX,5.0400002002716064
1NHZ,7.7200000286102295
5TM8,6.5950000286102295
7SI4,5.230000019073486
5EHP,7.7200000286102295
7TUN,5.960000038146973
4MGB,5.860000133514404
8ORM,6.5950000286102295
4ISI,3.125
1M2Z,7.599999904632568
7VWE,5.0400002002716064
7SD0,5.0400002002716064
7O7J,7.920000076293945
4F5D,5.960000038146973
3DV5,7.56000018119812
1O5A,5.0400002002716064
7G8J,6.125
7SXJ,7.7200000286102295
6ZY6,5.0400002002716064
8PWC,6.125
7NJ8,5.0400002002716064
5J31,5.0400002002716064
2H4X,5.0400002002716064
4QG0,5.960000038146973
7QND,5.960000038146973
3CDP,5.0400002002716064
7OAL,7.460000038146973
5WQX,5.0400002002716064
4TQN,6.450000047683716
7A51,7.460000038146973
1A5H,5.960000038146973
4NZW,7.659999847412109
6VZM,7.920000076293945
4AP7,5.0400002002716064
7FQI,5.230000019073486
3DEH,5.0400002002716064
3L4U,5.960000038146973
6NSL,7.659999847412109
6GR3,5.0400002002716064
6DGR,8.59000015258789
8VA6,5.230000019073486
2OM0,5.0400002002716064
3DD1,6.450000047683716
7CMV,5.960000038146973
5LPL,6.450000047683716
7GSZ,5.960000038146973
3S7M,8.59000015258789
8H7B,5.960000038146973
8Z6H,5.0400002002716064
6TBE,6.450000047683716
5JHB,5.960000038146973
6CJ2,7.659999847412109
6OJQ,5.0400002002716064
5ENI,6.450000047683716
4PZS,6.450000047683716
3UQX,7.505000114440918
3HZ1,5.0400002002716064
2CHL,7.659999847412109
6W0Y,5.960000038146973
8CVN,5.960000038146973
6QTY,7.460000038146973
8DUD,5.960000038146973
6Z8X,5.0400002002716064
6WLW,6.450000047683716
9B0T,5.0400002002716064
7U2P,5.0400002002716064
4MLH,5.0400002002716064
6YP3,5.0400002002716064
5EDU,5.0400002002716064
8V76,5.230000019073486
3FJO,5.0400002002716064
5LPM,6.699999809265137
4UMP,5.0400002002716064
8QNG,5.230000019073486
5J86,7.920000076293945
3WF3,5.0400002002716064
5UVZ,5.0400002002716064
5DVS,4.010000228881836
1EMJ,5.960000038146973
6XED,5.0400002002716064
2RD6,5.960000038146973
4TNY,5.960000038146973
4IWC,4.010000228881836
2AIY,5.0400002002716064
8KF1,5.230000019073486
3TCZ,5.230000019073486
7MRH,6.5950000286102295
4CWQ,8.369999885559082
8B2J,5.960000038146973
2VQ3,5.0400002002716064
7TYW,7.7200000286102295
5S8T,7.56000018119812
6JME,5.0400002002716064
6RSC,7.56000018119812
8R4V,5.230000019073486
8JL1,6.450000047683716
8WYW,3.125
7QAA,5.0400002002716064
4A5S,5.960000038146973
6DMJ,7.460000038146973
4Z77,5.0400002002716064
2VST,5.0400002002716064
6NTU,5.0400002002716064
5DYB,4.010000228881836
6GVG,7.920000076293945
7OQ7,7.56000018119812
4YT1,6.450000047683716
2C6T,7.56000018119812
4USD,7.460000038146973
6FXI,5.0400002002716064
6NCN,5.960000038146973
1YXV,6.049999952316284
3NVN,6.450000047683716
6THZ,8.369999885559082
3CEH,6.450000047683716
6DWS,6.450000047683716
1QHR,5.960000038146973
7B30,7.920000076293945
8P81,5.230000019073486
5KMK,6.450000047683716
6VRU,7.460000038146973
2F3E,7.56000018119812
5CYI,6.699999809265137
7UYW,7.659999847412109
6LN1,4.849999904632568
5DKB,4.010000228881836
2F90,6.125
7MRD,8.369999885559082
6T8X,7.920000076293945
5YA5,8.59000015258789
7YNO,5.230000019073486
5RK0,7.505000114440918
7ZWL,8.149999618530273
7FWW,5.960000038146973
9QB5,7.460000038146973
4GB9,8.369999885559082
6JOK,7.920000076293945
8FF8,5.230000019073486
2ZNO,7.56000018119812
7FUY,3.125
3D49,5.0400002002716064
5VAL,7.659999847412109
8DSY,7.920000076293945
7YAZ,5.230000019073486
4IKI,5.0400002002716064
6UWY,7.460000038146973
7G8M,3.125
3OW6,5.0400002002716064
6IQN,8.369999885559082
3ZK6,7.505000114440918
6L14,7.460000038146973
5BTR,5.0400002002716064
3Q9Y,6.049999952316284
6HL1,7.7200000286102295
1UK0,5.960000038146973
8DHH,5.0400002002716064
6GNQ,5.0400002002716064
6V0P,6.450000047683716
7FXU,5.230000019073486
5HU1,6.450000047683716
7VFV,5.0400002002716064
3B25,5.0400002002716064
4M6L,5.0400002002716064
6GHK,6.450000047683716
4ZNS,6.049999952316284
6QBA,5.230000019073486
6QJU,5.0400002002716064
6LKN,5.0400002002716064
5QIS,6.450000047683716
6XNP,6.450000047683716
4P10,5.960000038146973
7LJE,6.450000047683716
2O0U,7.920000076293945
7LB0,5.960000038146973
3GOI,5.0400002002716064
2RG3,5.960000038146973
3LBO,5.0400002002716064
8PIQ,3.125
4XLV,5.0400002002716064
5NRW,6.450000047683716
7CCU,4.010000228881836
2PUQ,5.960000038146973
5UU3,5.0400002002716064
7V3Z,7.7200000286102295
7Q1N,5.0400002002716064
7BEN,5.0400002002716064
7G89,5.960000038146973
1BMN,5.230000019073486
6AH0,5.0400002002716064
8BDN,5.960000038146973
6XF3,8.149999618530273
5W0O,5.0400002002716064
5HNB,7.659999847412109
7UAH,5.230000019073486
9CTF,5.0400002002716064
6U8R,5.0400002002716064
6HLO,9.0
5QIZ,6.450000047683716
6C42,4.010000228881836
4HLE,7.659999847412109
1HDO,5.0400002002716064
4PMT,7.920000076293945
8TDU,5.230000019073486
5EM8,7.659999847412109
6SBO,6.5950000286102295
3SVF,7.460000038146973
6Q9H,7.659999847412109
7W59,5.0400002002716064
5BX6,7.659999847412109
5S9R,7.460000038146973
1RV6,5.0400002002716064
4ZGM,5.0400002002716064
7NVQ,8.369999885559082
5U5L,7.920000076293945
8PLZ,5.230000019073486
2P15,7.599999904632568
3Q8S,5.960000038146973
4P5Z,7.920000076293945
4YJ5,5.0400002002716064
6FN9,6.450000047683716
1CEB,5.960000038146973
3UG8,5.0400002002716064
7MGJ,7.659999847412109
6X82,7.920000076293945
7AFW,7.7200000286102295
3HCP,5.960000038146973
5TIO,7.7200000286102295
7B5Q,7.56000018119812
8EXO,5.960000038146973
6YTE,7.460000038146973
1RDT,7.7200000286102295
3MIY,7.920000076293945
4JDD,7.7200000286102295
6X3O,7.920000076293945
7LD4,5.0400002002716064
6I44,5.0400002002716064
1HE5,5.0400002002716064
6AUI,5.960000038146973
7JVR,7.56000018119812
2BJ4,7.659999847412109
7F83,5.0400002002716064
5HFA,5.0400002002716064
6GQO,7.920000076293945
5S8M,5.0400002002716064
7LLA,6.450000047683716
9FAS,5.0400002002716064
4X4V,5.0400002002716064
3L5E,5.960000038146973
5GTN,7.920000076293945
2ZDU,6.5950000286102295
3S95,7.920000076293945
6B73,7.56000018119812
6ZX0,5.0400002002716064
6SLX,6.450000047683716
2VGB,5.0400002002716064
5Q15,7.659999847412109
3GVU,7.659999847412109
7KK4,9.0
8GUD,7.659999847412109
4GFM,7.56000018119812
5QFZ,7.7200000286102295
3CD8,7.920000076293945
8EX0,7.659999847412109
5S9J,5.0400002002716064
6VXU,8.369999885559082
8W8K,5.0400002002716064
5M4N,4.010000228881836
2C95,7.659999847412109
6FZF,6.450000047683716
8FHG,5.230000019073486
7FSL,6.450000047683716
7VDQ,8.369999885559082
7WI6,5.960000038146973
8JTS,6.450000047683716
3UTU,7.56000018119812
3LD5,5.0400002002716064
7BSP,5.0400002002716064
7SED,7.56000018119812
5S8U,5.960000038146973
8P6Z,5.230000019073486
6WPP,7.920000076293945
5CFB,5.960000038146973
6BQQ,7.460000038146973
3KDU,7.920000076293945
6WBG,5.0400002002716064
8B87,5.0400002002716064
7U9A,5.230000019073486
6RLQ,5.960000038146973
7KTR,5.0400002002716064
6P3A,5.960000038146973
5SAV,7.659999847412109
3EDZ,6.450000047683716
8BA3,5.230000019073486
1V4S,5.0400002002716064
8A92,5.0400002002716064
9CFM,5.0400002002716064
9GFE,7.56000018119812
6U1N,6.450000047683716
5Q0I,7.659999847412109
2Y23,5.0400002002716064
5TN4,5.860000133514404
5FHZ,5.0400002002716064
7DHV,7.920000076293945
7FV7,5.960000038146973
7LQD,7.920000076293945
7UXV,5.0400002002716064
8DMQ,5.0400002002716064
3DCT,7.920000076293945
3EQ0,7.56000018119812
1NYX,5.0400002002716064
2J14,7.920000076293945
4FME,5.0400002002716064
8QTG,7.7200000286102295
7G88,6.450000047683716
1KTT,7.505000114440918
5NK5,7.920000076293945
7FCG,5.0400002002716064
8GOF,7.659999847412109
5MXD,7.7200000286102295
8U5C,7.7200000286102295
7F9Y,5.0400002002716064
7AO9,5.0400002002716064
6CCY,8.369999885559082
6VRV,7.460000038146973
1MU6,6.450000047683716
6GVI,7.659999847412109
7DVQ,5.0400002002716064
5BVW,8.369999885559082
3R1N,7.920000076293945
6Y9H,7.56000018119812
3V9V,7.920000076293945
9AU9,5.960000038146973
6YVS,6.699999809265137
8EUC,5.960000038146973
6I0M,5.0400002002716064
2W7O,5.0400002002716064
2XYJ,7.659999847412109
5OWQ,7.460000038146973
1LHF,5.230000019073486
4UYH,7.56000018119812
4NTJ,7.505000114440918
4F7S,6.450000047683716
4FMB,5.0400002002716064
8V6W,5.960000038146973
2GTK,7.920000076293945
4N6Z,7.56000018119812
5TMR,7.659999847412109
7WQR,5.0400002002716064
3W69,7.7200000286102295
6MOA,6.699999809265137
8STI,6.450000047683716
7T4I,7.659999847412109
5WU2,5.0400002002716064
7JOU,6.699999809265137
4TO5,5.960000038146973
5DUG,6.049999952316284
5MME,6.450000047683716
8ARJ,7.920000076293945
8DU6,5.960000038146973
8BZI,5.230000019073486
3TU7,5.230000019073486
4GS8,6.450000047683716
3ZDU,7.659999847412109
8E8D,5.0400002002716064
4MLE,5.0400002002716064
9EEA,5.0400002002716064
2Q61,7.920000076293945
7G8G,6.450000047683716
5RK4,5.0400002002716064
4MNE,5.0400002002716064
2LRR,5.0400002002716064
2YI7,7.920000076293945
7MFF,7.659999847412109
9FZQ,5.0400002002716064
3KMZ,7.7200000286102295
9JBH,5.0400002002716064
2VGI,5.0400002002716064
2QA8,6.049999952316284
8IPZ,5.0400002002716064
4CI5,5.0400002002716064
3H9R,7.659999847412109
7FUX,3.125
6TOS,6.450000047683716
5KRL,5.960000038146973
5T97,4.010000228881836
8AM2,5.0400002002716064
5Z90,7.659999847412109
6X3D,6.125
7RS4,7.659999847412109
5UC3,5.960000038146973
5QFB,8.59000015258789
6IIQ,5.0400002002716064
6UV5,6.450000047683716
7MYJ,7.659999847412109
2ZK3,5.0400002002716064
8QLS,5.230000019073486
3R6N,5.960000038146973
7KT4,5.960000038146973
3FI4,7.920000076293945
6TUC,6.125
5N4Y,6.699999809265137
5ZF8,5.0400002002716064
7D0P,6.450000047683716
3ONB,5.0400002002716064
2XB7,7.460000038146973
6PDN,6.699999809265137
6YF3,7.7200000286102295
6L17,7.460000038146973
2C9Y,5.0400002002716064
3SXE,5.0400002002716064
2ZWL,5.960000038146973
3F98,5.0400002002716064
8ASF,5.230000019073486
8R9O,5.230000019073486
6BYY,5.0400002002716064
6VEZ,5.0400002002716064
3IXK,7.505000114440918
7G0L,5.960000038146973
3KVF,5.0400002002716064
4OGV,5.0400002002716064
4PX5,7.505000114440918
4IO8,6.450000047683716
4AOT,8.369999885559082
3SMM,7.7200000286102295
5DL4,4.010000228881836
8PPI,5.0400002002716064
5U43,6.5950000286102295
7O7K,7.920000076293945
5RKC,6.450000047683716
7O1W,6.450000047683716
5TMT,4.010000228881836
4RSY,6.450000047683716
4PRG,5.0400002002716064
5S8V,5.960000038146973
7FV3,5.230000019073486
4NGS,6.450000047683716
8BYF,5.960000038146973
3DEI,7.659999847412109
1RRJ,5.0400002002716064
5MZA,5.0400002002716064
8HUK,5.0400002002716064
8QSK,7.7200000286102295
8XWD,5.0400002002716064
7MH1,5.0400002002716064
8E5B,5.0400002002716064
2VIZ,7.56000018119812
1T4V,5.230000019073486
3KAB,5.0400002002716064
6JUU,7.920000076293945
3EJ8,5.960000038146973
5QDL,5.0400002002716064
5H24,6.450000047683716
6T3C,7.659999847412109
8FKE,5.230000019073486
5W55,7.659999847412109
6QST,6.699999809265137
4JYV,7.505000114440918
5KRM,4.849999904632568
4QUH,6.450000047683716
7AVU,6.450000047683716
5YCP,8.59000015258789
1QJ6,5.0400002002716064
6Z88,5.0400002002716064
4IBL,5.960000038146973
3P17,7.56000018119812
3R8A,7.920000076293945
5JLZ,5.0400002002716064
8Y8B,6.450000047683716
6Q9L,7.460000038146973
5Z12,7.659999847412109
6J65,7.659999847412109
5KO1,6.450000047683716
7G82,5.0400002002716064
6YIL,3.125
6FCX,7.659999847412109
5VO1,5.960000038146973
5TN9,6.049999952316284
3VJL,5.960000038146973
3GI3,8.369999885559082
6MC1,7.7200000286102295
4CLJ,7.920000076293945
5ZKP,8.59000015258789
5UF0,6.450000047683716
1W9E,5.0400002002716064
6CNJ,5.960000038146973
1PCG,5.960000038146973
6G0E,5.960000038146973
6MH7,7.659999847412109
2ZI7,5.960000038146973
5DXG,6.450000047683716
1GS4,7.599999904632568
7BJD,7.460000038146973
5Y2T,7.920000076293945
7RUW,6.450000047683716
1ZEH,5.0400002002716064
4LOH,5.960000038146973
8CNP,5.0400002002716064
7H9U,8.59000015258789
7Z6L,7.659999847412109
3UWJ,7.56000018119812
5Z5U,7.659999847412109
4KS7,7.56000018119812
4N6H,5.0400002002716064
7G1V,5.960000038146973
5UAB,6.450000047683716
6T1V,6.450000047683716
4XIP,5.0400002002716064
5BXC,5.960000038146973
7RKE,7.920000076293945
4D2R,6.699999809265137
7C7B,5.960000038146973
6R8J,7.460000038146973
6L6N,6.450000047683716
7G1C,7.7200000286102295
9LVC,5.0400002002716064
6SFR,6.450000047683716
5JMM,6.049999952316284
2QU3,6.450000047683716
8DMS,5.0400002002716064
4IVC,7.460000038146973
7OY5,7.659999847412109
3QCL,5.0400002002716064
8PQ0,5.230000019073486
3PGF,5.0400002002716064
4KE0,7.56000018119812
7E5I,7.659999847412109
6DWK,9.0
7E2H,5.960000038146973
5KCD,6.049999952316284
7R7S,5.0400002002716064
3BCJ,5.0400002002716064
4X4R,5.0400002002716064
7NRB,7.920000076293945
2D06,5.0400002002716064
2BXU,7.56000018119812
4CTB,7.920000076293945
2G47,5.960000038146973
1T5Z,5.960000038146973
8EOI,7.7200000286102295
6ILZ,7.659999847412109
8K78,9.0
7FST,5.230000019073486
3BC5,7.920000076293945
5VCW,6.5950000286102295
3BGQ,7.56000018119812
6LQX,5.960000038146973
9AS4,7.7200000286102295
2OJ9,7.920000076293945
2V4L,7.659999847412109
7QHG,7.659999847412109
4BC4,5.0400002002716064
5U2E,7.659999847412109
5HZE,7.659999847412109
3D0B,7.659999847412109
6PMB,7.659999847412109
8TK3,5.960000038146973
8X7R,5.230000019073486
6WY5,5.0400002002716064
6DI9,7.56000018119812
7MSR,6.450000047683716
4DJH,7.56000018119812
7KX6,7.460000038146973
8E2M,5.230000019073486
8JFL,5.0400002002716064
6QBH,7.7200000286102295
4N9E,7.56000018119812
2WIJ,5.0400002002716064
8UC9,5.960000038146973
3VRI,7.56000018119812
5HKG,5.960000038146973
4TO0,5.960000038146973
8OTT,5.0400002002716064
7SCD,7.505000114440918
4WHU,7.460000038146973
5DIG,5.960000038146973
5QDZ,5.960000038146973
7RXV,5.0400002002716064
7M43,5.960000038146973
7RAN,5.960000038146973
7OLX,7.920000076293945
7G19,5.960000038146973
6IJS,7.56000018119812
3RNJ,5.0400002002716064
8P7J,5.230000019073486
6HMR,7.920000076293945
3AQA,5.0400002002716064
6UKX,8.59000015258789
7ZUN,7.460000038146973
6WNH,7.56000018119812
3TU1,6.450000047683716
5QEQ,5.0400002002716064
6SQE,7.460000038146973
6DXK,7.7200000286102295
4AWO,7.56000018119812
7G8I,5.960000038146973
8PO4,5.230000019073486
7G8A,6.125
4POK,5.0400002002716064
1O5D,6.125
8CIJ,5.230000019073486
5UUI,5.0400002002716064
3VBG,7.920000076293945
6VUM,5.0400002002716064
5IN4,5.0400002002716064
8W03,6.049999952316284
4RZV,7.920000076293945
5EG3,5.0400002002716064
9DNM,5.960000038146973
7VBT,8.149999618530273
4GWK,5.0400002002716064
5Q1F,7.659999847412109
4FRD,5.0400002002716064
8DUG,5.960000038146973
6S89,7.659999847412109
4AGC,6.699999809265137
6MXE,5.960000038146973
7FZ3,5.960000038146973
6VGH,7.659999847412109
4L2Y,7.659999847412109
5W8J,5.0400002002716064
6Q7F,8.369999885559082
1FA9,5.0400002002716064
7REK,7.659999847412109
1RY0,5.0400002002716064
7B8W,6.5950000286102295
4HHY,9.0
4L44,7.599999904632568
6UQG,5.960000038146973
5DMF,4.010000228881836
2C0I,7.920000076293945
4QXQ,5.0400002002716064
4ZWG,5.960000038146973
7QVJ,5.230000019073486
6CD4,7.659999847412109
8AQC,5.230000019073486
8BWJ,7.599999904632568
4TO4,5.960000038146973
3DZQ,7.920000076293945
8X7Q,5.0400002002716064
8G0H,3.125
7MU7,7.659999847412109
2YIX,7.659999847412109
4BTK,7.920000076293945
6FZG,6.450000047683716
7MHZ,6.450000047683716
5XST,6.125
8CQK,3.125
5FI4,7.659999847412109
7G84,5.230000019073486
2ZP0,5.960000038146973
4WV7,7.7200000286102295
5TMO,6.049999952316284
3SP6,7.7200000286102295
3B27,5.0400002002716064
3B3K,5.0400002002716064
2ANK,7.56000018119812
2YJ8,7.56000018119812
3QJZ,7.659999847412109
6T90,5.0400002002716064
2WID,5.0400002002716064
7AK3,7.460000038146973
7WGN,6.5950000286102295
7F80,6.5950000286102295
8EXU,5.230000019073486
4WDU,5.0400002002716064
3HNG,6.699999809265137
4YBT,7.460000038146973
5W9C,6.5950000286102295
2QGW,4.849999904632568
7VPI,5.0400002002716064
2OCP,5.0400002002716064
4MR9,5.0400002002716064
2B8O,5.960000038146973
8P72,5.230000019073486
3WC9,5.0400002002716064
3AHQ,7.920000076293945
3EE5,5.0400002002716064
5AOJ,5.0400002002716064
8B66,5.0400002002716064
1Q1M,6.125
7FVC,5.230000019073486
4ASE,7.920000076293945
3HLV,5.960000038146973
7EJV,7.920000076293945
8SO1,5.0400002002716064
9EY2,5.0400002002716064
4FMD,5.0400002002716064
7XN5,5.0400002002716064
8B3R,5.0400002002716064
2YLO,5.960000038146973
8C3G,5.230000019073486
7RS7,6.049999952316284
7G8F,5.960000038146973
7UUU,7.460000038146973
7AW4,7.920000076293945
2HVC,6.125
8BW3,5.230000019073486
6CQU,5.0400002002716064
2QCT,5.0400002002716064
3R4M,5.0400002002716064
7L0G,5.0400002002716064
4JTQ,7.599999904632568
5KZ7,7.659999847412109
5QD1,7.56000018119812
8PQF,5.230000019073486
3UIV,5.960000038146973
7M3J,6.450000047683716
7VD9,5.0400002002716064
4Z1V,5.0400002002716064
5HF6,5.0400002002716064
1G30,6.450000047683716
3PDF,7.505000114440918
6B2E,5.0400002002716064
4NEM,5.0400002002716064
3O23,7.920000076293945
7KBS,4.010000228881836
8RB6,5.0400002002716064
4XUF,8.369999885559082
6EL5,7.659999847412109
8JD0,6.125
4ZYF,7.460000038146973
7G8T,7.7200000286102295
6NW2,8.369999885559082
8PWK,6.450000047683716
4CWP,7.659999847412109
7FUU,3.125
2VV1,5.0400002002716064
8BZJ,5.230000019073486
6X40,5.0400002002716064
5TBM,7.599999904632568
3NZ0,7.920000076293945
6QAV,6.5950000286102295
7FUS,5.960000038146973
2CF8,6.450000047683716
5Y2O,8.59000015258789
4BB9,5.960000038146973
5Q1C,7.659999847412109
3OTB,5.960000038146973
5WGD,5.960000038146973
2WBI,5.0400002002716064
1H1B,5.0400002002716064
7A1B,6.699999809265137
3VWK,6.450000047683716
6ZY5,5.0400002002716064
8HNC,6.699999809265137
7OB3,5.960000038146973
8V77,5.960000038146973
8CHF,5.960000038146973
6TD3,6.450000047683716
8GMC,7.460000038146973
8I0C,5.0400002002716064
9C18,5.0400002002716064
7ATU,8.369999885559082
7PRX,3.125
5S8W,9.0
6XIH,5.230000019073486
6I99,7.659999847412109
7S99,6.450000047683716
6Q4C,5.0400002002716064
2QSE,7.460000038146973
3OPM,5.0400002002716064
2H6H,6.450000047683716
6BMY,5.960000038146973
5WA5,7.659999847412109
7DPO,7.460000038146973
7AKF,7.920000076293945
4KNB,8.369999885559082
7EFQ,8.59000015258789
6BJO,5.230000019073486
7DH9,7.920000076293945
5AQW,6.450000047683716
4FTK,7.920000076293945
6AF9,5.0400002002716064
8PVD,5.0400002002716064
4JVG,8.369999885559082
8BX0,5.960000038146973
3DT0,7.56000018119812
6GMR,5.0400002002716064
6FYR,7.460000038146973
7AJ8,6.699999809265137
5DWG,4.010000228881836
8CSR,5.0400002002716064
7Q13,5.0400002002716064
3LXN,7.7200000286102295
5DRJ,4.849999904632568
7CHN,7.920000076293945
5HMH,9.0
1ZQ5,5.960000038146973
6DZW,6.125
3I81,7.56000018119812
7YAJ,5.0400002002716064
5UCI,7.7200000286102295
5D24,6.450000047683716
5TLF,4.849999904632568
6PIT,6.450000047683716
2E2X,5.0400002002716064
3D5F,6.5950000286102295
7FVK,3.125
3OMK,8.369999885559082
7FVD,5.960000038146973
6FR0,7.460000038146973
5HNI,6.450000047683716
5S93,5.960000038146973
4GJ7,7.7200000286102295
2YHW,6.450000047683716
5EI1,4.010000228881836
2B7D,6.450000047683716
5DXB,5.230000019073486
5CS8,7.659999847412109
8V1F,5.960000038146973
9CFZ,5.0400002002716064
6EEB,5.0400002002716064
7R9N,7.460000038146973
6JJ3,7.659999847412109
5EXA,7.7200000286102295
1IMX,5.960000038146973
7HAP,5.0400002002716064
4U41,7.659999847412109
7X3O,5.0400002002716064
4ODF,5.960000038146973
3T9F,5.0400002002716064
2O28,6.450000047683716
2YFX,7.460000038146973
7T9N,5.0400002002716064
2R3H,6.450000047683716
5DKS,4.010000228881836
1J9C,5.960000038146973
6XRM,8.369999885559082
9GEK,5.0400002002716064
4YLW,7.659999847412109
1GWQ,4.010000228881836
5AK2,6.049999952316284
4V24,7.659999847412109
3BV2,8.369999885559082
8IMY,5.960000038146973
8FEC,5.960000038146973
5URV,5.0400002002716064
5URY,5.0400002002716064
2JC6,7.659999847412109
7AVY,8.369999885559082
6NFY,7.920000076293945
3CLY,5.0400002002716064
2E3N,6.450000047683716
8ZMY,5.960000038146973
6WZV,6.450000047683716
8IVG,5.230000019073486
4O38,5.0400002002716064
7EM7,5.0400002002716064
6J0O,7.659999847412109
7CHM,7.920000076293945
5S8Z,5.960000038146973
7PJN,7.659999847412109
5TM1,6.049999952316284
7NN2,5.0400002002716064
7M0T,7.920000076293945
8T3R,5.0400002002716064
2D4Q,5.0400002002716064
2V4M,5.0400002002716064
5ACL,7.505000114440918
5X79,6.450000047683716
3HCN,5.960000038146973
1SSP,5.960000038146973
7JXH,7.920000076293945
7VWF,5.0400002002716064
4CWT,7.659999847412109
7AB2,7.56000018119812
6BRC,7.460000038146973
9B3N,5.960000038146973
8C6M,5.960000038146973
5RKE,5.0400002002716064
3ML8,7.659999847412109
8JCX,5.960000038146973
8YGW,8.369999885559082
4QFY,5.960000038146973
6Q9O,7.460000038146973
8BZF,7.7200000286102295
7G9G,6.450000047683716
7UP5,5.0400002002716064
7DHO,6.699999809265137
7O9Y,6.699999809265137
6RQ7,5.960000038146973
6N7D,7.659999847412109
5C50,5.0400002002716064
8X5K,7.659999847412109
3ZLR,7.56000018119812
3B5R,7.920000076293945
8A62,3.125
6EIJ,6.699999809265137
4OTQ,7.920000076293945
6L1Z,4.849999904632568
4ZW1,6.699999809265137
1NZQ,7.56000018119812
2VJ6,3.125
3DUX,7.56000018119812
4ZI1,4.010000228881836
5DUH,6.049999952316284
4WDX,5.0400002002716064
3R8H,5.0400002002716064
8V78,5.960000038146973
5CJ7,5.960000038146973
8DUI,5.960000038146973
7N7L,7.659999847412109
1LHE,5.230000019073486
3ZLN,7.56000018119812
4RXR,5.960000038146973
2LZG,5.960000038146973
4U42,7.659999847412109
5S8X,5.0400002002716064
2QE4,4.849999904632568
7OVJ,7.460000038146973
7G8B,6.450000047683716
5M4H,5.960000038146973
4QG1,5.960000038146973
7K6O,7.659999847412109
9C57,5.0400002002716064
7LOT,6.450000047683716
5S8F,7.56000018119812
5DWE,4.010000228881836
4DWK,6.450000047683716
5IPJ,7.920000076293945
6PDO,6.699999809265137
4KO8,5.0400002002716064
2WF1,6.450000047683716
2Q6S,7.920000076293945
6U9A,7.659999847412109
4ZTH,7.659999847412109
6M4U,7.7200000286102295
7ULL,5.0400002002716064
3JYA,6.699999809265137
4X8U,5.0400002002716064
5DWI,4.010000228881836
1XBO,5.0400002002716064
5RJP,5.0400002002716064
8TBS,5.0400002002716064
8D6F,7.659999847412109
5OWR,6.450000047683716
3GJR,6.450000047683716
5KPQ,9.0
5FDX,7.659999847412109
2YFE,5.0400002002716064
5AZT,5.0400002002716064
6H3E,5.0400002002716064
4YQU,5.230000019073486
5T4H,5.960000038146973
1AWH,7.7200000286102295
9BQE,5.960000038146973
6UKV,8.59000015258789
6UIP,7.460000038146973
2VX3,7.659999847412109
4MG6,5.0400002002716064
2XE8,5.0400002002716064
6CPG,7.659999847412109
3KTM,5.0400002002716064
5LAZ,7.659999847412109
5HOX,5.0400002002716064
7FZO,5.960000038146973
7G8V,3.125
6MD9,5.0400002002716064
2KQD,5.0400002002716064
5AEN,5.0400002002716064
5I3O,8.369999885559082
5IH9,7.659999847412109
2IZS,6.699999809265137
8UOJ,5.960000038146973
7O2V,7.920000076293945
7RRX,6.049999952316284
5EHO,7.659999847412109
6HWV,7.920000076293945
9AXF,6.450000047683716
3CKX,7.920000076293945
8X73,5.960000038146973
6HMU,5.0400002002716064
7WQM,5.0400002002716064
4AYY,5.230000019073486
5ZYK,5.960000038146973
7UJY,7.659999847412109
7O9X,5.0400002002716064
7UG1,5.230000019073486
4EQU,7.920000076293945
5U2D,6.049999952316284
3HUB,7.7200000286102295
3VJK,5.960000038146973
3RLJ,6.450000047683716
2JF9,7.659999847412109
4ERE,5.0400002002716064
8YF1,7.7200000286102295
1FIT,5.0400002002716064
3MDY,7.659999847412109
6Z2V,7.460000038146973
5MPN,5.0400002002716064
6ZPT,5.960000038146973
1H8I,7.56000018119812
7M2K,6.450000047683716
2CMW,7.460000038146973
2POG,4.010000228881836
4MH0,7.460000038146973
7RS2,6.049999952316284
7R9V,7.659999847412109
4HLW,5.960000038146973
5NWD,5.0400002002716064
7MXG,6.125
2CHW,7.920000076293945
9C56,7.505000114440918
7NMX,6.450000047683716
7NPB,5.0400002002716064
6RP6,5.960000038146973
6DO2,5.0400002002716064
7OVN,7.920000076293945
7SU0,5.0400002002716064
6VZL,6.450000047683716
5X28,7.659999847412109
6YT6,6.699999809265137
4MXZ,7.920000076293945
1LD7,5.0400002002716064
8FLM,5.230000019073486
4K0Y,7.460000038146973
4OJB,7.505000114440918
5GWJ,6.450000047683716
4GK3,7.920000076293945
1WSS,5.960000038146973
2I4J,5.0400002002716064
7FVL,5.230000019073486
3T8M,7.659999847412109
7R9Y,7.659999847412109
3TH4,5.960000038146973
2FVJ,8.369999885559082
3GHS,5.960000038146973
7RLJ,5.0400002002716064
3MB3,5.960000038146973
7AJV,7.920000076293945
3KWF,8.149999618530273
2VGG,5.0400002002716064
4HGE,6.450000047683716
4DJX,5.960000038146973
5UWD,7.659999847412109
7D0E,5.0400002002716064
4JQ4,5.0400002002716064
6HHJ,7.56000018119812
2BKA,5.960000038146973
5N4N,6.699999809265137
5RJS,5.230000019073486
4TUZ,6.049999952316284
5IA5,8.369999885559082
5RKA,5.0400002002716064
8BYB,5.960000038146973
1G50,5.960000038146973
2QA6,4.849999904632568
6F8O,5.0400002002716064
3LFD,6.450000047683716
7PVS,5.0400002002716064
5UU4,5.0400002002716064
6X81,5.0400002002716064
7P6T,5.0400002002716064
6DW7,5.960000038146973
6ALC,5.960000038146973
3GU8,7.460000038146973
3U6J,7.920000076293945
4JQ2,7.659999847412109
6WXN,7.920000076293945
8UAP,5.230000019073486
2V3H,6.450000047683716
3ADS,5.0400002002716064
7KHH,6.5950000286102295
4C6F,5.960000038146973
5H19,6.450000047683716
3BHH,6.699999809265137
8WTA,5.0400002002716064
7FVY,5.960000038146973
5CGP,7.460000038146973
5T8F,7.659999847412109
3Q8R,5.960000038146973
1WQV,5.960000038146973
1M17,6.5950000286102295
6YF2,7.7200000286102295
7FVN,5.960000038146973
6BQL,7.659999847412109
8HNH,5.230000019073486
3GHU,5.960000038146973
4OFU,5.960000038146973
6LP7,5.0400002002716064
1JCQ,5.0400002002716064
5JFX,7.920000076293945
3QI1,7.56000018119812
5RJW,8.59000015258789
6W89,5.0400002002716064
2ZK4,5.0400002002716064
5NYH,5.960000038146973
5Q0M,5.230000019073486
8EL9,5.0400002002716064
6EO6,6.450000047683716
5TN3,5.960000038146973
2C3I,7.460000038146973
4LWI,7.56000018119812
5WS1,5.960000038146973
3OZ0,8.369999885559082
6GVA,6.699999809265137
5S94,5.960000038146973
7UAF,5.960000038146973
5HE3,7.920000076293945
2F0Y,5.0400002002716064
8GJX,5.960000038146973
4DI2,7.56000018119812
8BX4,5.960000038146973
2W4O,7.460000038146973
4BAK,7.56000018119812
7Q7K,7.920000076293945
3UG2,7.920000076293945
2L84,5.0400002002716064
5J95,7.659999847412109
5DYW,5.0400002002716064
5U3X,6.5950000286102295
6PFM,4.010000228881836
1J96,5.0400002002716064
8AAO,5.230000019073486
7QQG,5.0400002002716064
5NN4,5.0400002002716064
7AW1,7.460000038146973
5UEU,7.460000038146973
8FCA,7.7200000286102295
6G73,5.0400002002716064
7L99,7.659999847412109
7QJG,6.450000047683716
7B32,7.920000076293945
7Q7I,7.920000076293945
5QIW,5.0400002002716064
6HDP,6.049999952316284
2NPA,6.5950000286102295
6LCB,6.450000047683716
6AFD,5.0400002002716064
4P5Q,6.5950000286102295
7RBE,5.0400002002716064
1GWR,5.960000038146973
6ZPQ,5.0400002002716064
7FVQ,5.960000038146973
5N4Z,5.0400002002716064
7FZL,5.960000038146973
4TV1,5.0400002002716064
6KHD,6.699999809265137
3QFA,5.0400002002716064
6LX5,5.960000038146973
7RRZ,6.5950000286102295
7C9W,5.0400002002716064
5ZYM,5.960000038146973
2FAI,7.7200000286102295
5UI4,5.0400002002716064
3FJL,5.0400002002716064
8FD8,5.960000038146973
7YIT,5.960000038146973
5O13,7.920000076293945
3PEQ,7.920000076293945
8U57,5.0400002002716064
7RTK,5.0400002002716064
5VCJ,5.960000038146973
6J81,5.960000038146973
4WMT,5.0400002002716064
3LW0,6.450000047683716
4EMA,8.59000015258789
5YXD,5.0400002002716064
8X71,5.960000038146973
8U02,5.0400002002716064
3AN3,7.56000018119812
5KCT,6.049999952316284
1C88,7.56000018119812
5ACB,8.369999885559082
6OVA,7.56000018119812
4QTC,7.460000038146973
4CD0,7.920000076293945
3GD2,7.920000076293945
5HGZ,6.450000047683716
4FGY,7.7200000286102295
6CQX,5.0400002002716064
5QEZ,6.125
5HYK,7.659999847412109
2WI4,5.0400002002716064
8UBZ,5.960000038146973
6IF0,5.0400002002716064
4V3D,5.0400002002716064
6TDC,7.920000076293945
7VJL,7.460000038146973
5Z5S,7.920000076293945
6DWN,6.450000047683716
3A9E,7.7200000286102295
3PBA,5.0400002002716064
6CPF,5.0400002002716064
3X08,5.0400002002716064
5NK0,7.659999847412109
6NRG,6.125
4I24,7.920000076293945
7G90,5.960000038146973
7JWN,5.0400002002716064
8Q7R,5.0400002002716064
8TYQ,5.230000019073486
2BAW,5.0400002002716064
3P89,7.920000076293945
6Q4F,5.0400002002716064
9LIZ,5.0400002002716064
1WM0,6.450000047683716
4PY0,5.0400002002716064
5Y44,7.7200000286102295
3I0F,5.0400002002716064
5KM6,6.450000047683716
1FHI,5.0400002002716064
7FRK,6.450000047683716
8BD8,7.7200000286102295
3H3Q,6.450000047683716
2BVS,6.450000047683716
5CJ6,7.56000018119812
5RKH,5.960000038146973
7SIU,7.659999847412109
5LQ9,7.659999847412109
7L24,7.460000038146973
2VZ6,6.699999809265137
7CHT,7.920000076293945
5UOO,6.699999809265137
5N64,6.450000047683716
2Y7J,7.920000076293945
5HBH,5.960000038146973
4OEA,5.960000038146973
7BU4,7.920000076293945
5EQI,5.960000038146973
5EQE,5.960000038146973
7H9W,5.960000038146973
7XHY,5.230000019073486
5LO0,8.369999885559082
4F70,7.56000018119812
3W3M,5.0400002002716064
7WGO,6.450000047683716
3R92,7.7200000286102295
6VI4,7.56000018119812
3UGR,5.0400002002716064
2YDO,5.0400002002716064
5UES,5.0400002002716064
7HB6,5.0400002002716064
6GGA,5.0400002002716064
7VXG,5.960000038146973
5W0F,5.960000038146973
8TX8,5.0400002002716064
6M93,6.450000047683716
7FUT,5.960000038146973
3VSP,7.56000018119812
7JWE,7.56000018119812
1QPF,7.7200000286102295
4NKG,5.0400002002716064
8Q6R,5.960000038146973
4F7L,6.450000047683716
5S98,5.0400002002716064
5HMI,9.0
5QE4,6.450000047683716
1YUK,6.450000047683716
3VSO,6.450000047683716
3FAL,7.7200000286102295
5VDA,7.56000018119812
6TNC,7.460000038146973
4CI4,5.0400002002716064
7THS,5.230000019073486
9IJP,5.0400002002716064
1FF7,5.960000038146973
4JWR,5.0400002002716064
5W5Q,7.460000038146973
5Q0X,7.920000076293945
6VXR,7.920000076293945
8X7P,5.0400002002716064
8P73,5.230000019073486
8Z7W,6.450000047683716
2PRM,5.0400002002716064
5DDD,5.960000038146973
5BYB,5.0400002002716064
7R60,7.659999847412109
4B77,5.960000038146973
5FXR,7.920000076293945
6VP0,5.0400002002716064
9AS7,5.0400002002716064
7ONR,7.7200000286102295
4P6X,5.960000038146973
5S91,9.0
1L2I,4.849999904632568
4I41,6.049999952316284
6V1K,7.659999847412109
4NYV,5.960000038146973
6FDZ,7.460000038146973
8JL4,6.450000047683716
2IOG,8.369999885559082
5HZI,7.920000076293945
2ZVT,5.0400002002716064
6ZMJ,5.0400002002716064
2A0Q,6.450000047683716
9JD3,5.0400002002716064
1T4E,7.659999847412109
5UYJ,6.699999809265137
4F6U,7.56000018119812
2WMS,6.450000047683716
5HBE,7.659999847412109
2YEG,5.0400002002716064
1WV7,5.960000038146973
7FHT,6.699999809265137
8AUU,5.0400002002716064
4Z2W,5.0400002002716064
6EO8,7.56000018119812
5RKF,5.0400002002716064
2M9S,5.0400002002716064
5DXQ,4.010000228881836
6KHF,6.699999809265137
5BN9,5.0400002002716064
5DX3,5.960000038146973
4YZC,7.920000076293945
6OAV,6.450000047683716
4MTA,6.699999809265137
3KMX,5.0400002002716064
7SZD,5.960000038146973
4G2F,7.920000076293945
8WZJ,5.0400002002716064
3F3Y,5.960000038146973
8CK8,7.599999904632568
6LS5,5.0400002002716064
7G11,5.0400002002716064
8IT6,5.230000019073486
5DDC,8.149999618530273
5H2Z,5.0400002002716064
7AVZ,7.460000038146973
6TGU,7.920000076293945
7YMK,5.0400002002716064
8FP1,5.960000038146973
5OAI,6.699999809265137
7FZB,7.7200000286102295
6XE8,5.0400002002716064
5NK1,7.659999847412109
3R5N,5.0400002002716064
6D8X,6.450000047683716
4HXN,6.125
1DGB,5.0400002002716064
4EM9,5.0400002002716064
7KTH,5.960000038146973
6OD6,6.450000047683716
9C42,5.0400002002716064
7BAC,5.230000019073486
5J6L,5.0400002002716064
3SML,7.7200000286102295
2H6F,6.450000047683716
5Z0S,7.659999847412109
7FVW,5.960000038146973
7A7H,6.450000047683716
8BIK,7.659999847412109
5RKN,6.450000047683716
1RHR,6.450000047683716
2JDR,7.659999847412109
8EXV,5.230000019073486
8CZA,8.369999885559082
3S5Z,5.960000038146973
5CXY,5.0400002002716064
7S2Y,5.0400002002716064
5Q0P,8.369999885559082
8BYY,5.230000019073486
7BQ4,5.0400002002716064
7QGB,5.0400002002716064
6BQ8,5.960000038146973
4M12,6.450000047683716
5LLH,6.699999809265137
6GYO,5.0400002002716064
3X0C,5.0400002002716064
8FKC,5.230000019073486
7TJ9,5.0400002002716064
2ACS,5.0400002002716064
8UAQ,5.230000019073486
1JUJ,5.960000038146973
5S7C,7.659999847412109
7PGU,5.0400002002716064
6ZUN,7.56000018119812
8X7H,5.230000019073486
5TLL,4.010000228881836
6Q1U,3.125
6NO8,8.369999885559082
7S9X,7.920000076293945
5AV4,4.010000228881836
6JJU,5.0400002002716064
4XX5,7.659999847412109
6Z50,7.460000038146973
5N93,7.659999847412109
5ENG,6.450000047683716
7G8E,5.960000038146973
5RKY,5.230000019073486
7JGW,7.56000018119812
4HXM,6.450000047683716
5KCF,6.049999952316284
8BYN,5.960000038146973
4JZD,6.450000047683716
6Z8W,5.0400002002716064
6ZPD,5.0400002002716064
8UN3,9.0
4X2K,7.659999847412109
3DEJ,6.450000047683716
2Q6J,7.920000076293945
8UOL,5.230000019073486
6EGD,7.56000018119812
4BG6,6.450000047683716
3CGO,5.230000019073486
6Y1P,6.450000047683716
1YC3,5.960000038146973
7SR6,5.0400002002716064
3K22,6.450000047683716
3EPB,5.0400002002716064
7KTD,5.960000038146973
8U0H,5.230000019073486
9LJ1,5.230000019073486
8TUC,5.960000038146973
4GK4,7.920000076293945
7JUO,7.460000038146973
7UP6,6.699999809265137
3TN8,6.699999809265137
6M3I,5.0400002002716064
4CYG,6.450000047683716
5S9E,5.960000038146973
2F9P,5.0400002002716064
5TMW,6.049999952316284
1FKB,7.7200000286102295
1SNU,8.369999885559082
4PPS,5.960000038146973
6HP9,8.369999885559082
5C91,6.450000047683716
7FQH,5.230000019073486
7QRB,5.230000019073486
7H9P,5.0400002002716064
5N1X,6.450000047683716
4M13,6.450000047683716
6XBM,7.7200000286102295
2VAG,7.460000038146973
2ZNN,7.56000018119812
6DW5,8.149999618530273
6WNY,9.0
9BMH,5.0400002002716064
3WZE,6.699999809265137
6RJL,5.0400002002716064
3SVH,5.0400002002716064
5RKT,5.960000038146973
8DV7,5.960000038146973
2R3J,7.460000038146973
8DC8,7.7200000286102295
5KJ2,6.450000047683716
4OCC,5.0400002002716064
5KM3,5.0400002002716064
2I4Z,5.0400002002716064
5JFS,7.920000076293945
2P4Y,7.920000076293945
8TBU,5.960000038146973
6Q96,7.920000076293945
7K15,6.450000047683716
7YI7,9.0
4YKQ,5.0400002002716064
3N8I,5.0400002002716064
1LHD,5.230000019073486
7TE7,6.5950000286102295
7QVL,5.230000019073486
4TO2,5.960000038146973
3H44,5.960000038146973
7JYS,5.0400002002716064
4G8L,5.0400002002716064
7BR3,5.0400002002716064
6KUW,7.7200000286102295
8T99,5.0400002002716064
5UVW,7.460000038146973
1EV3,5.0400002002716064
4XCT,5.0400002002716064
8Q9S,7.460000038146973
8WM9,7.7200000286102295
6ZFH,5.0400002002716064
7AJ5,6.699999809265137
7FRZ,5.0400002002716064
8OG9,5.960000038146973
2QD1,6.049999952316284
6CBZ,5.960000038146973
5RK8,5.0400002002716064
4RER,5.0400002002716064
5Q0L,5.230000019073486
5QIP,6.450000047683716
6Y99,5.960000038146973
5SAU,7.659999847412109
9B14,5.0400002002716064
2BRM,7.659999847412109
8X7M,5.230000019073486
5I9V,5.0400002002716064
6CZ5,6.450000047683716
2ACU,5.0400002002716064
8PA6,5.230000019073486
1E2E,5.960000038146973
6KBA,6.450000047683716
2IZT,7.460000038146973
6E5A,5.0400002002716064
6BFD,7.56000018119812
1HE4,5.0400002002716064
5KTW,7.56000018119812
6SUO,7.659999847412109
7AO8,5.0400002002716064
2XCV,5.0400002002716064
5TVT,8.369999885559082
8HND,5.960000038146973
8T47,5.0400002002716064
3QDD,7.659999847412109
3POO,4.010000228881836
7GSF,6.450000047683716
4WMX,5.0400002002716064
4TNR,5.960000038146973
8BYE,5.960000038146973
4TNB,5.0400002002716064
5TEL,7.460000038146973
2JFL,7.460000038146973
7OQW,6.450000047683716
4RN0,5.960000038146973
3L4W,5.960000038146973
5ACC,7.659999847412109
2R2J,5.0400002002716064
8W6C,7.7200000286102295
8TRW,5.0400002002716064
7SQL,5.0400002002716064
7YNQ,5.230000019073486
3HG4,5.0400002002716064
4KXB,6.450000047683716
8EBT,5.0400002002716064
9ESZ,5.0400002002716064
4GJ3,6.450000047683716
6QXK,8.369999885559082
3FC6,7.7200000286102295
2D7R,6.450000047683716
3X1I,5.0400002002716064
6A4I,5.960000038146973
3BL9,5.960000038146973
6YVK,5.0400002002716064
7YXR,7.599999904632568
5Y49,5.960000038146973
6QCD,5.0400002002716064
6WFK,6.450000047683716
3SP5,7.7200000286102295
7LAZ,7.659999847412109
5TF8,5.0400002002716064
4ZNH,6.049999952316284
6JWA,5.860000133514404
8G1U,5.0400002002716064
5AQZ,5.0400002002716064
6FW2,5.0400002002716064
2VUW,7.460000038146973
7MIH,7.505000114440918
1DGH,5.0400002002716064
7B4C,5.960000038146973
6AY3,7.659999847412109
3A7I,5.0400002002716064
2V7A,7.56000018119812
5RK3,5.0400002002716064
6WH4,5.960000038146973
7BG3,5.0400002002716064
5DXR,4.010000228881836
3DKO,7.920000076293945
6IZM,7.920000076293945
5Q1I,7.659999847412109
5ENH,5.0400002002716064
4RWA,5.0400002002716064
5U3S,6.5950000286102295
7WTC,5.960000038146973
6RQ4,8.369999885559082
6EYB,7.659999847412109
2FJM,9.0
8HUL,6.5950000286102295
5KTX,5.960000038146973
6CM4,9.0
3WZJ,7.460000038146973
7M5Z,5.230000019073486
6LIL,5.0400002002716064
8G5D,6.450000047683716
6S39,5.0400002002716064
7R4M,5.0400002002716064
2JBU,5.960000038146973
6LKM,5.960000038146973
7PW8,5.0400002002716064
7RUX,6.450000047683716
5VDH,5.960000038146973
7AB1,7.460000038146973
5K7G,7.56000018119812
4X8T,5.960000038146973
5TN7,4.849999904632568
4JOC,5.0400002002716064
7NKE,5.0400002002716064
8HUO,7.599999904632568
5AAU,7.659999847412109
6N79,7.659999847412109
6LP6,5.0400002002716064
3QCF,8.59000015258789
6SQF,7.56000018119812
6L13,7.460000038146973
6N8G,8.369999885559082
5S97,5.230000019073486
5OLG,6.450000047683716
7UGL,5.230000019073486
7UJM,6.5950000286102295
8G67,9.0
1T84,5.0400002002716064
3FT8,7.659999847412109
3FVU,5.0400002002716064
8PM3,5.230000019073486
6Y9R,7.460000038146973
5TM9,7.659999847412109
3ZSI,7.920000076293945
5I3R,8.369999885559082
7G99,5.960000038146973
8S88,6.450000047683716
5EQH,6.450000047683716
1OIP,6.699999809265137
3QCJ,6.450000047683716
9FSH,7.7200000286102295
4G0V,6.450000047683716
6C99,6.125
5WU3,5.0400002002716064
5ZXF,5.0400002002716064
7FYF,6.125
5O8V,6.450000047683716
6R6X,7.460000038146973
6GVH,7.659999847412109
9CTV,5.0400002002716064
3FEI,7.659999847412109
5U2C,7.659999847412109
7LAK,6.450000047683716
5TM3,6.049999952316284
2YE5,5.0400002002716064
8HLP,5.0400002002716064
7FVF,5.960000038146973
7KK5,5.960000038146973
3U10,5.960000038146973
6SMA,5.0400002002716064
5U3T,8.59000015258789
8JEW,5.0400002002716064
5OCI,7.659999847412109
7S1R,5.0400002002716064
8AKA,5.0400002002716064
6ZOQ,6.5950000286102295
5XQD,6.450000047683716
6NUB,5.0400002002716064
4M0Y,6.450000047683716
7BSU,5.0400002002716064
7X3M,5.0400002002716064
3OP5,7.659999847412109
7ATS,7.659999847412109
7DHN,6.699999809265137
7YBP,5.230000019073486
2BVX,6.450000047683716
5S8I,7.56000018119812
6ZGV,5.0400002002716064
2V3O,6.450000047683716
2QZL,7.505000114440918
4UDW,7.56000018119812
2H55,7.659999847412109
2JH0,7.56000018119812
9FET,7.659999847412109
6HMP,7.920000076293945
7FSV,6.450000047683716
7FS1,5.0400002002716064
5ENB,6.450000047683716
7AVT,6.450000047683716
6ZMK,5.0400002002716064
5FTO,8.369999885559082
6L15,7.460000038146973
6FBO,6.450000047683716
3GOK,7.920000076293945
5O0Y,5.0400002002716064
8UO9,8.149999618530273
1M48,6.450000047683716
8DHG,5.0400002002716064
6NF1,7.56000018119812
5KPP,8.149999618530273
6B0F,4.010000228881836
8E8C,5.0400002002716064
6WFV,5.0400002002716064
5ZGG,5.0400002002716064
3KMR,7.56000018119812
8REJ,5.960000038146973
5H15,5.960000038146973
6F3I,5.230000019073486
2XJ2,7.460000038146973
8T82,5.0400002002716064
2UVZ,7.659999847412109
6YVL,5.0400002002716064
6F84,5.0400002002716064
5WGQ,5.960000038146973
3Q6E,5.960000038146973
5Y3O,5.0400002002716064
5HF5,5.0400002002716064
5FGK,7.659999847412109
7Z6H,5.0400002002716064
8R1A,5.0400002002716064
7G95,5.0400002002716064
5Q1G,5.230000019073486
7BQ2,6.5950000286102295
1ZKY,5.0400002002716064
4B99,7.659999847412109
5N5M,5.960000038146973
5EGV,4.849999904632568
1I0Z,5.960000038146973
3QCG,8.59000015258789
2I17,5.960000038146973
3OTF,5.960000038146973
5RKX,7.599999904632568
3RT3,5.0400002002716064
1LHG,5.230000019073486
5A1I,6.450000047683716
2BZ6,3.125
8X92,5.230000019073486
1AI8,6.450000047683716
8XY7,5.0400002002716064
6MH1,7.659999847412109
2PKL,5.960000038146973
6MXZ,6.450000047683716
7FVB,5.960000038146973
5WRY,7.56000018119812
2XJC,5.0400002002716064
7AQT,6.450000047683716
7FVJ,3.125
3O8X,5.960000038146973
2BIL,7.920000076293945
2RKZ,5.0400002002716064
6S86,5.960000038146973
1PYN,6.450000047683716
7ZI3,7.599999904632568
8DSZ,7.920000076293945
7SZC,5.960000038146973
8D0Q,5.960000038146973
5EXW,5.0400002002716064
6IAR,6.5950000286102295
4NYX,7.56000018119812
5U6J,7.505000114440918
5U2F,7.460000038146973
2BXT,7.56000018119812
3IFW,5.0400002002716064
5QD0,7.56000018119812
8OP9,5.0400002002716064
9BU7,5.0400002002716064
6PSJ,4.010000228881836
1XK5,5.960000038146973
2HZQ,7.7200000286102295
7KKE,6.5950000286102295
7G9I,5.230000019073486
9F7W,5.0400002002716064
3I25,7.505000114440918
3ZS2,5.0400002002716064
8XSM,5.0400002002716064
4ZNT,6.049999952316284
3V49,7.659999847412109
9ET7,5.0400002002716064
6JJ5,7.659999847412109
8JCV,5.960000038146973
7MTB,5.0400002002716064
8BX9,5.230000019073486
1MU8,6.450000047683716
5RJZ,6.450000047683716
3PO9,5.0400002002716064
5TLV,4.010000228881836
4ZNW,6.049999952316284
5C5A,7.7200000286102295
6FQT,6.450000047683716
6ITM,5.960000038146973
6QE1,7.659999847412109
5Q16,7.659999847412109
7DH3,6.699999809265137
8T5K,5.960000038146973
7ERA,5.0400002002716064
6Q4A,5.0400002002716064
8E8B,5.0400002002716064
1CBS,7.7200000286102295
7ONS,7.7200000286102295
1H8D,7.56000018119812
2VSL,5.0400002002716064
7O20,6.450000047683716
6AWO,6.450000047683716
9INV,5.0400002002716064
2FWZ,7.56000018119812
4JXF,7.920000076293945
9LJ5,5.0400002002716064
6UKW,7.599999904632568
7ZU2,5.960000038146973
3O8T,6.450000047683716
2DOH,5.960000038146973
1A3B,5.230000019073486
6G34,7.460000038146973
1GCQ,5.0400002002716064
3KDT,7.659999847412109
4N3B,6.450000047683716
7O70,9.0
2VO7,5.960000038146973
5WIJ,7.659999847412109
2RJ8,5.0400002002716064
7B1Q,6.450000047683716
4FSN,7.920000076293945
4WZV,6.450000047683716
6L11,7.460000038146973
7N3R,5.0400002002716064
7AEI,7.659999847412109
8PAU,5.230000019073486
6M2B,5.0400002002716064
3KA0,7.659999847412109
4V26,5.0400002002716064
6C5T,6.450000047683716
6XEE,5.0400002002716064
5Q0S,8.369999885559082
6NJA,5.0400002002716064
1O0D,7.56000018119812
4FV1,7.659999847412109
6CJF,5.0400002002716064
4XZ4,7.659999847412109
8HL7,5.0400002002716064
8HCK,5.0400002002716064
5AND,5.0400002002716064
6TND,8.369999885559082
8BYD,5.960000038146973
6UO8,5.0400002002716064
1YND,7.7200000286102295
5Q12,7.659999847412109
5QQM,6.450000047683716
5ED2,5.0400002002716064
2WIK,5.0400002002716064
7KT3,5.960000038146973
1QKM,6.049999952316284
2RCW,5.960000038146973
4HG7,7.7200000286102295
5NLK,6.450000047683716
5J3J,6.125
8AAP,5.230000019073486
3E3E,5.0400002002716064
1K22,7.56000018119812
4W8D,7.659999847412109
4O0Y,7.659999847412109
1NMQ,7.505000114440918
5W0L,5.960000038146973
4R07,5.0400002002716064
8JNZ,5.960000038146973
5VD3,8.369999885559082
9BC7,5.0400002002716064
5S7V,7.659999847412109
6XLO,7.920000076293945
9CGB,5.0400002002716064
1FAK,5.960000038146973
3TO4,6.450000047683716
2FES,7.56000018119812
1XJD,7.659999847412109
7LU5,5.960000038146973
4RXS,5.0400002002716064
7P4E,7.56000018119812
2ZO3,7.56000018119812
5AFZ,7.505000114440918
6HMC,7.920000076293945
3FD5,5.0400002002716064
5Z1R,6.450000047683716
5DTV,6.049999952316284
5T1W,6.450000047683716
4ISH,5.0400002002716064
7GTR,6.450000047683716
7E0G,6.879999876022339
4CTC,7.920000076293945
5DIE,5.860000133514404
4IW8,4.849999904632568
8QTH,7.7200000286102295
6ENQ,8.59000015258789
6W44,5.0400002002716064
5BO6,5.0400002002716064
7LH7,7.56000018119812
8FVF,7.460000038146973
6P3D,8.369999885559082
6AF5,5.960000038146973
5I88,7.659999847412109
5DKE,4.010000228881836
7CD9,6.450000047683716
3CDS,5.0400002002716064
5QE3,6.450000047683716
7SFL,7.505000114440918
7NWK,6.699999809265137
3LZ5,5.0400002002716064
6UKY,8.59000015258789
6WUZ,5.0400002002716064
2XKW,8.59000015258789
3X1H,5.0400002002716064
6F2U,5.0400002002716064
4AYT,5.0400002002716064
4A4V,5.0400002002716064
5HNU,5.0400002002716064
9CQC,5.0400002002716064
7XYH,5.960000038146973
2IL2,6.450000047683716
8KEI,5.0400002002716064
7APO,7.56000018119812
1ERE,5.960000038146973
6SLW,5.0400002002716064
5RKO,8.149999618530273
6HXF,6.699999809265137
8P71,5.230000019073486
3FEJ,8.59000015258789
3SW4,6.699999809265137
7NEL,5.960000038146973
7ERB,5.0400002002716064
2ZK1,5.0400002002716064
3HMP,6.699999809265137
6AFA,5.0400002002716064
8V72,5.960000038146973
9IWO,5.230000019073486
5Y93,6.5950000286102295
5S76,7.659999847412109
4QXR,5.0400002002716064
5KPZ,6.450000047683716
7G1R,5.960000038146973
4PNZ,8.149999618530273
4RFM,7.56000018119812
3BHT,7.659999847412109
6DCU,5.0400002002716064
3U6H,7.920000076293945
5O8U,7.920000076293945
1BHX,5.230000019073486
4V3E,5.0400002002716064
8DV5,5.960000038146973
6YIJ,5.960000038146973
7C2Z,5.860000133514404
4TO1,5.960000038146973
2VEY,6.450000047683716
4Z6A,5.960000038146973
9GR0,5.0400002002716064
6X1M,6.450000047683716
7G9B,6.450000047683716
6BTY,5.960000038146973
5S8E,5.0400002002716064
5G6V,7.920000076293945
3EB1,5.0400002002716064
4XVD,5.0400002002716064
4BC6,7.920000076293945
5TMS,5.960000038146973
1UZE,6.450000047683716
8JPF,7.7200000286102295
8REV,5.960000038146973
5DV2,5.0400002002716064
3JYJ,6.450000047683716
4MPV,6.450000047683716
8RHG,5.0400002002716064
2WF2,7.56000018119812
6IEZ,5.0400002002716064
7LA9,7.460000038146973
5MQK,5.0400002002716064
7UN7,5.960000038146973
8OV6,3.125
4IAA,7.460000038146973
2NRY,8.369999885559082
6OQA,7.7200000286102295
6NTN,5.0400002002716064
1GZY,6.450000047683716
3VEY,5.0400002002716064
2A9J,5.0400002002716064
5QIG,5.0400002002716064
8OME,5.960000038146973
2PX6,6.450000047683716
2VGL,5.0400002002716064
3L3M,6.125
6CZ1,6.450000047683716
1PKD,7.460000038146973
2QAB,4.849999904632568
7VWH,6.450000047683716
3T42,5.0400002002716064
5JJM,5.960000038146973
7HB1,5.0400002002716064
6IN1,6.699999809265137
7D3E,5.960000038146973
8AOY,3.125
4PP6,4.010000228881836
8SS7,5.0400002002716064
9KRH,5.0400002002716064
5XF1,7.56000018119812
6UX9,7.505000114440918
3LXP,7.920000076293945
7K71,5.960000038146973
5TES,5.0400002002716064
8JL3,6.450000047683716
2H52,5.0400002002716064
7G8P,5.960000038146973
6YMO,5.0400002002716064
7ZVT,5.0400002002716064
8TSB,5.230000019073486
4IU7,4.849999904632568
4LSJ,7.659999847412109
2FHI,5.0400002002716064
5DXM,4.010000228881836
5H1U,5.0400002002716064
6NN4,5.0400002002716064
6W2L,5.0400002002716064
8UQ7,5.960000038146973
2HRQ,5.0400002002716064
5RKI,5.960000038146973
6Y6F,7.659999847412109
5TLX,7.460000038146973
3SOA,6.699999809265137
4KIK,7.920000076293945
4IVY,4.010000228881836
5LO1,7.659999847412109
3ADT,5.0400002002716064
6V87,7.659999847412109
6PZP,5.230000019073486
7AAC,5.960000038146973
2X7F,7.920000076293945
6X85,8.149999618530273
8U56,5.0400002002716064
6FNC,6.450000047683716
3OQF,5.960000038146973
7OBL,7.7200000286102295
3HO0,5.0400002002716064
3QPV,5.0400002002716064
6AFC,6.125
6YTG,7.460000038146973
2BU7,6.450000047683716
8QNH,7.7200000286102295
9JD9,5.0400002002716064
1BCU,5.0400002002716064
3I4B,7.659999847412109
5IA4,7.920000076293945
4A9F,5.960000038146973
4W7T,5.960000038146973
8WEJ,5.960000038146973
4K33,5.0400002002716064
5TMQ,6.049999952316284
5TMZ,5.960000038146973
7NFY,5.0400002002716064
5QCX,7.56000018119812
5Q0V,8.369999885559082
6ZOS,6.5950000286102295
6HLP,9.0
3R58,5.0400002002716064
7DG4,7.920000076293945
8HHP,7.659999847412109
3GZ9,5.0400002002716064
5YV9,7.659999847412109
6EIR,7.460000038146973
8X2A,7.659999847412109
5DLR,4.010000228881836
7FVO,3.125
8BY9,3.125
4Q93,5.0400002002716064
3HOD,5.0400002002716064
3VZV,5.960000038146973
6WGT,7.7200000286102295
6YIM,7.56000018119812
5Y1J,7.659999847412109
6TLP,6.699999809265137
6ZUU,7.56000018119812
7DPN,7.659999847412109
6V0U,7.505000114440918
3HU2,5.0400002002716064
4E5W,5.960000038146973
3F8S,8.149999618530273
7FQO,5.960000038146973
7TRB,7.599999904632568
2BIK,7.460000038146973
8BDM,3.125
7JGV,8.369999885559082
3LS8,5.960000038146973
5UR1,7.659999847412109
7NV1,5.960000038146973
5H25,9.0
1KV1,6.450000047683716
5KRO,7.7200000286102295
4BJX,7.56000018119812
5DZ1,4.010000228881836
7JP3,5.0400002002716064
9EWY,5.0400002002716064
5TM4,5.960000038146973
4R95,7.56000018119812
5Z8R,7.659999847412109
8DGS,5.0400002002716064
7R4P,5.0400002002716064
7W7X,7.659999847412109
1AIX,6.450000047683716
6VKQ,6.450000047683716
8IJR,5.0400002002716064
7KSJ,7.920000076293945
7FJF,7.7200000286102295
2OUZ,7.659999847412109
8VNX,5.230000019073486
5FBX,7.460000038146973
4F7J,6.450000047683716
6QCN,5.0400002002716064
8J03,5.0400002002716064
6DWJ,5.0400002002716064
6KXX,5.0400002002716064
2FKE,7.7200000286102295
7MR5,4.090000152587891
5Q0W,8.369999885559082
6CNX,7.920000076293945
5TMU,4.010000228881836
1O7S,5.0400002002716064
7FIC,7.659999847412109
5S90,5.960000038146973
7RS9,6.049999952316284
3WMH,7.505000114440918
5S8R,5.960000038146973
7UKZ,7.7200000286102295
7U99,5.960000038146973
7NEZ,7.659999847412109
5AM7,7.659999847412109
7Z5X,7.460000038146973
4TQB,5.0400002002716064
2VWX,7.920000076293945
6P0M,7.505000114440918
4JVS,5.0400002002716064
3GBK,8.369999885559082
4PVU,5.0400002002716064
5GSA,6.450000047683716
5RJJ,5.0400002002716064
6F7Q,5.0400002002716064
4AGL,5.0400002002716064
5LRZ,7.659999847412109
6F81,5.0400002002716064
7G81,5.0400002002716064
7FT0,6.450000047683716
7TD4,7.599999904632568
6VKK,6.450000047683716
4IUI,4.010000228881836
6GGN,7.659999847412109
3OWD,7.659999847412109
4MS1,5.0400002002716064
2VEV,6.450000047683716
6NQ2,5.0400002002716064
6L12,7.460000038146973
6KZI,7.460000038146973
4GSS,6.450000047683716
5DKG,4.010000228881836
5SCD,5.0400002002716064
5U3V,5.0400002002716064
6WI3,5.0400002002716064
6L96,6.5950000286102295
4XI9,6.450000047683716
4OIV,5.0400002002716064
7V3S,7.920000076293945
3CST,7.659999847412109
4OFR,5.960000038146973
7U8D,7.7200000286102295
3BUH,5.960000038146973
2WIG,6.450000047683716
5UVX,7.460000038146973
5UEP,5.960000038146973
5MMG,6.450000047683716
5DYX,5.0400002002716064
6OPI,8.369999885559082
7CR4,6.450000047683716
7ZRB,6.450000047683716
5F9B,7.7200000286102295
7WEU,6.450000047683716
5RKQ,6.450000047683716
3V2W,6.450000047683716
2YJA,5.960000038146973
6ZCD,5.0400002002716064
6DWD,9.0
5H1V,6.450000047683716
4CRL,5.960000038146973
8BDX,3.125
4AGM,5.960000038146973
1QKT,5.960000038146973
8ARW,3.125
4MGK,5.960000038146973
5EP7,5.0400002002716064
3G2S,5.0400002002716064
5J2X,5.0400002002716064
5WUU,6.450000047683716
6MDB,7.7200000286102295
7D3Y,5.0400002002716064
8HLT,5.230000019073486
5MO3,5.0400002002716064
8F7U,5.230000019073486
6CJH,5.0400002002716064
5H85,6.450000047683716
7AVS,6.450000047683716
4Y03,5.0400002002716064
4ZNU,6.049999952316284
5VO4,7.659999847412109
3JS2,8.59000015258789
6DF6,4.010000228881836
4GK2,7.920000076293945
4H3J,7.599999904632568
7BDI,5.0400002002716064
3EJ1,5.230000019073486
8ENJ,5.230000019073486
7AOS,7.7200000286102295
7CQE,7.56000018119812
8DBE,5.0400002002716064
2RDU,5.0400002002716064
3OS9,5.0400002002716064
1V1T,5.0400002002716064
5JFV,7.920000076293945
7N3N,7.505000114440918
2NO6,5.0400002002716064
7G9J,5.960000038146973
2VGF,5.0400002002716064
7LM2,7.659999847412109
5VD7,6.450000047683716
8BFF,7.7200000286102295
4QIM,5.960000038146973
5TN5,5.960000038146973
1W8C,6.699999809265137
6T6F,5.0400002002716064
6GQQ,7.460000038146973
7DHK,6.699999809265137
8V70,5.960000038146973
7KHJ,7.659999847412109
3TNW,6.699999809265137
5Y94,7.659999847412109
6Z5B,7.920000076293945
7R62,7.7200000286102295
7YAW,5.230000019073486
7XI0,7.460000038146973
7ZLP,5.230000019073486
7W0G,7.599999904632568
7FXF,5.960000038146973
7P1L,6.5950000286102295
4U6Q,5.960000038146973
6MA1,6.450000047683716
2VD5,6.5950000286102295
7SHP,5.960000038146973
8UH0,5.960000038146973
2G94,7.505000114440918
6Y3U,7.505000114440918
7T0Q,5.0400002002716064
7KW1,5.960000038146973
6BRJ,7.56000018119812
8K6L,5.960000038146973
8BI5,5.960000038146973
5AAV,5.0400002002716064
8F5X,5.0400002002716064
7C7F,5.0400002002716064
3ADW,5.0400002002716064
7ERE,5.0400002002716064
6TJM,5.0400002002716064
6A5W,7.659999847412109
7OTP,5.0400002002716064
1RW8,7.659999847412109
6FCJ,5.0400002002716064
1XU9,5.960000038146973
7BZT,5.0400002002716064
8BXQ,3.125
2BU6,6.450000047683716
4HBN,5.960000038146973
9FGC,5.0400002002716064
8WGB,5.230000019073486
5QE9,3.125
5S95,5.230000019073486
8BF2,7.7200000286102295
8U27,5.230000019073486
3LBK,7.659999847412109
3W33,8.369999885559082
3NPC,8.369999885559082
1UEI,5.0400002002716064
1ZNJ,5.0400002002716064
6X4H,6.450000047683716
4L1X,5.0400002002716064
4N3C,6.450000047683716
1WUN,5.960000038146973
7BDP,5.0400002002716064
5U98,7.56000018119812
3R91,7.7200000286102295
6G38,5.0400002002716064
9CTG,5.0400002002716064
6X5P,6.450000047683716
6FNI,7.920000076293945
5YAK,5.0400002002716064
6LLE,5.0400002002716064
6X86,7.659999847412109
3NAY,7.659999847412109
5MPZ,5.0400002002716064
7M3G,7.56000018119812
7QFO,6.450000047683716
4O7C,6.699999809265137
3EPA,5.0400002002716064
3UWE,5.0400002002716064
6N3Y,7.920000076293945
5TGZ,7.659999847412109
7CLH,7.659999847412109
6OLX,5.0400002002716064
5TN6,5.960000038146973
2AOA,5.960000038146973
5LRQ,7.659999847412109
6NPN,7.920000076293945
6PDI,6.699999809265137
7OQG,6.450000047683716
6O67,8.59000015258789
7EM2,5.0400002002716064
6AXQ,5.0400002002716064
2ZMF,5.960000038146973
2PQF,5.0400002002716064
4LZ1,5.0400002002716064
7EM8,5.0400002002716064
3RDH,5.0400002002716064
5HDU,7.599999904632568
5U3Z,6.5950000286102295
3PRE,7.659999847412109
4FM8,9.0
2RFS,7.920000076293945
5OKO,6.450000047683716
7G8K,5.960000038146973
7SQB,5.230000019073486
4QOF,5.0400002002716064
8OFA,7.505000114440918
7AJM,6.699999809265137
1YIM,4.010000228881836
8BOX,7.7200000286102295
5Q13,7.659999847412109
4X93,5.0400002002716064
2XYD,5.0400002002716064
3OMM,8.369999885559082
4AZ2,5.230000019073486
3U9Q,5.0400002002716064
3U11,5.960000038146973
1PXO,6.699999809265137
2QH6,6.049999952316284
7N2M,5.0400002002716064
7FV8,5.960000038146973
1T2A,5.960000038146973
3IA6,5.0400002002716064
6C1B,7.659999847412109
5N5L,6.699999809265137
1UNQ,5.0400002002716064
4EUT,6.450000047683716
5C27,7.659999847412109
4US0,5.960000038146973
3R8I,5.0400002002716064
6IO0,7.659999847412109
7Q7L,7.920000076293945
7G97,5.0400002002716064
8ADF,5.960000038146973
5MAF,8.369999885559082
7AJ7,7.460000038146973
2RDT,5.0400002002716064
5RKW,6.450000047683716
8BXN,3.125
5RJV,6.450000047683716
4L8Z,7.920000076293945
7G9A,6.450000047683716
5RKV,5.0400002002716064
5I8A,8.59000015258789
5BV6,5.960000038146973
4X3J,7.460000038146973
4XUD,5.0400002002716064
5RKR,7.599999904632568
8FJZ,5.960000038146973
6W4C,5.0400002002716064
2VJ9,7.56000018119812
6K0T,8.369999885559082
8F1Z,5.230000019073486
6OPL,5.0400002002716064
7XYD,6.450000047683716
4RKA,5.0400002002716064
3DHK,7.56000018119812
4HMN,5.0400002002716064
5MRH,5.0400002002716064
1HTI,5.0400002002716064
5TBE,7.920000076293945
7RCL,5.0400002002716064
3ET3,5.0400002002716064
7FX8,5.960000038146973
7SSE,5.960000038146973
8PT9,5.230000019073486
3F2N,7.460000038146973
8PTZ,5.0400002002716064
5QDR,7.505000114440918
4OLM,7.920000076293945
9CBL,6.450000047683716
6M91,6.450000047683716
4KLR,5.960000038146973
6G36,7.460000038146973
6EL9,6.450000047683716
6XDB,7.920000076293945
6TEC,5.960000038146973
4JKV,9.0
8C1K,5.230000019073486
5TDF,5.0400002002716064
4ZMA,5.960000038146973
4JQA,5.0400002002716064
8T4Y,5.960000038146973
4GV7,5.0400002002716064
6R3D,6.699999809265137
7PGQ,5.0400002002716064
7FXR,7.7200000286102295
1A52,5.960000038146973
2Q7I,5.960000038146973
6MOM,7.920000076293945
4AS0,6.699999809265137
3EPC,5.0400002002716064
3DKJ,5.0400002002716064
4YJQ,7.920000076293945
6GTT,7.460000038146973
8BEM,7.920000076293945
4QIA,6.450000047683716
5S8H,5.0400002002716064
8ILR,5.230000019073486
7AJW,7.460000038146973
8GVZ,6.125
4EHZ,5.960000038146973
5UGM,7.920000076293945
5KRF,4.010000228881836
4ISF,5.0400002002716064
5I2E,7.505000114440918
8JTV,5.0400002002716064
4PXZ,5.0400002002716064
7UGI,5.230000019073486
3LM5,6.049999952316284
7FY5,5.960000038146973
7EAT,5.960000038146973
6UBW,6.450000047683716
8GVX,5.0400002002716064
4BB4,7.659999847412109
5HOY,5.0400002002716064
7BJ6,7.659999847412109
6A5X,8.369999885559082
5KRJ,6.049999952316284
5Q1B,8.369999885559082
6GIN,7.659999847412109
