PDB_CODE,Predicted_Value
4CWF,7.967090386921179
6ZRC,7.598107296454617
1L5Q,7.217115121077137
5RK9,8.282646827668366
8CPH,7.79970860013392
4MGI,7.255116415231965
7ER8,7.129164171234044
3FUR,7.661776263563794
8EYO,7.172772382246301
5LO5,7.891495048458421
6NWK,7.685189613270385
6B1U,8.002099442101096
3NOX,8.097971059473752
4O76,7.919160445117648
7B31,8.092846311774482
5IAW,7.838206065854057
8U4W,7.364962480089182
3BGP,8.0445988280557
5TM6,7.259390166312387
5P9J,7.931871030644401
4MGA,7.662590545137885
6JOJ,8.147032616716457
7R4K,7.156558110700752
3BF6,7.176560065065087
3U2C,7.179281898674585
7UBO,8.090073748330878
3W3K,7.995184923663834
6YOJ,7.571501342700599
4MG7,7.555125372544122
6I2Y,8.049669583164716
8A31,7.504772731037757
5N5N,7.414359140059956
5NK8,7.8168140961537675
6XRL,8.062134045946394
4L98,7.519195534469907
2ZIQ,7.997385672596458
3SMO,7.787859998602374
6WHA,7.705347068561029
4O75,8.13553173635866
3K65,7.324421215382277
3GWX,7.259398730950171
5RK2,7.779128941036856
9AS3,8.209516197666975
5WIN,7.893176795609151
5J7F,8.113624783994338
7R9L,8.02553556180614
2RAK,6.779995923166452
7AW3,8.30408919052226
5KRK,7.599926601909994
5TB6,8.159801712302352
6YB8,7.384875033562664
6YV4,7.901028499882182
4RC2,7.689384334069991
5DXP,7.794482261723051
2QGT,7.683100853570315
2FLB,7.93976388938385
5R8K,7.561192744718572
1AZ2,7.194814306538226
1X7J,7.542607926920944
7VUE,7.475314580862322
2YKB,7.857941857332363
5MKR,7.714578581731001
7R9W,7.862961925734533
6PKC,7.703570141474027
7ZLR,7.283425811797343
4D9T,8.11200350031561
6DXL,8.013995053171588
1T4U,7.686524286435077
2XQK,7.3008975766349415
7G14,7.651120531176899
5DEY,8.115326861161366
7CKF,7.354108130188838
4OJ4,7.724797474850921
7RLF,7.173886836270196
8DU9,7.279716350483782
5JZY,7.9642165994198715
4ZN9,7.253593203621376
6A6P,8.037038812452177
8V6Y,7.426707984898851
3NOA,7.732239250308084
6NJS,7.420729286634783
6HCY,7.171498938924339
9CHU,7.655366544811122
4LXA,7.46040257537489
6DFM,7.499186770441948
8SS6,8.257968640422323
8EV1,7.123598164211649
4FMC,7.350226635961203
3QCE,7.57750959034616
6DW3,7.212623398878939
6KHE,7.786980151475081
5XMX,7.573863354025986
6BMU,8.075189892653427
5S96,7.640753919124296
8GZ3,7.311306640732897
5S8Y,8.150891965297143
1NM6,8.001392514813286
4FA6,8.207124347420917
8IMX,7.715506218207473
1TOM,7.977641900590975
7RUZ,7.623651625481982
5TM5,7.248804518270203
3IMX,7.071168261603079
4XVE,7.130572246355265
7DBK,7.175894475193193
8TU9,7.31755642118707
7MRC,7.731436491613225
5TB5,7.179372683562952
3FT5,8.268300547173432
7X9D,8.101795569214902
4CIK,7.994045838968828
7FT7,8.137055804704309
5WS0,8.057531512583278
3CLD,7.64401531203651
7FV2,7.3285392635528375
7M44,7.394820698453939
5MVC,7.471340333687806
4USE,8.083047743513518
4PYX,7.590831964147412
7BGQ,8.130508485176222
3H0W,7.561101301371191
7WGP,7.881277324420609
3ELA,7.592016941250048
4C67,8.188609489966618
5VD1,8.10728451493495
5XGN,8.148925553046762
5UGB,8.11612804178633
2Y48,7.288358822980377
4EY6,7.496279019723089
4G9R,8.153041507123525
5QIE,7.419209928675482
6ZC9,7.39298388720377
7FQL,7.466029519089848
4CWN,7.969037747085976
4ODR,7.807761159570291
5RKL,8.293741538270845
7WMM,7.437200753160319
7WNV,7.294441073009555
5VD5,7.678208570530516
4NGA,7.62739292215731
4IM2,8.08031163924862
7FVE,7.500574846659067
8YP5,7.594894229574158
6TFV,8.007132750721016
3DT3,7.650999772960978
5U3U,7.784781209468514
7EVJ,7.881795189488684
3ZXT,7.273007460950439
3ZLO,7.610140898147413
5IN5,7.207797322139708
4BQG,7.648369221528209
1Q3F,7.257779265899636
1DWD,7.871700000137908
9JD4,7.351971246322903
3FMJ,8.075355605432073
7ZXB,7.190582506934186
4APD,7.419989409224569
8T4M,7.209941811402859
5NMM,8.193661049933802
1WOK,8.042632375432346
5L2Y,8.140685986339182
5WUK,7.646745991585566
3M4H,7.179281898674585
6X83,8.148398350000006
1EVR,7.68123013660017
6QZR,7.306424589693101
7VNQ,8.080443391921897
7QJU,7.943802839763585
1M49,7.961938131483618
3F66,7.6697105334851585
1GIH,8.003346656173386
7CBX,8.146622103624212
5QIX,8.062869152098902
7P3B,7.460931652516153
7FV1,7.390962916437851
5IZQ,7.743945215949949
8JTT,7.944291273295181
7VNR,8.104350798825976
6KXY,7.765124029675194
1T65,7.9226833380466415
5HM0,8.21129598926949
6TR5,7.986848270433164
1KTS,7.93951896639203
4QFZ,7.309522196107424
2QZO,7.56709063323935
6T2D,7.995241177995283
6SNW,7.201157779594928
2JG4,7.6307304504139655
6H22,8.050155233959039
7AAZ,7.86461320023604
5Q0J,8.094921101349653
4FSM,7.816717961571405
4ODE,7.749722717040301
7EM5,7.361102770720337
5DRM,7.630700341950488
8U2E,7.475029480354597
8OKU,7.347206958571438
5IA3,8.032690651390418
7AVX,8.171929143846652
8J61,7.604696198945128
6TW2,8.105815557434495
5S80,8.206495168168152
5KR9,7.557932486961691
7M0K,7.976956137293436
7EZF,7.673199568649555
5Z8Z,7.822164245627892
5UC4,7.709298508486597
5DDB,7.968984621686161
4RBL,7.687566134740107
6DHC,7.50477695863954
4ZN7,7.526874239977118
4MGD,7.5435071703828935
6LG8,8.022830715950976
7M45,6.819997767161716
8P77,7.966355695531011
3CGF,8.083014341986647
3Q4T,8.033587824553816
7A2H,8.181191769189793
6TI8,8.050541916629781
7G87,7.771488313924846
7R9T,7.91924267089939
5KOT,8.157995038967565
5SCJ,6.768273758799178
5IA0,8.168771885925752
4OAS,7.367114171719965
4U43,8.044452179640949
4BAO,7.997040674873163
9L3T,8.039635532652898
5GTY,8.136419034753638
1ND5,7.266898801904109
4JV9,7.8887691002643905
7MIG,7.874736954492025
8P70,7.740234152919604
5TYV,7.286157238742647
8DZQ,7.259242000327432
3O64,7.497657289726214
6YLL,8.000845541693296
8A9G,7.1567756953464015
5UU1,7.877176347742576
4XXS,8.180405477918894
3V9T,7.604996296330833
4XUC,7.754183931072711
2CDZ,8.179810209321621
9CHX,7.7258793027853985
6O8C,8.071371532430206
7VFU,7.523864969717719
3DDQ,7.793364737696082
6S1B,8.15616767040544
3L1B,8.02416152262026
8CQL,7.584647430255081
2BAK,7.9964943946637606
6I3S,8.08722985424201
5RK6,8.129169448344584
7LTT,7.341133013519552
4LWE,7.738094980940089
3X0A,7.500541034096731
7UL3,7.635160410442475
5JWL,7.1765240075070045
8Q6G,7.569602964695327
8DUB,7.274606749293918
6YXI,7.869511537762082
6MWR,7.628011424469179
8RBC,7.522616560517469
5LS1,8.034378764326137
3DZY,7.709252298359315
6YEA,7.299909795124673
7U8V,7.412608986292123
3EAX,7.777793700551488
6X3Y,8.172559384266998
5KRC,7.526377745935385
7L9A,8.10382284755303
4FCR,8.154976355187104
6XD3,8.075503371425429
5Q0R,7.868399993259713
4GZM,7.315982870162046
6PNX,7.331861789334698
4ZWE,7.297150667559642
5L30,8.070340342170729
1YXX,7.776613679824869
7QK4,8.254334683269546
8J5W,7.4995467905157955
5RJU,7.789388370608041
3G6Z,8.099756170520957
8GMD,7.52240480525521
4UYA,7.299426464199125
6JX0,7.957170346858232
7KVZ,7.484900029378338
3BEG,7.358896501878665
8VO4,7.599974784540764
9BCV,7.253719004200197
5FQV,7.638172454914886
2WTV,8.115976087187207
8C13,7.457457009538608
1LQ8,7.54708537607349
8QHQ,7.366643033143249
5ED1,7.3346213461262595
5TLG,7.6271034137554015
6QY9,8.063824586023062
5DEU,7.315923648196832
1AWF,7.3051721238820555
4ANS,8.128688483839017
4XBM,7.147590405128472
2Q8S,7.677779832559769
3QGY,7.820399388858875
7AW0,8.093592183958627
8CSG,8.086737742596135
3QTF,8.19849199415673
5KHM,7.966202814935031
7HBL,8.005110457836516
5S7Q,8.185391991425517
6FRF,8.03329239322464
3C0G,7.336572376576421
6I29,7.97328745464614
7KTB,7.306204650338616
7T4V,7.385059563042343
7MDP,8.202592033729589
6VQM,8.084748740364196
8PO1,7.315771997035803
5ZYJ,7.268810761934845
4YKT,7.456925047070583
6TEZ,7.271089651535863
7M05,7.758071152658117
6N0Q,8.184275369230134
8TSA,7.550414608380181
8XB1,7.211945442242288
4OD9,7.90799698558021
5QIF,7.4103536851746865
4EGI,8.207804536844952
6K3E,8.139225972837993
8J3W,7.5869443158214604
6VF2,7.331407233807285
7UL2,8.0489823548898
3HY8,7.4655702498505825
5WTC,8.134628351722153
3UUC,7.557003703396781
8B34,7.179281898674585
3QT0,7.948368038714248
3L4V,6.740018406417141
7GTF,7.857967725994507
3TKM,8.05367773816419
3QCH,7.717236528553133
5DZH,7.662568883692686
3QQU,8.022880163336664
8EWV,7.4448815034591185
7T2X,7.616916102527649
5Q19,8.08162943259398
5TTO,7.828672171305702
7OVI,7.974600044890731
4EK5,8.048386268034806
9NC2,8.099536495417869
6CZN,7.56663501900738
2FIR,7.121562878776252
2VWZ,7.768425247873763
4SKN,6.797517060550836
6S8X,7.319815074140026
4UBA,7.7189571604313505
6RL6,8.080194942283653
5HIE,7.857597672516595
1GI7,8.131478754094628
6AFI,8.021042462583834
7NM9,8.297552610278466
7X0T,7.284596928996
5QDQ,8.233232889317266
6A1G,8.140526165692387
5ZYG,7.363376385081433
6WK0,7.2474751741997485
2QXM,8.050358670381287
5OOR,7.996086597252804
4NR6,8.130780119249968
7R04,7.254618566621592
4KSY,7.315556337624379
8P4Z,7.680987743795916
5YCN,7.897549506373672
3RML,7.73169592951552
6PCW,8.05457304786034
9D5J,7.344971874540862
3C27,8.144906659261475
5FEQ,8.11280233627224
7N9G,8.13477983073939
6FIT,7.724346403653339
5PAT,8.100876900003383
4OKT,7.435731947458014
5UVU,7.714534419860341
5UG9,8.126905901683159
7MXC,7.70155347599053
7BDT,8.144203047322659
7D42,7.690105965639408
4FM7,7.315399940997829
5ULW,7.542540292130593
4DCH,7.092403960496323
6CHW,7.933393074500118
4FKG,7.871420522299444
9JDG,7.509857490491876
4C52,7.975660391320442
7T0P,7.302999720229355
3ZEW,8.002631529031905
4Y16,7.220646834140397
5S9C,8.212599415352466
5TQF,7.766304168595094
2G1R,7.9768772166445405
7ORT,8.0562906303092
7HB7,7.949670663110225
4OAV,7.173035270556936
5ENJ,8.103193130219578
6V8B,7.788322870953283
5YQZ,7.466183346420576
5QIY,8.027584375486695
5WNG,8.084499099769337
4YK0,8.123388798000136
4Q50,7.498446516829523
1G1Q,7.400996036385836
8FXE,7.570118601965891
7EFJ,8.07943019799287
3NUP,8.197420823793534
8R58,7.528730278691557
1WUU,7.028152539118302
7Z77,7.737745240325169
8JVI,7.714399861282756
7K6N,8.006563986999357
7LW1,7.830151753975755
3GHT,7.18634218844553
1XQC,7.631733449494501
4QFX,7.341133013519552
5AOM,7.978423897363552
6XDS,6.858948243878451
8EXL,8.048574579337044
3OSA,7.541844929852948
1GZZ,7.137969735851237
7Y7Y,7.591251948135317
8CYI,7.469491984880067
2ZM3,8.085091480919031
8CD0,7.1299557453374245
7UP4,8.109115112721325
5CP9,7.816683928959075
3NC2,8.148031116582976
5NU3,7.751687141073141
8WF6,7.222077552624309
5RJT,8.18402545214661
4JVR,8.135973617038113
7AAB,7.681110718372735
2X4F,8.04655615232084
5OD7,7.6824651202194945
6YWB,7.645673075356179
7REC,7.539558291533106
6CYG,7.823982456448712
1D8E,6.96299120709004
8B4W,7.983210073971143
7N7N,8.042532372446958
7YNL,7.3356092469974765
6D0F,7.555248100605178
6HEV,8.055202700493574
7SCE,6.836908620997838
6V80,6.98536394867885
6T2F,7.845848774597073
1HE2,7.150709423945977
7F29,7.4497012856743465
9BLH,8.041662192037396
4IVW,7.576745613779836
5J7G,8.067976198154746
4J51,7.666100958748772
8PQI,7.6833097721599
5TMM,7.3407669866517615
5LR1,8.187967783560671
9EK7,7.367016221545465
5UBR,7.987107625882059
7R9Z,8.099889780978794
5NDD,7.8757586819897725
5ZYH,7.213194629310407
5MQE,8.173451491013983
8STH,7.385513734773334
6RJQ,8.035041226257174
3C3A,6.860444726668395
7X3L,7.146104654218906
9CGA,7.242339856772271
6FVG,7.90400091520104
5EYM,8.082214371001587
3F1Q,7.471340333687806
8IRT,7.3901967791539755
5MO6,7.611479049287569
4QSB,7.852223243047974
5S9G,8.083873263252805
1HE3,7.150709423945977
2QLU,8.142986782345687
4AQD,7.003678957425348
7FSO,7.958657939942516
7EL4,7.584376388051635
5N4U,8.138544440110943
1S2A,7.137250737771333
4UZL,7.242273303615708
5DVV,7.591671040481438
8DUH,7.277111497370002
7M5L,7.660354965910655
4MDD,8.046057497407588
8GLI,7.461333336983914
7F7W,8.207821642240567
2P4I,8.046599912393104
7Z4V,7.855333587541736
6N7B,8.116974309151413
7M18,7.982603880939131
7WX2,8.206266915714965
4AYX,7.378180531763298
5NOT,8.145616313036001
2FAP,7.650190369334399
7R9P,8.18250243236041
7BGC,7.482701329116985
5KAE,8.133458368230968
6HDR,7.681210611228875
9FRE,8.236023439515469
7CIL,8.269921632299294
5KTU,8.206814334211076
6A60,7.53944720930645
6UF0,7.480704191608806
9FS4,8.164724079588664
4NFN,7.832530760852279
3UUD,7.755519828197276
3OFM,7.777537865170038
2L85,7.200061473876048
3GV7,6.995551555505152
1RY8,7.134601150398606
8FP3,7.769667682494618
6T7Q,7.7547248500422645
7DUA,8.158166464793592
7Q8V,8.035653162845856
1ZGY,7.88834373201376
5W9D,7.534371773664675
4GZ6,7.377248918573343
7EJA,8.246603437244765
7UKW,7.494052984642566
5LPK,8.149860105176321
5RJQ,7.615257301232462
6OOY,7.376927425404642
4NA9,7.800972546788655
1UOM,7.5312211165907215
6DHA,7.602130195293237
5ZXI,7.733265796181547
6YID,8.010155229318057
1LHC,7.598511405777083
6PCK,6.735528348320435
6Z59,8.03098690635346
7T4T,7.378934763675132
6WW8,8.048006438888219
8PAS,7.517179424063057
5DXK,7.767003016167172
8C1G,7.5058346260748685
6TLW,8.144335635688494
5D3F,7.702403852831486
4YKZ,7.631221643129205
5ANE,8.193977405595279
8HUP,7.77353108175049
6A5Y,8.075173631629417
5A7C,7.576584733061204
7QGP,8.110688766726144
3IW6,8.08909499463799
6AAR,7.664056356061797
5DMC,7.672419190609016
3U3O,8.146839705018492
4GFG,8.13569923475029
7FVH,7.47491344068718
2V7O,8.181255606192586
6EJ3,8.124860114785008
5QFK,7.965712153874826
2OHF,7.289686827001844
2CNI,7.60499026825392
8AEU,7.524271778056453
1SJ0,7.573659748007869
6SYW,7.179281898674585
5CEQ,8.168351616691151
8SO2,8.23859239758827
6YG5,8.137996768401221
4ZHX,7.7358639651839365
4TWO,7.972467179891664
4B8W,7.130731501207705
4AAA,7.797003590165632
6DNK,7.232340357283711
5RKM,7.981224808269836
7FTD,7.50051828651237
6NTM,7.462346359398684
5UFW,7.6021685210863845
8V79,7.769452188826534
5TE1,7.205091777855426
3INW,7.60583722391905
7YNF,7.667871309369356
3BGZ,7.788012241142088
7Y0A,7.323573241468891
4AOJ,8.187004267202305
7M0A,7.389161485924451
7AK2,8.088580832154573
7FT5,7.445991967081279
4PXM,7.727864403065639
3OD0,7.356653607494332
4TO3,7.2450929117655924
6LN5,7.323513963201601
7X6I,6.882620711524175
3FLI,8.11828965744781
6NUQ,7.4032848406971254
2YKJ,7.968719174663168
2LP8,7.440509260013782
7OY6,7.9739097787818105
8X8Z,7.3769955646547505
7WGQ,7.865586163204854
6TE2,7.688473705015418
4L7S,8.115803864021146
8P6V,7.936034692393613
4LXK,7.653896973963939
2E3R,7.160466974587572
5S92,8.11122307188723
4E4K,7.531067505014237
5Q0U,7.331767104738754
6CIS,8.064803543097854
7DHC,8.091531464404625
4US2,8.106011740624906
6Q3F,8.081824065760808
6UWV,8.221765413747717
1P4F,8.014756642069315
6V2E,6.88289363159563
6GVF,8.00689810635614
8G8O,7.676758397594548
5KMB,7.431827200757796
5QIC,7.4103536851746865
9BGH,7.338038339578246
6PJJ,8.026330480217226
4QPL,7.211980549975733
8AXZ,6.8582059256794725
7GS7,7.904877184243612
5J1X,7.724925997542
2XVD,7.477001176635851
8HDP,7.714113766136193
7FH2,7.873418400310718
2XE7,6.879627387247767
2EVA,7.742709242841051
4FZF,7.8879628577357055
6AFL,8.085710735811857
2VJ7,7.788424816707657
7B87,7.842663340656291
7MFC,8.130259696574843
9CJ4,7.960096161140183
2PIU,7.9226833380466415
3MQL,7.532348240138231
8XV9,7.725409362946437
4B0O,7.217059214703302
7BCM,7.841970744223231
7SSM,8.002251080376885
1G32,8.004483430421095
7M2O,7.405810474774211
7W9M,7.703677867588376
5BNW,7.4136894539073035
2WAL,7.147206782798957
4MGY,7.231921852509737
7KSK,8.105323354117335
7B35,8.06858125652174
8ARX,7.410935029395164
4YJP,7.4904654874155945
3U3K,7.220922255670842
3V4A,7.6758711733633955
4QOC,7.786304907105939
4XUS,6.978736805992332
9DUQ,7.385353503182855
8T1B,7.257922260523851
5USS,7.714691082305022
8C44,7.144411771991968
8R9U,7.4928859667864955
3SXS,7.989455874321798
1JVQ,7.330352001465313
5FE0,7.646593757222328
8FKO,7.743851445620018
6RA5,8.181962790555145
6FNK,8.067132388154503
5Q0N,7.769181019055586
5RKS,7.851707533187956
5J6N,7.462121861508367
7G86,7.831970650530486
7Z5N,7.779886616789018
5SWP,7.519667255037444
7JYT,8.314424298810936
6I6R,7.242321097015753
3KMG,7.985859851618894
3ONC,7.179281898674585
8AAI,7.53430629579914
7OPG,7.788689084513125
6DLZ,7.788781526733701
7RN6,7.9105678248579245
3R7M,7.146104654218906
4QIN,8.03674500232912
9CFI,7.242339856772271
8UTB,7.686564170490532
8P04,7.480137318620531
5XR9,7.726837603847867
5P9M,7.894011300043535
3FEP,8.113191237565527
5VD2,8.026652223037782
7BA7,7.882936741536502
5TMV,7.3464621231942715
3VJH,7.951744583131558
6GWE,7.995707996505575
3ORX,8.137179139599313
5KRI,7.69121380914932
8UWL,8.142219035641448
7NXJ,8.035791676530735
7RS3,7.247849484990245
7NA4,8.04326067379175
5ZJW,7.7471874106217005
7KXQ,8.108251328580467
5GRN,8.06262743465336
8B3N,7.179281898674585
2VWY,7.76123386851502
6VIW,7.763486108929847
1G3M,7.240980125676962
2G0H,7.960473000320049
4EFT,7.973164302649019
2B1Z,7.598470278862946
7BPY,7.961744303866275
7Q9O,7.946815012289518
7ZVU,7.712870031844951
4AGQ,7.890256790484381
2RFN,8.096462077833484
7ZU1,7.9226833380466415
5TLP,7.995966335412235
6D9H,7.7213340023694865
4OVV,6.744387279012666
5KCC,7.386742969973231
8EQ5,7.528730278691557
8S0E,7.247167274620806
8AHI,8.145453566022928
5RKD,8.268580818234554
3ADU,7.61172624605641
6S26,7.231868080259288
5VD9,7.701913079558266
7ZVK,7.238208019260391
4TNP,7.270625908198564
3Q3T,7.7781114609980575
2B1V,7.771900275229365
4ZP5,8.093296660441412
3OSI,7.597693046815692
2G0G,7.884007179779581
8DEG,7.544108151201495
6DM1,7.788781526733701
2J7Y,7.643388268531719
6L16,8.190802142312
7FXZ,7.510813656601633
4GBP,6.999328667233531
6Z4B,7.9734848457935295
8P6Y,7.2873174470075455
4IG7,7.3104586404939065
3D7T,8.002631529031905
5O12,8.120369179779448
2BBW,7.26044948547994
1QFK,7.489528960194762
5T21,8.093050817131449
5JIZ,7.340838520551289
8HID,7.736888846721391
4LQM,8.01861675516364
1YC4,7.790542434522075
5A00,8.108327493232306
2ZMD,8.033253111400283
7G8Y,7.89352087619536
6TLL,8.096877774956296
4N4W,8.246363801217914
6IGK,7.0797551830162755
7CJA,8.166978201275796
9FL8,7.2601445119549295
1ZEO,7.866367254384517
7JXI,8.149050815192915
5Q0Y,8.092731654988029
6R7S,7.2898824986207975
4AKJ,7.714691082305022
8R9S,7.528536151547159
5W4X,7.541168974084256
8FXN,7.33966088830576
5DS3,8.159722653508696
8DJE,7.672886122811196
6NKP,8.043966413220865
5VJA,8.130791238942285
4KKH,7.849186488474066
7WSM,7.778695388588257
5ICN,6.8143179996431025
8P6W,7.7632746375851145
6CHZ,7.933393074500118
2OO8,8.057037146546726
3SGP,7.376668226228426
6CQV,7.496279019723089
4FKW,7.7445167354228435
1YC1,7.669736615988005
7MII,7.916254842495769
4FAL,7.146104654218906
5MKX,8.253836859782243
3E7C,7.808206035872796
6LTI,7.665144859076521
3CTH,8.031553870880844
1NXK,7.996618684183613
5LBZ,7.250344689165388
7ER6,7.150709423945977
2IZR,7.973284338615995
5WZX,7.692995604862216
5XR5,7.8055284859611485
2G5O,7.660886108000074
3GJW,7.94601451124547
9EVJ,7.238675666332366
5HMK,7.870720301510147
9DME,8.172581716894081
6QY8,7.781251823826427
7C7H,7.137250737771333
8CTG,7.386386551321798
5MJT,7.970092631438329
4QDV,7.6133321502288585
3OLF,7.730121478785329
5Q17,7.284069667387782
7NNE,7.318708355618621
7YL2,7.199573448871913
5EHL,8.110862942741782
6CM2,7.33292486235896
3DBS,7.663870723396156
3T10,7.302752819226614
5DN2,7.6307304504139655
7O1U,8.025140475458377
6DGQ,7.893605580244633
1I7I,7.164659743363178
8AGJ,7.697063886504405
5DI7,7.725379257754773
5FQP,7.626944847574775
2A1T,7.33517479063955
5J6A,7.3965645536732305
1UYI,8.042512320373804
4PFC,7.998104792282724
6NRH,7.675277103093816
5J20,7.790921075354612
4JPG,6.711095031241222
4F7N,7.654462481073764
6XRN,7.840976036686278
6EO7,7.825404355638403
4M5S,7.495406453224356
7FSH,8.031368006901936
3HCR,7.330597728801272
2Z9Z,7.0538665781470735
6ZUX,7.999215526642608
6Z8V,7.940211881712778
3EGK,7.971791267014413
5FE3,8.018439177659396
5A1P,8.27491433991527
5EIT,7.59542304184922
8AV4,7.412370192196956
6RWU,8.065165225753312
4MRM,7.388139631225227
3OOF,7.769181019055586
7B3V,8.269895025104253
5HQ5,8.09079151219814
4BUZ,8.110221349830535
6K0J,8.035466976254027
7A4R,8.081712686961678
8BM2,7.687402133297245
4FPA,7.0509877527574965
6F0X,7.29343630074539
5NYI,7.708127769563635
4PF9,7.92263865935186
6W7G,7.880224164639958
6NQ0,6.756462300225987
7BDH,8.012817703095745
4EY5,7.496279019723089
7FWE,7.480503921744993
2BVR,8.029593487393866
6VF6,7.310644888943606
6PJX,7.703222746939873
5AFG,8.003412986413247
6FFG,8.164616486038444
4OK1,7.435633759980626
5DB2,7.369504288095265
2WH5,7.50056641995996
8FUP,7.47942014985744
5N84,8.164356339203307
4PZT,7.377954631038386
7UJF,7.660475229810667
7JQG,7.844126364608046
7FY6,7.691857118226893
4NH8,8.140106782197659
5HZC,7.481348846817722
3TY0,7.845262786635833
6TEW,7.711967420418942
6RSD,7.732706718459783
6DUV,8.129684581535766
4X8V,7.961778314579616
5S7A,8.206495168168152
7RLC,7.143900119190749
7RLH,7.152935643258728
7XH6,8.286775710657635
5TMK,8.051029362134758
7DHH,7.90735563350958
7P2L,7.974445539774899
6F82,7.179281898674585
7ERK,7.9585094926110855
8WZH,7.193213658866909
2UVX,8.13794686903578
9B83,7.382813421877792
5KD9,7.296116641399738
8JP1,7.146104654218906
3FXV,7.629355382356861
1YSG,7.754706023809202
5M8M,7.2428783400675565
7G8U,7.740369068665374
4FT0,7.776734806036875
4O7F,8.231373768632059
2R2M,8.058609105852186
7ERD,7.150709423945977
6GXK,7.146104654218906
7CMB,7.791508072908648
2FWY,8.037060266317381
7CMW,8.219448378820015
1YPK,7.40558782160777
2Z7Q,7.340074940326892
3NR9,8.099542705036628
6Y6N,7.832260220106097
3J9F,7.461268125784761
8P08,7.394022214562612
6JMD,7.471340333687806
6Q3W,6.9713340451706625
8JFK,7.602792593504595
5S8D,8.235964262739289
2E3Q,7.160466974587572
7B4B,8.397346213272595
8JF1,7.019757191907497
3RHX,8.06327326002108
6M92,7.97786836038013
7FSJ,7.455764979918057
7L9L,8.024846888298494
6A93,8.119618480949535
8P01,7.071310385267095
3TH2,7.1587635839154435
5W8K,7.2428168099993915
4L96,7.519195534469907
3HA8,7.901615077282896
2VX0,7.997310832064943
5H17,8.095405544472621
5UAD,8.105097733467238
7QPN,8.012684487294328
6VGG,7.150482275929847
4QO4,7.692639236379496
7G0V,7.639098221619836
8V6Z,7.733782516418423
4ID7,7.723560329619549
7FVG,7.2750071548389155
6YVM,7.253518887278017
7FUW,7.42070666461873
6FYO,8.085050250773298
2WQO,7.624620745383691
3L4T,6.7370947107010934
5WRQ,8.101073348752385
1XP6,7.617744229847739
5S99,7.974433350366161
5A1G,6.853671257118569
7FSN,7.415169456755172
3P2B,7.7448924461495
9AUC,8.061161886662369
7DDZ,8.05492958888092
6X28,7.695527025680775
4NR4,8.169910739427587
7AJ2,8.03929779159117
6JOI,8.077243393452736
6JUT,7.880516680457341
8Q1Z,7.65007971114339
7G94,7.423794780927188
7FSX,7.77248452724179
5I1Q,8.026786320793802
5AJZ,6.805079457044433
5Q0Z,8.048493240151837
5AJQ,8.093302163750884
2FL5,7.766499353551104
7FZ1,7.4121572013990935
7FVM,7.258839545936653
5ENN,7.886561914150144
2YEK,7.990443077588029
2FEQ,7.261200687498867
2ATH,7.535917194567823
8XU4,7.221077452885573
2XZO,7.312452679003288
3HM1,7.649928142136603
6YVO,7.253518887278017
7U36,8.189638937218938
5VCY,8.101316411027359
7RUY,7.535476531943636
7VRI,8.178977179417158
3VN2,7.713904158846058
6FIO,8.06879959595262
6Z2J,6.792383640793779
2WIL,7.217059214703302
6R3S,7.808997953166079
7FV5,7.3072665276799444
4JS8,8.093390004914166
8ZLO,7.389545085341109
5LN2,8.122451249515446
7LEM,8.01081876371513
8B4V,7.984261675158114
4NO7,7.0509877527574965
1DGG,7.146188584305231
4DM8,7.73128104191664
6FFI,7.226371193070076
6VJD,7.58286525028131
1OSF,7.814008712699882
5RJM,8.243862554894422
1GIJ,8.09543704509608
8PT3,7.423683684706372
5WRI,7.223602388879327
3IDH,7.0509877527574965
5DUE,7.226870796121724
7YAH,7.3042510832448935
7KSI,8.17323576995388
7KFN,7.3346213461262595
7NIG,8.370045204029102
8C3R,7.263237945367435
7BIQ,7.821487974511926
7FV9,7.267662174063922
5SY3,8.070554535340678
4TTB,7.400489535538042
7A1Z,8.195091802921239
3UFL,8.202299688866425
5CU0,7.955770360937253
4CWO,7.645037660966009
4MG9,7.5717272278541765
3H3T,7.603577155996391
7EPB,7.213509166343772
6SNY,6.861288475156634
6T6B,7.373397212488583
7A5B,8.022914078295672
1LD8,7.0023750242612754
6AY5,8.271298237167494
7SFO,7.677081941925469
6TNB,7.883515096423212
6V5N,7.825393496273727
7TYX,7.692887906527932
2VV4,7.163797044630178
6W1D,7.229814605840314
1AHT,7.686012083819371
7MIF,7.7102740843247375
8CQE,7.598566446928767
3GUB,7.630986576383713
6UL0,7.797838967150825
3A61,8.020566611466881
4EY7,7.496279019723089
2QL6,7.359068673827735
6AAM,8.037469727052665
8UCB,7.447417461878299
3EQP,7.996367607146785
1TF0,7.287153611025196
6UKZ,7.583814382789295
7K2U,7.471340333687806
7URF,7.353124451830395
4KLN,7.119865347236532
3LDP,7.627881929410255
6EQP,7.114206438472134
3DEK,8.003060517750988
4F6W,7.925818927069745
5ZYI,7.258941935769602
4XUH,7.727146880424419
8T1D,7.1975154709927045
3UQW,7.547923708701386
5UY6,7.638344499810882
7SIN,7.607292046055826
8TU3,7.470783661621761
5KKN,8.167643762357754
7EM1,7.386843155285118
7NPG,8.12835373295516
8HV2,7.402374444339869
1IHI,7.141453904514805
2M9R,7.811249445372935
2I4P,7.809139892106135
7EHY,8.193277967099041
7QDN,6.731152901247342
6LTK,8.169594191545535
7EVY,7.969055797512567
6YOV,7.624049939850425
4AGU,8.10488857158123
5MAI,8.083487189868388
6Y4Q,8.185825502943331
1DVS,7.707714216655304
7F1Z,7.688013718662797
6VNE,7.762394619600381
6CWA,6.946126400406386
8G2E,7.4172449455905785
7LF9,7.093806773341316
3HMO,7.981125736536317
7Z5W,8.141428138628259
8GVJ,7.49597442411549
7XIJ,7.875749374597655
2IZU,7.9511407948215345
1DVA,7.0764430144803505
6X3U,7.510206738077397
4PUW,8.019156079289365
8BJU,7.514383154813147
5JUY,7.200660352203908
7DJO,7.87848625042941
6NRJ,7.985923631334194
6JLR,8.048505287237361
3KJN,7.793826927994724
7KT7,7.34976303238384
5EBZ,7.167572429071157
4F9Y,8.257520176490202
5XDO,7.639559525518972
8QSE,7.140925687198954
3APD,8.001159425582362
5VD0,7.684825710000576
6TN9,7.825841603081222
6PAY,7.324444278672518
3NTP,7.489768049146487
7CP4,7.8860657576766835
7R7R,7.935243038875605
8FCB,7.224659864357859
1C1U,8.111380773829204
4PWL,7.5139328579619304
9C55,7.335046140341889
1XJ7,7.9226833380466415
7G8N,7.346151022209312
5JCO,7.434539648905538
6A5Z,7.701932905358977
4RH7,7.237713812149077
2VX1,7.991856529099948
5SAW,8.055337293877868
8BQ4,7.298134593274294
5MPK,7.991910686004325
5I3X,8.009786804644039
5ISO,8.002099442101096
6S75,8.054974981310371
5DWJ,7.756493239346783
4WMU,6.873183754451959
5AA9,8.312235535944025
2QZK,8.021919765960826
3QGW,7.820399388858875
6D20,8.251718105540993
8C0C,7.199894846086334
6TN8,7.6307304504139655
5FXQ,8.199137661029171
6VKO,7.973337110012728
4CMO,8.158974513374764
5RJO,8.15449799914703
5LAX,7.250046369231059
6Q4G,7.7898920731749035
3UU7,7.5455756952319515
4BZB,7.323158182529175
5L2S,8.062014899359836
3GCS,7.938122249842881
6JF0,7.611236732232426
2XMY,7.977453762400332
7SUG,8.144944196965072
8UUD,7.160020257302391
2CLQ,8.002099442101096
3B1M,7.646953660139136
3KVL,7.471340333687806
5FBQ,7.603684870534984
4EUU,8.096429484771816
7AJY,8.049729017567786
7CP3,7.816997939042044
2JH5,7.838400331742121
3BFX,7.231994535672067
6HK6,7.924774636523595
3RGF,7.959915439327845
1FKJ,7.794253951150923
6ZRD,7.580035577056787
1Y8Y,7.574171568960143
6BKU,7.727198647590809
5XFJ,8.017802008663255
1X98,7.179281898674585
5K75,8.07301549175314
3QIC,7.0509877527574965
3HG5,6.941744391654685
4NEJ,7.920999882016374
2A98,6.811608079920626
8HNN,7.690461266310182
3H0V,7.561101301371191
9BRE,7.393011170216016
9ET2,7.577463979478965
4CRS,7.210899284204567
5O9H,7.98755174801459
7K1F,7.817524175100819
8FY1,7.156812252269112
5CEP,8.033154721518944
6ZZ1,8.085529782436375
7JHD,7.696750313937981
4CWS,7.70679698355017
8UBW,8.050238150013664
5TOL,8.241864246394043
7Z61,8.220988405257101
5KZ0,8.156743019388742
3SHE,8.029420950040034
6KZD,8.030136713435981
6CJE,8.034447289049675
7G8O,8.138470924381778
7YL1,7.248159898058862
8FKF,7.612077233293121
1B0F,7.0768962800490725
3WQ9,8.021839695218524
3DCU,7.501048880762901
2Y1Y,7.376927425404642
4XO6,7.127540860627662
6Z57,8.008146779158281
7VCU,7.145193506923993
2R3M,8.114800315850733
5AK0,6.795372115452915
8BXS,7.717782676820597
7E5F,7.672467870400725
8ADM,7.302157299006461
8BZD,7.199444413339507
8PTX,7.708739942696951
5DZ0,7.738629586853024
8BW4,8.107401712850784
6FD4,6.73198560631618
6FMK,7.957829694566425
8FKD,7.552338947448626
3LMP,7.610467121078431
8S0C,7.152874396705671
7TVA,7.238073194930631
8UBY,8.043062789412064
7VCT,7.113520615481188
3G6X,7.542540292130593
6VQL,7.689335962293852
8RCE,7.36024864580312
6FNB,7.6320213096118605
3MNR,8.018672005400406
6N3N,7.52124205059257
2WF3,7.67261773785332
4G1W,7.385787985488689
8PUY,7.282738746245624
5BT3,8.17085925328092
4IV4,7.706549683708946
7Y28,7.276073587106824
3TX7,6.885914289610036
8W42,7.7139086602696985
8PQL,7.4841788081117535
7ERC,7.152775281609296
8IO0,7.381437379535258
5TLT,7.427202904227893
7AW2,8.058103668521907
3IN3,8.02815661653864
8SS3,7.320092955530355
2H9T,7.14623906192769
8V6X,7.432821867566786
5N4X,8.143753523314178
3H67,7.290557713494997
5DK9,7.545378751140449
5LO6,7.796203309985339
5MAG,8.070228818159428
7NZN,8.091370607815362
2YJC,7.774874185714839
2Q11,7.969616930883914
8X2L,7.303791290983063
4USF,8.023728697074691
4O7A,7.797327469927389
4RC3,7.649759233543194
9BPY,7.229451051272752
3HCO,7.73172643557128
4ZXY,7.975309911694652
1W2K,7.970857023843917
7AM9,7.253518887278017
6B99,7.837750051793942
8T45,6.7876466300554945
7R7K,8.109861034205592
7TVB,7.3528423603203645
5FA6,7.506558494408624
5T4F,8.170745288216834
4D2M,7.261961953450332
6BHV,7.1897536070483055
5IGL,7.697038698896103
5VD8,7.710913202102675
5S8L,8.116288679130891
6UYA,7.698191935589911
5TNB,7.5058376853402
1W0Y,7.804051947013028
6XXJ,7.225247475003756
7K7O,8.13464151592542
4EQ1,7.590474506736655
6OP0,7.733974405190738
7G0P,6.934260210293069
5HF9,7.496279019723089
8RBB,7.675807449576262
8EV2,7.349343502634979
4OKW,7.46966244001634
3ET1,7.483837215995036
3HZ5,8.083115366709356
9B4L,7.575842575175421
4I5C,8.299462570739747
5S8N,8.136218176832632
6SQM,8.113672444529099
5U46,6.996730797285427
8C1Y,7.3534400619530516
3P70,7.963631439079702
7VWG,7.015197966651214
5S7L,8.185391991425517
5LAV,8.026039956782464
4DQM,7.663162580604112
1OZ1,8.259145894375566
4QXP,7.898126522050635
5AV3,7.678540441398588
7E2G,8.113353853700776
7NMW,8.076812223148343
4TNX,7.342712489690725
5ICK,7.721012823737038
2WA3,7.637625048737715
5RK7,7.600204891690145
5F5Z,7.821117767214994
3FLY,8.118592114506797
5VCZ,8.102156080198457
5U42,7.015197966651214
5S8G,8.110842678683717
5TN8,7.586306905293667
6LO2,7.982766393762314
8P45,7.240399380542488
7RY1,7.994215154743806
2QR9,7.5041314212183465
8AGI,7.697063886504405
3SOC,8.149035245597126
2VSR,7.147774400643359
8DUS,7.334201772295509
8PQH,7.691593536003081
8BYG,7.617208118381115
6IZN,8.074115662464285
6SIN,8.159439552583656
4U9A,8.015640764570403
2AH9,7.205731711405754
7BGR,8.169069962433692
1XP9,7.560223859216848
4Q6R,7.345650505754209
8STE,7.495140893941442
7Y1G,7.894285867340584
4FC7,7.204879783688101
5AOL,7.919155870644384
3EQR,8.130500809988265
5CA7,7.319632756922439
3VRJ,7.964781300523095
6EO9,7.935765059253549
7FV0,7.255730040630214
7UP8,8.130197489284226
4G55,7.212120812466956
7FHS,7.826231677883481
5TLU,7.601050815837802
6ELP,7.7316266556040265
8PBO,7.357031232320155
6KAY,7.949860297214421
6HR2,7.7677488387839455
5DU5,7.226038916985805
3G9E,7.923598770486368
5KZ8,7.756171892022382
7RV0,7.623651625481982
6THX,8.19903107529954
3L4Z,6.8275951178773076
3LBL,8.097000674599805
4FT5,8.185833951671272
9FFC,6.906119428787054
2HWR,7.808267528466791
7VSG,6.840643299843971
4M15,7.973703753470426
5EMK,7.741618382035674
7K6M,7.95978863415569
2PIW,7.9226833380466415
6QTG,8.00634151525081
4MG8,7.526377745935385
3VS2,7.955479216051425
5U6P,7.24761636483503
8R4Q,8.093302163750884
7OAJ,7.971959908731316
3L4Y,6.741401190027546
5XFF,7.838908727023356
6QGJ,7.501660311511845
7G0Q,7.686476742367683
8GUA,8.245864781727375
6KTN,8.089432623220704
7G1L,7.288812611030526
5J82,7.456847090401243
7ZI0,7.9512298770665
6XBL,8.007334963711509
8EDW,7.540737206069678
3OKH,7.776872463040769
6OSP,8.02230960287386
4OGT,7.761910861424351
6UQF,7.241185859678557
6CCF,7.744868036898312
5LJJ,8.04691676250872
8BZP,7.586753212092905
2VJ0,8.061601255650544
9CHV,7.786332101789265
7ULJ,8.185360945760706
8G1F,7.267620254843043
5KMC,7.576208326998663
8ONE,7.285386776381066
4YT7,8.00953717180955
8TWY,7.582766776375412
3H3S,7.6185110188843845
8QCD,8.121216800976532
1YPJ,7.932198042660064
3DDS,7.231894323271432
2HWQ,7.523446693985595
6MS7,7.4881298463549335
9IOL,6.883247954433404
8F0J,7.296050724636417
6F08,7.4329042920428785
5U5T,8.140170244219474
6FIQ,7.920802535129868
4L91,7.770539362455873
3UUA,7.452053794477089
7AOA,6.808400659785796
6FQO,7.947510028863032
3C39,6.87677442319192
3HLL,8.089245860114106
5ZQM,7.247837516568328
3C5N,6.812373701203934
6SQ0,8.163909629022442
7FZP,7.502067482805447
7LGS,7.968130211374556
4PYP,7.104562578870936
4W8E,8.193230176198053
5RJL,7.655575229683249
8PPC,6.956676480963084
1QZU,7.428064887026552
3P7Z,6.760096485376466
6T41,8.03952225115877
5UEW,7.780597156882072
1W9Q,7.64365819969319
2NZL,7.414666718275007
4B0P,7.238427206836373
4K7A,7.9226833380466415
7RS8,7.241223104203564
3UP2,7.636249007302608
1R5K,7.608471217816902
4PMS,8.06034704010406
5RKG,8.2108846641443
4WGI,6.873183754451959
5SAY,7.912538122663466
3W16,8.197470781025496
4JGD,7.471340333687806
7PW7,7.0836588872172
7BEP,7.021171684987497
1PY2,7.668931680540662
7FUV,7.33533587868985
9F7X,7.657153292900843
2IWI,7.587999718440979
8V8I,7.50778908150033
8T50,7.262829991877711
5SB1,7.942102441776966
9B0U,7.439195716924208
7LEL,7.660368989210871
1GWX,7.908712269305319
4AFQ,7.820003098184798
8R4O,7.394447088261639
8X7O,7.612778394576746
7N3U,7.683909748243728
5Q0T,7.671160003872173
8EFG,7.25647895317522
5I73,8.141892556546347
4OQ3,7.812683202714433
2POB,7.96537762159894
3FSF,8.003525466187522
1FFM,7.241903576583926
3QE2,7.236441771569228
5CRM,7.756927968360461
6FQU,8.13004309062392
7D73,7.3169310128660685
2FO0,7.729321369021393
5FE1,8.127711613124138
4R06,7.7396055971945925
3NSH,7.759711884734285
7G0T,7.851359876103844
3MJW,7.799936768992127
8D96,7.269545135985933
8X7G,7.621040098160263
7KP9,8.033949655508229
6YIK,8.09274074159201
5DZ3,7.749391078158657
8C2Z,7.715086451106858
6VPF,7.9603977507543675
7FWH,7.734233885560466
5QDP,8.069779940182103
5O3H,8.044720360903197
5DWR,8.311720721750847
4ZFI,8.021522955094328
6V8T,7.644675061598688
4TNQ,7.3915476066003984
5WMA,8.258378572609526
7U77,7.340555285242659
6D09,7.3991899243683745
8QJS,7.482849172596599
7BIR,7.753307877336016
7SUF,8.144944196965072
5U5K,8.143290597514172
2F57,8.163294336918826
5KRH,7.691679535722808
2R6Y,7.547526496094383
4NR5,8.164685586239173
8QXJ,7.2423770874296345
7RR9,7.532226015229105
3VJI,7.979794806806708
2YJ2,7.774874185714839
6Z56,8.106923805100175
3EIO,7.972202180332901
4QE8,7.5735110897372175
4J7X,7.148081628463895
9LVX,7.475097872825048
9EE8,7.665981046257888
4LWF,7.672308155643743
7RS0,7.244972578982692
6K42,8.238589189968291
5RJR,7.726651413837555
3RUL,7.7726366800834015
5VXO,7.2695300091915875
5Y9M,7.861207413490888
2XP5,7.502864042141427
4X4S,7.123003801734786
7NA1,8.01186456301627
7AAX,8.098850400996987
6U5L,8.004310770504997
7JIU,8.017987746863511
7VQG,7.6307304504139655
7G98,7.5930342831347435
6EZA,7.369800201979291
8G0L,7.345223056422878
7G9D,8.102595217837749
8OW2,7.53633531214857
7LD3,7.706110717530476
9FAW,7.564450039477887
5XRD,7.757743862535539
3L4X,6.7346727280876735
5TML,7.234216794081197
3SI8,7.3829773030108425
4JQ3,8.140481219700419
7C05,8.216213129454392
6DM0,7.788781526733701
7OBT,7.675479493456975
2CHZ,7.654979542932496
3KW5,7.315379532483076
1TN6,7.0023750242612754
7E7O,7.207682289060038
5WKI,7.461333336983914
7RA0,7.860527239422155
1M4A,8.033761674922488
2Q5G,7.707349509020785
2C47,7.896791474597767
8TXZ,7.945372843013235
5IEY,7.2479686194191855
8JVJ,7.734398459756674
5QF3,8.065286827194242
2JFA,7.513792833151883
6MHD,8.234398078361831
3SP9,7.750469657934434
5Z58,6.905486262163386
4DMA,7.61419499688506
5RJN,8.310840699390484
4L6S,7.847781176339511
3LZ3,7.179281898674585
5J0D,7.944279712491296
2I16,7.18634218844553
2HW7,8.009599618577672
6DFO,7.550702120492095
6YKY,7.985190736482082
6PT3,7.630841995946074
3KEH,7.322212878978768
3JY0,7.833467170323967
2VV0,7.469093861793739
4R3M,7.965385345274386
1E3G,7.817308369767666
2I7N,7.243025227319072
5EMN,7.4914659014186675
4TWN,7.945795992888296
5UCJ,7.9212081586297485
1XQ3,7.827483452627836
7G1H,7.729984710578567
5O5R,7.448629430628039
7OVL,7.953122004976303
7NTC,8.173163009924277
7G1K,7.544018170098139
4RXP,7.2209611597151495
6FH5,8.203739609139658
5TLO,7.639749658643143
6S24,7.209530218683799
3TJP,7.957708148869296
5OMG,7.819219458791342
3K8S,7.702151953186578
5RKU,8.071142925960064
7LFN,7.496279019723089
7JNI,7.168086346366404
6MA5,7.621845403695567
5BQQ,7.7109728704177485
6X7U,7.2952236269087605
5VWZ,7.496874297408724
5QQK,7.988901430073842
2XYH,7.158684692067717
7ZKL,7.2568138321606135
4FKT,7.895804412175624
8TFA,6.71768884186797
2Z9Y,7.057843439230015
7EZP,6.675333103020794
5M4M,7.607511746305364
4Z07,7.368719635760865
6ZOR,8.0590188333244
6T3B,7.881090797326393
6SQU,7.145128654204852
5KCW,7.565305928997553
7FRO,8.14325766839518
3AHR,7.277277717684927
2OMI,7.68123013660017
1R5L,7.756622014021282
7XNG,7.8006819354721015
7G8C,7.7871671556418205
2G44,7.758404091675316
6IGL,7.674506011647647
3EKO,7.694520632965931
3H52,7.630281038642415
6TES,7.2659995512413
2Q6R,7.57389371805491
5TM7,7.173200895075218
3OSW,7.603174104467835
4A9C,7.10603947693843
4FTI,7.993064504068126
6UEL,8.119319594403184
3GHR,7.18634218844553
5AIK,7.963305623736854
8TBT,6.731152901247342
4ERF,8.013082234760114
3QFB,7.322930140442228
6LR9,8.067249674110847
5TWO,8.05921011483368
3F9M,7.0509877527574965
3OXT,7.774087498053957
7KVX,7.854139498292131
3WE8,8.133495735164828
5DBM,8.199526104913824
5AQY,7.590943460369594
8YH2,7.709718333588603
6ETJ,6.8042098975968885
8JN8,7.433715768395366
2YJ9,7.753955546843415
7DBJ,7.184746206247981
8XB3,7.79784845999269
5FE5,8.029820490946783
9FPX,7.651029720713727
5FE2,8.197247223935891
5N67,8.009309288298478
4O6L,7.957016407470338
4QXO,7.935324722237067
5GTR,7.727864403065639
7FX9,7.597464479871616
7W9P,7.752308627983911
7G8S,7.305351697754859
6SGH,8.105936907694476
8QNI,7.5132527250767005
7ZI2,7.295886923036194
6I7K,7.2066222015143815
8BOG,7.571223118262496
2Q5P,7.6317240664187525
4BF2,7.996086597252804
7F3G,8.30087264814293
7C2V,7.806213580721239
7WSN,7.804621317384036
2QFO,8.118736279344636
6U9B,7.805456694745561
3WE3,7.24487321041167
2Q59,7.989325573478631
5QFU,7.14491544066961
7G9E,7.409275252023378
6VRE,8.068304852825728
8HE7,7.302987475950891
1T49,7.326695346150384
2ZZU,7.137395591782373
2E3P,7.206488871990401
7FSW,7.375755958777732
2A2X,7.250295903889129
5CR7,8.035317133019378
7P3V,7.867928141892374
7A4S,8.092283029145348
2FLR,7.952078342386923
8CPI,8.106959225441633
6CK3,8.051708999934696
7ZLO,7.330049664631357
8EVA,7.4994663271193716
2Z8C,7.82657603978102
1GJ9,7.893900354306047
2HFP,7.8216432869015975
8P76,7.755997520848133
4DZ5,7.146104654218906
6FNJ,8.073675564920276
8W4A,7.195704632011569
6ZV8,7.995901777599936
7YXN,7.697698872079298
5H8X,7.28422870352719
7WLL,8.170804723960247
5S8K,8.262966653145597
9EE9,7.727489293337948
7KX8,8.006942690525628
3NCL,7.423062281006684
5TAR,7.618156689086345
2HRR,7.139527931381346
5J64,7.915033995468294
5K72,8.075698332768926
5KCU,7.25748789892617
7REM,7.974438279445513
7SZQ,7.620964622617605
7OXB,8.107972494740809
7WMQ,7.84385694531825
8CNO,7.220557700497786
6SZM,8.133329368518964
6NCG,7.478807115026545
5TLD,7.688327452944493
5VBR,8.08764559324347
2V0Z,7.761787769024372
7EM6,7.362185234570688
4IV2,7.67887882906877
7L26,8.252543405723317
7VCX,7.113520615481188
5J27,7.481908948045957
4ISG,7.092403960496323
3CSF,7.6250336167867205
5U28,8.023697226193988
8V8U,8.188854801244918
7UDP,7.66911680742669
7G8H,7.444075235246235
7AKA,8.088580832154573
5K5E,7.851549533738717
7JY4,8.169016389101412
5AQF,7.576661069350012
7AYI,8.098732484962387
1H02,7.030999175862225
6ITT,7.877067524695317
7FT6,7.141367942144552
5AQX,7.678839979426924
1BYG,8.002631529031905
7U2Z,8.126945823656442
5UKF,7.810904708827804
1Z57,8.10944937279843
5QQN,8.115855263633579
5S8S,8.128953125002369
1XP1,7.617744229847739
3VHC,8.104213937821038
8BDO,7.557673424491528
4OBA,7.656522918702127
7A1Y,8.241874542058405
7RYN,6.941903426526524
5MWB,7.160744602748642
1US0,7.18634218844553
8C3Q,7.429034368650334
2Q70,7.598975865713765
6I3Y,6.971020593773338
3PG7,7.06469864974166
1GMO,6.871382949686384
2J9H,7.209868514412767
2G56,7.6307304504139655
7Y8G,7.141888439799317
5U44,7.084364868875951
8FHF,7.559171161338758
9FAQ,6.701980356888596
1HKC,7.071168261603079
3LEP,7.179281898674585
6ICZ,6.721420107896704
7NA2,8.06568320900821
1WVY,7.954555338983989
2BUB,8.036844512821064
5TN1,7.704538084513752
7ORF,8.107498907722395
4YJR,8.048389359701776
8PU0,7.3344887622079185
7NRL,7.852960378508764
1BMM,7.528585431266215
3H1V,7.071168261603079
6XXK,7.42227189406736
8W5C,7.428746384942828
3R94,7.137250737771333
5RK5,8.106900908751125
5W8H,7.709251999770182
1O86,7.651835265995081
6S73,8.054974981310371
5EQY,8.227430990940787
5T4S,7.532449149330116
1LK6,7.3263871478063844
7T47,7.715461450834978
5U41,7.805761413650455
6SCM,7.995083440827973
6ELO,7.886650112374069
6IL3,8.117244037674668
6YQZ,8.219997075427043
7FYO,7.654957776254008
3VJM,7.8355246978648685
6WM2,7.23294552342149
8JU6,7.42531939650967
8PTY,7.708605638567906
5O2B,8.061225725517396
6NEC,8.034864883759603
6TFY,7.982151478170346
5FQS,7.650910293204753
6PET,7.668643062194745
8AQ1,7.40568009906853
7L9P,7.29888777888261
8FV4,7.488072864414892
1YET,7.846611451124075
6WOK,7.668643062194745
3SKF,7.7768029027733
3MTL,7.687405900482566
6KEG,7.865354771162864
8S99,7.579722005571144
8FC8,7.224659864357859
6O68,8.021842100513213
5DLX,8.05145112510551
1DWC,7.871700000137908
5LSG,7.45730453378777
3R2F,7.79071133462772
7OVM,7.9911258952449415
5L2Z,7.9206928229827005
3OKI,8.13378315031391
7XLQ,8.001044477084832
5VEF,7.703967982160106
1DAN,7.081727717277396
8C8C,7.8231930660794715
4CWR,8.062405736000988
6TTP,7.654785266633443
4JVE,8.002051310305562
8TYV,6.677737795610167
4ZYC,8.038675659915377
5TLM,7.602720198550174
4D9U,7.85669375261254
7B5O,7.913382693973717
5VED,8.002099442101096
4AGO,7.860528349317111
6ZGO,7.933655326923917
3O8U,8.01013424358351
5U3Q,7.509191241902219
2ZB2,7.080006043747052
4HEE,7.984414406265584
6HVJ,7.79524922567606
8QYT,7.480601238643306
6N0M,7.304540801920506
5Q1E,7.613083971616743
8JU5,7.175263863095733
1XPC,7.560223859216848
5RJX,7.8108498106207245
5C9C,8.089854182341103
1UEJ,7.499629797328533
2ZNP,7.028884337827857
7CMU,8.081416669839534
7RS1,7.265975099178761
3PE2,7.824310781890659
2F9N,7.489528960194762
5XSR,8.23401788499637
5SC9,6.731152901247342
2ZNQ,7.015197966651214
2QXS,7.520638993055262
5LVR,8.300569492486261
6WJ3,7.482620912381067
7Y7W,7.389361203977176
8UW9,7.312944645540214
3DZI,7.226525601835
3DM6,7.339593973170503
4X2J,8.006917675434526
6UAB,7.765703681750568
7MCE,8.200620698267526
7S1N,8.190483234180428
7MGZ,7.3428757528235575
7G1G,7.630024541095707
8RPS,7.306437071544606
5KRA,7.965624004747863
5Q11,8.09156532808717
5Q10,7.976513216551128
8U5Q,7.806638128706699
4UJ1,8.226178697286574
7FWK,7.98401172779218
3W10,8.103509005737585
6KO5,8.15847517687574
5WVE,7.206053903081308
7OQU,8.080704914079682
4UAL,8.150330522545302
9N0X,6.897092981652322
3FEC,6.8721028225172
7KTI,7.306204650338616
7WET,7.780768661585551
7DFP,8.06523147224977
6EL7,8.145932134847815
5O38,7.426858370979442
6EIS,8.211374242197104
5OS7,7.958825445942835
7KP8,8.060919070939141
3FMN,8.22270383830732
8RH8,7.2557203280745135
5RJY,8.271279597470945
7MLK,7.98084302768637
5DID,7.661142604593651
5C1B,7.234093964321114
7DL6,7.87848625042941
4IW6,7.5550087861839925
6FDY,8.093302163750884
6FNM,8.077030262315677
7N9O,7.610364001498324
1X7E,7.682707212772847
8F0Q,7.1645860824516605
8P7L,7.668428450429639
2AWH,6.996730797285427
8S5W,7.719275101939512
5QIT,8.151453650942015
3ML9,8.133599514673467
7G9H,7.201130879750713
4C59,7.6902469720818445
7A53,8.088111274460726
7SX4,7.0726267049731755
5U3Y,6.996730797285427
8FLK,7.299438492101183
7S84,7.796601491851908
6UKU,7.548561248317173
7FVI,7.471289015911305
7UAD,7.1544110337266265
6MHB,8.162307676161856
2Z7S,7.948879828628044
6EKJ,7.130947583977219
4R6E,7.942741001941561
5YVB,8.24280230755419
6YTD,8.040086824926108
3TH3,7.108137707477471
4O0X,7.816849064037684
3FXI,6.931041812602088
2YGQ,7.125816705627646
1PXH,7.301786840000825
7OPW,8.149280965805973
5RKB,7.864497479582531
4JQL,8.038457356613527
8T8M,7.767476047402753
6EIV,7.89736899686864
6TSZ,7.2132056121562815
7Q8W,7.9916246037595045
5R8I,7.955421266888336
8X7L,7.562316091300021
6EYA,7.7488145396666805
7XM7,8.239286395613972
8W9B,7.541797177351144
2REW,7.492979818790892
5EQP,8.188984986386775
4QSA,7.876525453184518
8AGL,7.697063886504405
2YI1,6.9564953297274235
4YKU,8.071954152255863
7W7E,8.085880681321251
4M14,7.977287479791425
5IMX,7.989184700095558
5DXE,7.727864403065639
5FE9,7.885585867977276
3P88,7.601189976001019
1DKF,7.200324636122268
5Q1H,8.06998345957114
4E4Q,7.492373398865243
5EHJ,7.743105631867731
4FR4,7.996618684183613
1P93,7.685189613270385
7OAI,7.987084200776464
6EIQ,7.901455272629608
8II0,7.485281008962511
4X4O,7.155155211891216
3IOL,7.010631957281247
6FCF,8.066599364162485
5AV2,7.678540441398588
6EQQ,7.482701329116985
6CD5,8.064803543097854
5QIU,7.984146475092858
8JSR,7.251596998075177
5LCQ,7.73643334600879
5DYD,7.590109182674318
1Z28,7.240980125676962
7G91,7.6893420918206665
3RLL,7.6169034671932305
5QD7,7.669382228701785
6RNU,7.287437498235956
2R3K,8.028506047865497
7ALE,8.04082934605979
3V9Y,7.553606129710013
7K7Q,8.137410070219198
5U40,7.837053725410658
5QIH,7.4103536851746865
3QFC,7.246632164904178
3CIC,7.779281747068102
8DK4,7.432478830634239
8R4U,7.68654754961561
5ANL,8.10681882953047
2A2D,7.156446096883202
6GR2,6.999328667233531
4GQ4,7.97646639427028
5QID,7.4103536851746865
5EGU,8.120874504137769
3D5E,7.274846897837561
7MGK,7.984821461316296
6SIS,7.750426438990375
6TA0,6.621721652629736
17GS,7.209868514412767
4DES,7.716672080691757
4IK7,8.022386738569528
6Y6H,7.539723413821599
2FJP,7.949185517577712
2P0D,6.706097012980968
5D26,7.830361346923247
2W05,7.689281393360714
7X2U,6.7736446944561965
3OCP,7.272137094687922
4BBM,7.698281990406459
1CB0,8.157269173365268
4RC4,7.663867442486355
8GT6,7.363081329400602
6ZUG,8.090224569473031
7MXH,7.390000189884332
8G6T,7.580181079815959
1UK1,8.065789118008322
5U45,6.996730797285427
7ZLN,7.325559161419757
8GYO,7.285605548958713
6B1O,7.375476813492698
7R75,8.093537008260036
7FV4,7.328876449423202
8TF9,6.71768884186797
6AFH,7.986240230333805
4QD6,7.480365810382215
3ZU1,7.700156560436443
5NK4,8.187274463462009
8FY0,7.221614994385288
7L25,8.183333235996686
8DV8,7.280342003528833
5E1C,7.5288553461834224
5JWK,7.1765240075070045
7G92,8.002837158886221
7DXL,8.237438081689657
7JUZ,7.225427198425825
7QUF,8.065309609710047
3IIF,7.172257217257702
8IK3,7.2843458991112255
8CHS,7.150395682982942
5DI1,7.328860591641485
7SOL,6.784197475330147
8BWX,7.717782676820597
5Q1A,8.05657449774579
2A2Q,7.1587635839154435
3GN7,8.00532906446842
5EWE,7.038386296601519
5COR,7.267799597497971
3OWB,7.799136831094837
5S8J,8.226431936305202
3AN4,7.707785322130167
4WDW,7.137250737771333
7FQN,7.0280483606024235
2VV2,7.277932602485811
5Q0Q,7.696542806150059
3BL7,8.12445394941318
7B4E,8.460775656323891
7GS8,8.21649472319804
4CUD,7.240197378493833
5OYF,8.046226972156989
8WZK,7.209139404157918
7G0Y,7.572404449659166
7UJO,7.612228672550737
5BO7,7.491812657553642
1C9H,7.698405940106498
2WOT,8.098742323134145
8P0F,7.510120573407263
8A5W,7.448601912857758
4HXP,7.999012536036448
1RV1,8.005995330312423
4ZXX,7.705814478883696
3B0Q,8.149021745892377
7FW0,7.671698117439873
2W2X,7.3175157721333735
5Z6S,7.993123167391911
1KNU,7.866703272693394
6YR9,7.600568544018592
7FVR,7.279897613589333
8FUG,7.722234727470771
4LKT,7.417020808891144
2QP4,7.96843458593488
5CS5,6.891973309250852
3HC5,7.53652717456747
6ILQ,7.904151897109979
1C4Y,7.964841247471268
5ENE,8.13320683160305
8QZ7,7.235062077537926
8FY2,7.297160778753128
6W2J,8.086222536515637
4EZ7,7.991132449211886
5F9O,7.496874297408724
4JL4,7.513267105863698
2H00,7.310081973214388
2UW4,8.17969865875948
2VV3,7.171025837843387
6AFB,8.136992331270186
3ERT,7.498446516829523
7NRK,8.261587452546584
5ZXB,8.060101877525458
8X90,6.910174876718902
1XW7,7.714691082305022
4RPP,6.843689543767431
5LNY,7.746999899571339
8U2D,7.4950936359766
6J7X,6.931865199918767
5LRL,7.9120726748751125
5V60,7.280808912550802
4RCH,7.071168261603079
3T5F,7.803665639320225
2ACL,7.706829848038385
3ET2,7.699787249680947
1O5C,7.942985564294191
3ZWT,7.471340333687806
3D6D,7.4104266478214145
4R4L,7.3540620120316875
2I5C,6.743115711224715
2YJB,7.775058723586049
5RKK,8.19710938669258
7UP7,7.839812765699974
5MUG,7.756622014021282
8AWG,7.40292078211869
5Q14,7.779453325135625
7KT1,7.272014667983798
7NXK,7.996032089498728
4RWD,7.509907867709067
5NKB,8.05060377029943
7JWZ,8.046926789919794
8BW2,8.165563614161464
4RT7,7.8988677330900465
6BXY,8.033101248727567
6AD9,7.972297142483581
6LP8,7.471340333687806
3A60,7.987138581384609
4CV8,8.178427168245188
3JVR,8.028646174389623
6AFE,7.985484735787349
3BE2,8.053133860432471
5UFX,7.610681588968625
5K56,6.699979019318787
4IDQ,7.303974381985101
4EMT,7.340704617608233
7OBH,7.723147502860025
4GSF,7.954871201474369
5KMO,8.092041167819758
7HB5,7.8350297556247215
8WZM,7.219949446699859
6CIY,8.06914848401635
2ANM,7.753713211790261
7PW9,7.307344175291811
1WTG,7.137395591782373
5T1Z,7.533262189169011
3JZK,8.001823979318779
7JHJ,7.628820280579748
7G1Y,7.456799206815719
8ATY,7.537142780776008
8V71,7.82331670488786
3X06,7.495220875371769
7BTT,7.991920090526861
9FAU,7.553956070848344
3IN8,7.253236652114519
6L20,7.692700628382369
3OWL,7.913156843340483
7FV6,7.263927031852647
8BWZ,7.430533707439573
4X8S,7.825233401806029
3LDX,8.134142008451063
3OGJ,7.224097927722301
5IKW,7.937691916936111
7U8H,8.072306285844522
6U99,8.018807471210092
5Z02,7.9541002860710295
4A55,8.029655171877122
4XII,7.003678957425348
9CXG,7.479527103979648
8SDF,7.498640288631419
4PMP,7.932246436861148
8YPZ,7.251430832299757
4UXU,8.04807318939689
6IB2,7.902343923463621
7MSD,8.185359869635342
4BCP,8.172983245653255
2FIT,7.196547490184834
4TTC,7.412984393570434
5CP5,7.737705590474274
7AJS,8.040593349036685
6PYS,8.012824720352477
3P1C,7.703796239125557
2YN8,8.002631529031905
6BU6,7.784831719720593
6XNO,7.145560797087661
5OXG,8.124132795312944
3U6A,8.105403142754518
6OWC,8.012146987015555
4COF,7.96046266073883
1QJ1,7.662753405019318
6ZCQ,8.198237496651446
5AZV,7.119425692199146
6YLK,8.073692105278687
7SJ3,8.062014899359836
3GR4,6.711095031241222
4IWF,7.620090298377654
5FIT,7.343132952723924
2EC9,7.156758243775216
7FVP,7.275338822903801
5CGD,7.226371193070076
2ZND,7.242451330697776
3WEF,6.843442389957118
5X1W,6.731152901247342
7MRG,8.132912415949994
9CT3,7.785672892863293
9DTQ,6.747352449933304
6VWC,7.9083284911985
5LAW,8.040990095491539
7G8X,7.597056859793373
5MQG,7.4940644770271705
3ENE,7.9913035457399575
7ZH8,7.600917242990412
4O04,8.02973940830678
4ZNV,7.175103116333855
2JAW,7.352804983317172
7FT4,8.090876135765285
5HP2,7.3346213461262595
6J5Z,7.019916150643985
7UGE,7.462105436564131
4C3P,7.322316326976055
1IB1,7.3982142250220955
4YC4,8.034740341940642
5IPC,7.681286921355934
6LUQ,8.015761294221326
6GWR,8.03244643472465
5C18,7.202896043520844
7A55,7.866378520233532
2PIX,7.9226833380466415
6AFG,8.047822890493272
7OUB,7.619729836752632
3HEK,7.648638846423859
7U4R,8.31290948672815
7FVA,7.493190143269242
8R8E,7.729750162863706
5Q1D,8.173302414367658
3SXR,7.906799369548389
6F2L,7.759559889916367
2HI4,8.052718371804731
4A4W,7.537757104452852
5M8P,7.22909898479678
9CBM,8.238589189968291
4CVA,8.04264881449676
8T5G,8.08029379358414
5XR8,7.456231544316157
6HD1,7.1606290000345085
8FYY,6.9892723956680625
4F9G,7.32940650566269
1W7G,7.67624375314701
6W45,7.9912826970681134
3VI8,7.680031162519306
4CFH,8.002099442101096
5DY8,7.681594161687575
2Y1Z,7.376927425404642
6P68,7.737702263782718
6MA3,7.624360479221331
5MRB,8.007902115873279
3EPF,7.938778448030887
7FSM,7.818695805546907
7G07,7.500297178412724
7NFB,7.542607926920944
3L3L,8.043130422186998
7WTB,8.0404615082478
7JJG,7.713444447833565
5XHY,7.829736394856145
4CCU,7.851218098854554
5VRZ,6.869765291979213
7G1O,7.8849763614927
6O9D,8.095057418336207
7AAD,8.125789993184291
3G8I,7.662372722857156
3FME,8.014553766618588
8F7V,7.297632976610392
1LQF,7.244547365253535
6HGH,7.140679175642487
7FYH,8.280501888804304
5RJK,7.874067680632954
4NST,7.304395793628758
6EIF,7.634491086282271
9DF1,8.016471903585161
7WQV,7.493374373636478
4O0B,8.12488618838428
5SXF,7.593548047565997
1UKI,8.043604022651875
1P5Z,7.564003765712943
6BQP,8.10409867650292
7CGP,7.096266160923027
6MCZ,7.282564582035923
2XYW,7.855685231164925
6PC4,7.398826732196316
6YDB,7.283791983489045
7DSQ,7.995813017290878
4D90,7.398468709146669
7TD3,6.8602327229926425
7G8Z,7.019335786052234
2R6W,7.587785078749981
5MOW,8.071895980234688
7AAY,8.147871249250061
5NK2,8.086391334562066
5S9A,7.978330533597608
3QFR,7.203488923577668
8IRS,7.3901967791539755
7KPA,7.860108148425582
3FAA,8.18156655501524
6AFF,8.073898882118916
1L5R,7.253130022164676
2D7I,7.119519555681558
1XOW,7.807302943782252
3ZC5,8.180899473913692
3GCU,8.006763381510657
2O02,7.888439416573505
5TWY,8.004648933148577
7V2J,7.7924714470626615
9CIV,7.714691082305022
7ZTZ,7.9226833380466415
5XRE,7.755444140444644
7FTB,7.669958907165634
7WQS,7.146104654218906
7S3P,7.719747561340849
2UW0,8.043902002556587
5FQT,7.626944847574775
7UJ8,7.498446516829523
9D61,7.7283243113596995
5SCF,6.752520893380413
6RSB,8.166096971398373
6NTG,7.496279019723089
3JRX,7.7709330254878735
5DPV,8.141795591513441
7S1S,7.712870031844951
6LZL,7.850322306619857
5DXH,8.032010122622408
7O1Y,8.083058845410234
5TET,7.214801654999097
2XQI,7.496279019723089
3HU1,7.152091082047884
6IJR,8.016956588996308
5HG8,8.037761478824816
4ZGK,8.043726365946233
6D3E,8.030130728045801
6R6E,8.043829284166494
1TKR,7.351163274907197
3LQL,7.179281898674585
5DXT,7.99400334562889
6JEY,7.465534845048162
3VW7,8.112691136471978
4O9R,7.956301465427692
9B3A,8.17604584489508
5TQE,7.744957331807551
3H3R,7.6185110188843845
7M0L,7.994188399588994
6VMS,8.107583421129863
8FXO,7.547804937703925
3QX3,7.654357758241805
7A4Z,8.068962988340072
4HY6,8.289351291051341
7A5L,8.141744744445397
7KK3,8.16936435858802
5LR7,8.217471684920088
8PSY,7.302725149697267
8DUC,7.291890699564296
6DGO,7.689686785153196
1GZR,7.137969735851237
6D06,7.32136076416561
1YIN,7.595679770309867
5HBJ,8.143398338664333
7AVL,8.058831608852968
3Q95,7.650481803217782
9ETB,8.267396400182204
6R6J,7.372229409381684
5TM2,7.242732531397873
9DMC,7.139339640520119
2G1O,7.959770413242428
5DFD,7.997669273274067
5TRF,8.093390306608354
5W0E,8.24525186072652
7UC6,7.256775420416187
3B65,7.790951421209353
6ZUW,7.680470827875024
4TN6,8.146482143361013
7LQ1,7.672719125805579
6TO7,8.194614825976792
5NWZ,7.939673767146706
6DGL,7.945589230586321
3LM0,8.119355597056467
3R6I,7.146104654218906
7G8L,8.190509478758308
4PES,8.09047896297889
1QIZ,7.722026645061904
3BIV,8.067814096393143
5LNZ,7.698044599159654
5QCY,7.770667179757312
3CF6,7.67169601438501
2XQF,7.496279019723089
5LPJ,8.182011861289473
7G0G,7.718929541353565
8G4A,7.807047407648047
4UYD,8.043359248616778
3T03,8.116406597373098
6Q49,8.164070049694587
7UHF,8.10429391100102
7KIE,8.064218971037702
8PPW,7.565288118015713
5YVA,7.715285403327794
5N68,8.00432715406536
5WR0,7.85652292073032
6UPF,7.096982244726082
6YLC,8.208205360451617
1WAY,8.07043329038935
3FR0,7.071168261603079
7E5G,7.630729280096194
9GJ2,7.406435183235957
7C7G,7.137250737771333
2AYR,7.174256571655783
1T9G,7.33517479063955
8CDW,7.70681167006537
7XHE,7.836583887258975
7JXY,7.820350363107297
7W5A,6.704234135404219
4KS8,8.199836052937453
2P2I,7.92141187998562
7MH0,7.254842566521445
2PRG,7.901877258653649
5FQR,7.626944847574775
5O4E,7.257309010084578
5URU,7.714691082305022
5J6M,7.800421781407748
5C7G,7.322106156092554
8W9W,7.160812271185658
5NXD,7.665954682659759
3LMY,7.181541216558589
4AIY,7.720612421449695
3RH6,7.037406812610783
6GQ7,8.203739609139658
6ZQS,7.752755669515474
4F64,8.189351896350939
2XJF,6.935065629409525
7HA0,7.945002253706909
7YAI,7.3042510832448935
3OS8,7.576730184271297
3HYY,8.175550068485089
5UCH,7.814378270459539
7KAC,7.654067881769082
5VC3,8.071046514906199
5Q18,7.78378953203143
7M0M,8.106399302248048
3EPD,7.2899208719504065
6BSD,8.060499063923219
2E5C,6.605645488407349
6EDS,7.47223054322828
4GWT,7.3243596810709
2A2C,6.943522936235663
8DUK,7.334201772295509
1YI4,7.68947427434995
6YB6,7.705526123719689
8YHW,7.226727134985459
5L4Q,8.15183920945342
8PBP,7.269455835393928
7WOX,7.995040390133814
3RAW,7.982158564894565
6SYT,7.029663097857809
3L38,7.954719165079946
6OMO,7.329355541227228
7VFS,7.523864969717719
3W2T,7.454497022706147
6MD0,7.264314607967473
7UJW,7.6684894770871415
7UPG,7.542093681255708
3TPP,7.481021980899847
7R4L,7.179568490467013
8SC4,7.900380479038307
2OZ7,8.108401315158037
5KCE,7.230505012908096
7RL7,7.154336967804041
6WI2,7.196417485558492
5QD5,7.841723822543309
4HXO,8.293674454713614
6APL,7.34056262622782
4F9M,7.798807462346586
4JV7,7.923807704878016
1TGJ,7.6705656119128225
7CCW,7.690981130937295
3ORZ,8.168215132453911
8FHD,7.537272413308894
7YMJ,7.338086811131832
7R4O,8.069776684580255
7FYQ,7.716995076861425
2XYX,7.794143249478528
8HUN,7.39857657968269
3SQ6,8.132943303408801
3CBL,7.996086597252804
7UJC,7.508190823950224
7D0S,7.402541310647987
7ONT,7.973932966055212
5QEJ,8.07818472719918
1WVX,8.113327777575165
6Q8Z,6.941280372930159
7W7Y,7.923112165611799
6EI5,7.954949420278949
4D88,7.427977693173507
7NIZ,7.697796050559432
7WQQ,7.284296257324722
7JYR,8.079978104970406
6PRT,8.427291409905655
1DWB,7.86027706614466
2F8A,7.169135939049948
4P6W,7.694248265889212
3HMI,7.88775421175515
8VYJ,6.898027351547567
7A4W,7.994823624455969
8HMT,7.5636832661885265
3C7I,7.505295944199008
4CV9,8.04861240218046
4E4L,7.592806848457451
5S8C,7.819133530145162
7S9F,8.217691867425009
8C1E,7.488099049328151
5HNT,7.130572246355265
5OWK,8.190200720313197
5EQG,7.983222581789018
8XSN,7.810589606224214
6A94,7.98983985260254
2AZ5,8.028130772460852
4QQC,7.9257845005830365
2UZS,6.760830971127539
4JS3,7.471340333687806
3HU3,7.154336967804041
1UVS,7.814682857365087
6AWP,7.816477812522002
2G2F,7.316507922847397
8P6X,7.684896395250028
4MQF,7.455596299870357
6DDH,7.441897132057135
7PWD,8.083595443563816
7QUE,8.018732463982063
1FKI,8.173229602422913
5HYR,7.755519828197276
7JX0,8.020468184058707
4L94,7.710934913873199
3L5B,8.147900868139375
9D3C,7.380703925310576
6MQ3,7.470420624190354
3VUC,7.823376552838829
7G93,8.145889671583573
5U2B,7.691181610362622
5UXH,7.22640256013094
7VCV,7.129551865820178
3MY0,8.135333411996433
5ZYL,7.235080411022661
8AQG,7.179281898674585
7NRY,8.115550624898571
3BLA,7.979229730563343
5RKJ,8.313356177550375
5S83,8.185391991425517
7AKH,8.12336984476401
7CR7,7.998315409240679
6CJG,7.471340333687806
5ABW,7.206750505283337
4YH4,8.095704653270495
5UVF,7.9287031373541605
6F7R,7.180622792425546
2I0J,7.67170961823756
4JYU,7.62142933447361
7RP4,8.07470930589754
5WA8,7.466946847113171
6Y0A,7.808997953166079
8TZQ,7.675100139674816
7NZY,8.046702080105044
7G85,8.03768577069587
8AQP,7.179281898674585
2J9M,7.709632793773316
8V74,7.647277834849656
5C1Q,7.968907821498194
5RKP,8.272590398389118
8AHG,8.236967627802985
3ID8,7.0509877527574965
6SAM,7.238427206836373
2QXW,7.18634218844553
7KK6,8.058910806986951
5FE4,7.9587535466120425
5K13,7.230001669303022
5S9D,8.044999193136332
7GT2,7.756758829610827
5U3W,7.015197966651214
7AKB,8.12336984476401
5T92,7.67718480694346
8K14,7.715942770227344
6OPH,7.855783863446732
1GFY,7.6680244759392
4FAD,8.261068138225744
5BQE,7.6816780686073045
5HQ0,8.203194887459937
7FVZ,7.605009010756024
8S8A,7.100659967915179
5QD2,7.6509150593360005
7E5H,7.665285997540936
5E0W,7.629168636125615
6ZC0,8.040540751308681
6JQR,7.8845257364601204
6Q4E,8.269595286250416
9CXC,7.2557203280745135
5S9B,7.881147324496623
5J6S,7.750636867642189
2WMT,7.925299216191467
4NG9,7.639902198900312
7UDQ,7.625189453968413
5AUT,7.290856839754459
8DZR,7.372135234952844
5U3R,6.996730797285427
4XZ0,8.120522403134661
3HC6,7.514825740076152
7OAK,8.059434935239292
8OUS,7.54624564199389
4FUL,7.743746463884929
8S0T,7.523049951730542
4XI3,7.644560888101675
5SB0,8.047819914525302
6Q4D,7.644378529623155
8YEV,7.695244141387312
3WJ5,7.592016941250048
5TI6,7.852335754567913
5NDZ,8.178085867169145
2XQJ,7.496279019723089
8V73,7.739906736263993
6XE6,7.6522079198222865
1QJ7,7.657652285739856
6P38,8.064885336422911
2YIY,8.1103742260517
8YXB,7.636086032521438
8T98,6.73677288567062
4M0E,7.496279019723089
8GW0,7.283164910996455
9IYP,6.901033816796853
6BMW,8.075189892653427
6UKM,7.872016947381046
9ET3,8.11587658210721
7ZTX,7.9226833380466415
8HLR,7.4764851346519965
1NSG,7.650190369334399
6FNA,7.264224829405127
4DIJ,7.998350595724191
4BAM,7.955407414781352
3TNH,7.804344893259245
5TDE,6.809667487009112
5C8W,7.128448642048973
6YLA,7.299987389955514
4LWG,7.6179291847497455
7XPY,7.65630497702138
5CF0,7.77686003207337
4GZ5,7.378515374509563
5GWI,7.807818137894571
6CQH,7.902562181080611
8PNQ,7.355379716020041
7UJ7,7.629673118488395
3FMD,7.798831142489873
2E3O,7.18955631921338
8HV9,7.505050384177092
7G8R,7.5208615501449865
7U8U,7.045417417216254
6DH9,7.776982689964222
4PPP,7.612208792056875
6ID0,6.7038228870310395
5HP3,7.3346213461262595
1ERR,7.543014988664698
5WR7,7.796464340114481
2OLZ,7.68123013660017
5HRQ,7.7109728704177485
4C6D,7.671423059170961
4I22,8.125475270822493
1UDW,7.2210096879839565
7KP6,7.993855586517487
3QCI,7.746355863686595
7AKE,8.12336984476401
8BZB,7.872001980725913
4C5D,7.963170633193796
2G49,7.6307304504139655
8C2F,7.40990174100138
5VC4,8.082545594726216
5TLY,7.351106422381212
1G5Y,7.709252298359315
3OOK,7.7320771705636675
7BGV,8.12251385725589
6CUD,7.113233490912301
1K3A,7.264239772627388
7Y99,7.630554167962097
5C1D,7.548091794869249
5XRA,7.456231544316157
4L90,7.766014874191314
1U4D,8.115597706575109
6YF8,8.057415754880198
7G96,7.571430122709541
8P74,7.603700865009554
7RNM,7.617809300402416
7MM1,7.770513764956451
5QFV,7.811572398474816
5QCR,7.718929920917481
7FUZ,7.416937469089131
4D0M,7.642963969906624
5UWG,7.261285101420306
6J3O,8.153079995899748
8J81,7.390065419122205
6NCO,7.7084325480968285
6NV7,7.491663220901397
3WAL,7.254632450079575
7AEQ,7.808314792374564
8VYK,7.18337264015766
4TNZ,7.398166366280579
6MD1,7.49887473966695
2P8S,8.074671410508946
6ZUH,7.97650601260287
5MKS,7.696594523856728
1EFH,7.202115450217881
9AS8,7.835686916602956
2CIA,7.80741302177395
6GJI,7.9483655480297974
5XRB,7.8183757126143565
5VBQ,8.003539171743881
6RLC,7.741837965039895
6VFF,7.3346213461262595
7Y8D,7.701400381963644
6T57,8.015001572805467
3VN9,7.388070783397331
1M4B,7.827786271565213
2ZNK,8.038431249782208
6CK6,8.096555032695594
6V8K,7.405610056170023
8QLT,7.4364101959607005
1X96,7.179281898674585
5EW9,7.796791882489123
6WXM,7.593084015470526
2AR9,7.410974608160456
3SP8,7.301434540832791
6TU9,8.004231445391211
4LL5,8.23933818940746
5XQE,7.811997505328295
7ER9,7.150709423945977
7W9T,7.756550854164483
4PX2,7.69806744258176
4QOI,7.430010753354044
5RK1,8.052242258982572
7CCV,7.674670253498944
7EM3,7.279777121115702
7OLV,8.121255346578875
3BQD,7.6810061658191255
7RHG,7.270312848183125
4U97,8.015640764570403
5M4P,7.828858839798698
1FAP,7.650190369334399
8T1F,7.493105848893278
4QVX,7.683530988154633
4P36,7.306269237078124
8TSD,7.570613020889335
8DZS,7.397561956295541
7KHL,7.927752661768944
5G15,7.285436136589179
6V0X,8.21609127706311
4RWJ,7.9314966953429815
2Q5S,7.561842477143174
8SXT,7.211732922987836
3F68,7.991987904998084
1FKH,7.529912449423716
8AHH,8.285586390247751
4FRA,7.22398639294701
7MSA,7.6920562672855635
8X62,7.373804234373861
2CN0,7.860039258631821
6GU7,7.77640616563836
6ST3,7.8228960251136455
8OUR,7.733953381611007
5ORH,8.051954841163676
7MZK,7.489528960194762
8WSW,8.206562597658081
3Q9X,7.807854700142867
5AM9,7.4686909352354345
6MA2,7.6149934810685505
3S9S,8.040516475273709
4WDT,7.146104654218906
4V0U,7.790865407707497
3X02,7.507040032166298
4ZYI,8.078728663312466
5W0Q,8.167259194535033
7VFW,7.523864969717719
8YPY,7.134016428673478
1OSH,8.086306776735993
5DP0,7.715966211613935
2P54,7.736503422745682
6OAC,8.00611269453539
6CYM,8.025527144163464
3FGU,7.071168261603079
2CKE,7.800616487131515
8C0L,7.70941473023505
7FSQ,8.04199633324189
7G8W,7.754092819572575
3O0I,8.149354761637957
8T8Q,7.6244660247496725
8BXO,7.518970000749401
4FSQ,7.732096078413936
8DVB,7.299684249511291
7QG2,8.09114538489099
6G6W,7.511864587669346
7YNP,7.421025527724641
3K23,7.7364449189894176
4MPN,7.194523406552896
9B3C,8.17604584489508
6THA,7.1193417810652315
6T56,7.960883371504967
7ER7,7.135177016082336
5I46,7.903797090794971
4YHJ,7.26974083423702
1CJ1,7.279888790232753
9B7A,7.515872249833587
8AQN,7.481411806507612
6DW4,7.286721784554225
7JRA,7.86633097744649
3SPF,7.764908544575758
2PNR,7.477191497379243
8V6U,7.592525419301091
1WBG,8.130516632098447
7BQ3,7.991795381790631
5E0X,7.612918314812965
8P75,7.548914053332707
3BZ3,7.563353231770439
7KPF,7.2100502024330275
1KI0,7.226551181858119
5NEI,8.149519284516925
5SXE,8.085180373482707
1E8Z,7.994845157687665
1X7R,7.542607926920944
5X2F,7.996309654106632
4HBM,7.700406114987261
8DHF,7.471340333687806
6AN1,7.580578917413602
6K05,8.147069672158374
7Y7Z,7.845261593658489
8BJL,7.179281898674585
7EM4,7.41045426566037
6O9G,7.80883939673982
1L7X,7.253130022164676
7SII,8.042617220492275
8HF8,7.390110844724058
1T8T,7.195409882892972
6YM3,7.741944152643713
4N7E,8.05057334407288
4TUH,7.852342929620231
5WIU,7.983283869124513
9FAP,6.701980356888596
3GID,7.744079061927995
8T2H,7.683579288726607
6FZP,7.8338982699328525
9AU5,7.088901144833866
8ZBU,7.810461876126843
8PQ9,7.677427372546806
5OC8,8.001495811422366
4D6Z,7.845822904153128
3KPV,8.157269173365268
6QTJ,8.012305102934512
4ASX,8.132422850853784
3A0I,7.0509877527574965
1W9O,7.655383790379795
5OOH,7.150709423945977
5JCW,7.4517260862935295
2AER,7.103095709410466
8SGV,7.150215203972361
3VF3,7.513978296434698
8C3U,7.457750134681753
5WRZ,8.099858571776956
8CWL,7.252196000853803
5DZI,7.675063741725077
4CCB,8.119339759971284
4H2F,7.57671324399056
4LWH,7.752370202883459
8PPB,6.969787579223643
7NA3,8.056899730786931
6N8X,7.934099154684803
1QKU,7.755519828197276
2IOK,7.646738176026259
4XUM,7.985974328633047
7DSX,7.520351459121419
1NHZ,7.639176622837414
5TM8,7.214310963519898
7SI4,7.620717465738413
5EHP,8.02549832198786
7TUN,7.243807079123957
4MGB,7.581835807038524
8ORM,8.06430275474194
4ISI,8.121966762239282
1M2Z,7.692283147956449
7VWE,7.015197966651214
7SD0,7.321044952317932
7O7J,8.066325479812392
4F5D,7.287015992438192
3DV5,7.729693440620831
1O5A,7.960697629629521
7G8J,7.335503324621743
7SXJ,8.12309533336618
6ZY6,7.683970180389696
8PWC,7.501423294229632
7NJ8,8.210723765832647
5J31,7.866308726202016
2H4X,6.867590937023344
4QG0,7.619059035965951
7QND,8.230753058767803
3CDP,7.7919389758627995
7OAL,8.008952330629183
5WQX,7.440984244654776
4TQN,7.519911629120327
7A51,8.260362410696628
1A5H,7.911635886590241
4NZW,8.17552823522707
6VZM,8.007325228954784
4AP7,7.873334933233057
7FQI,7.466029519089848
3DEH,8.002387441902773
3L4U,6.814789567999107
6NSL,8.113983149410654
6GR3,7.229559407945412
6DGR,7.910316874692469
8VA6,7.40611860921775
2OM0,7.68123013660017
3DD1,7.238350819970382
7CMV,7.660425379389801
5LPL,8.13899506113933
7GSZ,7.831363029594399
3S7M,8.013437123640848
8H7B,7.272648373504672
8Z6H,6.755859339975848
6TBE,7.6228101123753715
5JHB,7.814592386255371
6CJ2,8.048486193088848
6OJQ,7.375643626039184
5ENI,7.64591930109434
4PZS,7.377954631038386
3UQX,7.604069657279548
3HZ1,8.185360945760706
2CHL,7.839827572478392
6W0Y,7.644864776464256
8CVN,7.242490613873188
6QTY,8.121933032897509
8DUD,7.274606749293918
6Z8X,7.895754277644875
6WLW,7.180201991926799
9B0T,7.435399005616505
7U2P,7.2238461861603405
4MLH,7.0509877527574965
6YP3,8.262783207576646
5EDU,6.874055849451657
8V76,7.654648691409835
3FJO,7.506558494408624
5LPM,7.866700079494603
4UMP,7.8637440825853675
8QNG,7.493137583011252
5J86,7.769043362602582
3WF3,7.013057567065262
5UVZ,8.035800079834498
5DVS,7.675309785539698
1EMJ,6.908254732592182
6XED,7.980007321343586
2RD6,8.047506691848332
4TNY,7.330232122017258
4IWC,7.72248166210872
2AIY,7.7109728704177485
8KF1,7.661205852629088
3TCZ,7.463201369507833
7MRH,7.8362105164838125
4CWQ,7.612945105862685
8B2J,7.512342708081348
2VQ3,7.163231906295998
7TYW,7.630253490025658
5S8T,7.947564052049575
6JME,7.471340333687806
6RSC,8.033988916895
8R4V,7.748277854886114
8JL1,7.35043979160648
8WYW,7.503597371264475
7QAA,7.184206790599071
4A5S,8.094747476382558
6DMJ,8.114341294353782
4Z77,7.25514958409049
2VST,7.200324636122268
6NTU,7.002262076517869
5DYB,7.606529273456975
6GVG,8.092541862797765
7OQ7,8.103712607967376
4YT1,7.656395016331204
2C6T,7.505203561372004
4USD,8.070599574408483
6FXI,7.993423792038349
6NCN,8.072754830988542
1YXV,7.731369450406436
3NVN,7.309041334275259
6THZ,8.183873289274002
3CEH,7.231894323271432
6DWS,7.659044216178359
1QHR,7.485761932206986
7B30,8.061221995204626
8P81,7.453910628202266
5KMK,8.111488556647178
6VRU,8.17792717341901
2F3E,7.731714245144021
5CYI,7.738667274413393
7UYW,8.232126320603136
6LN1,7.672075916353731
5DKB,7.6128448547969585
2F90,6.997764072436421
7MRD,7.737494928422378
6T8X,8.115550624898571
5YA5,8.001318520614294
7YNO,7.858627661734465
5RK0,7.691992404133777
7ZWL,7.202114254069495
7FWW,7.726552641550387
9QB5,7.989262933686565
4GB9,8.021875332965104
6JOK,8.188543260939634
8FF8,7.708749620288082
2ZNO,7.745579506939083
7FUY,7.289653166936125
3D49,7.9821497660308065
5VAL,7.981393568539398
8DSY,7.807297517278827
7YAZ,7.2114898974015675
4IKI,8.070886982025142
6UWY,8.094731213579339
7G8M,7.521315287859028
3OW6,7.7879819515166355
6IQN,7.715569727738908
3ZK6,7.6147227485467965
6L14,8.160062769462614
5BTR,7.699741650953503
3Q9Y,7.681468497677001
6HL1,7.288976464410096
1UK0,8.122658632438165
8DHH,7.471340333687806
6GNQ,7.817836591323106
6V0P,7.932812198360157
7FXU,7.464280634165051
5HU1,7.92734862768133
7VFV,7.523864969717719
3B25,7.7388597461741675
4M6L,7.208306956840054
6GHK,7.971010794054267
4ZNS,7.322343641038301
6QBA,7.693496320784062
6QJU,8.06927028598365
6LKN,7.504847637460118
5QIS,8.05204968676045
6XNP,7.775973831259278
4P10,7.788277671713398
7LJE,8.190132885231113
2O0U,8.08325631796545
7LB0,7.754016088772407
3GOI,7.071168261603079
2RG3,7.206750505283337
3LBO,7.179281898674585
8PIQ,7.718399417956151
4XLV,7.250958723130178
5NRW,8.07264038964902
7CCU,7.67077803164198
2PUQ,7.137034401022483
5UU3,7.736367568797698
7V3Z,7.779120637997677
7Q1N,7.192870690731967
7BEN,7.4410876169391775
7G89,7.534999773413942
1BMN,7.531809548287465
6AH0,6.851488581043395
8BDN,7.428261344963566
6XF3,7.933284014885562
5W0O,7.325531475671442
5HNB,7.8719719097675585
7UAH,7.323718365933512
9CTF,7.521732046599562
6U8R,7.297719257354289
6HLO,8.04948841857056
5QIZ,8.118012784146268
6C42,7.535290686131668
4HLE,7.988940001226888
1HDO,7.135177016082336
4PMT,8.003104788433452
8TDU,7.439247153584582
5EM8,7.995048777901228
6SBO,7.514381714527811
3SVF,8.079826903460233
6Q9H,8.184896842519592
7W59,6.704234135404219
5BX6,8.183016323121116
5S9R,8.195839087613791
1RV6,7.320940607400838
4ZGM,7.585981675169772
7NVQ,7.991132449211886
5U5L,7.926545378749008
8PLZ,7.556029469077034
2P15,7.605306745183554
3Q8S,6.858645794550013
4P5Z,8.028205348666365
4YJ5,6.711095031241222
6FN9,7.31939069448606
1CEB,7.75487373608837
3UG8,7.146104654218906
7MGJ,7.978754004960925
6X82,8.002643637109502
7AFW,8.211258009887034
3HCP,7.316791122291981
5TIO,7.755866542014642
7B5Q,7.875859685378612
8EXO,7.224543347075012
6YTE,8.0187847393735
1RDT,7.676505307734858
3MIY,8.190638137310462
4JDD,7.713913896082628
6X3O,7.975628508223958
7LD4,7.748901619016073
6I44,7.971604004781503
1HE5,7.150709423945977
6AUI,7.244932458827975
7JVR,8.140245470303308
2BJ4,7.498446516829523
7F83,7.060889670039976
5HFA,7.496279019723089
6GQO,7.958626980004017
5S8M,8.190518826913179
7LLA,7.295345305499314
9FAS,7.549670837283592
4X4V,7.2087449374243855
3L5E,7.919541594201354
5GTN,7.596303685288883
2ZDU,7.955459151085517
3S95,7.985187083094247
6B73,7.871790242783129
6ZX0,7.253518887278017
6SLX,8.094202385199448
2VGB,6.752520893380413
5Q15,8.101708625149742
3GVU,8.051320191848049
7KK4,8.090868740657472
8GUD,8.174246134705546
4GFM,8.141589241833715
5QFZ,8.267416157423746
3CD8,8.055902791775527
8EX0,8.173605477112076
5S9J,8.033149673212078
6VXU,7.800422448381091
8W8K,7.694142205689173
5M4N,7.824529862004743
2C95,7.216083014317324
6FZF,7.8338982699328525
8FHG,7.558739776136662
7FSL,7.715445015902896
7VDQ,7.75603416841049
7WI6,7.603060615460687
8JTS,7.954186786094787
3UTU,7.7775066845415735
3LD5,7.179281898674585
7BSP,7.298058949897495
7SED,8.144502150461541
5S8U,7.964194486858953
8P6Z,7.740234152919604
6WPP,8.29148153881235
5CFB,8.28733260275073
6BQQ,7.933751890267985
3KDU,7.630378534368957
6WBG,6.9009665974826095
8B87,7.065724574355638
7U9A,7.533566605735642
6RLQ,7.792551465545115
7KTR,6.826252266712687
6P3A,8.039126120136444
5SAV,7.902832735682851
3EDZ,7.710049974480139
8BA3,7.7461069012246595
1V4S,7.071168261603079
8A92,7.446509185790382
9CFM,7.242339856772271
9GFE,7.597498129729263
6U1N,8.216256555305014
5Q0I,7.78143092011311
2Y23,7.534354506136862
5TN4,7.691567519909173
5FHZ,7.261295772263428
7DHV,7.81077716180976
7FV7,7.375061777370776
7LQD,7.95297023860184
7UXV,7.043764048564219
8DMQ,7.372624884443236
3DCT,7.508438051784695
3EQ0,7.763912798022627
1NYX,7.817150743519567
2J14,7.882780467774736
4FME,7.325266071255136
8QTG,7.466877053564583
7G88,8.195252407470745
1KTT,7.779297149781053
5NK5,8.071595897599705
7FCG,7.966372754940845
8GOF,7.576362814565486
5MXD,8.033082214580537
8U5C,7.563991797173453
7F9Y,7.406903112857088
7AO9,6.808400659785796
6CCY,7.990201074975345
6VRV,8.258973583766451
1MU6,8.185352363084966
6GVI,8.013338089255845
7DVQ,6.686636914538554
5BVW,8.081602240665854
3R1N,8.075611102875534
6Y9H,7.93239880163024
3V9V,7.5413755961165
9AU9,7.11329925552647
6YVS,8.060200577969985
8EUC,7.462914692374413
6I0M,7.30719231159643
2W7O,7.43684178952794
2XYJ,7.69469864218243
5OWQ,8.184213300620566
1LHF,7.459970450149713
4UYH,8.02130196543268
4NTJ,7.851934672266662
4F7S,7.97128019264956
4FMB,7.325945878091748
8V6W,7.390443903895819
2GTK,7.765964877506671
4N6Z,8.230770686615081
5TMR,7.663890184104686
7WQR,7.146104654218906
3W69,8.08146834097319
6MOA,8.154990458225416
8STI,7.425179394452966
7T4I,7.913803956365801
5WU2,7.240323563187061
7JOU,7.814555827585696
4TO5,7.270625908198564
5DUG,7.26683323693843
5MME,7.839002249567242
8ARJ,8.052574930333941
8DU6,7.274606749293918
8BZI,7.536798556198708
3TU7,7.7851957842937125
4GS8,8.026583071224994
3ZDU,8.094583247574576
8E8D,7.337285923948482
4MLE,7.071168261603079
9EEA,7.720766408384161
2Q61,7.879252301415351
7G8G,8.035103550553341
5RK4,8.2313449536962
4MNE,7.214251204714924
2LRR,7.59500484288946
2YI7,7.716658140016376
7MFF,7.730446631190083
9FZQ,7.273180870786353
3KMZ,7.62308131935073
9JBH,7.16478884714597
2VGI,6.762438174529747
2QA8,7.530159757815907
8IPZ,7.96047238415819
4CI5,7.500142804373621
3H9R,8.026403499095258
7FUX,7.2689827681128385
6TOS,8.203865221232913
5KRL,7.742913991381535
5T97,7.5482522200992435
8AM2,7.482701329116985
5Z90,7.784324601172917
6X3D,7.649556995012504
7RS4,8.091289411589198
5UC3,7.6342616778881895
5QFB,8.09965766100748
6IIQ,7.194336474140325
6UV5,7.281526527708546
7MYJ,7.7358639651839365
2ZK3,7.495413053934303
8QLS,7.489284780304372
3R6N,7.419857265124803
7KT4,7.32900068752016
3FI4,7.877937210307402
6TUC,7.980981186813951
5N4Y,8.07166423852044
5ZF8,7.471340333687806
7D0P,7.4347194197825095
3ONB,7.179281898674585
2XB7,7.961159200378952
6PDN,7.702008611830274
6YF3,7.726218498662597
6L17,8.224448079207734
2C9Y,7.235433981019419
3SXE,7.256192913464351
2ZWL,7.137395591782373
3F98,7.521918493246005
8ASF,7.528512677177655
8R9O,7.413181413772901
6BYY,7.271316346779246
6VEZ,7.254718747620354
3IXK,7.492097969456175
7G0L,7.612064898732446
3KVF,7.3052343979595395
4OGV,7.55334214999735
4PX5,7.546064535308117
4IO8,7.744916294087057
4AOT,7.9096630904402865
3SMM,7.795874245878848
5DL4,7.558942477304215
8PPI,6.913638963507949
5U43,7.4944074639467395
7O7K,8.073419014498455
5RKC,8.136610088637694
7O1W,8.096630497512672
5TMT,7.616926554302886
4RSY,7.682718102075523
4PRG,7.506881341661024
5S8V,8.105920609158145
7FV3,7.241468562813674
4NGS,7.477292989043859
8BYF,7.717782676820597
3DEI,8.029938588064763
1RRJ,7.645662138449409
5MZA,7.006376670767729
8HUK,7.798233280087327
8QSK,8.002929841245706
8XWD,7.551967504252946
7MH1,7.26753287586899
8E5B,8.081540834070772
2VIZ,7.627956073073966
1T4V,8.073905663621225
3KAB,7.532449149330116
6JUU,7.918429230952216
3EJ8,7.651080558103003
5QDL,7.850673647820408
5H24,8.183796556878205
6T3C,8.257317666114304
8FKE,7.559491258289285
5W55,8.025052245850588
6QST,7.9503728158564195
4JYV,7.704494735640653
5KRM,7.591201750935732
4QUH,7.700069061727873
7AVU,8.031718840001817
5YCP,7.88834373201376
1QJ6,7.6887485143998235
6Z88,8.05306236802593
4IBL,7.170734918332742
3P17,7.921874849401423
3R8A,8.1389646253944
5JLZ,7.238623435237812
8Y8B,7.363228678359382
6Q9L,8.011781187670225
5Z12,8.1446930959251
6J65,7.301198367446893
5KO1,8.048797682320949
7G82,8.24445568327211
6YIL,8.03776455705415
6FCX,7.277329417858875
5VO1,8.100247814314539
5TN9,7.225915064682641
3VJL,7.799517532168953
3GI3,7.741443586626078
6MC1,8.328390267841442
4CLJ,8.302196071428604
5ZKP,8.101245238354684
5UF0,8.118003268752345
1W9E,7.655383790379795
6CNJ,8.271311591361204
1PCG,7.727864403065639
6G0E,8.054248892902923
6MH7,8.199534771657264
2ZI7,7.6884011173884055
5DXG,8.102664089492741
1GS4,7.675149313513145
7BJD,8.231375011807932
5Y2T,7.897549506373672
7RUW,7.708570855187428
1ZEH,7.821554803210379
4LOH,7.299438492101183
8CNP,7.179281898674585
7H9U,7.7743080453492714
7Z6L,7.774332552086058
3UWJ,7.781104264904844
5Z5U,7.774249072650617
4KS7,8.003908695623522
4N6H,7.524969690824326
7G1V,7.645360486462577
5UAB,8.218699363221333
6T1V,7.848237175328718
4XIP,8.021243041796733
5BXC,6.876734799139986
7RKE,7.661873729976469
4D2R,8.02806820253784
7C7B,7.708718887327689
6R8J,8.077175123541851
6L6N,7.2888092355155045
7G1C,7.616127445768113
9LVC,7.974811289554055
6SFR,7.9645129804620245
5JMM,7.599923681592417
2QU3,8.006483799234397
8DMS,7.2216998536263315
4IVC,7.9189982435361514
7OY5,7.970173329997125
3QCL,7.661726153086893
8PQ0,7.529901394677307
3PGF,6.873183754451959
4KE0,7.657031427123598
7E5I,7.665285997540936
6DWK,7.382376343210073
7E2H,8.058673294478261
5KCD,7.26559162662273
7R7S,7.181454684825048
3BCJ,7.179281898674585
4X4R,7.226226671950203
7NRB,8.111508276766918
2D06,7.233406230902658
2BXU,7.954997871991808
4CTB,8.294036726067068
2G47,7.6307304504139655
1T5Z,7.9226833380466415
8EOI,8.345584589132741
6ILZ,8.006614223890233
8K78,7.517912797771455
7FST,7.3619869160953835
3BC5,7.92990326927807
5VCW,8.167912055069474
3BGQ,8.005633436425898
6LQX,8.198246697845384
9AS4,8.209516197666975
2OJ9,8.082655729213062
2V4L,7.760343173771495
7QHG,7.815175869156133
4BC4,7.136671136895937
5U2E,8.064244680027732
5HZE,7.707070325707752
3D0B,7.990206858910335
6PMB,8.078145720304892
8TK3,7.43317880786552
8X7R,7.583185525400233
6WY5,7.343616200298423
6DI9,8.020781351181803
7MSR,7.43047173488388
4DJH,7.734503070480576
7KX6,8.024320231561914
8E2M,7.437909824951526
8JFL,7.588559224011824
6QBH,7.623674096808897
4N9E,8.145287959277677
2WIJ,7.496279019723089
8UC9,7.85500327636786
3VRI,8.239198526363905
5HKG,7.688184378048921
4TO0,7.270625908198564
8OTT,7.593111398264845
7SCD,6.831845700217021
4WHU,8.016538504583549
5DIG,7.564714746526625
5QDZ,8.061819899393798
7RXV,7.727309504596757
7M43,7.413287867819725
7RAN,8.279721042639071
7OLX,8.115291758895173
7G19,7.682725682329247
6IJS,7.988418067774296
3RNJ,7.19264004927856
8P7J,7.483929391933182
6HMR,8.068962065331455
3AQA,8.255218807769957
6UKX,7.573296933825869
7ZUN,7.739687143579431
6WNH,7.8125747178626135
3TU1,8.0803605323724
5QEQ,8.252797512116924
6SQE,7.915893592721249
6DXK,7.660905805730374
4AWO,8.062201686985432
7G8I,7.499420508665277
8PO4,7.49372452873669
7G8A,8.17119038334237
4POK,7.104785765520449
1O5D,7.882060700850811
8CIJ,7.52252197275627
5UUI,8.134161371195809
3VBG,8.06176354181927
6VUM,7.175317973457885
5IN4,7.180094388792189
8W03,7.301462319729206
4RZV,7.878570867579348
5EG3,7.226499798784089
9DNM,7.727141631449967
7VBT,8.052341653160083
4GWK,7.0279056887488345
5Q1F,7.694003316805337
4FRD,7.2227022422742015
8DUG,7.259827547099623
6S89,8.005444561634015
4AGC,8.118510419023574
6MXE,8.034368250530312
7FZ3,7.444749121645352
6VGH,7.58286525028131
4L2Y,7.746676305170627
5W8J,7.2428168099993915
6Q7F,8.097190352249493
1FA9,7.035592096086276
7REK,7.967535200629378
1RY0,7.137250737771333
7B8W,7.797731423218475
4HHY,8.148051255300178
4L44,7.971943263641686
6UQG,7.219372365728057
5DMF,7.692607640849176
2C0I,7.921738056298965
4QXQ,7.59892255396975
4ZWG,7.160739365317927
7QVJ,7.482764795407435
6CD4,8.051634595875589
8AQC,7.346929934862747
8BWJ,7.735311468118089
4TO4,7.2450929117655924
3DZQ,8.088404468839235
8X7Q,7.595570349087179
8G0H,7.528570957417549
7MU7,8.068304852825728
2YIX,7.931102248274808
4BTK,7.747370063695608
6FZG,7.855717255588336
7MHZ,7.341989536073898
5XST,8.23401788499637
8CQK,7.601471093015378
5FI4,8.138103590937725
7G84,7.316912484274227
2ZP0,7.1161104334665914
4WV7,7.776857989942302
5TMO,7.123581470492066
3SP6,7.780518797292324
3B27,8.079860935990396
3B3K,7.772008059021403
2ANK,7.280735621146191
2YJ8,7.768861340866546
3QJZ,8.13960986334904
6T90,7.629065556889429
2WID,7.496279019723089
7AK3,8.164927629303227
7WGN,7.8295296739060305
7F80,8.0601744385932
8EXU,7.356832275832308
4WDU,7.121718329907693
3HNG,8.070862421096082
4YBT,7.97613656000983
5W9C,7.498446516829523
2QGW,7.667956034546107
7VPI,7.274530742146175
2OCP,7.257552167617434
4MR9,7.489528960194762
2B8O,7.150647106796448
8P72,7.740234152919604
3WC9,6.840838013915824
3AHQ,7.324757289894295
3EE5,7.365548577432532
5AOJ,7.933858856987886
8B66,7.179281898674585
1Q1M,7.6661595467241375
7FVC,7.510281072694692
4ASE,8.092073969062481
3HLV,7.600299718611571
7EJV,8.143361045383042
8SO1,8.251040566693309
9EY2,7.188760130473976
4FMD,7.348410868637957
7XN5,8.130587387658316
8B3R,7.179281898674585
2YLO,7.912329213842248
8C3G,7.701400079930215
7RS7,7.302393478046631
7G8F,7.548852161848073
7UUU,8.102572655687672
7AW4,7.932763970202272
2HVC,7.846369843637607
8BW3,8.200734557598567
6CQU,7.496279019723089
2QCT,7.632223069979277
3R4M,8.041445017050437
7L0G,7.351240422348673
4JTQ,8.035437974521368
5KZ7,8.111352008444166
5QD1,7.783642333010827
8PQF,7.555608740787987
3UIV,7.813866167315053
7M3J,7.720839847265901
7VD9,7.156741108851175
4Z1V,7.215946983773326
5HF6,7.496279019723089
1G30,7.9616198440003245
3PDF,7.8477520683589965
6B2E,7.189566571007744
4NEM,7.646568272039381
3O23,7.673774773773723
7KBS,7.526241002256921
8RB6,7.137250737771333
4XUF,7.880400563724259
6EL5,8.040809651478144
8JD0,7.949982150851854
4ZYF,8.190902682630528
7G8T,7.550931481997109
6NW2,8.139956752255971
8PWK,7.266801305492045
4CWP,7.963865408861547
7FUU,7.241799855399925
2VV1,7.25928998976638
8BZJ,7.518677669643081
6X40,7.2557203280745135
5TBM,7.368485586137251
3NZ0,8.157932969668094
6QAV,8.064278396836645
7FUS,7.338092875226831
2CF8,7.860039258631821
5Y2O,7.906787571364311
4BB9,6.746657534878757
5Q1C,7.7095679682521725
3OTB,7.396645713985908
5WGD,7.755519828197276
2WBI,7.272297304714613
1H1B,7.206750505283337
7A1B,8.188941804790176
3VWK,6.967791774553257
6ZY5,7.657711863064473
8HNC,7.880296031851297
7OB3,7.213314636725488
8V77,7.755107043779445
8CHF,7.730507018167263
6TD3,7.837589172827178
8GMC,7.994886479481039
8I0C,7.137250737771333
9C18,7.150709423945977
7ATU,7.935743880971215
7PRX,7.5219365174532635
5S8W,8.138694485208433
6XIH,8.070662725366121
6I99,7.926495359082156
7S99,8.166712759900074
6Q4C,8.251299181927525
2QSE,7.601364395451303
3OPM,7.92515100522477
2H6H,7.51159523771376
6BMY,8.075189892653427
5WA5,8.039186426770552
7DPO,7.742942193493895
7AKF,8.040593349036685
4KNB,8.165473360026104
7EFQ,7.89026337942646
6BJO,7.812060417239295
7DH9,7.87848625042941
5AQW,7.640484482506103
4FTK,7.8260272080595215
6AF9,8.024091212688626
8PVD,7.158965588661771
4JVG,7.975265523183797
8BX0,7.664880742116928
3DT0,8.071401146114665
6GMR,7.847553698426147
6FYR,8.085050250773298
7AJ8,7.973317431010248
5DWG,7.710703557028982
8CSR,7.148093561199714
7Q13,6.742647035248201
3LXN,8.227315167212598
5DRJ,7.732372279872919
7CHN,8.154893387685474
5HMH,7.460428361281942
1ZQ5,8.016722391800322
6DZW,8.100169633788525
3I81,8.219053974004568
7YAJ,7.285783913879107
5UCI,7.637691162031621
5D24,8.074397488108708
5TLF,7.554596803938976
6PIT,7.749578895203324
2E2X,6.738367302483504
3D5F,7.484922889827396
7FVK,7.483824631932509
3OMK,8.145646989236022
7FVD,7.455033990540282
6FR0,7.896278773667649
5HNI,8.19784896746343
5S93,8.169943887893961
4GJ7,8.120827985242649
2YHW,7.145978504281489
5EI1,7.841165118029659
2B7D,7.781593455351274
5DXB,8.133520126662473
5CS8,7.648713208736369
8V1F,7.229071365907244
9CFZ,7.242339856772271
6EEB,8.252409644318076
7R9N,8.099536495417869
6JJ3,7.949600472181187
5EXA,7.662269085030539
1IMX,7.376087381702717
7HAP,7.962573445081377
4U41,8.247288762180974
7X3O,7.146104654218906
4ODF,7.361744248241399
3T9F,7.3120840343411295
2O28,6.9477385406103345
2YFX,8.128688483839017
7T9N,7.145811402851789
2R3H,8.180434135517237
5DKS,7.573282076461105
1J9C,7.147135097968164
6XRM,8.14296837799116
9GEK,7.294350839016006
4YLW,8.192572161317644
1GWQ,7.6478065701002444
5AK2,7.6283017838938045
4V24,7.301469578801876
3BV2,8.034246153667716
8IMY,7.220215564268508
8FEC,7.560861638838941
5URV,7.251922671774337
5URY,7.489528960194762
2JC6,8.135849798472261
7AVY,8.129828775798908
6NFY,8.141576502100817
3CLY,7.331478864161892
2E3N,7.225457299692779
8ZMY,7.379932373216706
6WZV,7.599381390048595
8IVG,7.323666753907385
4O38,7.232997051446092
7EM7,7.349194342304229
6J0O,7.40666508964336
7CHM,8.117977250346707
5S8Z,8.082069585338058
7PJN,8.044213607908787
5TM1,7.390730627655847
7NN2,8.118070003875228
7M0T,7.9116082959855385
8T3R,6.702293305970021
2D4Q,8.11529517658947
2V4M,6.910825067091814
5ACL,7.482761463473584
5X79,7.046935634240395
3HCN,7.331291648717313
1SSP,6.898591062222865
7JXH,8.002717034288018
7VWF,6.996730797285427
4CWT,7.928998702706065
7AB2,7.6967159513887164
6BRC,8.00694077573519
9B3N,7.077609092815818
8C6M,7.3529294893771455
5RKE,8.1305598357429
3ML8,7.798803297569517
8JCX,7.55722310581639
8YGW,7.960096161140183
4QFY,7.341133013519552
6Q9O,8.13216218296649
8BZF,7.207585250258562
7G9G,7.29802032570052
7UP5,8.297875207874108
7DHO,8.164622059369231
7O9Y,8.096051673084553
6RQ7,7.3150663349631495
6N7D,8.020576221989
5C50,7.980007321343586
8X5K,7.986079957435421
3ZLR,7.883186825076921
3B5R,7.719390429065322
8A62,7.492665478548467
6EIJ,8.010961417603779
4OTQ,8.05585130308077
6L1Z,7.627607792109478
4ZW1,8.064236241012516
1NZQ,7.250295903889129
2VJ6,7.710065390750349
3DUX,7.99597934476419
4ZI1,7.67212092847213
5DUH,7.242887663290304
4WDX,7.146104654218906
3R8H,7.137250737771333
8V78,7.691945596258107
5CJ7,7.403676941954735
8DUI,7.211540449069581
7N7L,8.198481757123067
1LHE,7.530100459881515
3ZLN,7.961709184349496
4RXR,7.2450929117655924
2LZG,8.082026431425378
4U42,8.247288762180974
5S8X,7.999960977275604
2QE4,7.628157917952002
7OVJ,8.042481149860162
7G8B,8.109158946577892
5M4H,7.755741718259747
4QG1,7.206831999420983
7K6O,7.768131980428357
9C57,7.233446972129564
7LOT,8.015636046219248
5S8F,8.032379384997661
5DWE,7.594045207008956
4DWK,8.06059995698496
5IPJ,8.131342955111066
6PDO,8.046538894752345
4KO8,7.154336967804041
2WF1,7.656913271893141
2Q6S,7.726448163960372
6U9A,7.813950567096752
4ZTH,8.08945718830418
6M4U,7.65829359752094
7ULL,8.185360945760706
3JYA,8.059593589555485
4X8U,7.890677831983687
5DWI,7.609291713584124
1XBO,7.455763816102559
5RJP,8.189396954502152
8TBS,6.7469057666661065
8D6F,7.792263708985081
5OWR,8.133068998627472
3GJR,7.520481616058086
5KPQ,8.019511876051872
5FDX,7.935501675118298
2YFE,7.420415952843002
5AZT,7.17806371712179
6H3E,7.553690279623577
4YQU,7.751928234335854
5T4H,8.209804828487089
1AWH,7.731841580572956
9BQE,7.302659243571186
6UKV,7.573296933825869
6UIP,7.933254298035346
2VX3,8.114267165681305
4MG6,7.844696085131741
2XE8,6.870452661271821
6CPG,8.141661075955875
3KTM,7.378003548005913
5LAZ,8.069017393248798
5HOX,7.537221279540155
7FZO,7.579346854601556
7G8V,7.162135033763879
6MD9,8.033206307720958
2KQD,7.771216129909532
5AEN,7.938631247956324
5I3O,7.986007432767035
5IH9,8.204879833988182
2IZS,8.112660785831714
8UOJ,7.157666155689868
7O2V,8.11861013645708
7RRX,7.20276308315439
5EHO,8.016252240841647
6HWV,8.066419659488895
9AXF,7.929909793540093
3CKX,8.002099442101096
8X73,7.790259344865369
6HMU,7.846893899541471
7WQM,7.137250737771333
4AYY,7.497877155421741
5ZYK,7.257318158886271
7UJY,7.565941969724314
7O9X,7.942915169963853
7UG1,7.322562724164481
4EQU,8.046552432217394
5U2D,7.233373466204539
3HUB,8.138517297638506
3VJK,8.098736810518075
3RLJ,7.654531715944934
2JF9,7.498446516829523
4ERE,7.662714006505618
8YF1,7.364480980270776
1FIT,7.1779368465668005
3MDY,8.124132795312944
6Z2V,8.20475307055477
5MPN,7.997263694586995
6ZPT,7.218648678039976
1H8I,7.487360047896273
7M2K,8.077549519124176
2CMW,7.852903669303634
2POG,7.67170961823756
4MH0,7.802829417863247
7RS2,7.3154326774159335
7R9V,8.195107873416765
4HLW,7.912329213842248
5NWD,7.942312868547999
7MXG,7.803940289793109
2CHW,8.087248727275528
9C56,7.2500632877560935
7NMX,8.080194942283653
7NPB,8.117392001947671
6RP6,8.091890799084469
6DO2,7.5675297858762
7OVN,8.061685907557305
7SU0,7.311170332678899
6VZL,7.817223414455705
5X28,7.996309654106632
6YT6,7.583405753291715
4MXZ,8.094222876341295
1LD7,7.0023750242612754
8FLM,7.3980562866677175
4K0Y,7.965810769366694
4OJB,7.497416052625364
5GWJ,7.726969437967147
4GK3,8.053856051493803
1WSS,7.1161104334665914
2I4J,7.849145887281595
7FVL,7.451321390270256
3T8M,7.895225508934022
7R9Y,8.15365286312331
3TH4,7.149449760016959
2FVJ,7.960280613549976
3GHS,7.18634218844553
7RLJ,7.113410371534384
3MB3,8.265932916055164
7AJV,7.994736344954318
3KWF,8.060936793544178
2VGG,6.762438174529747
4HGE,8.129838061999363
4DJX,8.125958827218803
5UWD,8.030177131278325
7D0E,7.457438312345388
4JQ4,8.029134021347192
6HHJ,8.037231832440769
2BKA,7.224868986709691
5N4N,8.294168955907734
5RJS,8.171813356253155
4TUZ,7.557128280663426
5IA5,8.047787921529757
5RKA,7.621207820248618
8BYB,7.717782676820597
1G50,7.755519828197276
2QA6,7.752364602146078
6F8O,7.179281898674585
3LFD,7.982000189691423
7PVS,7.35662884023746
5UU4,7.714691082305022
6X81,8.22930825059128
7P6T,7.3151929003142735
6DW7,7.239342242997536
6ALC,8.370861653472387
3GU8,7.660932584411435
3U6J,8.125862791765472
4JQ2,7.860691374987134
6WXN,7.803738739486762
8UAP,7.481802969810593
2V3H,7.860039258631821
3ADS,7.617281156669712
7KHH,7.537111359270023
4C6F,7.657233391215724
5H19,8.08161890663559
3BHH,8.08355394775562
8WTA,6.908645725713802
7FVY,7.768218824188512
5CGP,8.081330904676092
5T8F,8.05827996631766
3Q8R,6.954317185178785
1WQV,7.137395591782373
1M17,8.058675757098353
6YF2,7.808866303240584
7FVN,7.3394400047045165
6BQL,8.006517298692813
8HNH,8.054340839277627
3GHU,7.18634218844553
4OFU,7.9226833380466415
6LP7,7.471340333687806
1JCQ,7.0023750242612754
5JFX,7.70682904505516
3QI1,7.695079685024054
5RJW,7.852737411547898
6W89,7.2956403300722235
2ZK4,7.1708867946613
5NYH,7.746999899571339
5Q0M,7.564099930869344
8EL9,7.169518113207715
6EO6,7.7091222277775495
5TN3,7.646304655770764
2C3I,8.175903332230613
4LWI,7.7609341171968005
5WS1,7.9936669023418805
3OZ0,7.771501363437856
6GVA,8.030360385907066
5S94,8.069079099619469
7UAF,7.229422041536644
5HE3,8.081648948315646
2F0Y,6.876529493733939
8GJX,7.036110985644583
4DI2,7.726810806209744
8BX4,7.717782676820597
2W4O,7.848663817824497
4BAK,7.955407414781352
7Q7K,7.6904324432339015
3UG2,8.144528820533901
2L84,7.690823635084001
5J95,7.696294210292844
5DYW,7.003678957425348
5U3X,7.552288103007663
6PFM,7.653948830220928
1J96,7.1363947770752345
8AAO,7.515008907556468
7QQG,7.041031594287171
5NN4,7.489528960194762
7AW1,8.080651782327667
5UEU,8.165995014304999
8FCA,7.118596850873878
6G73,7.14214675235417
7L99,8.110307428974364
7QJG,7.943802839763585
7B32,8.050114087155956
7Q7I,7.744002888069447
5QIW,8.163186110105762
6HDP,7.502572127923369
2NPA,7.7020370946465455
6LCB,7.385659927618553
6AFD,8.146770538567155
4P5Q,7.962710208767249
7RBE,6.944666504839029
1GWR,7.755519828197276
6ZPQ,7.450197265203682
7FVQ,7.271280576927508
5N4Z,7.667810016452761
7FZL,7.759602097434096
4TV1,7.577000036357614
6KHD,7.786980151475081
3QFA,7.305852980560636
6LX5,7.938736833372908
7RRZ,7.243127118570711
7C9W,7.189591291519046
5ZYM,7.250665821396177
2FAI,7.752723747790156
5UI4,7.782522160769925
3FJL,7.471340333687806
8FD8,7.2559199284560805
7YIT,7.3254592457304675
5O13,8.009106843824807
3PEQ,7.5416473431190605
8U57,7.589223711014585
7RTK,7.303860691074556
5VCJ,7.220646834140397
6J81,7.268810761934845
4WMT,6.88289363159563
3LW0,8.127246966805362
4EMA,7.957803070891193
5YXD,8.122034901949592
8X71,7.710832250186832
8U02,7.661114729124723
3AN3,7.701223874374912
5KCT,7.246897875501502
1C88,7.770513764956451
5ACB,8.043939787460895
6OVA,8.204958309592145
4QTC,8.173856073367338
4CD0,7.935243038875605
3GD2,7.471388100296532
5HGZ,7.27142759543076
4FGY,7.184135821745006
6CQX,7.461333336983914
5QEZ,8.089208613211207
5HYK,7.831508052320025
2WI4,8.025990293048604
8UBZ,8.116458577432454
6IF0,7.324545328974227
4V3D,6.9212404758845105
6TDC,7.527052288405633
7VJL,8.186361330448735
5Z5S,8.015177152607057
6DWN,8.070023719418677
3A9E,7.397680582299635
3PBA,7.222985510348172
6CPF,7.274991519501272
3X08,7.340343085505064
5NK0,8.077960042706595
6NRG,7.8886634140313605
4I24,8.207223533789852
7G90,7.737283859995957
7JWN,7.529754128170648
8Q7R,7.379903698406827
8TYQ,7.4590275877053145
2BAW,7.015197966651214
3P89,7.827356575000591
6Q4F,8.039272799013562
9LIZ,6.954533363336317
1WM0,7.716097252708777
4PY0,7.143476856697269
5Y44,8.084445710601054
3I0F,6.960225446562907
5KM6,7.457331744892867
1FHI,7.163728775191316
7FRK,8.267168573244811
8BD8,7.569802633643945
3H3Q,7.6185110188843845
2BVS,7.9742817716686885
5CJ6,7.794052297679361
5RKH,8.02953788366789
7SIU,8.08819006204972
5LQ9,8.173392170756928
7L24,8.178446255098168
2VZ6,7.698850799491704
7CHT,8.165731058774876
5UOO,8.100355942571165
5N64,7.942744960818733
2Y7J,8.179572074452775
5HBH,8.016925470272035
4OEA,7.9226833380466415
7BU4,7.771354116988674
5EQI,7.7921270406004846
5EQE,7.903262379055555
7H9W,7.938989015632267
7XHY,7.559624846618797
5LO0,7.77888746285807
4F70,7.951298064547001
3W3M,7.680264590803455
7WGO,7.849450003045413
3R92,8.148874754514456
6VI4,7.734503070480576
3UGR,7.146104654218906
2YDO,7.714646153466666
5UES,8.052347738733722
7HB6,8.205207311849394
6GGA,8.034454766141032
7VXG,8.19381455798818
5W0F,8.205693867274205
8TX8,7.451925193532584
6M93,7.98015875560111
7FUT,7.275338822903801
3VSP,7.733196582378537
7JWE,7.978842011414845
1QPF,7.607874798034203
4NKG,7.255538370712679
8Q6R,7.2159962045718675
4F7L,7.937671471219919
5S98,8.13784432588257
5HMI,7.8727672899822005
5QE4,8.200321985219077
1YUK,7.3960227887842125
3VSO,7.776310371251531
3FAL,7.722947693561581
5VDA,7.681379730548006
6TNC,7.987041612936984
4CI4,7.504123443619396
7THS,7.216204847600363
9IJP,7.289091013186292
1FF7,7.232190571064101
4JWR,7.454280548309806
5W5Q,8.145565485895949
5Q0X,7.6227382428868005
6VXR,8.167592793820559
8X7P,7.3697364728183326
8P73,7.503461203445687
8Z7W,7.949553526207592
2PRM,7.471340333687806
5DDD,8.100829424874352
5BYB,7.404170719734156
7R60,7.913878371649785
4B77,7.959588680020666
5FXR,8.163467988621061
6VP0,6.796311029900987
9AS7,7.835686916602956
7ONR,8.085580252919735
4P6X,7.637317622588272
5S91,7.970273462079762
1L2I,7.691325647671124
4I41,7.658986397372548
6V1K,8.041410505626997
4NYV,8.21786202505929
6FDZ,8.080054967135194
8JL4,7.195704632011569
2IOG,7.618718742611456
5HZI,7.4164309432826325
2ZVT,7.692667210933088
6ZMJ,6.868857314598101
2A0Q,7.325963127514628
9JD3,7.532226015229105
1T4E,8.13357827114809
5UYJ,7.62402570052518
4F6U,7.934934913785857
2WMS,7.975861901380995
5HBE,7.757220246495827
2YEG,8.20742471088085
1WV7,7.137395591782373
7FHT,8.120695281587343
8AUU,7.179281898674585
4Z2W,7.2037164501798125
6EO8,7.590982382535772
5RKF,7.9407415468250075
2M9S,7.417690474511334
5DXQ,7.788679602452394
6KHF,7.786980151475081
5BN9,7.335700585648282
5DX3,7.755519828197276
4YZC,7.96319065410134
6OAV,8.128949189343322
4MTA,7.760863353967159
3KMX,8.051766976192647
7SZD,7.418334208117473
4G2F,7.775442537717521
8WZJ,7.209139404157918
3F3Y,7.444533771625708
8CK8,7.075385868789136
6LS5,7.2229738473985625
7G11,7.525271155921829
8IT6,7.168065297613763
5DDC,7.943172416261648
5H2Z,7.471340333687806
7AVZ,8.230965865513822
6TGU,7.725584387183507
7YMK,7.217511670075355
8FP1,7.708357728700474
5OAI,8.04832473793732
7FZB,7.672506208846265
6XE8,7.980007321343586
5NK1,8.076002084969101
3R5N,7.623629645097449
6D8X,7.828094920951467
4HXN,8.25641110262994
1DGB,7.177681251003269
4EM9,7.182917781171814
7KTH,7.306204650338616
6OD6,8.208263791395058
9C42,7.623196232211306
7BAC,8.048467063973707
5J6L,7.889036707295337
3SML,7.756601547189694
2H6F,7.680766905179244
5Z0S,7.771926057227905
7FVW,7.695194704552541
7A7H,7.951744583131558
8BIK,8.002099442101096
5RKN,8.335624800968162
1RHR,7.611415659732938
2JDR,8.091552123910855
8EXV,7.447246591625302
8CZA,7.79226114978806
3S5Z,7.088898928876709
5CXY,7.491812657553642
7S2Y,7.40145747738441
5Q0P,7.775948332028785
8BYY,7.76780191978537
7BQ4,7.526138316160004
7QGB,8.086323883135432
6BQ8,6.917185743877825
4M12,8.000269560047
5LLH,7.907394507873096
6GYO,7.257975656804266
3X0C,7.513761753868903
8FKC,7.536269774508153
7TJ9,7.1793771354335325
2ACS,7.179281898674585
8UAQ,7.318559743292021
1JUJ,7.354167950203167
5S7C,8.206495168168152
7PGU,7.131678422062728
6ZUN,7.803862409687638
8X7H,7.645590819620382
5TLL,7.62298423913949
6Q1U,7.618186672669485
6NO8,8.183359531643449
7S9X,7.850159822598789
5AV4,7.629439783927798
6JJU,7.308764543337167
4XX5,8.065907172666275
6Z50,8.045855290792758
5N93,8.117143041792367
5ENG,7.91787115795937
7G8E,7.476292328537114
5RKY,8.078761947137561
7JGW,7.821315925459332
4HXM,7.657871122458882
5KCF,7.230833552605521
8BYN,7.742386638479413
4JZD,7.808189210005115
6Z8W,7.962810646491433
6ZPD,7.725542011974284
8UN3,7.332104387343914
4X2K,8.037478796795302
3DEJ,8.06497736518448
2Q6J,7.508847034630117
8UOL,7.535534602414521
6EGD,8.043921986470949
4BG6,7.211547545001112
3CGO,8.027098436763513
6Y1P,7.7547248500422645
1YC3,7.669736615988005
7SR6,7.215533402410251
3K22,7.758537342737852
3EPB,7.561101301371191
7KTD,7.306204650338616
8U0H,7.1166510915291274
9LJ1,7.431119772667417
8TUC,7.367712690064573
4GK4,8.076223390424447
7JUO,7.85579965312697
7UP6,8.16393565647122
3TN8,7.804344893259245
6M3I,7.950487363393929
4CYG,7.680757822031288
5S9E,8.05847533421223
2F9P,7.489528960194762
5TMW,7.314326398159943
1FKB,7.6767802629103015
1SNU,8.009599618577672
4PPS,7.725379257754773
6HP9,8.142806518421216
5C91,8.125597151700438
7FQH,7.295621645174149
7QRB,7.512575566522973
7H9P,7.687862546036598
5N1X,8.068642942897227
4M13,7.955047168147792
6XBM,7.795769650819441
2VAG,8.113829804710967
2ZNN,7.672467870400725
6DW5,7.225240827998066
6WNY,8.163586323208722
9BMH,7.2224598745109745
3WZE,7.955887996459993
6RJL,8.066414942302433
3SVH,7.565550655933432
5RKT,8.272813779312584
8DV7,7.2625624335879095
2R3J,8.034469635549199
8DC8,8.259071627632805
5KJ2,8.09809172253475
4OCC,7.234007135105595
5KM3,7.367188139898324
2I4Z,7.838970804421426
5JFS,8.095222019723725
2P4Y,7.646268958401737
8TBU,7.41062682895441
6Q96,8.072888670151153
7K15,7.266738394633317
7YI7,7.327411550826525
4YKQ,7.735993855542234
3N8I,7.611241961347959
1LHD,7.447807151969146
7TE7,7.54038862389378
7QVL,7.448703242445388
4TO2,7.33447434819783
3H44,7.6307304504139655
7JYS,8.276671957862073
4G8L,7.177049763007502
7BR3,7.449049863606343
6KUW,7.770077991831801
8T99,6.9800265937802966
5UVW,7.7956177131067514
1EV3,7.821554803210379
4XCT,7.563132139529656
8Q9S,8.079570915328775
8WM9,7.732437321048658
6ZFH,6.990113301538343
7AJ5,7.973317431010248
7FRZ,6.736988485516772
8OG9,7.758713780776741
2QD1,7.752440777731282
6CBZ,7.755519828197276
5RK8,8.112754919740404
4RER,7.143998917281442
5Q0L,8.105429806876593
5QIP,7.841300718596821
6Y99,7.287305759786846
5SAU,8.059519683636225
9B14,7.447964226231776
2BRM,8.016423230469265
8X7M,7.417670091962059
5I9V,7.191273513200706
6CZ5,7.4362828889806645
2ACU,7.179281898674585
8PA6,7.3878116873506405
1E2E,7.488251550260388
6KBA,8.111977565396733
2IZT,8.16565774562274
6E5A,8.142318162338304
6BFD,7.506690884346078
1HE4,7.135177016082336
5KTW,8.261831938173376
6SUO,8.185353301662547
7AO8,6.808400659785796
2XCV,7.188379486635386
5TVT,7.8411684818999525
8HND,7.204815812642987
8T47,6.726669616568224
3QDD,8.217691867425009
3POO,7.716981676047973
7GSF,8.149492025591853
4WMX,6.873183754451959
4TNR,7.1922392448258075
8BYE,7.717782676820597
4TNB,7.584361828724337
5TEL,8.03649624774873
2JFL,7.859885442484513
7OQW,8.065771444065362
4RN0,8.263496740709224
3L4W,7.0107285020318715
5ACC,7.929355647497956
2R2J,7.234430692550223
8W6C,8.006765459365141
8TRW,7.14059266974438
7SQL,7.215946983773326
7YNQ,7.867106982216383
3HG4,7.489528960194762
4KXB,7.552286326854748
8EBT,7.478022615500872
9ESZ,8.353182616603833
4GJ3,8.134899410700013
6QXK,8.126179520137997
3FC6,7.706829848038385
2D7R,7.103189859158033
3X1I,7.417936751558914
6A4I,7.8559363913650895
3BL9,8.146321613343549
6YVK,7.264104535320201
7YXR,7.697698872079298
5Y49,8.091026028368502
6QCD,7.220557700497786
6WFK,7.335389477959836
3SP5,7.783833378935245
7LAZ,8.027236054017605
5TF8,7.343807137625347
4ZNH,7.322343641038301
6JWA,7.846937068150491
8G1U,7.601367206230517
5AQZ,7.574886877854919
6FW2,7.3268893560709385
2VUW,7.889222553292626
7MIH,7.748371159184053
1DGH,7.158965588661771
7B4C,8.405222012453324
6AY3,8.37677933357701
3A7I,8.192973736023184
2V7A,8.063173755975383
5RK3,8.266733334595616
6WH4,8.110098017131468
7BG3,8.144203047322659
5DXR,7.733199994328947
3DKO,8.052828701419637
6IZM,7.683226342764121
5Q1I,7.944156971983052
5ENH,7.919079109846202
4RWA,7.2421972301497375
5U3S,7.828698008494611
7WTC,8.07146866480875
6RQ4,7.989995197284189
6EYB,7.773573114311991
2FJM,7.219351609914493
8HUL,7.739990900929023
5KTX,8.294673553830517
6CM4,8.134926107080908
3WZJ,8.036137714194162
7M5Z,7.749837946532672
6LIL,7.215946983773326
8G5D,7.2159432838994615
6S39,8.078255735018844
7R4M,7.179568490467013
2JBU,7.6307304504139655
6LKM,7.363306571297807
7PW8,7.046094121726015
7RUX,7.653278503938135
5VDH,7.72889712658373
7AB1,7.910400971693452
5K7G,8.26421831801598
4X8T,8.122251301584251
5TN7,7.677889716114634
4JOC,7.134643085663368
7NKE,7.97666279098035
8HUO,7.765874553029369
5AAU,7.738777372681863
6N79,8.18413672248203
6LP6,7.471340333687806
3QCF,7.589740123939674
6SQF,8.088599560759185
6L13,8.179513272138038
6N8G,8.042675765881272
5S97,8.026531445099282
5OLG,7.899767321953012
7UGL,7.499458073425954
7UJM,7.565941969724314
8G67,8.21411384465704
1T84,7.7368066082337394
3FT8,7.841268328554565
3FVU,7.62428654849245
8PM3,7.55396467029541
6Y9R,8.08045428465962
5TM9,7.293026930454282
3ZSI,8.174473312960131
5I3R,7.914922849447533
7G99,7.2662739333158815
8S88,7.850610854913717
5EQH,7.824175788783857
1OIP,7.756622014021282
3QCJ,7.3866002588272845
9FSH,7.26144649563253
4G0V,7.673818297041004
6C99,8.17222179329111
5WU3,7.179620791993245
5ZXF,7.9541002860710295
7FYF,7.578848406588286
5O8V,7.982421642409115
6R6X,8.022190919730525
6GVH,8.011991030967847
9CTV,6.674741515802434
3FEI,7.75349070789855
5U2C,7.945012031773988
7LAK,8.178756967935962
5TM3,7.274603976579646
2YE5,7.686206972674427
8HLP,7.521732046599562
7FVF,7.489838683572699
7KK5,7.942741001941561
3U10,7.263163984948892
6SMA,7.094161728307904
5U3T,7.82187925917365
8JEW,7.625747480217609
5OCI,7.78196601265778
7S1R,7.712870031844951
8AKA,7.208826218945662
6ZOQ,7.992247838414244
5XQD,7.7539031884794944
6NUB,7.230928327105938
4M0Y,8.035632921395932
7BSU,7.504847637460118
7X3M,7.137250737771333
3OP5,8.131900300249551
7ATS,7.90533234907189
7DHN,8.166937681652186
7YBP,7.474614571690652
2BVX,7.738664457182114
5S8I,8.090206946686157
6ZGV,6.990113301538343
2V3O,7.860039258631821
2QZL,7.789393448666966
4UDW,7.921301875345883
2H55,8.07944102183486
2JH0,7.879173434151363
9FET,8.121549388997957
6HMP,8.100323198732498
7FSV,8.230410546833637
7FS1,6.731152901247342
5ENB,8.123176389126094
7AVT,8.00509802242512
6ZMK,6.849479997273022
5FTO,8.105544978821936
6L15,8.257756356946302
6FBO,6.864021785533172
3GOK,8.1257906677865
5O0Y,7.2980099859334855
8UO9,7.581842033056256
1M48,8.068028454603054
8DHG,7.471340333687806
6NF1,7.652286292899602
5KPP,8.13627647855811
6B0F,7.636264838170466
8E8C,7.322294742290633
6WFV,7.330174106826183
5ZGG,8.032165130285135
3KMR,7.597498129729263
8REJ,7.366443089417515
5H15,7.991528201445705
6F3I,7.944432258780493
2XJ2,7.684850775559202
8T82,7.557075681163545
2UVZ,8.035763097716988
6YVL,7.253518887278017
6F84,7.179281898674585
5WGQ,7.755519828197276
3Q6E,7.88840297198416
5Y3O,8.210516506823408
5HF5,7.496279019723089
5FGK,8.14322311590067
7Z6H,7.2570559648365895
8R1A,7.388820868590897
7G95,7.644605295873653
5Q1G,8.00962421754779
7BQ2,7.920211959689804
1ZKY,7.763294129860414
4B99,7.9868205157232985
5N5M,8.078679438273973
5EGV,7.666195702910463
1I0Z,7.184746206247981
3QCG,7.589740123939674
2I17,7.18634218844553
3OTF,7.237795147958683
5RKX,7.743428343937826
3RT3,7.495406453224356
1LHG,7.501451011278549
5A1I,6.843236587340435
2BZ6,7.822216745970236
8X92,7.441545322084689
1AI8,7.583058837029059
8XY7,7.588559224011824
6MH1,8.228475715830724
2PKL,7.9226833380466415
6MXZ,7.938070120165667
7FVB,7.28736361586369
5WRY,8.076455710465162
2XJC,7.408815365823404
7AQT,8.048903784215808
7FVJ,7.34760478672602
3O8X,7.210933828620572
2BIL,8.078102094983045
2RKZ,7.2488595802387685
6S86,7.287015992438192
1PYN,7.4436661574434595
7ZI3,7.242061614752731
8DSZ,7.734192476965277
7SZC,7.316262916089709
8D0Q,7.087183117278386
5EXW,7.256767162890974
6IAR,8.142736623945185
4NYX,8.069348155837424
5U6J,7.746044701490092
5U2F,7.9402250561054295
2BXT,7.740331574117402
3IFW,7.315379532483076
5QD0,7.78573880811609
8OP9,7.2557203280745135
9BU7,7.188029822119102
6PSJ,7.634336391475233
1XK5,7.218318995148809
2HZQ,7.638234508172841
7KKE,8.053193062876817
7G9I,7.538300354771153
9F7W,7.644432114981593
3I25,7.49692481200213
3ZS2,7.7109728704177485
8XSM,7.808362999176752
4ZNT,7.199743052058284
3V49,7.745974398584402
9ET7,8.187483254785407
6JJ5,7.9717180445354305
8JCV,7.607152295701108
7MTB,7.684873370997566
8BX9,7.746985089353662
1MU8,8.155765943821905
5RJZ,8.230912762220559
3PO9,7.541444245642047
5TLV,7.710349586746538
4ZNW,7.228684498677022
5C5A,7.992621464157424
6FQT,7.933022471435773
6ITM,8.218155594393195
6QE1,8.153569538420513
5Q16,8.048632461389834
7DH3,8.101925840893237
8T5K,7.659096946133259
7ERA,7.144696579097684
6Q4A,8.353182616603833
8E8B,7.322294742290633
1CBS,8.026880604972405
7ONS,8.07043230824735
1H8D,7.574958856949155
2VSL,7.5951438460278995
7O20,8.103053474772535
6AWO,8.029984743093156
9INV,7.667583775173422
2FWZ,8.132347821248699
4JXF,7.902041182602322
9LJ5,6.854684236745733
6UKW,7.6636199599223565
7ZU2,7.9226833380466415
3O8T,8.004121398735217
2DOH,7.6307304504139655
1A3B,7.622184831815624
6G34,7.874956809271369
1GCQ,7.369617783800298
3KDT,7.912991305475214
4N3B,7.392944632929927
7O70,7.6431777742219476
2VO7,8.028316112540626
5WIJ,8.173605477112076
2RJ8,6.981593438695977
7B1Q,8.154734505916313
4FSN,7.88057847012754
4WZV,7.406221143101008
6L11,8.078116205622727
7N3R,6.880285357746967
7AEI,7.99992730067353
8PAU,7.458081862263705
6M2B,7.471340333687806
3KA0,7.703434882801155
4V26,7.960882271308799
6C5T,7.688703121801608
6XEE,7.966112808592271
5Q0S,8.161898299229037
6NJA,8.142986782345687
1O0D,7.280735621146191
4FV1,7.734817837104966
6CJF,7.471340333687806
4XZ4,8.180177449173993
8HL7,7.542501658763249
8HCK,8.107389937428659
5AND,8.062614417583312
6TND,8.094882850410016
8BYD,7.717782676820597
6UO8,7.050246759074027
1YND,7.584612056779172
5Q12,8.17967814802864
5QQM,8.073061323806108
5ED2,7.3346213461262595
2WIK,7.496279019723089
7KT3,7.258905920221541
1QKM,7.542607926920944
2RCW,8.007649061219208
4HG7,7.966014077865852
5NLK,7.91338775822552
5J3J,8.000493758323218
8AAP,7.5188792866937035
3E3E,7.566532908881385
1K22,7.672734060609577
4W8D,8.146304732203841
4O0Y,7.87496309998749
1NMQ,7.196724690534787
5W0L,8.274222123009165
4R07,7.6507206351936405
8JNZ,7.491075329623733
5VD3,8.002277617905103
9BC7,7.408816805101963
5S7V,8.185391991425517
6XLO,8.176106922236393
9CGB,7.242339856772271
1FAK,7.117367106853538
3TO4,7.038243752216635
2FES,7.2685416337067235
1XJD,8.002099442101096
7LU5,7.306733102383748
4RXS,7.327199733001432
7P4E,7.947348274180326
2ZO3,8.03698618004586
5AFZ,7.763774474859533
6HMC,8.006173241081557
3FD5,7.291264241695496
5Z1R,7.704513205367585
5DTV,7.2246564771098
5T1W,8.125708186704612
4ISH,7.8134556553645
7GTR,7.884744216739246
7E0G,7.3111281103683154
4CTC,8.171293373336411
5DIE,7.639347334587297
4IW8,7.532205378821001
8QTH,7.458862806288109
6ENQ,7.34278710550239
6W44,7.4103536851746865
5BO6,7.491812657553642
7LH7,7.637968698211608
8FVF,8.254759725239442
6P3D,8.026607441000648
6AF5,8.136992331270186
5I88,8.03820925478705
5DKE,7.6036431236485775
7CD9,7.924330851431763
3CDS,7.747185212051353
5QE3,8.231979304421776
7SFL,7.333436276069227
7NWK,8.161977830789786
3LZ5,7.179281898674585
6UKY,7.563707617590075
6WUZ,7.493374373636478
2XKW,7.896741436490395
3X1H,7.392133784986517
6F2U,7.146104654218906
4AYT,7.222847037087428
4A4V,7.576323027349014
5HNU,7.130572246355265
9CQC,6.936632817244766
7XYH,7.729654298931287
2IL2,7.626471789097654
8KEI,7.158311266313861
7APO,7.597498129729263
1ERE,7.76775036179079
6SLW,8.069124629712615
5RKO,8.220065727698179
6HXF,7.993162664794306
8P71,7.573584325405154
3FEJ,7.771951721851879
3SW4,8.080969999115034
7NEL,7.727864403065639
7ERB,7.158788126457587
2ZK1,8.059242349488365
3HMP,8.247563866246592
6AFA,8.024091212688626
8V72,7.778312682927753
9IWO,7.9778099712405375
5Y93,7.800935676243016
5S76,8.206495168168152
4QXR,7.888911156355447
5KPZ,7.164765547053975
7G1R,7.198516429890991
4PNZ,7.771090859707032
4RFM,8.06090045008481
3BHT,8.04035852423333
6DCU,7.96624721342057
3U6H,8.098091989627976
5O8U,7.949648365953768
1BHX,7.7691928012682805
4V3E,6.875710503611924
8DV5,7.282620996570392
6YIJ,8.015889850463417
7C2Z,7.704811364439686
4TO1,7.270625908198564
2VEY,7.832357630698698
4Z6A,7.1920065999247
9GR0,7.339815463492996
6X1M,7.5097853193039805
7G9B,7.566293405668815
6BTY,7.602843557417422
5S8E,8.024441951831054
5G6V,8.113141737277529
3EB1,7.573661615889233
4XVD,7.146104654218906
4BC6,8.093302163750884
5TMS,7.801575796409114
1UZE,7.721338867635004
8JPF,7.286781039840114
8REV,7.43877475878597
5DV2,7.375229721682827
3JYJ,7.509016560919536
4MPV,7.571687983572819
8RHG,7.22717314321619
2WF2,7.668046998938321
6IEZ,7.324545328974227
7LA9,7.479656816466017
5MQK,8.205367773396613
7UN7,7.394820698453939
8OV6,7.086181168916199
4IAA,8.094293456152842
2NRY,8.015640764570403
6OQA,7.578878700745732
6NTN,7.474911027590018
1GZY,7.08636444526534
3VEY,7.0509877527574965
2A9J,6.867590937023344
5QIG,7.419209928675482
8OME,7.1623966295106465
2PX6,7.413096180606687
2VGL,6.757337789881909
3L3M,8.149000716601691
6CZ1,7.76527087305655
1PKD,7.753234480594017
2QAB,7.5998339082759365
7VWH,8.01349492085445
3T42,7.179281898674585
5JJM,7.9226833380466415
7HB1,7.694433852701149
6IN1,7.995271674374889
7D3E,7.147842383536914
8AOY,7.334942133971793
4PP6,7.597862224338191
8SS7,8.24368624940274
9KRH,7.504725227176071
5XF1,7.819739009706249
6UX9,7.929966909818769
3LXP,8.157932969668094
7K71,8.080752663312339
5TES,7.299912830162383
8JL3,7.354855637312675
2H52,6.87275760376654
7G8P,7.20021301352819
6YMO,7.834746194136185
7ZVT,6.81196251544714
8TSB,7.54592410516858
4IU7,7.56709063323935
4LSJ,7.767128228904277
2FHI,7.26219393275082
5DXM,7.8138063300026275
5H1U,7.574654051688888
6NN4,6.731152901247342
6W2L,6.8661239324982315
8UQ7,7.775249534175321
2HRQ,7.139527931381346
5RKI,8.034595381507952
6Y6F,7.598539211838577
5TLX,7.9733075004338785
3SOA,8.096966287306968
4KIK,7.737230466271787
4IVY,7.554993356675454
5LO1,7.937167298266763
3ADT,7.664619899348221
6V87,7.498446516829523
6PZP,7.77470905791747
7AAC,8.031941391556039
2X7F,7.7605786406923984
6X85,7.889399728854454
8U56,7.433059228953551
6FNC,7.288206417613697
3OQF,8.030518814193957
7OBL,7.735017072825263
3HO0,7.761114298407716
3QPV,6.786900912817661
6AFC,8.178712864816433
6YTG,8.170820410230364
2BU7,7.960882271308799
8QNH,7.399027259912333
9JD9,6.995816514878107
1BCU,8.052078570580662
3I4B,7.890983266296659
5IA4,8.039447108556235
4A9F,8.27735585004841
4W7T,8.122414949324012
8WEJ,7.189484610235886
4K33,7.210829114306046
5TMQ,7.1197467372312655
5TMZ,7.748176855146664
7NFY,7.265876642439344
5QCX,7.808681257263616
5Q0V,8.167338826683956
6ZOS,8.021660094257559
6HLP,8.128931674797858
3R58,7.146104654218906
7DG4,8.137301497966323
8HHP,7.570533662983185
3GZ9,7.014841989165386
5YV9,7.601073942865069
6EIR,7.8719910117359015
8X2A,8.30968020605251
5DLR,7.611191377572833
7FVO,7.2243193179517915
8BY9,7.505283629572757
4Q93,7.68081522711723
3HOD,7.761114298407716
3VZV,8.156298644497904
6WGT,8.203697214012347
6YIM,8.069348155837424
5Y1J,7.74050260982881
6TLP,8.086323883135432
6ZUU,7.812364655752765
7DPN,7.721097561673788
6V0U,7.703822260345897
3HU2,7.1333329412979
4E5W,8.081183081426252
3F8S,7.945196828236924
7FQO,7.535454020202334
7TRB,7.74239655112498
2BIK,8.078102094983045
8BDM,7.445914750319622
7JGV,7.821315925459332
3LS8,7.721847243730843
5UR1,7.991839325352686
7NV1,7.199200852792796
5H25,8.26976359284656
1KV1,8.01013424358351
5KRO,7.685698202756992
4BJX,7.863944282552957
5DZ1,7.681594161687575
7JP3,7.7109728704177485
9EWY,7.32280705354135
5TM4,7.150865792864392
4R95,8.058537554372556
5Z8R,7.776290823617465
8DGS,7.222281380177985
7R4P,7.4103536851746865
7W7X,7.987133038292178
1AIX,7.580771722724022
6VKQ,7.613075265884407
8IJR,7.025449485959594
7KSJ,8.198300675282585
7FJF,7.734190535750772
2OUZ,7.58286525028131
8VNX,7.626384822293174
5FBX,8.161949324208555
4F7J,7.7975982059521005
6QCN,7.175880823708377
8J03,7.764549425951312
6DWJ,7.225043744473562
6KXX,8.197407494921267
2FKE,7.808866303240584
7MR5,7.6611167676516185
5Q0W,7.269742958404181
6CNX,7.851926376475425
5TMU,7.599131058280527
1O7S,7.560927847891024
7FIC,7.8667817695152955
5S90,8.116710947860106
7RS9,7.25712118273119
3WMH,7.68512983613777
5S8R,8.127291977237267
7UKZ,7.305060521020031
7U99,7.74115259522675
7NEZ,7.923673550459112
5AM7,8.157211834189454
7Z5X,7.873942419077435
4TQB,7.165530213020082
2VWX,7.737068000784359
6P0M,7.727318480489968
4JVS,7.3807477635595395
3GBK,7.512261426317489
4PVU,7.633480765815175
5GSA,7.672785866628703
5RJJ,8.237016790907942
6F7Q,7.003678957425348
4AGL,7.8861904679771495
5LRZ,8.069250605952751
6F81,7.179281898674585
7G81,7.961613951203907
7FT0,7.93443952848039
7TD4,7.570687600851573
6VKK,8.102397886362077
4IUI,7.554993356675454
6GGN,8.114388188248036
3OWD,7.44983151238452
4MS1,7.246938491249245
2VEV,7.757236484179938
6NQ2,6.728014284689765
6L12,8.160180779060024
6KZI,8.069968094692566
4GSS,7.209868514412767
5DKG,7.604053246029786
5SCD,6.715620493383702
5U3V,6.996730797285427
6WI3,7.283944950675399
6L96,7.588015294742735
4XI9,7.526748726589368
4OIV,7.623427404451364
7V3S,8.184783461990547
3CST,8.003069560278906
4OFR,7.9226833380466415
7U8D,7.6635958869011995
3BUH,7.623531344226602
2WIG,7.861544501242826
5UVX,7.612673494488562
5UEP,8.294010708462826
5MMG,7.601135700723792
5DYX,8.177488057892022
6OPI,8.040146233655555
7CR4,8.149723201605278
7ZRB,7.2673573484690515
5F9B,7.706170477694723
7WEU,7.54929404455015
5RKQ,8.28263425210833
3V2W,7.279610697135377
2YJA,7.755519828197276
6ZCD,7.984469361635589
6DWD,7.345647511955748
5H1V,8.13928504402769
4CRL,8.118209993679093
8BDX,7.442312667845874
4AGM,7.881073091549048
1QKT,7.76775036179079
8ARW,7.406014137405994
4MGK,7.255116415231965
5EP7,8.049721013257118
3G2S,7.33204560773354
5J2X,7.962220885888085
5WUU,7.943684801011479
6MDB,8.08961082767452
7D3Y,7.108987596399261
8HLT,7.603793082071615
5MO3,7.096836423532407
8F7U,7.286613039886315
6CJH,8.151871568202472
5H85,7.970394672189649
7AVS,8.037336314588496
4Y03,7.648686069718458
4ZNU,7.233292979391859
5VO4,7.909111077288241
3JS2,7.843866864673867
6DF6,7.61087180848433
4GK2,7.8074239544498365
4H3J,8.09777348134887
7BDI,7.210299425869608
3EJ1,8.125426308034012
8ENJ,7.390921700913649
7AOS,7.712936877143047
7CQE,8.1944960108357
8DBE,6.688751292609292
2RDU,7.4103536851746865
3OS9,7.566444591317203
1V1T,7.655383790379795
5JFV,7.9634336467675215
7N3N,7.32020315988504
2NO6,7.376805533067237
7G9J,7.395464735321195
2VGF,6.731152901247342
7LM2,8.132711532802116
5VD7,7.7885607675199235
8BFF,7.63715046631069
4QIM,7.604872709011494
5TN5,7.725379257754773
1W8C,8.218621613497692
6T6F,7.700944182747871
6GQQ,7.958626980004017
7DHK,8.16491079965323
8V70,7.769452188826534
7KHJ,8.081746835153915
3TNW,7.850326671157954
5Y94,8.052981461431978
6Z5B,8.029685977956646
7R62,7.639480047859284
7YAW,7.293129007374115
7XI0,7.859983214978268
7ZLP,7.369193184820277
7W0G,8.183831697101326
7FXF,7.425449465603134
7P1L,8.058011255489552
4U6Q,7.215669773201153
6MA1,7.643578364959058
2VD5,8.087350893950632
7SHP,7.036110985644583
8UH0,7.547144138175474
2G94,7.479338613347465
6Y3U,7.400366627919495
7T0Q,7.096982244726082
7KW1,7.83367542036862
6BRJ,8.112633276635627
8K6L,7.347977288893319
8BI5,7.760204882332318
5AAV,7.579121049400908
8F5X,7.3341190908655625
7C7F,7.121718329907693
3ADW,7.924761582863188
7ERE,7.152775281609296
6TJM,7.6292661088883245
6A5W,8.152728617575557
7OTP,7.312051388553045
1RW8,8.262616417893513
6FCJ,7.779248929819483
1XU9,7.139198867058919
7BZT,7.28485666928989
8BXQ,7.49113480479059
2BU6,7.522201692998941
4HBN,7.24722570228388
9FGC,7.532226015229105
8WGB,7.5475491616332375
5QE9,8.243151295470984
5S95,8.172509112187548
8BF2,7.381202128079971
8U27,7.43357050736135
3LBK,7.806153013781371
3W33,7.78375648093651
3NPC,7.981908796854587
1UEI,7.260135461875881
1ZNJ,7.7109728704177485
6X4H,8.096739178880624
4L1X,7.127540860627662
4N3C,7.363110882221536
1WUN,7.137395591782373
7BDP,8.137671776973969
5U98,7.964781300523095
3R91,8.126619860187354
6G38,7.687933324637286
9CTG,7.509857490491876
6X5P,7.876579750768031
6FNI,8.073675564920276
5YAK,7.407638715240966
6LLE,7.323513963201601
6X86,7.740421937817733
3NAY,8.14276360374083
5MPZ,8.106465394760685
7M3G,7.6591797933272066
7QFO,7.376219436138699
4O7C,8.23087432180889
3EPA,7.561101301371191
3UWE,7.146104654218906
6N3Y,7.7545958344369526
5TGZ,8.113049292322815
7CLH,8.161690017850995
6OLX,7.934099154684803
5TN6,7.744787683622636
2AOA,7.585261093235192
5LRQ,8.009722165876843
6NPN,8.123377949629928
6PDI,8.020317635368933
7OQG,8.103712607967376
6O67,7.855021626952245
7EM2,7.373983306835037
6AXQ,8.17675506671748
2ZMF,7.3946245704092926
2PQF,7.7003623240803
4LZ1,7.260389904272428
7EM8,7.26558622197012
3RDH,7.477968081178655
5HDU,8.202660737768964
5U3Z,7.5152818881950845
3PRE,8.205310120329582
4FM8,7.628003679496244
2RFS,7.748393562197516
5OKO,7.356573656580488
7G8K,7.611001030375262
7SQB,7.35504975066123
4QOF,7.430010753354044
8OFA,7.7213002585997215
7AJM,7.91565000460101
1YIM,7.562611247534574
8BOX,6.9540343105480265
5Q13,8.138082159803638
4X93,7.311170332678899
2XYD,7.186600549965931
3OMM,7.7320771705636675
4AZ2,7.807768048084218
3U9Q,7.268600965415079
3U11,7.249537197000365
1PXO,8.20559039547923
2QH6,7.528834086372627
7N2M,7.17699367617957
7FV8,7.426680291750099
1T2A,7.214887240952772
3IA6,7.669172582806794
6C1B,7.9272329737773894
5N5L,7.926181656792567
1UNQ,6.7261378332555
4EUT,8.082398902497165
5C27,8.09388876846101
4US0,8.285420160517974
3R8I,7.833086151819592
6IO0,7.925254083357392
7Q7L,7.892831180475805
7G97,8.141035240585055
8ADF,7.196057779259591
5MAF,8.031106130238445
7AJ7,8.004183104935558
2RDT,7.405810474774211
5RKW,8.235970533119783
8BXN,7.441586637771909
5RJV,7.990947716459163
4L8Z,7.727565999478437
7G9A,7.4800455215129595
5RKV,7.562904497131601
5I8A,7.998627538979311
5BV6,7.367485970601051
4X3J,8.109584750160636
4XUD,7.4104808823623225
5RKR,8.28017182967342
8FJZ,7.752527225278265
6W4C,7.4103536851746865
2VJ9,7.708516569073085
6K0T,8.023678551124807
8F1Z,7.404283339360319
6OPL,7.144696579097684
7XYD,8.032013458410404
4RKA,7.471340333687806
3DHK,7.955234535670289
4HMN,7.146104654218906
5MRH,8.250102237983699
1HTI,7.092463006654857
5TBE,8.138733802091368
7RCL,6.997412266159663
3ET3,7.473662133134867
7FX8,7.651840763788693
7SSE,8.227756198711837
8PT9,7.508017766638135
3F2N,7.853281146443131
8PTZ,7.708739942696951
5QDR,7.675420550710106
4OLM,7.407170735248724
9CBL,7.7881917925995845
6M91,7.961234353532474
4KLR,7.293979184697735
6G36,7.719287977635888
6EL9,8.095318034178685
6XDB,7.864092439801019
6TEC,7.28550993582968
4JKV,8.153110832224765
8C1K,7.3647890085069285
5TDF,7.205091777855426
4ZMA,7.14900573543978
4JQA,8.076917023573943
8T4Y,7.23955287457364
4GV7,8.195586679540748
6R3D,8.095363613735286
7PGQ,7.095526735378241
7FXR,7.608005270533179
1A52,7.755519828197276
2Q7I,7.912329213842248
6MOM,8.162829383587193
4AS0,8.145479834454486
3EPC,7.306853424727427
3DKJ,6.642759718825916
4YJQ,7.874299297422724
6GTT,7.982440883785396
8BEM,8.118198821917884
4QIA,7.752226366927232
5S8H,8.267459615884109
8ILR,7.355065107425262
7AJW,8.049729017567786
8GVZ,8.272915180557517
4EHZ,8.264488814678062
5UGM,8.061515927768276
5KRF,7.593672983264351
4ISF,7.092403960496323
5I2E,7.469514050326636
8JTV,7.88868484348141
4PXZ,7.23707670837354
7UGI,7.459428317838662
3LM5,7.637871530964604
7FY5,7.563051261889661
7EAT,8.113121228171902
6UBW,8.22530455648616
8GVX,6.882620711524175
4BB4,8.03044666895855
5HOY,7.573294741959444
7BJ6,7.725509457585229
6A5X,7.6784470111623095
5KRJ,7.170678961259803
5Q1B,7.706010206981606
6GIN,8.104301602690754
