PDB_CODE,Predicted_Value
4CWF,6.547134509832427
6ZRC,6.793638364729743
1L5Q,5.6024380915624725
5RK9,5.795574277981442
8CPH,5.894424815425134
4MGI,5.619601365014974
7ER8,4.689897785927431
3FUR,7.610423674729573
8EYO,5.215003771588665
5LO5,6.986204384543109
6NWK,6.509351478550637
6B1U,6.996223301796833
3NOX,6.392829550436956
4O76,6.964620382043753
7B31,8.524942361060509
5IAW,6.893855607537963
8U4W,5.692151484863606
3BGP,7.727601303639839
5TM6,5.177692530501567
5P9J,8.510940289224141
4MGA,5.181008649681683
6JOJ,6.876733056826106
7R4K,5.721670516739109
3BF6,8.029467129363098
3U2C,5.575285952646882
7UBO,7.4720910364953825
3W3K,6.567285730955324
6YOJ,7.620625141102685
4MG7,6.069139129958589
6I2Y,7.995659567053804
8A31,5.9694570295107585
5N5N,4.556907423877565
5NK8,8.131854134870075
6XRL,8.273627509531854
4L98,6.229013777512124
2ZIQ,7.351326536848903
3SMO,5.164567959011261
6WHA,6.409866195857281
4O75,6.057372989271154
3K65,6.104437136258321
3GWX,6.957633896178747
5RK2,6.3432165528019535
9AS3,7.336136437988673
5WIN,6.857268079454395
5J7F,6.714389061911047
7R9L,6.152234289736474
2RAK,5.174007671528238
7AW3,7.453503719590936
5KRK,5.8333483411614
5TB6,6.546822026392535
6YB8,6.1116160412576015
6YV4,7.079771633765489
4RC2,5.486208413431202
5DXP,5.5153526637302965
2QGT,6.543524034205835
2FLB,6.047015277387829
5R8K,6.226653894063469
1AZ2,6.010911679638846
1X7J,5.924180679581715
7VUE,7.883027895981058
2YKB,6.691354825787339
5MKR,5.493017861944829
7R9W,5.666823400599481
6PKC,7.610002821077055
7ZLR,6.294557820957284
4D9T,6.782396804388392
6DXL,6.279044360747562
1T4U,7.521928387725587
2XQK,6.048772986138088
7G14,6.214303882527196
5DEY,8.115327325276438
7CKF,5.97892964415223
4OJ4,5.237663205412714
7RLF,4.222133573079601
8DU9,6.818688634683257
5JZY,6.629249980985187
4ZN9,6.075279892015417
6A6P,6.809494170557893
8V6Y,6.495735925226933
3NOA,8.01882044094063
6NJS,7.296258800758541
6HCY,6.156524689021169
9CHU,5.654690023589887
4LXA,6.440027217310657
6DFM,5.273092757163541
8SS6,6.655590736018629
8EV1,6.328427043859047
4FMC,5.377781241796784
3QCE,6.925057875189362
6DW3,4.829511093883944
6KHE,6.893106693296187
5XMX,6.1636982773876365
6BMU,6.319153155191751
5S96,5.4756146471579346
8GZ3,5.2373286048584635
5S8Y,5.974907720700127
1NM6,6.370584598741984
4FA6,8.031281433035828
8IMX,6.513738389339094
1TOM,7.229241252860248
7RUZ,6.5876836722405985
5TM5,4.987156708598208
3IMX,6.903973444177499
4XVE,6.1967478496873385
7DBK,5.536450258272004
8TU9,6.416024814692175
7MRC,8.003279257435631
5TB5,6.787018389597853
3FT5,5.666273645641514
7X9D,5.953902377240046
4CIK,5.8596126822742605
7FT7,4.777232284009046
5WS0,6.2359194278706935
3CLD,7.4832227125306785
7FV2,7.488036658717845
7M44,5.654454357936634
5MVC,6.775871084448302
4USE,7.240989412493382
4PYX,5.2014717177688805
7BGQ,5.86844893595242
3H0W,7.580149841239254
7WGP,6.3387300837431555
3ELA,7.673346145303269
4C67,6.51067515935302
5VD1,7.865256410293917
5XGN,7.277940565015841
5UGB,7.06578221908456
2Y48,6.549760371151028
4EY6,6.090558894150431
4G9R,8.368066060069353
5QIE,6.8023996742735635
6ZC9,5.801495945920299
7FQL,6.057178474331051
4CWN,6.669776174467573
4ODR,6.113321730667986
5RKL,7.203395655906781
7WMM,6.663748302140876
7WNV,5.440121529952182
5VD5,8.240901409815677
4NGA,7.511489204089905
4IM2,7.121484842596377
7FVE,6.854046433483517
8YP5,6.506933316877876
6TFV,7.629487566987726
3DT3,6.0204083871380565
5U3U,6.8051238645700245
7EVJ,6.6502048250348
3ZXT,5.577480499475537
3ZLO,7.397775151225976
5IN5,5.965113820333861
4BQG,4.58891894191413
1Q3F,5.80516514216714
1DWD,7.346315257314127
9JD4,7.2155197957820345
3FMJ,6.459256133280474
7ZXB,6.28296846872588
4APD,6.944883917363352
8T4M,5.610080233282237
5NMM,6.049386520156489
1WOK,5.6132036313684885
5L2Y,6.721418312178843
5WUK,6.2417702846557575
3M4H,4.9465446031849165
6X83,5.9098630152897185
1EVR,3.352570313213943
6QZR,6.651278004731979
7VNQ,6.1739881276501265
7QJU,5.761548384179308
1M49,7.236753761816217
3F66,7.168029897802019
1GIH,7.2530444555853135
7CBX,8.156868545427425
5QIX,6.521775207281024
7P3B,4.509509449782719
7FV1,7.758594636216474
5IZQ,6.775082182930283
8JTT,6.458276921460267
7VNR,5.944344799980044
6KXY,6.605831970962871
1T65,5.75665514968119
5HM0,6.778021606964326
6TR5,5.811640616108671
1KTS,7.211278628181429
4QFZ,6.570010267922569
2QZO,6.063736626510305
6T2D,7.039904134400389
6SNW,6.408102458224611
2JG4,6.67240819300474
6H22,6.014513675531822
7AAZ,8.166378960282096
5Q0J,7.38323560984394
4FSM,7.919370439807207
4ODE,7.291678570590568
7EM5,5.234780019274707
5DRM,5.605915976676473
8U2E,7.0262973705939675
8OKU,6.717317146311928
5IA3,7.262228370387893
7AVX,8.093645119752352
8J61,7.434461082804735
6TW2,6.901679111033321
5S80,7.545064271251473
5KR9,5.625390068979865
7M0K,7.592294722133498
7EZF,5.289383809217802
5Z8Z,6.325627668925214
5UC4,6.286633007707834
5DDB,6.460855372955987
4RBL,5.98170898505538
6DHC,6.5143438971913685
4ZN7,5.838425334984182
4MGD,4.418481201126689
6LG8,5.909387805161381
7M45,3.8152649952997937
8P77,6.5417290420700915
3CGF,6.8723383224837935
3Q4T,6.697862855036302
7A2H,5.166885054508417
6TI8,7.1778036061072115
7G87,6.527342742908432
7R9T,7.622296284977631
5KOT,6.810002393672186
5SCJ,4.507079257609869
5IA0,7.709208376288946
4OAS,5.99717384183734
4U43,5.8809119128243665
4BAO,6.548476942931735
9L3T,5.669810954092444
5GTY,8.113191068333284
1ND5,6.963827591036125
4JV9,5.785424110123259
7MIG,7.871774206234827
8P70,6.371324480374119
5TYV,5.613581228443161
8DZQ,6.046153816340383
3O64,7.753617530418538
6YLL,6.595545873552452
8A9G,6.019485375175224
5UU1,8.506110089345702
4XXS,6.513936688930079
3V9T,7.029074180236013
4XUC,5.655049803397125
2CDZ,6.928890752275987
9CHX,6.354333865431175
6O8C,7.742954276769114
7VFU,6.971020308513569
3DDQ,6.39830379028083
6S1B,6.982348754324563
3L1B,7.188375675777242
8CQL,7.192673932675116
2BAK,7.163038096521541
6I3S,6.142541778829698
5RK6,6.662048595414969
7LTT,6.5880170879615365
4LWE,6.832373407271776
3X0A,5.02142206414857
7UL3,6.000771673367738
5JWL,7.146496668431021
8Q6G,6.763410176087871
8DUB,6.153418186807074
6YXI,6.532152705625454
6MWR,5.659276102806218
8RBC,6.8569933492219075
5LS1,6.739237795499475
3DZY,5.737559221546635
6YEA,5.070836612729844
7U8V,5.772299674733607
3EAX,5.825552197594743
6X3Y,6.245089219718367
5KRC,5.840801451495282
7L9A,7.733201038074893
4FCR,7.410006929577219
6XD3,6.977410074196325
5Q0R,7.80692961737836
4GZM,4.758981954998813
6PNX,5.061771806382333
4ZWE,4.325563123432252
5L30,6.831743797783303
1YXX,5.9500389915309295
7QK4,6.314564516370957
8J5W,6.537180182487171
5RJU,6.688563871411424
3G6Z,6.929843679570846
8GMD,6.175137616369536
4UYA,5.838920727032813
6JX0,8.003802394758274
7KVZ,5.0425300394762065
3BEG,5.260481324621048
8VO4,6.363784542153902
9BCV,4.8679411546332805
5FQV,5.8084392857675615
2WTV,7.954320816432057
8C13,6.530329656483241
1LQ8,6.22865107441265
8QHQ,6.138821771793237
5ED1,5.061182067661349
5TLG,5.569744465819994
6QY9,7.826093183049749
5DEU,4.747609400775114
1AWF,7.718538548264732
4ANS,7.308413567185499
4XBM,5.814336357904453
2Q8S,6.044377988540771
3QGY,8.07761740529565
7AW0,7.431506638639865
8CSG,5.379831601468305
3QTF,6.7111889872641655
5KHM,7.299954805877609
7HBL,4.39401901276609
5S7Q,7.381976275403467
6FRF,6.611501134978165
3C0G,4.729381027097261
6I29,6.963659554451832
7KTB,5.440860073327601
7T4V,6.722373240026651
7MDP,6.461269850874999
6VQM,7.816768893861047
8PO1,6.556951485688784
5ZYJ,6.893775600820874
4YKT,6.301523844392673
6TEZ,5.419337084706888
7M05,6.881917892947856
6N0Q,7.9283952341565955
8TSA,7.035972419917382
8XB1,7.0442671301286355
4OD9,6.889776004059898
5QIF,6.646948347320025
4EGI,5.1052209085415
6K3E,5.505112036754852
8J3W,6.202387000409106
6VF2,5.663201976910358
7UL2,6.451889660751039
3HY8,6.115236425414829
5WTC,6.260979489013177
3UUC,4.470231390058948
8B34,5.691132502157117
3QT0,7.443329591842749
3L4V,5.893084992867534
7GTF,4.4600633832514704
3TKM,7.417089338664354
3QCH,6.649087308217263
5DZH,5.180961115723826
3QQU,7.14775980977087
8EWV,7.025357374644454
7T2X,7.000836059516605
5Q19,6.565821908249867
5TTO,7.587433536892175
7OVI,7.709234546179799
4EK5,7.728444938970278
9NC2,7.987718736712934
6CZN,4.810982333867458
2FIR,5.747495507847916
2VWZ,7.508271969347856
4SKN,5.179437418294384
6S8X,6.918571223242747
4UBA,5.581775486171478
6RL6,5.470307598276905
5HIE,8.306898997835903
1GI7,5.765531063477077
6AFI,5.7021721954757
7NM9,4.701147973270361
7X0T,6.152652396236328
5QDQ,3.8441918960643022
6A1G,6.683638649027214
5ZYG,6.388833618221993
6WK0,4.754235339850867
2QXM,6.15975028520715
5OOR,7.501581099414942
4NR6,6.42011523908154
7R04,4.663077289991331
4KSY,5.648691353320863
8P4Z,6.432526845964337
5YCN,7.40936471065418
3RML,7.268151651286762
6PCW,6.3420336104405095
9D5J,4.792825239232065
3C27,6.696395612301315
5FEQ,6.950265368091915
7N9G,6.954626895626721
6FIT,5.551359188276179
5PAT,6.304722527741097
4OKT,6.501638059984827
5UVU,6.438696899302916
5UG9,7.829216107313812
7MXC,5.268998980282129
7BDT,6.189682005241843
7D42,7.668564374215052
4FM7,6.9613653833987374
5ULW,5.697500571452806
4DCH,6.134113302090401
6CHW,7.185032506182034
4FKG,7.179389922710946
9JDG,7.17219088571193
4C52,6.5509217440915215
7T0P,6.482660096633687
3ZEW,7.899185518771096
4Y16,5.632168375024634
5S9C,7.4418027192843725
5TQF,6.518462912277583
2G1R,6.763214001776304
7ORT,5.400346354534218
7HB7,6.397247561680456
4OAV,6.185620638636026
5ENJ,6.815621106225644
6V8B,6.836891780874503
5YQZ,6.521266519688472
5QIY,6.207662628616753
5WNG,7.337758405538939
4YK0,6.157589280347703
4Q50,6.5694659658486785
1G1Q,6.101317460758943
8FXE,6.296422223385959
7EFJ,4.873043975425852
3NUP,7.060291447506161
8R58,6.163736299243009
1WUU,4.393450901901286
7Z77,8.067566280936033
8JVI,6.05654916193752
7K6N,7.576391611974989
7LW1,7.5062823380561
3GHT,5.230275355477894
1XQC,7.300996703013672
4QFX,6.36321906613205
5AOM,6.702022024175592
6XDS,6.836412782505867
8EXL,8.14888570151037
3OSA,5.976230405941542
1GZZ,6.703277251370502
7Y7Y,5.19295993859759
8CYI,7.598796336214128
2ZM3,7.4424199707394445
8CD0,4.900428811267082
7UP4,4.603687632635968
5CP9,7.301542741331501
3NC2,4.25680139930698
5NU3,6.7979737083898035
8WF6,5.9339841001524025
5RJT,7.413851746305492
4JVR,5.63664827396969
7AAB,6.257044088362815
2X4F,7.186219023398634
5OD7,7.663939397620452
6YWB,4.89810975691843
7REC,5.738172048353535
6CYG,6.015544566979438
1D8E,6.798391888542522
8B4W,5.394611362051789
7N7N,7.694375540800625
7YNL,5.767421017032498
6D0F,4.879218021697538
6HEV,7.8084724924331255
7SCE,6.929939795287825
6V80,5.985957193829033
6T2F,7.050870728868676
1HE2,4.734991924926633
7F29,6.242301662669658
9BLH,7.004612251177301
4IVW,6.4248047847935315
5J7G,6.82594246376891
4J51,6.091164049048725
8PQI,6.516978372350895
5TMM,5.596177419555817
5LR1,6.73925609556798
9EK7,6.721936865441
5UBR,7.607020645403267
7R9Z,5.5536545287157715
5NDD,6.470228605693579
5ZYH,6.73954170706898
5MQE,6.760287504601353
8STH,6.60413525651414
6RJQ,5.769519241886566
3C3A,5.33256616570312
7X3L,6.032427274016599
9CGA,5.24054267695595
6FVG,5.601625840035285
5EYM,8.391431242600936
3F1Q,6.775871084448302
8IRT,6.187796014907141
5MO6,5.448891268173941
4QSB,4.467034178783944
5S9G,7.3747526381950745
1HE3,5.264045669845106
2QLU,4.836472781875423
4AQD,6.43009916292572
7FSO,6.744112935937115
7EL4,7.505012489805817
5N4U,7.604431914335573
1S2A,6.110505929084656
4UZL,6.181299956517003
5DVV,4.640077047397659
8DUH,6.023571909303064
7M5L,7.295848993404301
4MDD,7.75135674013874
8GLI,6.757981396237863
7F7W,7.5057285802140665
2P4I,7.879519428525184
7Z4V,7.0309572937822535
6N7B,8.293535493459965
7M18,6.588453973278098
7WX2,6.323933356518681
4AYX,4.701446501215036
5NOT,3.8259245531564043
2FAP,6.725150216540379
7R9P,7.795928811795793
7BGC,6.006737089182002
5KAE,7.926339386862578
6HDR,6.525143052597101
9FRE,4.736575236712677
7CIL,7.629268968271322
5KTU,6.460450371746453
6A60,6.64838776372087
6UF0,5.730944583051561
9FS4,5.240879313934148
4NFN,6.68883650234107
3UUD,6.5237074032598175
3OFM,6.333542174364039
2L85,5.263557715323
3GV7,5.300231620757265
1RY8,5.786160685365057
8FP3,5.818329389120503
6T7Q,6.907040951818548
7DUA,7.814764076610615
7Q8V,5.608746168683929
1ZGY,6.827088439055924
5W9D,6.42750516012194
4GZ6,6.785757558449065
7EJA,6.349311976209811
7UKW,5.9251149994733465
5LPK,6.587313137205906
5RJQ,4.779644227047196
6OOY,6.296024815195386
4NA9,6.273842741360048
1UOM,7.434739072287339
6DHA,6.943629370043668
5ZXI,7.333909608314143
6YID,6.77397936682564
1LHC,7.2836605631192475
6PCK,5.283654553791743
6Z59,7.636342310775589
7T4T,6.55060310871949
6WW8,6.893456800664614
8PAS,6.253727385561001
5DXK,5.523136055919699
8C1G,6.163769679525963
6TLW,5.173079823069463
5D3F,6.0433224819725355
4YKZ,5.292452382921919
5ANE,5.709575678116389
8HUP,6.7908850422132865
6A5Y,7.070638691055304
5A7C,6.327946178769038
7QGP,7.606099601278164
3IW6,6.767432002608067
6AAR,5.875543689575025
5DMC,4.927931435668148
3U3O,4.918981454789501
4GFG,8.175337291122359
7FVH,6.988066708915848
2V7O,6.018149197865249
6EJ3,6.968041176911065
5QFK,6.356520357631241
2OHF,4.216559691247852
2CNI,7.008395869093544
8AEU,5.403815668949986
1SJ0,5.406591304297722
6SYW,5.722168848484438
5CEQ,7.541866595097093
8SO2,4.775479683702473
6YG5,7.052242389394169
4ZHX,7.373585352350963
4TWO,7.5423134160017655
4B8W,4.718690286463769
4AAA,7.0898111399128485
6DNK,6.204321973932861
5RKM,5.954607395097965
7FTD,6.267168579612374
6NTM,5.927120852253105
5UFW,5.927782013670648
8V79,6.793809868369121
5TE1,4.472730515102384
3INW,6.662179241760502
7YNF,6.569295677172278
3BGZ,6.123901261886125
7Y0A,6.024604189125268
4AOJ,7.213521879406644
7M0A,5.423483331757184
7AK2,7.469564481780808
7FT5,5.636566470218676
4PXM,6.606444355632196
3OD0,5.91766186399694
4TO3,5.627914326060206
6LN5,6.115230775580648
7X6I,6.213944572479186
3FLI,7.454966756677438
6NUQ,7.452909322193951
2YKJ,7.609487924469558
2LP8,6.637175713073411
7OY6,6.939666318719366
8X8Z,6.831406050586576
7WGQ,5.969861323170602
6TE2,6.542514553369614
4L7S,8.159450461507058
8P6V,6.6859162072500204
4LXK,6.297736033167921
2E3R,6.818886979017408
5S92,6.349744159731377
4E4K,5.848712547205817
5Q0U,7.30250322326583
6CIS,8.301800752804597
7DHC,8.162637607492005
4US2,6.512200955795189
6Q3F,4.61092851767034
6UWV,6.510125873902671
1P4F,6.017594399635643
6V2E,6.352789248190323
6GVF,7.521539697326692
8G8O,6.7701758485019505
5KMB,5.940341527868352
5QIC,6.6391627692066555
9BGH,6.740297134411097
6PJJ,6.802993471903923
4QPL,5.08855198957015
8AXZ,4.943959586560892
7GS7,7.639958013715285
5J1X,5.55194717477615
2XVD,7.712900327183595
8HDP,4.895361630353016
7FH2,5.741939440844026
2XE7,5.202949656477277
2EVA,6.222171345659932
4FZF,6.891090822882053
6AFL,5.7274192937344965
2VJ7,7.454086870950555
7B87,6.1135386872728645
7MFC,7.3707512615641715
9CJ4,8.479214380157508
2PIU,5.706237240757402
3MQL,7.095603915410732
8XV9,5.736087471267231
4B0O,5.955351543142566
7BCM,7.589258157570613
7SSM,7.107769935129712
1G32,6.426935937925614
7M2O,6.324308675169751
7W9M,5.139982510420708
5BNW,6.448767536049452
2WAL,6.058348336995078
4MGY,7.358486776692233
7KSK,7.204577717237323
7B35,7.843647049216862
8ARX,6.187711941003454
4YJP,7.293024776882081
3U3K,4.805482522740486
3V4A,6.8858025078675
4QOC,6.72819279657563
4XUS,6.441923917699426
9DUQ,4.983158107448858
8T1B,7.426632524764847
5USS,4.144785257118449
8C44,6.442205414581108
8R9U,7.1013474772807035
3SXS,7.144581637212969
1JVQ,5.464723986638276
5FE0,6.372081792577163
8FKO,5.954062161184501
6RA5,7.009129346428203
6FNK,6.352376315577573
5Q0N,7.971799989929394
5RKS,5.126473049632912
5J6N,6.303686567634056
7G86,6.248074032232492
7Z5N,7.075039324046357
5SWP,7.4227383008663335
7JYT,4.545597114355834
6I6R,5.651900211161902
3KMG,7.4732169648717175
3ONC,5.2028472591247
8AAI,5.035558064433757
7OPG,6.517984836728004
6DLZ,5.429358883236783
7RN6,7.612211781603982
3R7M,6.162565797695222
4QIN,6.267992812548805
9CFI,5.230021032159451
8UTB,6.15561309706035
8P04,7.918309053486975
5XR9,6.651404562656199
5P9M,8.126010684037215
3FEP,4.935627209571081
5VD2,6.6888098901537685
7BA7,5.25799385978066
5TMV,6.591720271179126
3VJH,7.029273914372781
6GWE,6.327110613423735
3ORX,5.562860996823172
5KRI,6.300379090910941
8UWL,6.352735235160226
7NXJ,7.682178729995162
7RS3,6.665602352678643
7NA4,5.946865787260765
5ZJW,7.891028452524511
7KXQ,8.58669684628341
5GRN,7.353203003663863
8B3N,5.636767229367993
2VWY,7.554163122774658
6VIW,7.365051112341337
1G3M,5.1762060165349855
2G0H,6.663756920309189
4EFT,5.2972034386747655
2B1Z,5.865378498133825
7BPY,5.058669137750004
7Q9O,3.7217004051989235
7ZVU,6.68825679456315
4AGQ,7.149948518675262
2RFN,8.053573086760544
7ZU1,5.706237240757402
5TLP,6.184938888911722
6D9H,4.764627238545325
4OVV,5.7216788263379765
5KCC,5.712850843895093
8EQ5,5.967491187134304
8S0E,5.205424244085083
8AHI,5.983642084183775
5RKD,6.159916841305601
3ADU,4.928402149189432
6S26,5.456983229099802
5VD9,8.312770488313003
7ZVK,6.959203353324505
4TNP,5.619978328721857
3Q3T,6.433456156567277
2B1V,6.180929837044497
4ZP5,7.441510011124067
3OSI,5.477976078053752
2G0G,6.84133536399354
8DEG,6.842090919096487
6DM1,5.429358883236783
2J7Y,5.727730305775263
6L16,6.519585004575389
7FXZ,7.563060518958151
4GBP,6.480154563596232
6Z4B,7.2628157356161065
8P6Y,5.3961961610963405
4IG7,5.944582037256915
3D7T,8.142222251350084
5O12,7.557690229434513
2BBW,5.8199406603120964
1QFK,6.22865107441265
5T21,6.896358583008659
5JIZ,7.4044476458355595
8HID,6.74021542249051
4LQM,7.232820571326516
1YC4,5.720156114174534
5A00,6.281737007844266
2ZMD,6.565005477557775
7G8Y,5.337674094653505
6TLL,5.673121000828993
4N4W,5.62581238112812
6IGK,6.570829237804288
7CJA,8.58355407119638
9FL8,6.033312168335943
1ZEO,6.241727735693863
7JXI,7.489442340738509
5Q0Y,7.1383300302061565
6R7S,6.969970657852309
4AKJ,3.0114041168957195
8R9S,6.140177689985181
5W4X,6.582149260140269
8FXN,6.655216072339685
5DS3,6.567446081134703
8DJE,7.909024165810144
6NKP,6.180759660703491
5VJA,7.107241651177194
4KKH,7.8344856676634
7WSM,7.402258698647937
5ICN,5.673084266283142
8P6W,6.5661964329800755
6CHZ,6.8031992190008905
2OO8,7.88641465400547
3SGP,5.9795882886945995
6CQV,6.602686728078791
4FKW,7.5109241877196675
1YC1,5.938632258410492
7MII,8.376965109023805
4FAL,6.179030577505592
5MKX,6.355543230900045
3E7C,6.275850043551824
6LTI,6.655369381169137
3CTH,7.316462394023925
1NXK,7.512000586477506
5LBZ,6.653303049813893
7ER6,5.512490189508853
2IZR,6.774233734614179
5WZX,6.5962896262967545
5XR5,7.041928244523043
2G5O,6.5937057923547755
3GJW,5.845493767125131
9EVJ,5.358626249550738
5HMK,7.267051876899968
9DME,4.306391224937455
6QY8,6.095238395857881
7C7H,6.240740480340936
8CTG,6.285349110510922
5MJT,6.60160651843698
4QDV,6.333653134312125
3OLF,8.276853509961052
5Q17,7.5716712917235105
7NNE,5.657161105299524
7YL2,6.854869223489759
5EHL,5.230934232445226
6CM2,4.620180526663887
3DBS,8.059172227832354
3T10,5.018219456476725
5DN2,6.5318483939071
7O1U,5.9543500200995405
6DGQ,6.6425066116718465
1I7I,5.857684590275721
8AGJ,7.0375933833196465
5DI7,6.260375451075117
5FQP,5.898194200593561
2A1T,5.737879699663432
5J6A,6.9822644888826435
1UYI,6.547419706764115
4PFC,6.992104808191319
6NRH,6.244314728552689
5J20,6.9070008721053915
4JPG,4.511935049123968
4F7N,6.150464146840954
6XRN,8.242123293466456
6EO7,5.354624492220292
4M5S,6.246521292252996
7FSH,6.420591860099173
3HCR,6.124418861912981
2Z9Z,7.109172168860367
6ZUX,7.027135475212407
6Z8V,5.678238512406738
3EGK,6.816946232252418
5FE3,5.916760835638728
5A1P,5.733688591268422
5EIT,5.427755325368797
8AV4,5.880095793433398
6RWU,5.9236705078523855
4MRM,5.104890288554314
3OOF,8.227708101128483
7B3V,7.042160661530789
5HQ5,7.04638583774482
4BUZ,6.223852875892624
6K0J,6.669878374175436
7A4R,5.309730200690525
8BM2,6.317851792716421
4FPA,6.915601606588057
6F0X,6.040842214600612
5NYI,6.485318606312902
4PF9,6.940357945851518
6W7G,6.446153785401377
6NQ0,6.389873793134468
7BDH,7.546684796172562
4EY5,6.602686728078791
7FWE,6.1861975204481725
2BVR,6.231206048190502
6VF6,5.4987901646804005
6PJX,5.864420346949368
5AFG,7.589540521768356
6FFG,7.202767405845504
4OK1,5.919478061624711
5DB2,6.0357211211549755
2WH5,7.501977225010453
8FUP,6.964858550036948
5N84,7.438782037334193
4PZT,5.345842556929178
7UJF,6.7747188343786995
7JQG,6.513551510127859
7FY6,6.675543673858867
4NH8,7.3813679844815905
5HZC,5.573331432658469
3TY0,7.331840838530985
6TEW,7.21265449100449
6RSD,7.751031912779804
6DUV,7.2637058950335645
4X8V,7.552533166862794
5S7A,7.447224245970879
7RLC,5.1673200031527005
7RLH,4.97967537666927
7XH6,7.959714090842741
5TMK,6.76720931730598
7DHH,7.88671568140002
7P2L,7.037354181482237
6F82,5.865324354700019
7ERK,5.82979531883326
8WZH,4.537190744024419
2UVX,4.771332110317395
9B83,5.145732473001287
5KD9,5.546937515730051
8JP1,6.17097778468033
3FXV,7.684774792769859
1YSG,5.0651138552394475
5M8M,6.016839365833442
7G8U,6.480991544370021
4FT0,7.667517262915357
4O7F,8.023065789397005
2R2M,6.517357894182101
7ERD,4.863182594347702
6GXK,6.059997399560471
7CMB,6.313640954959878
2FWY,7.08115646616217
7CMW,5.857006378568374
1YPK,6.835838719641271
2Z7Q,5.283411546438129
3NR9,6.896787820841403
6Y6N,7.2369225456621615
3J9F,6.560142178590547
8P08,6.343802638860325
6JMD,6.693244499198723
6Q3W,5.18272183578617
8JFK,6.752712725587994
5S8D,5.804124402781717
2E3Q,6.785444477517315
7B4B,4.6156088052017585
8JF1,4.651506639417618
3RHX,6.3684778988063835
6M92,5.739365273930052
7FSJ,7.193701297527646
7L9L,7.389904986516028
6A93,7.232133744835512
8P01,6.508712050631535
3TH2,5.37194979094384
5W8K,5.509331735273132
4L96,6.35418744971687
3HA8,7.2580277349918365
2VX0,7.335482617565105
5H17,5.4402725360930395
5UAD,7.155248004851492
7QPN,6.818573950679319
6VGG,6.521818113792513
4QO4,6.7948011773011086
7G0V,5.981766510563231
8V6Z,5.872422188038376
4ID7,7.164160077863613
7FVG,7.1249315402069735
6YVM,4.702816780401363
7FUW,7.458545650664377
6FYO,7.700980128966467
2WQO,6.872456258872989
3L4T,6.139861114652936
5WRQ,7.07997118012329
1XP6,6.148623492267381
5S99,4.942768390195892
5A1G,4.835028781259886
7FSN,6.285266433161867
3P2B,6.253579824233237
9AUC,7.4230626252949286
7DDZ,6.488672502530737
6X28,7.661951069204144
4NR4,7.365119248234194
7AJ2,5.7118321951244155
6JOI,6.952113166291149
6JUT,7.773614741808393
8Q1Z,6.094810218338814
7G94,6.461178606675753
7FSX,6.405219354034926
5I1Q,5.996307930328503
5AJZ,4.763398964120661
5Q0Z,6.798998074229691
5AJQ,8.620881260540635
2FL5,5.456397069677401
7FZ1,6.845645282077355
7FVM,7.661975987865057
5ENN,7.194488773965118
2YEK,7.448464949431026
2FEQ,7.82867674555624
2ATH,6.909114697128561
8XU4,6.079374487804149
2XZO,5.417755045360233
3HM1,6.624402514035119
6YVO,4.702816780401363
7U36,6.580740376061677
5VCY,8.346415636624023
7RUY,6.5286039306870745
7VRI,4.630852142045325
3VN2,7.970644540237771
6FIO,7.544517213170984
6Z2J,6.035797908334883
2WIL,5.414439138362369
6R3S,7.431603069926472
7FV5,7.484349816354633
4JS8,7.492029162543536
8ZLO,5.2217630666583705
5LN2,7.034645231227038
7LEM,7.247657392471667
8B4V,4.107228100682298
4NO7,6.925770375010758
1DGG,5.305102092186299
4DM8,6.275659922921478
6FFI,6.900322209723026
6VJD,7.206307700198998
1OSF,6.997092349628211
5RJM,5.247712077840155
1GIJ,7.89039002551236
8PT3,5.268184086892561
5WRI,5.521563306789168
3IDH,6.903973444177499
5DUE,6.437932911500971
7YAH,5.338907886889006
7KSI,7.853232678275884
7KFN,5.090845753991749
7NIG,6.190803262768727
8C3R,5.013894367398216
7BIQ,6.523096420369069
7FV9,6.836680861325112
5SY3,6.526369200877476
4TTB,6.200521160859953
7A1Z,5.308048290308707
3UFL,6.224883283306617
5CU0,5.274629753319445
4CWO,6.060693721454439
4MG9,5.7218442329529395
3H3T,7.622643369916333
7EPB,5.406868412408049
6SNY,6.826099955920083
6T6B,6.955687543263713
7A5B,7.041559012947032
1LD8,5.619840337644483
6AY5,6.977425573268838
7SFO,7.61298178371634
6TNB,8.091264092308581
6V5N,7.892661921224498
7TYX,6.35545503894598
2VV4,6.837296066971699
6W1D,6.4205992790848
1AHT,3.9039183561596036
7MIF,7.491647414283299
8CQE,7.088985155290482
3GUB,7.391817267594837
6UL0,6.56261173091824
3A61,7.49321260104057
4EY7,6.519180189708503
2QL6,4.861185601653697
6AAM,8.707842928727214
8UCB,7.266553990252777
3EQP,7.665087254112185
1TF0,6.509208680068981
6UKZ,7.427228985311858
7K2U,6.626857211202287
7URF,7.010463524327098
4KLN,4.738395024901849
3LDP,6.258604640580913
6EQP,5.9019766867568775
3DEK,5.809669178009453
4F6W,6.474563030835425
5ZYI,6.860664501753705
4XUH,7.288437705675944
8T1D,7.163963661228643
3UQW,7.232867370503186
5UY6,6.944298001280033
7SIN,6.595838260221592
8TU3,6.76932415253065
5KKN,7.072637540194384
7EM1,5.1083819881324155
7NPG,4.701040583210147
8HV2,6.321036755300206
1IHI,5.792734204191494
2M9R,6.612558355182215
2I4P,6.326115690224348
7EHY,7.569898380113355
7QDN,4.274548797600439
6LTK,7.435711368213591
7EVY,7.114409647076813
6YOV,6.585976640490852
4AGU,7.457446226499418
5MAI,7.888964932953921
6Y4Q,7.53579167745973
1DVS,3.8002165412539104
7F1Z,5.068773471505427
6VNE,7.612358346922285
6CWA,4.477349308488597
8G2E,6.218088282949621
7LF9,5.889755327440432
3HMO,7.909420644209297
7Z5W,7.405978784047966
8GVJ,7.130683855537022
7XIJ,6.84194952868667
2IZU,7.250501398898286
1DVA,5.098202697639731
6X3U,7.754699324431661
4PUW,7.932672761934491
8BJU,6.2385210079840805
5JUY,4.725832234357593
7DJO,8.041005402928521
6NRJ,5.757873031369503
6JLR,5.593943694660319
3KJN,7.20750800363869
7KT7,5.876238883677972
5EBZ,6.8618635573798805
4F9Y,6.725026012924453
5XDO,5.990099194885012
8QSE,6.140093994197507
3APD,7.5022583424317375
5VD0,7.395609208210337
6TN9,7.832960467103015
6PAY,5.137986260085884
3NTP,6.942394558481341
7CP4,6.926875390649214
7R7R,7.8927558578712596
8FCB,5.56585821292124
1C1U,5.591638648350828
4PWL,5.3146300557664965
9C55,6.329583991080053
1XJ7,5.718102557197298
7G8N,6.975375785715836
5JCO,3.5080282099002917
6A5Z,7.786508834581573
4RH7,5.468522774343349
2VX1,7.086585023536819
5SAW,7.1547455764153955
8BQ4,5.923370123865298
5MPK,6.549137551649593
5I3X,7.1197432289290274
5ISO,7.230174042610863
6S75,6.339658513923381
5DWJ,5.717216543820246
4WMU,6.405982066213455
5AA9,9.321067074296415
2QZK,8.111427147868334
3QGW,7.578174542757091
6D20,7.673551526226319
8C0C,5.969694979881208
6TN8,7.330114507205658
5FXQ,7.662180537702152
6VKO,6.237180391269319
4CMO,7.246578278163734
5RJO,5.576623651434511
5LAX,5.313288158467829
6Q4G,7.029022665018113
3UU7,5.627437091212513
4BZB,4.701693762526893
5L2S,7.441252939619585
3GCS,6.976051575004831
6JF0,8.023043851305617
2XMY,6.669996519579352
7SUG,7.353877885192141
8UUD,5.6647832309450985
2CLQ,7.817483388763737
3B1M,7.201503209652334
3KVL,6.678336848702955
5FBQ,7.275555326422027
4EUU,7.883067175924687
7AJY,7.808374232721637
7CP3,7.024340777978615
2JH5,7.052559490067978
3BFX,5.006969454491109
6HK6,6.333667571826159
3RGF,7.202948368106494
1FKJ,6.46883685807186
6ZRD,7.282632090840568
1Y8Y,6.342757681424168
6BKU,7.521151376820673
5XFJ,7.240705732161633
1X98,5.681033901405707
5K75,7.296555504630732
3QIC,6.7104773560910695
3HG5,6.108022893693185
4NEJ,4.592061178450732
2A98,6.535860978026405
8HNN,6.5164476651604195
3H0V,7.439852256961121
9BRE,6.539712873502515
9ET2,6.4270168512391574
4CRS,5.018861065833976
5O9H,6.9430271683779266
7K1F,6.97439231058616
8FY1,5.736513623465304
5CEP,7.369604585351542
6ZZ1,5.145494270993192
7JHD,6.671834544633459
4CWS,7.645087509999938
8UBW,6.29670022809532
5TOL,7.329999184743952
7Z61,8.253753339075162
5KZ0,7.926041923461122
3SHE,7.864976491458776
6KZD,7.940159910477877
6CJE,6.856002718216975
7G8O,4.96328707827411
7YL1,6.40814963788853
8FKF,6.741885898059174
1B0F,5.752142761963562
3WQ9,7.50854962750075
3DCU,7.119424396965967
2Y1Y,6.232518580653211
4XO6,6.052380851000876
6Z57,6.583032003373768
7VCU,4.621890991910873
2R3M,8.28870513478213
5AK0,5.342379393243865
8BXS,6.655310659692648
7E5F,6.445186244324991
8ADM,5.449511420505639
8BZD,6.338249898284036
8PTX,5.955811060227771
5DZ0,5.295109110805317
8BW4,8.071868472056755
6FD4,5.420055386227794
6FMK,6.273575403846723
8FKD,6.919495772988756
3LMP,7.127515747123176
8S0C,5.657916513891479
7TVA,7.457910061551322
8UBY,6.144911410230916
7VCT,4.765450922558791
3G6X,5.546485313438847
6VQL,8.563395152886521
8RCE,6.344460347432179
6FNB,4.494562767812857
3MNR,7.851353832348091
6N3N,7.343181305572227
2WF3,7.779443201789548
4G1W,7.143667691411948
8PUY,5.899760357313517
5BT3,6.3236023176990415
4IV4,6.168288923116234
7Y28,6.55381123048674
3TX7,5.874981332483661
8W42,3.777511150287289
8PQL,6.0619788343788565
7ERC,4.611646751855328
8IO0,4.297725326199281
5TLT,5.85956288121853
7AW2,7.338332130082667
3IN3,6.8618800487341645
8SS3,4.794518223064328
2H9T,8.092261346345538
8V6X,6.229334924033606
5N4X,4.434662180179069
3H67,6.79094666916163
5DK9,5.90329114100479
5LO6,6.535304130303675
5MAG,7.904054897979552
7NZN,8.460447969899509
2YJC,7.853049705531269
2Q11,5.735014142239268
8X2L,5.526528985377658
4USF,7.754436731639171
4O7A,6.360996109746364
4RC3,5.590326858319511
9BPY,5.577744732814138
3HCO,6.221451894367203
4ZXY,6.533100552173592
1W2K,6.2231126065713
7AM9,4.7608691312385725
6B99,6.527882124111697
8T45,5.197180816416736
7R7K,8.387757908068508
7TVB,7.515004827120829
5FA6,5.944741511397983
5T4F,6.619351994129921
4D2M,6.119760662176109
6BHV,5.497142703765393
5IGL,6.992607085339198
5VD8,8.423886967245453
5S8L,6.890251764234497
6UYA,7.607554623461892
5TNB,6.08865557736962
1W0Y,7.2986520918487745
6XXJ,5.80981823885627
7K7O,9.160221800359515
4EQ1,6.683996375869834
6OP0,7.698794790988355
7G0P,5.942493978254236
5HF9,6.602686728078791
8RBB,6.342131590422591
8EV2,5.576356230683986
4OKW,6.004054036861246
3ET1,5.357418411641833
3HZ5,6.747770513302289
9B4L,6.30376423802027
4I5C,6.745583318715503
5S8N,7.008577378187111
6SQM,7.7339279436152575
5U46,7.049402745493978
8C1Y,6.328165968465231
3P70,4.367286942462257
7VWG,7.122679377167076
5S7L,7.330772386793922
5LAV,5.932174615801928
4DQM,5.950259604983093
1OZ1,7.2182113210104815
4QXP,6.2705060175834
5AV3,5.112715858531396
7E2G,6.346026666665698
7NMW,4.153559696632968
4TNX,5.2307124187019145
5ICK,6.926742711553334
2WA3,5.206117390237469
5RK7,6.718413076578647
5F5Z,7.790382318300254
3FLY,7.792837052930971
5VCZ,8.339414632643903
5U42,6.915948536029035
5S8G,7.366210282674852
5TN8,4.630460910611511
6LO2,5.6411809912000015
8P45,6.644047888683255
7RY1,5.7342893037405105
2QR9,6.14786395566886
8AGI,6.931689168409011
3SOC,7.6307378795031
2VSR,6.897056602457056
8DUS,6.069121098791776
8PQH,7.0787482487458675
8BYG,5.920740075762253
6IZN,8.024886533574438
6SIN,5.202767271412211
4U9A,8.142693259894983
2AH9,5.863203818672191
7BGR,6.7785960326776475
1XP9,5.7912904987406915
4Q6R,5.0316743558438475
8STE,6.149785738341669
7Y1G,7.500006814821543
4FC7,5.373391311421806
5AOL,5.6774701392988876
3EQR,7.347931690141261
5CA7,4.962354061319363
3VRJ,6.846366367008208
6EO9,7.076135760513122
7FV0,7.520138703870319
7UP8,4.664141930080976
4G55,5.866948704386214
7FHS,6.351151369612382
5TLU,6.5129605560651
6ELP,7.046651992829696
8PBO,7.226423074409095
6KAY,6.1645377074550884
6HR2,7.581688839006096
5DU5,5.166664798444581
3G9E,7.178631226878859
5KZ8,7.541417051354074
7RV0,6.220090987908483
6THX,7.864223272900801
3L4Z,6.288443294118101
3LBL,5.668881233021339
4FT5,7.860590766416967
9FFC,4.7043104892825225
2HWR,7.525400099887989
7VSG,6.993674009554247
4M15,5.644865827611982
5EMK,7.324065862127416
7K6M,7.886554352090185
2PIW,5.82470638810699
6QTG,7.689977521243786
4MG8,5.591957751446288
3VS2,7.820459797330204
5U6P,5.976778326693948
8R4Q,8.303122799364369
7OAJ,7.0581010569628635
3L4Y,6.336281569760519
5XFF,6.533237675879984
6QGJ,7.491567333881395
7G0Q,6.030760050092007
8GUA,7.486331987186354
6KTN,7.563485483688359
7G1L,6.252802348041753
5J82,6.669189302345699
7ZI0,5.980182517973833
6XBL,5.5589668907662935
8EDW,6.238182059542128
3OKH,6.08561724481332
6OSP,7.612652015101048
4OGT,6.671412717544649
6UQF,6.150003875539442
6CCF,7.235661911276594
5LJJ,7.274082904863664
8BZP,7.050673557253164
2VJ0,6.1395750640806455
9CHV,5.947048789028218
7ULJ,4.707379116884822
8G1F,5.155231475051437
5KMC,6.345567149350879
8ONE,5.128720262609764
4YT7,7.525976685407986
8TWY,6.85458899478299
3H3S,7.159302235674474
8QCD,5.713303322762266
1YPJ,6.478418160712667
3DDS,5.6024380915624725
2HWQ,7.4622685124469506
6MS7,5.245635030875464
9IOL,6.609844112720187
8F0J,6.86856013293577
6F08,6.486100754624696
5U5T,5.676142512682663
6FIQ,7.865889563637033
4L91,5.5760635375448695
3UUA,4.32748039799182
7AOA,6.390572937183342
6FQO,6.310759017330286
3C39,4.974571754912689
3HLL,7.5173926574577585
5ZQM,5.1981434793953385
3C5N,5.304930346750578
6SQ0,7.294621896459256
7FZP,6.179046628629263
7LGS,7.288436029144235
4PYP,6.535724441167981
4W8E,7.587786341880222
5RJL,4.525901610595436
8PPC,6.292006838788406
1QZU,5.508801754073457
3P7Z,6.903044068524067
6T41,5.727613310816732
5UEW,6.794459218728495
1W9Q,5.401485597645774
2NZL,6.932684919677402
4B0P,5.536915121506071
4K7A,5.890959951433766
7RS8,7.275763410861668
3UP2,7.275298375839741
1R5K,5.494448113077089
4PMS,7.753355733790701
5RKG,5.593626598894595
4WGI,6.405982066213455
5SAY,6.238094607870065
3W16,7.361622543681181
4JGD,6.710459175855609
7PW7,6.361229348568395
7BEP,5.591770162781928
1PY2,7.195442505027639
7FUV,7.408625290421894
9F7X,4.703342839110766
2IWI,6.397920808088588
8V8I,5.632184388077301
8T50,6.405605624412039
5SB1,7.51901581262834
9B0U,5.884616416778546
7LEL,6.197348704730021
1GWX,6.996779060645668
4AFQ,6.913555513658282
8R4O,6.804758380272747
8X7O,6.767318265224657
7N3U,7.817263428454585
5Q0T,7.0996987463669985
8EFG,4.603032684362491
5I73,7.155991880733161
4OQ3,6.660899391639317
2POB,8.00817682188244
3FSF,7.0789253896338735
1FFM,5.737821521052472
3QE2,6.508013330953512
5CRM,6.356636660347187
6FQU,6.134928692480596
7D73,5.878692221806397
2FO0,7.429221811753386
5FE1,6.82842060749333
4R06,6.612729462315812
3NSH,7.17515459736283
7G0T,6.416347297617672
3MJW,7.686845971821456
8D96,4.613765624620546
8X7G,6.538722705638322
7KP9,7.8823965671127025
6YIK,6.900365441222457
5DZ3,4.537393131091109
8C2Z,5.811801403827712
6VPF,5.285004532617876
7FWH,6.068471692734034
5QDP,5.824913013139652
5O3H,7.858318676689236
5DWR,10.796188439289855
4ZFI,5.641507803865025
6V8T,7.18813964016317
4TNQ,6.334331471914064
5WMA,5.860767020329665
7U77,5.398509399801849
6D09,6.021351356706457
8QJS,6.5732720314628725
7BIR,6.74490429197052
7SUF,7.353877885192141
5U5K,5.249252529017878
2F57,7.28471028386606
5KRH,6.1123311089332155
2R6Y,6.171292078079174
4NR5,6.98538775828813
8QXJ,4.993054864069072
7RR9,7.143281490964864
3VJI,7.053188254958645
2YJ2,8.117645729269098
6Z56,7.1075065726192985
3EIO,6.871299177944319
4QE8,6.80474718681882
4J7X,5.48580249223327
9LVX,6.3150168711414425
9EE8,4.882601606135789
4LWF,5.676202958146249
7RS0,6.664304420036116
6K42,6.192242201607512
5RJR,6.732268707851924
3RUL,6.22865107441265
5VXO,6.960404097048121
5Y9M,4.69200672926516
2XP5,6.533646161872871
4X4S,4.282305766728542
7NA1,6.117599638011836
7AAX,7.889424108603772
6U5L,7.297712103611516
7JIU,7.759867146945832
7VQG,7.280610291066141
7G98,6.348884275652034
6EZA,6.4401191381776535
8G0L,6.9449319916684145
7G9D,6.119577542497775
8OW2,6.692686552680187
7LD3,4.89474419092514
9FAW,6.92042703296142
5XRD,6.332502162636612
3L4X,6.4872299065016605
5TML,7.155472503651865
3SI8,5.87896680246981
4JQ3,7.721312848684147
7C05,6.147931087139543
6DM0,4.977784030620952
7OBT,6.489088539238799
2CHZ,7.278834584711281
3KW5,5.621815859451047
1TN6,5.843524308635064
7E7O,6.626951886711749
5WKI,6.3312782906167815
7RA0,6.147226255282085
1M4A,6.354488049133775
2Q5G,7.674448826201255
2C47,6.374903706937614
8TXZ,7.309687719907024
5IEY,7.168010376967389
8JVJ,7.200667434708279
5QF3,6.5856733750760394
2JFA,5.826219558713851
6MHD,7.711990632294208
3SP9,5.927985176998089
5Z58,6.224586121773702
4DMA,5.307088317043377
5RJN,6.008584754158207
4L6S,6.2396036398698485
3LZ3,4.967354776839958
5J0D,7.211667068104552
2I16,5.061047340826707
2HW7,8.088860974652805
6DFO,5.125585049683741
6YKY,6.997459920624918
6PT3,7.383863570343354
3KEH,6.412218923508327
3JY0,8.051425541022423
2VV0,6.689788482915483
4R3M,6.148794854790974
1E3G,6.617813557465366
2I7N,6.13066796888408
5EMN,5.840268240927099
4TWN,7.655167839663166
5UCJ,7.693436738705665
1XQ3,6.340479987305947
7G1H,7.095034922412504
5O5R,6.7066117607995395
7OVL,7.9983495709507135
7NTC,5.015521591372167
7G1K,6.7046102686795095
4RXP,4.684293425966318
6FH5,8.574563849044967
5TLO,6.2421837909400875
6S24,6.219137741288178
3TJP,7.544733185139678
5OMG,7.508255864482535
3K8S,7.979752915396532
5RKU,7.128687931612175
7LFN,5.674368789301383
7JNI,6.764870042693355
6MA5,6.7837626354343685
5BQQ,4.94909573431491
6X7U,5.169987032694166
5VWZ,6.845298464888565
5QQK,7.222216657404359
2XYH,4.934313913628427
7ZKL,4.274657816616611
4FKT,6.23215923807261
8TFA,4.775925388569932
2Z9Y,6.729254451642939
7EZP,5.97750006752316
5M4M,5.106449699102289
4Z07,6.222983437663298
6ZOR,7.8394118737233365
6T3B,7.77539605148018
6SQU,5.543446870849902
5KCW,5.515549503020135
7FRO,5.303308646357021
3AHR,6.968349237334398
2OMI,3.248698570222411
1R5L,6.191798684316217
7XNG,6.779868717114417
7G8C,6.417004716063694
2G44,6.538001614306065
6IGL,8.143194304268539
3EKO,5.075576972926001
3H52,6.813276982022472
6TES,5.512529321963773
2Q6R,6.925924496383961
5TM7,6.775602238499227
3OSW,5.835553689871663
4A9C,4.078561562903403
4FTI,8.089290641806945
6UEL,7.902339883839244
3GHR,5.052058476487113
5AIK,6.930719128668986
8TBT,4.395657752261666
4ERF,6.1156705664076645
3QFB,6.920635702994559
6LR9,6.872690976542141
5TWO,6.294133861501207
3F9M,6.915601606588057
3OXT,5.8084333613210415
7KVX,5.442432105910991
3WE8,5.905760523068102
5DBM,5.9669528775850535
5AQY,5.286902763597539
8YH2,5.028363199880289
6ETJ,5.053046064951195
8JN8,6.85396539021679
2YJ9,7.704418133426653
7DBJ,5.451857776226048
8XB3,6.537464175804957
5FE5,8.145985197035468
9FPX,6.192332264577567
5FE2,6.855935392286439
5N67,7.685206208853128
4O6L,7.3754129675854205
4QXO,5.8146213795046275
5GTR,6.979824685397556
7FX9,6.846718141024618
7W9P,6.066248326539358
7G8S,6.263957596799383
6SGH,6.063780368647881
8QNI,6.195446797424206
7ZI2,6.5453422797472
6I7K,5.16579028234397
8BOG,6.315015402626911
2Q5P,7.314646481246194
4BF2,7.662677182723705
7F3G,6.690073552519219
7C2V,8.181551267237596
7WSN,7.486227837586861
2QFO,5.344392825827368
6U9B,7.264800458983956
3WE3,4.572850509693714
2Q59,7.104742100259958
5QFU,6.486884374619674
7G9E,6.00740415418538
6VRE,7.86346467167218
8HE7,5.416044748792581
1T49,7.007652983055031
2ZZU,5.73248494496065
2E3P,6.873840306182345
7FSW,6.251124637714296
2A2X,7.88845140128266
5CR7,5.271607260468676
7P3V,8.342117141112418
7A4S,4.244931234622993
2FLR,6.247890432290911
8CPI,6.193803780090379
6CK3,6.806657967072508
7ZLO,5.866256850506943
8EVA,5.8649620530846605
2Z8C,6.42753356417017
1GJ9,7.557164151246714
2HFP,8.228546108233475
8P76,6.647117479664372
4DZ5,6.15915206271037
6FNJ,7.596217922171734
8W4A,6.298815066032148
6ZV8,7.639131621235613
7YXN,6.713852264131216
5H8X,6.484722532831142
7WLL,7.15171131475705
5S8K,5.154396196011837
9EE9,5.260131057959101
7KX8,7.428077080920672
3NCL,4.926394990825518
5TAR,6.106502052392898
2HRR,5.614111218323687
5J64,5.998519714907392
5K72,7.151551376436076
5KCU,6.3169861492285255
7REM,7.158580448537563
7SZQ,7.414760479976103
7OXB,8.292989170860158
7WMQ,8.472599907967906
8CNO,4.997656710798201
6SZM,5.5119579309478075
6NCG,6.207942647803762
5TLD,6.547103222945128
5VBR,7.0252202034545155
2V0Z,5.478135618553038
7EM6,5.120702530897007
4IV2,5.778388654796367
7L26,7.805096533278489
7VCX,4.6720576167048575
5J27,6.286432668761135
4ISG,5.992746916012379
3CSF,7.171368808716158
5U28,6.550713568703704
8V8U,8.106222880861692
7UDP,6.764642226464231
7G8H,6.789676503057574
7AKA,7.694178050674127
5K5E,6.176781589226871
7JY4,5.256257124909865
5AQF,5.42780234434158
7AYI,7.669684679279896
1H02,6.000348651142732
6ITT,7.5129211374221505
7FT6,5.811357392851267
5AQX,6.213776375666633
1BYG,8.395688097790387
7U2Z,5.913504381437417
5UKF,7.677166164959606
1Z57,5.9407013577982095
5QQN,6.767395022139219
5S8S,6.284409927732808
1XP1,5.833965108140475
3VHC,6.929275207857861
8BDO,6.458998756858124
4OBA,6.799876730562963
7A1Y,6.494887238325945
7RYN,6.2118229119338535
5MWB,5.281203495217858
1US0,5.061047340826707
8C3Q,6.577508283396274
2Q70,5.824759767274377
6I3Y,5.859607070411242
3PG7,6.95660471568098
1GMO,5.623791565635717
2J9H,7.795930708633894
2G56,7.143344613364884
7Y8G,6.711959638732912
5U44,6.991889305245843
8FHF,6.973918778361023
9FAQ,6.203414514267828
1HKC,6.881974372211315
3LEP,5.127579550359016
6ICZ,6.226867266307296
7NA2,6.011877162238004
1WVY,8.00309387869274
2BUB,6.989214648901942
5TN1,6.616883434034118
7ORF,7.928858529828234
4YJR,7.650342451579585
8PU0,5.962463561296381
7NRL,6.508813484656886
1BMM,7.955049343030616
3H1V,6.881974372211315
6XXK,5.582390579618197
8W5C,6.20755206480003
3R94,6.164467237626615
5RK5,6.010357474926526
5W8H,4.797908253021377
1O86,6.5122068512063676
6S73,6.879233490007173
5EQY,5.834644546452404
5T4S,6.517635928043392
1LK6,5.142775435253709
7T47,5.030541073409837
5U41,6.930027648084313
6SCM,6.243048047423817
6ELO,6.32025437024996
6IL3,7.976579642275817
6YQZ,7.060069705900838
7FYO,6.15513056469145
3VJM,4.945778868184877
6WM2,5.8464196817099845
8JU6,6.931514297132597
8PTY,6.023039449281693
5O2B,7.801879576865618
6NEC,7.561856137689741
6TFY,7.963746662847582
5FQS,5.932408683187116
6PET,6.001079799477156
8AQ1,6.089073308551748
7L9P,4.766930021393386
8FV4,6.087491526530126
1YET,6.552856863324642
6WOK,5.9080507997166585
3SKF,7.277571057706132
3MTL,7.290313074332364
6KEG,7.349613466549116
8S99,7.577072931557599
8FC8,5.56585821292124
6O68,5.926737306005223
5DLX,7.182615700222255
1DWC,6.967754448506855
5LSG,5.2860792479297265
3R2F,7.64531690937551
7OVM,8.08493024621479
5L2Z,6.659751953478988
3OKI,7.250336395978402
7XLQ,6.741769445642098
5VEF,5.500220084564507
1DAN,5.703335710933636
8C8C,6.312279444100474
4CWR,7.673047040832569
6TTP,5.53365557233704
4JVE,5.798550702820161
8TYV,5.1456873422361395
4ZYC,6.858939664824188
5TLM,4.910403241612274
4D9U,7.526798767321835
7B5O,6.997530225527393
5VED,7.832905763862261
4AGO,6.687519871724397
6ZGO,7.270641678806494
3O8U,5.937922432335327
5U3Q,6.863599710351062
2ZB2,4.887373814734566
4HEE,7.96492417514034
6HVJ,7.709421059672287
8QYT,5.558793656435721
6N0M,6.346839767935622
5Q1E,7.788322786649843
8JU5,6.343729699384116
1XPC,6.438821319043982
5RJX,5.576411852534116
5C9C,7.967347868694
1UEJ,6.040579736228324
2ZNP,6.862319062961123
7CMU,6.100113826277591
7RS1,5.873180808767189
3PE2,7.892969925892825
2F9N,6.22865107441265
5XSR,5.745358125016833
5SC9,4.393866912726472
2ZNQ,7.175500794286615
2QXS,5.733435812811189
5LVR,7.460374209461061
6WJ3,5.307361915075505
7Y7W,6.012672071157792
8UW9,7.720675448957424
3DZI,5.832224249389616
3DM6,7.561872048016205
4X2J,6.451053111806772
6UAB,6.259932257917922
7MCE,7.572597558248036
7S1N,7.955766116393824
7MGZ,5.495713001976157
7G1G,7.80206354364913
8RPS,5.5588904246875614
5KRA,4.657492967033905
5Q11,6.309373438391541
5Q10,5.560057884318922
8U5Q,4.608250469514946
4UJ1,7.5088151188586085
7FWK,6.0677926683097185
3W10,7.389880594633488
6KO5,6.355650914912351
5WVE,5.036397585235385
7OQU,5.5359501138924285
4UAL,7.149296553780065
9N0X,6.205403919219119
3FEC,6.144819292764714
7KTI,5.377684008429929
7WET,5.961609414798342
7DFP,7.253078216318419
6EL7,8.179519562917013
5O38,6.2053246595233915
6EIS,7.549978179008854
5OS7,4.005948250986282
7KP8,7.654020844491339
3FMN,7.455391752506218
8RH8,7.5279796943566915
5RJY,6.198342935525899
7MLK,6.915380570661837
5DID,6.74419197976084
5C1B,4.68050996444511
7DL6,8.20763555888545
4IW6,6.693630488107897
6FDY,7.996964949044514
6FNM,8.209114732057982
7N9O,6.8163275834657195
1X7E,5.279359872413885
8F0Q,6.673148952174187
8P7L,6.307377381007608
2AWH,6.938745351895331
8S5W,6.492052733599204
5QIT,5.445026407473718
3ML9,8.692543428644202
7G9H,6.22803631276209
4C59,7.204911504240586
7A53,6.248332025690952
7SX4,6.847312878244762
5U3Y,7.065535800596544
8FLK,5.33093335343237
7S84,7.781463840504932
6UKU,6.486745301588035
7FVI,7.192109489603475
7UAD,6.4193989406303125
6MHB,6.1918350100852315
2Z7S,6.7183696145936755
6EKJ,6.452628854923368
4R6E,6.652691450043893
5YVB,7.31236614798033
6YTD,6.391017984769543
3TH3,5.68206400867474
4O0X,7.439288821254029
3FXI,4.898987769842777
2YGQ,6.163255079898544
1PXH,7.5996413034651145
7OPW,5.527697778202265
5RKB,6.499270885266982
4JQL,6.092660343891095
8T8M,4.575449207739685
6EIV,7.409647764955843
6TSZ,4.552850760046435
7Q8W,5.500353954190754
5R8I,4.786360640585458
8X7L,6.315260707708446
6EYA,7.312856637061696
7XM7,6.91897087792523
8W9B,6.444185345281858
2REW,6.333052408894628
5EQP,5.821503563961438
4QSA,5.5120658416715145
8AGL,6.963688064989633
2YI1,5.381679718541073
4YKU,4.952311139698031
7W7E,5.376340057275828
4M14,6.438517285932154
5IMX,8.226308741912794
5DXE,6.373202858536718
5FE9,6.993728319951801
3P88,8.026760570789916
1DKF,6.1930616111999175
5Q1H,7.342002595618256
4E4Q,6.2085077266061734
5EHJ,4.937994661750617
4FR4,8.13741267053128
1P93,6.454351578800754
7OAI,7.221456626520605
6EIQ,6.273851174948563
8II0,6.019385264658085
4X4O,5.039155379643403
3IOL,6.725647245891334
6FCF,8.6019591381924
5AV2,5.033231922268987
6EQQ,6.243534472324509
6CD5,7.95588653429509
5QIU,6.288421107660288
8JSR,6.4864521183209
5LCQ,6.608421654497365
5DYD,5.270630476704949
1Z28,5.419489854353082
7G91,6.526817650023766
3RLL,7.041938952112334
5QD7,7.040204797582045
6RNU,6.087597022339347
2R3K,6.4931243754992645
7ALE,6.584755798601168
3V9Y,6.0521570166474925
7K7Q,8.877908422441765
5U40,6.738791474779104
5QIH,6.626381943201261
3QFC,6.2470008646874735
3CIC,7.674284117682663
8DK4,7.551180192943271
8R4U,6.6395306250262625
5ANL,8.217435888168554
2A2D,5.024387705377955
6GR2,4.228309646867341
4GQ4,7.104566915844723
5QID,6.616038801889724
5EGU,7.657755687259031
3D5E,6.007909859441693
7MGK,7.402678502440325
6SIS,7.847258115321511
6TA0,5.243228993015378
17GS,7.688816197618715
4DES,4.933651060972961
4IK7,5.193788858170797
6Y6H,7.921551916019093
2FJP,5.578697047999413
2P0D,5.987600683419232
5D26,6.0568598669482725
2W05,7.73494057779402
7X2U,6.5043054900336275
3OCP,6.057742516815826
4BBM,7.494010892076559
1CB0,4.993661818945075
4RC4,5.7934248102353925
8GT6,5.254185400073676
6ZUG,7.287630254806707
7MXH,7.182332812040458
8G6T,6.152596847861859
1UK1,6.5545439095865445
5U45,7.103729259960918
7ZLN,6.043184579594134
8GYO,5.4927476720524115
6B1O,6.258925247759119
7R75,6.28149986755901
7FV4,6.463820863633799
8TF9,4.276297408510972
6AFH,5.291844022854106
4QD6,7.1758464813152765
3ZU1,3.2036164944040664
5NK4,7.886292335302133
8FY0,6.4911906528132235
7L25,8.046661644624455
8DV8,5.81764169800124
5E1C,5.9678185371609285
5JWK,6.441847003904955
7G92,6.073919367945022
7DXL,7.476428962266762
7JUZ,5.08509178941871
7QUF,6.9102268511535865
3IIF,5.4122897642018515
8IK3,5.22277797146195
8CHS,4.73490415968182
5DI1,7.645645300738547
7SOL,6.846812276681711
8BWX,6.896181691413629
5Q1A,7.908516064331098
2A2Q,4.877332020540667
3GN7,6.676455726453425
5EWE,4.163272297360626
5COR,6.704772159572784
3OWB,6.771093788379798
5S8J,6.243465471682016
3AN4,7.366686627171248
4WDW,6.196824946026967
7FQN,5.534148851318366
2VV2,6.600133458459028
5Q0Q,7.620406913920631
3BL7,5.3238278690050675
7B4E,6.146455054490353
7GS8,5.913551197663023
4CUD,6.015161752784497
5OYF,7.167501267086814
8WZK,4.886587369517363
7G0Y,5.896661996391081
7UJO,5.899988904291405
5BO7,6.261358709787996
1C9H,6.096411334293112
2WOT,7.696851117509955
8P0F,6.400058931196891
8A5W,4.691935107017029
4HXP,5.728020096726057
1RV1,6.042619184803056
4ZXX,7.611722307242906
3B0Q,7.41055153835994
7FW0,6.027541184611298
2W2X,4.608215235308669
5Z6S,7.826208968601363
1KNU,6.405192882341883
6YR9,8.304618657747207
7FVR,7.510266962884474
8FUG,7.760140406477866
4LKT,7.53799040040325
2QP4,5.513543868732702
5CS5,6.299080715074787
3HC5,7.971946847383978
6ILQ,7.360138330161729
1C4Y,7.111914012566795
5ENE,7.0619224500609485
8QZ7,6.738835043838698
8FY2,5.715982686380105
6W2J,7.8908642793649895
4EZ7,8.271580810009397
5F9O,6.756421065108053
4JL4,5.057234938945214
2H00,6.455714574390609
2UW4,5.8970721232637215
2VV3,5.990715492131466
6AFB,4.741676866900133
3ERT,6.16163191447253
7NRK,6.459151427275263
5ZXB,8.139751151280619
8X90,6.674159916596625
1XW7,3.1787101234667854
4RPP,4.788450255618531
5LNY,6.323534655925058
8U2D,8.72335903504167
6J7X,6.302183448006204
5LRL,7.532950671866979
5V60,4.802033678854365
4RCH,6.903973444177499
3T5F,7.548297719403916
2ACL,5.5855801934560345
3ET2,6.184373823427546
1O5C,6.317489484276718
3ZWT,6.726538234102007
3D6D,5.706268573862578
4R4L,6.532291950969303
2I5C,4.80669523787585
2YJB,7.956653159556734
5RKK,6.337073034976076
7UP7,7.764701066422925
5MUG,6.186188495154477
8AWG,6.334810150711523
5Q14,7.792618352797139
7KT1,4.289404831145302
7NXK,7.4046432616138596
4RWD,6.4291260649806565
5NKB,8.196990751713164
7JWZ,8.337278982804104
8BW2,7.71414355136569
4RT7,8.148760859963595
6BXY,6.2494512009660745
6AD9,7.825887423761918
6LP8,6.621049035206095
3A60,7.706186275003343
4CV8,6.257694765990053
3JVR,6.208432603054633
6AFE,4.697679414087543
3BE2,7.728534790304061
5UFX,5.683763360065998
5K56,6.010712068961287
4IDQ,4.426348235952967
4EMT,5.199138779187088
7OBH,5.461646197727614
4GSF,6.806053917120175
5KMO,7.736691936203194
7HB5,5.4512476986730265
8WZM,4.660301745765696
6CIY,8.261191768966288
2ANM,7.633581954744415
7PW9,4.344237619065338
1WTG,5.73248494496065
5T1Z,5.475127871544453
3JZK,5.952160386980362
7JHJ,6.328806448234893
7G1Y,6.859848781253817
8ATY,7.323355198940497
8V71,6.705209578139095
3X06,4.417667305354706
7BTT,7.833482277281931
9FAU,7.112805918041759
3IN8,6.49683372374225
6L20,6.234495059185932
3OWL,7.126029690682941
7FV6,7.139264246321835
8BWZ,6.112218614501899
4X8S,5.605284057790094
3LDX,7.3980182583522
3OGJ,5.744233603543492
5IKW,7.917861681076163
7U8H,5.281504400355087
6U99,7.438741088267853
5Z02,5.6214548661222485
4A55,6.609561506404729
4XII,6.420233987451352
9CXG,6.057836041378873
8SDF,5.981761962279857
4PMP,6.959168392420018
8YPZ,4.21593297623864
4UXU,6.513668175839053
6IB2,7.90647473083582
7MSD,6.4506207557418005
4BCP,7.5617856830843015
2FIT,4.961742801669636
4TTC,6.020459395476418
5CP5,6.684080732538991
7AJS,6.74093176029085
6PYS,7.4821569499366305
3P1C,6.408466640501818
2YN8,8.07896604214305
6BU6,7.794206701551849
6XNO,5.285359820894252
5OXG,7.819451210672674
3U6A,7.328763984502007
6OWC,7.681023642594687
4COF,6.725916667789029
1QJ1,7.025512337762164
6ZCQ,7.7412207734489735
5AZV,6.511886704852807
6YLK,7.267338080403674
7SJ3,6.589223202377287
3GR4,4.571904953715001
4IWF,5.719597062437345
5FIT,5.325583745026099
2EC9,5.152172816348753
7FVP,7.065699525884115
5CGD,6.993158439973408
2ZND,5.732723777373466
3WEF,6.554089589731615
5X1W,4.263029516293049
7MRG,7.3274968959987055
9CT3,6.832920236842923
9DTQ,5.5893901142513025
6VWC,7.919849113451686
5LAW,5.50055780582417
7G8X,6.345400619328779
5MQG,6.530394300512606
3ENE,7.265430684416468
7ZH8,6.036806498170632
4O04,6.674168224172114
4ZNV,6.6648492853870955
2JAW,5.2293793327856255
7FT4,6.935741163693844
5HP2,5.107462048701896
6J5Z,5.540691548517066
7UGE,6.6219565123686035
4C3P,5.327023714966488
1IB1,6.771900463136274
4YC4,6.2272935644569385
5IPC,6.7729162023111655
6LUQ,7.13984655708179
6GWR,7.820169043637205
5C18,4.547154965004195
7A55,5.905078231606754
2PIX,5.6608526298961355
6AFG,5.694934550773777
7OUB,7.535936204984982
3HEK,6.314979878081201
7U4R,6.752092255204616
7FVA,5.76408332426206
8R8E,6.880988579567551
5Q1D,7.453443594803434
3SXR,7.888528554473861
6F2L,5.9423689841928615
2HI4,5.730264492971926
4A4W,5.598427122269324
5M8P,5.927488453933038
9CBM,6.123269363281781
4CVA,7.032130300055054
8T5G,6.850526430621295
5XR8,6.35158090741159
6HD1,5.9613759903001196
8FYY,5.35267634936655
4F9G,5.484284339304949
1W7G,7.190175893575543
6W45,6.271738244614013
3VI8,7.07842124966198
4CFH,7.153737832221068
5DY8,5.606219850548332
2Y1Z,6.36616999443506
6P68,7.427382351135405
6MA3,7.405778117086838
5MRB,7.241564233306111
3EPF,6.356195332384852
7FSM,5.514886899958067
7G07,6.626254821024934
7NFB,5.818243972831246
3L3L,5.583933665914837
7WTB,5.82471797792469
7JJG,7.533077384301317
5XHY,6.451677155229415
4CCU,7.74821647774286
5VRZ,5.509154174324816
7G1O,5.909752594841611
6O9D,7.56518553042548
7AAD,6.708229035408551
3G8I,6.906568155590412
3FME,8.10581666157413
8F7V,7.491281534268612
1LQF,7.455808842294938
6HGH,5.753114468462163
7FYH,4.333839833990138
5RJK,4.139757784449777
4NST,5.6840331250085825
6EIF,6.856788922335798
9DF1,5.673040590887919
7WQV,6.591086747732414
4O0B,6.856655832769402
5SXF,5.264734712843164
1UKI,6.417967611608186
1P5Z,5.5161526081058385
6BQP,7.412856898693231
7CGP,7.012986803340253
6MCZ,6.438569812670951
2XYW,7.91012288912434
6PC4,4.710661716656082
6YDB,5.124030153207564
7DSQ,5.891083182966358
4D90,5.941796047246655
7TD3,7.035890064001498
7G8Z,5.1789853409420585
2R6W,6.146677073143572
5MOW,4.090241289872669
7AAY,8.10761738077039
5NK2,7.8627720794526095
5S9A,5.782855046408707
3QFR,6.484123801267319
8IRS,5.805795225818602
7KPA,7.826758136533439
3FAA,8.153436086641955
6AFF,5.397194999044041
1L5R,5.429490974702165
2D7I,4.358283193645496
1XOW,6.430662617973162
3ZC5,7.5620009820204235
3GCU,7.257158101715234
2O02,4.731852981058815
5TWY,6.662534368672119
7V2J,6.277270012411492
9CIV,3.1787101234667854
7ZTZ,6.058151580027843
5XRE,5.404085158303632
7FTB,6.578022537216239
7WQS,6.147082858061664
7S3P,6.0350598100559845
2UW0,7.4597208427899595
5FQT,6.0658129873990365
7UJ8,6.151894039607389
9D61,6.809527290774608
5SCF,4.236560355656738
6RSB,7.8265508176504985
6NTG,6.602686728078791
3JRX,5.346730055936301
5DPV,5.20586315136104
7S1S,5.684865384470419
6LZL,4.777554267977373
5DXH,7.924850108283401
7O1Y,7.281335545648212
5TET,4.675206165275946
2XQI,6.519180189708503
3HU1,4.600935463593733
6IJR,7.219573434329397
5HG8,7.571115692144076
4ZGK,5.3228694406667705
6D3E,7.437235085264226
6R6E,6.470762596794731
1TKR,6.251357024063027
3LQL,4.958536462410035
5DXT,7.59074444590141
6JEY,6.463658586880271
3VW7,7.596396319558572
4O9R,5.814566924445084
9B3A,4.392273152102093
5TQE,6.533384353587177
3H3R,7.404542786182484
7M0L,7.642149938826996
6VMS,8.2289101925606
8FXO,6.783174303222169
3QX3,5.975296953996535
7A4Z,5.094944003127839
4HY6,6.767999075314801
7A5L,7.323749848698214
7KK3,5.772259458251752
5LR7,7.616063197375393
8PSY,4.995075284655334
8DUC,6.204197936391038
6DGO,7.991934621915253
1GZR,6.6602650970016795
6D06,4.965760428853532
1YIN,6.34613007956447
5HBJ,6.8564857298967885
7AVL,6.8005961677195925
3Q95,6.2287649072762745
9ETB,5.584849529697219
6R6J,5.026025297710648
5TM2,4.738614608172488
9DMC,5.671971028035722
2G1O,6.1583010977015
5DFD,7.835389404014035
5TRF,7.342099146813793
5W0E,7.3717597191017346
7UC6,6.395918776213455
3B65,6.607733107599589
6ZUW,7.344318187208918
4TN6,7.4656690159771
7LQ1,7.517480014966634
6TO7,6.861502974385684
5NWZ,7.3057986553396495
6DGL,7.982487303664927
3LM0,7.942419870145544
3R6I,6.162565797695222
7G8L,4.489538046194436
4PES,7.008272531110376
1QIZ,4.726882143454387
3BIV,6.591602361076014
5LNZ,6.112320546764833
5QCY,7.6700529449761845
3CF6,6.26072711187495
2XQF,6.602686728078791
5LPJ,5.657143507471102
7G0G,6.837762880396931
8G4A,7.560380828145972
4UYD,5.583589790861575
3T03,7.195729774384014
6Q49,4.22697538420434
7UHF,6.893765250281144
7KIE,7.801429152000222
8PPW,5.44024785386304
5YVA,7.419301514332679
5N68,7.290001723332357
5WR0,5.543582564324784
6UPF,5.14075369107121
6YLC,6.988366171764223
1WAY,5.598288864114871
3FR0,6.881974372211315
7E5G,6.740571562496236
9GJ2,5.539793933170365
7C7G,6.087845332520918
2AYR,7.969499612376152
1T9G,5.713523946830789
8CDW,6.370997240811615
7XHE,7.559480917740216
7JXY,6.305896355874148
7W5A,5.951526161774964
4KS8,7.420052576535662
2P2I,7.486317280670832
7MH0,4.934348877464095
2PRG,7.0784608603709085
5FQR,5.490755498419452
5O4E,5.900701037536154
5URU,3.1787101234667854
5J6M,6.086229051786647
5C7G,6.072546762032879
8W9W,6.805421900518193
5NXD,6.609141049306125
3LMY,6.061671560583138
4AIY,3.1964664622886194
3RH6,6.425948449971699
6GQ7,8.574563849044967
6ZQS,7.955209066305991
4F64,6.392170630816044
2XJF,6.269726281772011
7HA0,5.904869571046609
7YAI,5.196957556020482
3OS8,6.049399300088469
3HYY,6.002622628923372
5UCH,6.142046761799116
7KAC,7.477723921088255
5VC3,8.208698884608225
5Q18,7.2519852487587295
7M0M,8.43388643193376
3EPD,7.668446065865457
6BSD,8.033322490316671
2E5C,5.316061541709386
6EDS,7.032576791976869
4GWT,5.773434875788489
2A2C,5.484444078867427
8DUK,5.743142790026655
1YI4,4.496265156412482
6YB6,6.706894294880363
8YHW,4.183060742441878
5L4Q,7.628989821777446
8PBP,6.534633401088133
7WOX,7.365528706392714
3RAW,7.079313944210977
6SYT,6.655571446897245
3L38,5.408807703313775
6OMO,6.822061177609846
7VFS,6.937187670979921
3W2T,7.2626473415607276
6MD0,6.344031649524555
7UJW,6.910246455901944
7UPG,4.891330400109782
3TPP,7.32964224832921
7R4L,6.044660812918974
8SC4,6.512642516098145
2OZ7,6.312451807375654
5KCE,5.860141615766223
7RL7,4.66097554019647
6WI2,6.083350845269742
5QD5,6.3616404138601546
4HXO,5.604807601307158
6APL,5.172522397252471
4F9M,7.054190750969263
4JV7,6.212045642924805
1TGJ,6.771575802014446
7CCW,4.474427180879694
3ORZ,4.890521099144406
8FHD,6.570307986187227
7YMJ,6.561320509614467
7R4O,6.657607801459131
7FYQ,6.261426130556749
2XYX,7.45669668311068
8HUN,7.097385479388232
3SQ6,5.6443025798677136
3CBL,7.592158850568546
7UJC,5.956195446645959
7D0S,6.860210737799402
7ONT,6.524967079716085
5QEJ,4.341079866146604
1WVX,7.467927390667052
6Q8Z,5.162797097105073
7W7Y,7.774290920908711
6EI5,7.451105402751336
4D88,6.120450751204035
7NIZ,5.855969957308436
7WQQ,5.789865777230947
7JYR,8.014675410903372
6PRT,5.589691130191957
1DWB,7.101442320360952
2F8A,5.859945282537628
4P6W,6.4497368119506255
3HMI,7.171181443114563
8VYJ,5.9841180314047016
7A4W,6.313857552044244
8HMT,6.562265218091194
3C7I,6.647004734049958
4CV9,7.07431466939579
4E4L,7.501973541360942
5S8C,6.481751219027126
7S9F,6.6448898984151965
8C1E,6.986810167001429
5HNT,6.238756071191751
5OWK,5.779289605860762
5EQG,7.27557110712278
8XSN,5.742763684143781
6A94,6.537637431148046
2AZ5,5.890140735553723
4QQC,7.638318904282293
2UZS,6.219741086470439
4JS3,6.694208396532994
3HU3,4.6520648598842635
1UVS,6.81484707877307
6AWP,6.458951879066864
2G2F,7.765907536003609
8P6X,7.230199596175173
4MQF,6.612159130008897
6DDH,5.306004810512192
7PWD,6.238251945205735
7QUE,7.059173173570591
1FKI,5.415806183129541
5HYR,6.424984701740016
7JX0,7.813326831915368
4L94,6.026073542865902
3L5B,5.666161110745636
9D3C,6.122501698459112
6MQ3,6.482900201525746
3VUC,6.831341655554258
7G93,5.6182062030117175
5U2B,7.057845764087634
5UXH,6.0618714085519
7VCV,4.4106111223834565
3MY0,7.306889060772558
5ZYL,6.782677120638832
8AQG,5.691132502157117
7NRY,8.066406686595812
3BLA,6.213415000546518
5RKJ,6.926951979493441
5S83,7.517117416037841
7AKH,7.301835422910442
7CR7,6.898699014817629
6CJG,6.572193153941149
5ABW,4.614935257937341
4YH4,5.778699908225271
5UVF,7.555643509008503
6F7R,5.644804601306618
2I0J,5.421468625636442
4JYU,7.2511492094189824
7RP4,6.163357829802022
5WA8,6.862007610041049
6Y0A,7.431603069926472
8TZQ,5.249220872614395
7NZY,6.604434958737037
7G85,6.629061219942813
8AQP,4.98145235755085
2J9M,6.375292618719187
8V74,7.331908397950475
5C1Q,5.961437819729853
5RKP,6.170610536455615
8AHG,5.986902233132608
3ID8,6.881974372211315
6SAM,5.324108842078656
2QXW,5.153812225164125
7KK6,6.833026178671301
5FE4,6.585425608055513
5K13,7.910075514971991
5S9D,6.671344537914522
7GT2,5.305121146661359
5U3W,7.02719751036944
7AKB,7.202445978328449
5T92,5.6321435870190335
8K14,6.91207633266547
6OPH,8.632479177571515
1GFY,5.818811588213061
4FAD,9.160194233171499
5BQE,6.234174316929265
5HQ0,7.81741791767011
7FVZ,7.4944574174144645
8S8A,5.515619555550975
5QD2,7.417353358041282
7E5H,7.2178709339492375
5E0W,5.559932962777034
6ZC0,7.55079018976667
6JQR,7.285580927186236
6Q4E,5.616508546198148
9CXC,7.262629590562892
5S9B,5.8037183125309175
5J6S,6.196759911220892
2WMT,6.155350016291806
4NG9,7.2971624301004585
7UDQ,6.640556247647055
5AUT,5.96989919362419
8DZR,6.22137799969017
5U3R,7.069849786495086
4XZ0,4.351750091523428
3HC6,7.709256177152406
7OAK,6.889669677993212
8OUS,6.404740570153695
4FUL,8.296270529172629
8S0T,6.807027791248941
4XI3,6.417463021236551
5SB0,6.4222112405510705
6Q4D,4.941817540865034
8YEV,5.515804655736414
3WJ5,7.640416333056163
5TI6,5.738826684628189
5NDZ,6.834791659000323
2XQJ,6.602686728078791
8V73,6.604956568330612
6XE6,6.909951611950794
1QJ7,6.781330929276991
6P38,7.384341338594476
2YIY,7.218299389913957
8YXB,6.7298926732802125
8T98,4.113725821277329
4M0E,6.090558894150431
8GW0,4.779071797180978
9IYP,4.932850966225738
6BMW,6.104217137900923
6UKM,6.503367087435594
9ET3,6.0354825031698685
7ZTX,5.706237240757402
8HLR,5.000291650562353
1NSG,6.725150216540379
6FNA,5.494616478424774
4DIJ,7.1130601971620475
4BAM,6.8104642453029065
3TNH,4.7844714334798555
5TDE,4.503506674682379
5C8W,5.0644349781120335
6YLA,6.337432088018001
4LWG,5.304314446883436
7XPY,5.2694388188353445
5CF0,7.1312346545729035
4GZ5,6.418252400566791
5GWI,5.7947120374462076
6CQH,8.119160081276858
8PNQ,7.739308377179681
7UJ7,6.212559572632095
3FMD,6.3300257468445436
2E3O,6.750453174684648
8HV9,6.490555928336444
7G8R,6.718085506843749
7U8U,6.572633456912271
6DH9,7.624061428759998
4PPP,4.615993024987334
6ID0,5.127068603543806
5HP3,5.061182067661349
1ERR,6.110664473081584
5WR7,8.308139400286441
2OLZ,3.1829877810228284
5HRQ,4.6825540086372675
4C6D,5.404944020862211
4I22,7.3467865613451036
1UDW,5.887208670305244
7KP6,7.247071112453219
3QCI,6.132767055763243
7AKE,7.4378450352236865
8BZB,4.595214249120201
4C5D,7.837310671543457
2G49,7.083568321075536
8C2F,6.17394181583672
5VC4,8.346755015533336
5TLY,5.52811544198767
1G5Y,6.175555222163997
3OOK,8.060770659406574
7BGV,6.212411612599673
6CUD,6.880273458605296
1K3A,4.666270463632918
7Y99,6.095843241492471
5C1D,6.547025966919152
5XRA,6.127944097022014
4L90,6.567075292453608
1U4D,5.669224098324451
6YF8,7.0768801513677415
7G96,7.412629971998756
8P74,6.647532211449835
7RNM,7.4702065776754925
7MM1,5.695047646198694
5QFV,7.338693437282112
5QCR,6.679113598302837
7FUZ,6.617949952626058
4D0M,7.115053946741148
5UWG,6.922430570630446
6J3O,6.6055339350747415
8J81,6.464287643699911
6NCO,6.792909993298495
6NV7,7.742051856287548
3WAL,5.4053672961803745
7AEQ,4.40491202691047
8VYK,6.699924105696955
4TNZ,5.277938795559892
6MD1,7.211953555961276
2P8S,5.106558663286289
6ZUH,7.288228329406912
5MKS,5.636721117855907
1EFH,5.101293806978403
9AS8,5.331414736172791
2CIA,8.423774113784752
6GJI,5.89045254892845
5XRB,6.891046319790493
5VBQ,6.9741321857150265
6RLC,6.188761111734048
6VFF,5.091546008073799
7Y8D,5.943494662674068
6T57,8.384658160604415
3VN9,6.746005997234425
1M4B,6.977903173991869
2ZNK,7.435589880112744
6CK6,7.813219810555972
6V8K,5.298683515338733
8QLT,7.177834035004086
1X96,5.681033901405707
5EW9,7.332300745827972
6WXM,7.030977947094848
2AR9,5.62618137138686
3SP8,6.05467148097655
6TU9,8.237576113594132
4LL5,7.577530553632107
5XQE,6.8352634023485015
7ER9,5.401288756835432
7W9T,6.121334491420639
4PX2,6.403301425069742
4QOI,5.930799442059238
5RK1,6.480454181445248
7CCV,4.8960702955562185
7EM3,5.25950363829668
7OLV,7.72395002206726
3BQD,6.244002622266244
7RHG,5.797029585795279
4U97,8.15987123487486
5M4P,5.466367100490793
1FAP,6.563626200405944
8T1F,6.8725933719065
4QVX,8.380092269846925
4P36,6.858158819701917
8TSD,6.511344263289856
8DZS,5.821491825746224
7KHL,7.136035111854088
5G15,4.753102014803542
6V0X,6.228093191031182
4RWJ,7.47379624841862
2Q5S,7.2255258818000785
8SXT,4.581911683425015
3F68,6.747876912556421
1FKH,6.381414433303196
8AHH,6.431855191388482
4FRA,6.097948903342859
7MSA,5.757197710348442
8X62,5.95995073063237
2CN0,7.805133329181826
6GU7,7.50491278318265
6ST3,5.895321195217815
8OUR,6.9562611208286125
5ORH,4.586620458157837
7MZK,6.238182059542128
8WSW,7.4703264648589895
3Q9X,6.123535666355502
5AM9,5.837757274488157
6MA2,5.68233457314655
3S9S,7.121267975264933
4WDT,6.242456600900203
4V0U,6.749516969527296
3X02,4.787628579772519
4ZYI,6.6733738467574755
5W0Q,6.115335734613302
7VFW,6.931920950811357
8YPY,5.035346115827237
1OSH,7.281546520933433
5DP0,6.736531792316429
2P54,7.83852510020111
6OAC,7.672064064657512
6CYM,4.232813494590106
3FGU,6.947769446976943
2CKE,5.308868881308159
8C0L,5.740895672138789
7FSQ,4.451065912555619
7G8W,6.845302481874131
3O0I,7.0282500582602765
8T8Q,6.348362381902815
8BXO,6.770353708913742
4FSQ,7.931896049451782
8DVB,6.5270727669660475
7QG2,7.61182864779661
6G6W,8.241333872395552
7YNP,7.386831549968512
3K23,7.510899871672697
4MPN,5.80725909342981
9B3C,4.457209579797505
6THA,6.718843680974755
6T56,3.5938867007150934
7ER7,4.584117889394481
5I46,6.591884534149535
4YHJ,4.255219716467365
1CJ1,6.531284360841876
9B7A,4.517743793865171
8AQN,5.023093147658792
6DW4,5.11552708528464
7JRA,7.856036372029778
3SPF,6.238151019112616
2PNR,7.162228448173711
8V6U,6.001333955369658
1WBG,4.998753415368033
7BQ3,6.393187950582019
5E0X,5.821915276379919
8P75,6.075389162850186
3BZ3,8.395966740638842
7KPF,4.625850424736586
1KI0,6.607919421315938
5NEI,7.4572050812272
5SXE,5.386177985005741
1E8Z,8.406744695975206
1X7R,5.930474350166968
5X2F,7.762713958075846
4HBM,6.314401462276107
8DHF,6.693244499198723
6AN1,6.893705099098835
6K05,7.0394102042329365
7Y7Z,6.701785417877815
8BJL,5.644510296622584
7EM4,4.91534782856134
6O9G,5.034655858736725
1L7X,5.6618898499204136
7SII,7.758951777626308
8HF8,6.999459556992154
1T8T,5.582686601161365
6YM3,7.255996957898002
4N7E,6.674960263297976
4TUH,8.60141103414532
5WIU,7.13636917825723
9FAP,6.236322336417912
3GID,5.53475781175661
8T2H,6.824143157387882
6FZP,5.577316527420552
9AU5,6.13505489372417
8ZBU,7.15298465819507
8PQ9,6.78661982865739
5OC8,7.202637211503453
4D6Z,6.818742734174832
3KPV,4.062263792321715
6QTJ,7.735927500903091
4ASX,7.371156709183758
3A0I,6.881974372211315
1W9O,5.07868219521596
5OOH,5.309417586231195
5JCW,7.343544645786499
2AER,5.448286087021261
8SGV,5.125571675063122
3VF3,6.601316769636056
8C3U,6.3566374931646745
5WRZ,5.71162224433989
8CWL,4.659630708068701
5DZI,5.495560556538734
4CCB,8.337204861414206
4H2F,5.58882339281333
4LWH,7.0600098959968305
8PPB,6.282778319879739
7NA3,5.976084874734286
6N8X,6.087797410331546
1QKU,6.446798900831993
2IOK,6.793012778112964
4XUM,5.7662596290603245
7DSX,6.611516556189279
1NHZ,7.090875331471164
5TM8,7.066595030948639
7SI4,7.581139632007358
5EHP,7.58355449418879
7TUN,5.998557583401054
4MGB,4.949765735334796
8ORM,7.696564308124698
4ISI,7.133915995298239
1M2Z,6.786183455772883
7VWE,7.103729259960918
7SD0,5.2355207784011775
7O7J,8.601244002807034
4F5D,5.023775771987868
3DV5,7.454300651593151
1O5A,5.9256158489264035
7G8J,6.618084459406439
7SXJ,6.981412510353806
6ZY6,5.986090803185431
8PWC,6.629949336899457
7NJ8,6.3323123193933935
5J31,4.694601338268154
2H4X,4.15455974524951
4QG0,6.56841089550501
7QND,5.72302361563664
3CDP,5.961001895983521
7OAL,7.045920236081765
5WQX,6.285032454757953
4TQN,6.044373243219942
7A51,6.124068207482836
1A5H,5.450027856629123
4NZW,7.022333196181407
6VZM,7.61333482990834
4AP7,5.782682896350875
7FQI,6.079986581439332
3DEH,4.7275189076941455
3L4U,6.11448555266669
6NSL,8.210064455457704
6GR3,4.8509007555013435
6DGR,6.781039708231347
8VA6,6.959348858765201
2OM0,3.291493341943971
3DD1,5.834836966780721
7CMV,6.705360247988498
5LPL,7.068137394669332
7GSZ,7.455684050818151
3S7M,7.2246923996324846
8H7B,6.349538282359188
8Z6H,5.5784428467908835
6TBE,6.317171893797943
5JHB,6.373736281633398
6CJ2,8.038635376650756
6OJQ,4.404361321760357
5ENI,7.037645500851359
4PZS,5.55970812295431
3UQX,7.299098180389038
3HZ1,4.7015581267690685
2CHL,7.160091614189439
6W0Y,6.665416996481859
8CVN,4.6927898096588105
6QTY,6.4900483700545255
8DUD,6.129256632402551
6Z8X,6.219426563986191
6WLW,6.528847350888629
9B0T,5.164361965926584
7U2P,4.943600286966867
4MLH,6.925770375010758
6YP3,4.586285062073894
5EDU,6.858121669024548
8V76,7.033440038379119
3FJO,5.752355642363891
5LPM,6.906553738337293
4UMP,5.0989861941573835
8QNG,7.253055538700942
5J86,6.797353020763979
3WF3,4.9611750483310155
5UVZ,6.7752231483989185
5DVS,4.939339569112115
1EMJ,5.490344208366695
6XED,5.198984333665751
2RD6,6.280218101247255
4TNY,4.462916588796932
4IWC,6.09872758199459
2AIY,3.186940589260293
8KF1,6.213065070851487
3TCZ,6.436085054746918
7MRH,6.504020396006354
4CWQ,7.970046759315815
8B2J,5.335562885927508
2VQ3,5.754411962607142
7TYW,7.682264982449074
5S8T,6.6952950591664395
6JME,6.621049035206095
6RSC,8.141830952609212
8R4V,6.289803191950451
8JL1,7.383551532657861
8WYW,5.954436646354689
7QAA,6.158458033817773
4A5S,5.961924942334195
6DMJ,6.797112696484532
4Z77,6.514868336042375
2VST,6.1608020037416145
6NTU,5.336013043502818
5DYB,5.8528874551745425
6GVG,8.018213672371488
7OQ7,6.166059642154361
4YT1,6.964843134298921
2C6T,6.666843208434178
4USD,7.6192410016392405
6FXI,6.69168549813639
6NCN,6.024752096589814
1YXV,5.852673666762297
3NVN,6.794017107207288
6THZ,8.369635423990712
3CEH,5.456818932123214
6DWS,5.718222085963918
1QHR,6.218419278122237
7B30,8.006603796642898
8P81,6.297018191585732
5KMK,5.941371329178217
6VRU,6.756043189990301
2F3E,7.577531063089913
5CYI,6.995307423504206
7UYW,8.288848909192396
6LN1,5.627281411885548
5DKB,6.427595175772688
2F90,4.467588359517271
7MRD,7.978269472061734
6T8X,8.761627357137831
5YA5,7.072978723669746
7YNO,6.079209597085839
5RK0,6.213011708366017
7ZWL,7.077980627884541
7FWW,6.539765029391564
9QB5,7.233362434629874
4GB9,7.370691186508908
6JOK,7.8365601852334725
8FF8,7.5043591531969005
2ZNO,7.392854625770997
7FUY,6.283257521316451
3D49,3.831801720602197
5VAL,7.459297350891109
8DSY,7.568477342195048
7YAZ,7.6380770035481635
4IKI,4.751517410249294
6UWY,7.106600822003178
7G8M,5.76384159310698
3OW6,5.187366317010618
6IQN,8.05542608517446
3ZK6,7.340580751280214
6L14,6.104929624298541
5BTR,4.741002291825487
3Q9Y,6.015408471464827
6HL1,6.408302209696053
1UK0,6.500911662597439
8DHH,6.642598531183366
6GNQ,4.6226350170853845
6V0P,6.696883523613851
7FXU,6.220146815028751
5HU1,6.99823234008241
7VFV,6.931920950811357
3B25,5.780796103911174
4M6L,6.020034726530251
6GHK,6.556940797426913
4ZNS,6.111929029916737
6QBA,6.666442671602146
6QJU,5.9790972193699075
6LKN,6.077635816398692
5QIS,6.884270812218386
6XNP,6.452751499451472
4P10,5.230907858760831
7LJE,7.834422098992581
2O0U,7.826602224885175
7LB0,7.686989882694327
3GOI,6.881974372211315
2RG3,4.613170302086245
3LBO,4.966159355291873
8PIQ,6.000241352731035
4XLV,5.660802411851022
5NRW,7.596794547296517
7CCU,4.085837789392906
2PUQ,5.572406161457852
5UU3,5.650682265436123
7V3Z,6.179636568061657
7Q1N,5.934248310482924
7BEN,6.28245869158602
7G89,6.746013053723647
1BMN,7.177778998520178
6AH0,5.395612050593359
8BDN,6.96947200998831
6XF3,6.117091275510835
5W0O,4.938346266524015
5HNB,7.039410734064502
7UAH,7.800283847645761
9CTF,7.08900916419667
6U8R,4.88820550358969
6HLO,6.632081702617769
5QIZ,5.847256406563703
6C42,5.942380846847882
4HLE,7.834862238723748
1HDO,5.0197627478331714
4PMT,7.44059944180629
8TDU,6.6817182715360675
5EM8,6.465606970919682
6SBO,7.38478610635842
3SVF,5.637688395826299
6Q9H,6.5006396335284675
7W59,5.543105597366657
5BX6,5.141633282540537
5S9R,7.041470199373652
1RV6,6.901445751574744
4ZGM,5.936701088833892
7NVQ,8.283746675334037
5U5L,7.584934862075863
8PLZ,6.308824787676913
2P15,6.73454654058863
3Q8S,6.808377367522836
4P5Z,7.644957344982591
4YJ5,4.415408464764146
6FN9,5.465992949798993
1CEB,6.320372179526012
3UG8,6.048892053826969
7MGJ,8.126713845578614
6X82,7.849857013266426
7AFW,5.034301244850231
3HCP,6.05560100285136
5TIO,7.2658763663896995
7B5Q,7.034810767347143
8EXO,6.10258251236242
6YTE,6.3935103482592455
1RDT,6.554724366722086
3MIY,8.012556457147792
4JDD,5.891399348241099
6X3O,8.865759145723784
7LD4,5.0267613168904886
6I44,4.377774302430009
1HE5,5.20721382594768
6AUI,5.794222969173884
7JVR,7.486517562574997
2BJ4,6.175513595774481
7F83,6.252584154864965
5HFA,6.602686728078791
6GQO,7.951221934880675
5S8M,6.52012205489841
7LLA,5.849358388211804
9FAS,6.7065141830906905
4X4V,4.50207661391344
3L5E,5.05051203925499
5GTN,7.807614779975933
2ZDU,7.105751096357313
3S95,8.211516968021321
6B73,7.130044489487627
6ZX0,4.691754004742057
6SLX,6.016372030199119
2VGB,4.551426184960561
5Q15,7.408818230574167
3GVU,7.313948708822324
7KK4,6.297242095090893
8GUD,7.507094056407267
4GFM,6.89846668105137
5QFZ,6.109126358074542
3CD8,7.625373421616103
8EX0,6.541327128580306
5S9J,5.337539083589599
6VXU,8.59454379219069
8W8K,6.464005365159907
5M4N,5.353766541058344
2C95,6.046530969437898
6FZF,5.254453302697289
8FHG,6.353388402090405
7FSL,5.583493229111678
7VDQ,7.959644819408972
7WI6,6.790503210990735
8JTS,5.765362287826806
3UTU,7.712820897540132
3LD5,5.135791463362156
7BSP,5.413139856528769
7SED,6.6314221786546765
5S8U,6.136579865370273
8P6Z,6.719705985547976
6WPP,8.125928090956984
5CFB,5.137953619130976
6BQQ,7.315086310036747
3KDU,7.285869454425827
6WBG,6.527572323732862
8B87,5.922367201635185
7U9A,6.379835999101388
6RLQ,5.8848636978784254
7KTR,6.669697274127008
6P3A,6.924971366497867
5SAV,6.626939976964399
3EDZ,7.221661183117609
8BA3,7.61170628043177
1V4S,6.947769446976943
8A92,6.512332903858467
9CFM,5.293104004724035
9GFE,6.951423010220524
6U1N,6.517242548288347
5Q0I,6.324029398740308
2Y23,6.399518783141797
5TN4,6.294437641308285
5FHZ,5.987680089405579
7DHV,8.299207064769357
7FV7,6.892068298424267
7LQD,8.010528299791652
7UXV,5.801356782444066
8DMQ,6.2245068112808015
3DCT,7.136416111583096
3EQ0,7.797398998414187
1NYX,6.296880253581031
2J14,7.368362356688298
4FME,5.4423532588243235
8QTG,6.523285078751727
7G88,6.751432110993514
1KTT,6.688061791543405
5NK5,7.884995063927262
7FCG,5.776140303333234
8GOF,7.530785144874339
5MXD,6.758558159433559
8U5C,6.9559815983116104
7F9Y,6.947717850608751
7AO9,6.390572937183342
6CCY,8.306484713006672
6VRV,6.665768797637648
1MU6,7.609286403228322
6GVI,7.104697129896322
7DVQ,5.669109800522556
5BVW,8.195312018815082
3R1N,7.890440830862567
6Y9H,7.376752135308719
3V9V,6.991355655870218
9AU9,6.24191701000015
6YVS,6.946022533364389
8EUC,5.951807993233884
6I0M,5.253816616137334
2W7O,4.297204151324277
2XYJ,7.559162108672969
5OWQ,7.760635655249939
1LHF,6.696416647806748
4UYH,7.246469132323616
4NTJ,7.404303719635591
4F7S,6.855829597566006
4FMB,4.836662942555219
8V6W,7.02249036713165
2GTK,7.395506316862876
4N6Z,6.758970451040151
5TMR,5.883232285890158
7WQR,6.166299561399016
3W69,6.773932278581039
6MOA,7.119282985169678
8STI,6.85965158163026
7T4I,7.299704526129562
5WU2,5.0016613767568225
7JOU,7.137580383901486
4TO5,5.339620933892193
5DUG,6.219337956995467
5MME,6.096097145017336
8ARJ,7.586826706648311
8DU6,5.970951317513436
8BZI,7.083256231568143
3TU7,7.853361298750275
4GS8,6.760466499728901
3ZDU,7.14756131651437
8E8D,5.452961047228955
4MLE,6.925770375010758
9EEA,5.255283266090905
2Q61,6.631529524609359
7G8G,6.059985733691087
5RK4,5.884086721951188
4MNE,6.164718949668683
2LRR,5.069161355087195
2YI7,6.133151771925112
7MFF,8.563144608997787
9FZQ,5.631917030969527
3KMZ,7.0475283680146585
9JBH,6.916337380036904
2VGI,4.652114382521045
2QA8,6.080695168582843
8IPZ,5.923129565950718
4CI5,6.527125904136553
3H9R,8.029212297496668
7FUX,7.9146215073304855
6TOS,7.399054483620764
5KRL,5.558645700677953
5T97,5.145290397730712
8AM2,6.757471910792858
5Z90,6.492539798391274
6X3D,5.656182426716868
7RS4,7.066232821286237
5UC3,7.353221477439968
5QFB,7.279067674942638
6IIQ,5.222223949394369
6UV5,6.102462531348173
7MYJ,7.046515304716091
2ZK3,6.638477746068683
8QLS,7.012135821653101
3R6N,7.406460499325596
7KT4,5.6601467989988645
3FI4,7.902688027310967
6TUC,6.559424875865033
5N4Y,5.956221903524668
5ZF8,6.764468737250853
7D0P,7.742837845037185
3ONB,4.836491191174055
2XB7,7.420793780754528
6PDN,6.1831743337026
6YF3,6.1351064078683635
6L17,7.25068060248404
2C9Y,4.9534114589152765
3SXE,6.275078844983601
2ZWL,5.493914908244945
3F98,5.5754228919084685
8ASF,8.152944169267656
8R9O,6.357128198162374
6BYY,6.457809264792985
6VEZ,5.036557815093294
3IXK,7.536791687442104
7G0L,6.295073205461592
3KVF,5.70653873950376
4OGV,6.037264606436495
4PX5,7.152666967506253
4IO8,6.474418731253833
4AOT,8.790383788530246
3SMM,5.3539543007170405
5DL4,6.154604659525332
8PPI,6.357646603666808
5U43,7.49158217192305
7O7K,8.364827327373709
5RKC,7.449659819837988
7O1W,7.333922339331804
5TMT,5.608635392806174
4RSY,6.961617832518631
4PRG,6.90288077983442
5S8V,6.598721385390991
7FV3,7.372396077610312
4NGS,7.586111801350042
8BYF,6.043885047829871
3DEI,7.524633185875552
1RRJ,5.711227408567739
5MZA,2.985903037436901
8HUK,5.349858654740999
8QSK,6.730639344767483
8XWD,5.072243349855978
7MH1,4.813345583718977
8E5B,6.541608515291757
2VIZ,7.329127195358688
1T4V,6.33286149809392
3KAB,6.321101552016676
6JUU,8.096776030145513
3EJ8,5.263001468971182
5QDL,5.891712962153362
5H24,6.5033710676606615
6T3C,7.928006942532559
8FKE,8.042163833109923
5W55,7.887835632135033
6QST,6.031648046648544
4JYV,7.583925408071794
5KRM,5.784114693438864
4QUH,7.140752900519061
7AVU,6.97798322217241
5YCP,7.006096515439492
1QJ6,6.8115519210014455
6Z88,5.3921962417741485
4IBL,5.269273956654112
3P17,7.297550757636053
3R8A,8.291523912652764
5JLZ,5.868825436842596
8Y8B,5.056565352062104
6Q9L,6.484996716252311
5Z12,7.241435223308142
6J65,6.6210316529591715
5KO1,5.990628707278492
7G82,3.600079907125765
6YIL,6.6417837156780095
6FCX,7.0408965169201805
5VO1,6.914909624002871
5TN9,6.237596139460362
3VJL,4.673870971511962
3GI3,7.097103948830393
6MC1,6.872324528025084
4CLJ,9.330760938304607
5ZKP,6.947621569784619
5UF0,7.1443791905825025
1W9E,5.3396266184206524
6CNJ,6.8802920940576024
1PCG,6.355980640023234
6G0E,6.956251345038416
6MH7,7.713746042282635
2ZI7,5.602135932132145
5DXG,6.620797181557249
1GS4,6.8155446016171455
7BJD,7.472266824376706
5Y2T,7.335695061254325
7RUW,7.134733163238381
1ZEH,4.201594638234684
4LOH,5.213360915277869
8CNP,5.636767229367993
7H9U,5.014897826247096
7Z6L,8.25772556406863
3UWJ,7.055630119622428
5Z5U,5.43848296952081
4KS7,6.701304663144291
4N6H,6.819712638640452
7G1V,6.123881687403496
5UAB,6.678240368977723
6T1V,6.098157153674759
4XIP,6.135468898054781
5BXC,6.695269950022994
7RKE,7.968237741542912
4D2R,7.089292881273007
7C7B,6.31854404156945
6R8J,6.742514835344248
6L6N,6.997146345127879
7G1C,6.051637183282519
9LVC,6.037242534565914
6SFR,6.876502947392488
5JMM,5.859158640741318
2QU3,6.79527105959905
8DMS,4.82652564408557
4IVC,7.716289901215443
7OY5,7.913898614239681
3QCL,5.997700145009852
8PQ0,6.0565149763442525
3PGF,6.422792306667354
4KE0,6.605370935536104
7E5I,7.38394606850598
6DWK,4.957458785738158
7E2H,6.424190803394489
5KCD,4.997010243383765
7R7S,4.519625453556435
3BCJ,5.582151274857006
4X4R,3.7960233096661717
7NRB,7.179434490269481
2D06,5.365476467091967
2BXU,6.084682935765853
4CTB,9.46421047466776
2G47,7.143344613364884
1T5Z,5.706237240757402
8EOI,7.204586850662727
6ILZ,8.149897572451746
8K78,7.480032730825895
7FST,6.248104114864474
3BC5,7.471984665825369
5VCW,7.748758023978873
3BGQ,6.728587323761467
6LQX,5.871752100451326
9AS4,7.336136437988673
2OJ9,7.760244956727829
2V4L,7.161983874273429
7QHG,8.342566711478486
4BC4,4.780255337067324
5U2E,6.757681761077014
5HZE,7.093691176609908
3D0B,7.574863925462822
6PMB,7.419748845948292
8TK3,6.33613691797279
8X7R,6.006808244898066
6WY5,5.69454223194211
6DI9,7.647062193302514
7MSR,6.097153322496076
4DJH,6.865665989266901
7KX6,7.564969431087096
8E2M,6.29361784316479
8JFL,6.776155795847232
6QBH,6.470109873943452
4N9E,6.435660177987735
2WIJ,6.602686728078791
8UC9,5.752786688192184
3VRI,6.972264270629278
5HKG,6.15154136401726
4TO0,5.550872743340346
8OTT,6.51534807860087
7SCD,7.383753416212858
4WHU,6.799972693647506
5DIG,6.736500918176551
5QDZ,5.850811987015883
7RXV,5.093341257583635
7M43,5.295288958585155
7RAN,6.4467835765117645
7OLX,7.7086258364801905
7G19,6.16949834552616
6IJS,7.150917146996615
3RNJ,6.242467478118795
8P7J,7.552556400300698
6HMR,8.04384496453084
3AQA,6.150347866390668
6UKX,7.2644280862195645
7ZUN,7.3897031965484485
6WNH,6.918956715078846
3TU1,6.789793510783168
5QEQ,5.461666550734053
6SQE,6.7070230580501695
6DXK,6.939401935159298
4AWO,7.027580613880138
7G8I,6.282194704111515
8PO4,6.432686276779137
7G8A,4.43640507365701
4POK,5.02098401538795
1O5D,6.504062362419146
8CIJ,7.259738757243755
5UUI,5.737041775207482
3VBG,7.232303482086987
6VUM,6.3064726216505615
5IN4,6.074774678984334
8W03,5.032480769121652
4RZV,7.589496306401294
5EG3,5.820397071105745
9DNM,5.237238570792425
7VBT,7.844177278946656
4GWK,4.145399634902871
5Q1F,7.535814252298864
4FRD,6.378447761141679
8DUG,6.1517739830795675
6S89,7.63487255238949
4AGC,7.39747037183672
6MXE,6.684837038931936
7FZ3,6.038808243424838
6VGH,6.73456051502259
4L2Y,6.999939382373199
5W8J,4.797627598225346
6Q7F,7.108300748948417
1FA9,5.096136009088309
7REK,7.4024243118856825
1RY0,6.092561287642465
7B8W,7.776259982318463
4HHY,5.799136147923691
4L44,7.1834802555391635
6UQG,5.646863968134574
5DMF,6.801640640710498
2C0I,6.707802160543249
4QXQ,6.33743767389236
4ZWG,5.400261564405005
7QVJ,6.2333204272793585
6CD4,8.297640755871301
8AQC,6.009177595201241
8BWJ,6.575032731876751
4TO4,5.39746543078764
3DZQ,7.691463553812851
8X7Q,6.881238807776156
8G0H,7.501011268735794
7MU7,7.821746081460391
2YIX,7.545440783635253
4BTK,7.372554963556536
6FZG,5.737388884493395
7MHZ,6.478153603621994
5XST,6.330340306388201
8CQK,6.682457095125832
5FI4,7.786081188866693
7G84,8.709287838915385
2ZP0,5.601682128588021
4WV7,5.6470938480603685
5TMO,5.714168713977519
3SP6,7.137993685917341
3B27,5.643043010563462
3B3K,5.853087032561342
2ANK,7.884839636662734
2YJ8,7.616124953663287
3QJZ,7.614812156816409
6T90,6.079775428351371
2WID,6.602686728078791
7AK3,7.475164506947728
7WGN,7.336966656439081
7F80,6.939726455725075
8EXU,7.508361768206657
4WDU,6.132501430753585
3HNG,7.65219324754722
4YBT,6.566683191168129
5W9C,6.228725954572307
2QGW,5.366172929414423
7VPI,5.526768241139667
2OCP,5.530276318943373
4MR9,6.612159130008897
2B8O,6.224097662381824
8P72,6.730252207438084
3WC9,6.247562885805365
3AHQ,6.959597474328852
3EE5,5.474995200351709
5AOJ,5.308927691236821
8B66,5.041015192732582
1Q1M,6.274679038379092
7FVC,5.877736666170618
4ASE,8.387634134169785
3HLV,6.781827335581695
7EJV,8.062870260175627
8SO1,4.791021028564871
9EY2,5.783192996682998
4FMD,4.789315545718299
7XN5,7.191999501873076
8B3R,5.661142895717388
2YLO,6.11581217980165
8C3G,5.492407298713633
7RS7,5.8532764165344355
7G8F,6.829208382396094
7UUU,7.188250848272344
7AW4,7.59673124366445
2HVC,5.416744532018547
8BW3,7.843224236022301
6CQU,6.090558894150431
2QCT,4.6934657608087536
3R4M,4.75487077762765
7L0G,5.3382523398392
4JTQ,7.530621324017877
5KZ7,7.354964262394299
5QD1,6.519640507322439
8PQF,6.419468469560535
3UIV,6.649863031611222
7M3J,6.544373897390027
7VD9,4.588833557337366
4Z1V,6.503032345927541
5HF6,6.225631360062247
1G30,6.985652011944304
3PDF,6.880358645524717
6B2E,5.802737757276061
4NEM,4.846885775324704
3O23,7.346273023775533
7KBS,5.847383755974791
8RB6,6.275766410771565
4XUF,8.11800585985998
6EL5,6.379886544998844
8JD0,5.8160818367090386
4ZYF,6.419863148010944
7G8T,5.785315247646454
6NW2,8.22155811806707
8PWK,4.6949088824388445
4CWP,7.491904588220372
7FUU,6.905518682221378
2VV1,6.632459902332869
8BZJ,6.8351731328032885
6X40,7.992229887356725
5TBM,7.421337893050097
3NZ0,8.184740751702028
6QAV,7.59819203034211
7FUS,6.547040615640767
2CF8,7.788383924031562
5Y2O,6.7357577460587645
4BB9,4.9912747020295924
5Q1C,7.178345711085024
3OTB,5.052034760172889
5WGD,6.468125805454814
2WBI,6.562610877683861
1H1B,4.66083706984792
7A1B,5.584883896844871
3VWK,5.271284364059148
6ZY5,5.68022836118794
8HNC,6.005665549886975
7OB3,4.575520388127377
8V77,6.808713944885495
8CHF,7.396166315528638
6TD3,7.007543985641685
8GMC,7.650416797252801
8I0C,5.973993075257028
9C18,5.499317411039062
7ATU,8.4171683145721
7PRX,7.306810812339552
5S8W,6.652694642105932
6XIH,6.408045293554501
6I99,7.715397918625155
7S99,5.080222786314773
6Q4C,4.498355181686186
2QSE,6.169066089470298
3OPM,5.82840319213273
2H6H,6.451800361625436
6BMY,6.080745867654718
5WA5,8.014348301554133
7DPO,6.305230968641703
7AKF,7.313289207197294
4KNB,8.015694513040842
7EFQ,6.236297808954015
6BJO,7.03347934450218
7DH9,8.163793522450002
5AQW,5.468454943534485
4FTK,7.885651385627844
6AF9,4.815926697020578
8PVD,5.043792314864405
4JVG,8.350136833394373
8BX0,6.0491417033922765
3DT0,6.729073798550445
6GMR,4.058320561784815
6FYR,6.90945043832267
7AJ8,5.879541941070777
5DWG,5.225431695545216
8CSR,4.969172225912594
7Q13,5.18338970793429
3LXN,7.5162801542213185
5DRJ,6.010185602668738
7CHN,8.80914381027981
5HMH,7.5606627346491475
1ZQ5,6.423336489395799
6DZW,6.268546378305338
3I81,8.092735116332475
7YAJ,5.721434958334922
5UCI,5.913644013834331
5D24,7.121654433054428
5TLF,6.363196289129374
6PIT,6.504702811269292
2E2X,6.248540039230633
3D5F,6.33434271800115
7FVK,6.2591353010032025
3OMK,7.754862805571245
7FVD,7.116639961226539
6FR0,6.383766150209444
5HNI,6.692730198386505
5S93,6.1690642844713075
4GJ7,6.770733421423559
2YHW,5.686756855788668
5EI1,5.193933522810629
2B7D,6.6429302719003545
5DXB,7.18189877673644
5CS8,6.8821898561014
8V1F,5.775250594749521
9CFZ,5.304398107278903
6EEB,4.685648515567257
7R9N,7.987718736712934
6JJ3,7.2584372504519825
5EXA,5.263499163924887
1IMX,6.5566177842906965
7HAP,5.270989658622687
4U41,7.709291556130341
7X3O,6.267061423832789
4ODF,6.753670745562963
3T9F,5.935659875703362
2O28,5.596880423089776
2YFX,8.127747364737962
7T9N,6.745698850932917
2R3H,6.698041866391189
5DKS,6.346715314432245
1J9C,5.78241658181321
6XRM,8.822952200986968
9GEK,7.320770764847328
4YLW,7.581091419623735
1GWQ,4.71927228788652
5AK2,6.067494581544204
4V24,6.886662935808911
3BV2,7.5032311624250685
8IMY,6.236138886869334
8FEC,6.5192115499195085
5URV,6.835805244168779
5URY,6.22865107441265
2JC6,6.793461220226116
7AVY,7.467267236877456
6NFY,8.076362993975355
3CLY,5.509129574764057
2E3N,6.993488621523379
8ZMY,6.511084429298249
6WZV,6.9363608095856994
8IVG,6.484775878409132
4O38,6.164181765847257
7EM7,5.552575132274871
6J0O,7.277481084697065
7CHM,8.543043145109916
5S8Z,6.319696224938523
7PJN,6.835455171992399
5TM1,6.009748617153599
7NN2,4.740838682930143
7M0T,7.597995139802058
8T3R,5.523194939019587
2D4Q,7.291910828696224
2V4M,5.313297102808614
5ACL,6.11006656023906
5X79,7.707422653103622
3HCN,5.861151010221209
1SSP,5.045826752171797
7JXH,8.47276503831216
7VWF,7.149228323588808
4CWT,6.996029679391844
7AB2,6.867221264294649
6BRC,7.502897827604692
9B3N,4.939864803267277
8C6M,6.93313702810866
5RKE,5.782857935974708
3ML8,8.285932087187204
8JCX,6.036356744363974
8YGW,8.600146700643947
4QFY,6.570010267922569
6Q9O,7.323955712776247
8BZF,6.016029635170828
7G9G,6.4027042702440795
7UP5,5.120129441142076
7DHO,6.450206187765077
7O9Y,6.1506955088394255
6RQ7,6.151929361285395
6N7D,7.8743272986188515
5C50,7.0493982764973016
8X5K,8.13961767218554
3ZLR,7.281121587329536
3B5R,7.273626184310292
8A62,6.920260977596902
6EIJ,7.2794945457462905
4OTQ,8.085106645844848
6L1Z,6.185894436391053
4ZW1,7.478093219139268
1NZQ,7.743153046592988
2VJ6,7.30627707120765
3DUX,6.319163746784897
4ZI1,6.082106060554955
5DUH,6.593683952721551
4WDX,6.53083306004995
3R8H,6.2334193619999745
8V78,6.539386688893285
5CJ7,5.075159884207299
8DUI,5.989826951816401
7N7L,7.699179831435679
1LHE,7.218916746665755
3ZLN,7.413814062371065
4RXR,4.9924935393338785
2LZG,5.3186253681760185
4U42,7.900195421317066
5S8X,5.1512823331345325
2QE4,5.205987311105114
7OVJ,7.518664156267309
7G8B,5.3698883648846225
5M4H,6.340873661443564
4QG1,4.852313025303937
7K6O,8.127932567192914
9C57,5.099222095825231
7LOT,5.474445011550243
5S8F,5.615489061906199
5DWE,4.716912991697005
4DWK,6.806975725192779
5IPJ,8.83383691064527
6PDO,5.962401877763661
4KO8,4.534395258474067
2WF1,7.256887703495442
2Q6S,7.328167689268412
6U9A,7.088416208484108
4ZTH,5.542479109370452
6M4U,6.385168452036619
7ULL,4.7864161217338275
3JYA,6.443051961106561
4X8U,6.178069309879992
5DWI,5.279167684383395
1XBO,5.982143102592225
5RJP,5.683879815598124
8TBS,4.897062302307771
8D6F,7.57070034354808
5OWR,7.5540751756230495
3GJR,7.074217380697099
5KPQ,6.81691715379675
5FDX,6.783023278399033
2YFE,5.673409297459847
5AZT,6.350125391245536
6H3E,7.162488204956663
4YQU,5.792703938017884
5T4H,6.731893903691103
1AWH,6.890725923740286
9BQE,6.0169687704305135
6UKV,7.28675886643195
6UIP,7.430925018390319
2VX3,7.374114450568932
4MG6,5.329914612297876
2XE8,5.260550812538398
6CPG,7.365687721377649
3KTM,5.879468257839993
5LAZ,6.319952248162875
5HOX,7.148706665385004
7FZO,6.172013355077913
7G8V,5.803096516686678
6MD9,6.436656894527695
2KQD,4.763901645963591
5AEN,5.259545461517252
5I3O,8.53940818637564
5IH9,7.660909513591316
2IZS,6.865794734444762
8UOJ,6.806210821256511
7O2V,8.167204390622164
7RRX,5.903685155431116
5EHO,8.212728266777134
6HWV,7.988682061797132
9AXF,6.313602289507822
3CKX,7.531719274693225
8X73,5.956605563262749
6HMU,4.900454023138186
7WQM,6.007182857966296
4AYY,7.441606568879017
5ZYK,6.879272690865271
7UJY,7.1459781906145645
7O9X,6.120857563950665
7UG1,6.929345668275525
4EQU,8.129251723633883
5U2D,5.958313957576902
3HUB,7.71828322356025
3VJK,5.004116443929629
3RLJ,6.846505186906717
2JF9,6.578662971645578
4ERE,6.1211542833136106
8YF1,7.504178764899574
1FIT,4.961742801669636
3MDY,7.630397800977454
6Z2V,6.11809266596077
5MPN,5.005776025740616
6ZPT,5.9889574624837705
1H8I,6.74132031272075
7M2K,7.0731478345501
2CMW,6.487804457549007
2POG,5.605519467398588
4MH0,7.946747488137147
7RS2,5.674971122338748
7R9V,8.549393954002136
4HLW,6.082184675928062
5NWD,6.046546253519403
7MXG,6.641405271772384
2CHW,7.317192126346371
9C56,7.6389495327888675
7NMX,5.480482579764308
7NPB,4.64517212992338
6RP6,5.350359469152289
6DO2,5.362191237176661
7OVN,7.58878651584564
7SU0,6.224738346981152
6VZL,6.499471971467485
5X28,7.222941505858534
6YT6,7.59718073057868
4MXZ,8.096924695795698
1LD7,5.62416320946769
8FLM,6.69671549863461
4K0Y,6.511065414227082
4OJB,5.990936664099182
5GWJ,6.429232391756284
4GK3,7.918949336710015
1WSS,5.678904417196006
2I4J,6.589041501857932
7FVL,7.846554820284605
3T8M,7.8290478289282195
7R9Y,7.809317356073807
3TH4,5.554408336524741
2FVJ,7.66818160268097
3GHS,5.052058476487113
7RLJ,4.51371166133881
3MB3,6.0007514876286265
7AJV,7.4792034210525395
3KWF,5.232690717665966
2VGG,4.573149281989549
4HGE,7.730734469525005
4DJX,6.908698397905306
5UWD,7.846560140458344
7D0E,6.752277607101021
4JQ4,6.643010435832952
6HHJ,6.756956991851932
2BKA,5.553904103360624
5N4N,6.278118550883896
5RJS,6.936497862888679
4TUZ,5.685564411831057
5IA5,8.288964843936222
5RKA,6.907483081159601
8BYB,6.551952667273568
1G50,6.598578697245574
2QA6,5.050471131163979
6F8O,5.5782093128060755
3LFD,6.0836026758990345
7PVS,6.735672345078355
5UU4,3.0114041168957195
6X81,5.92994440570844
7P6T,6.697841378028137
6DW7,5.099454839991016
6ALC,6.465063444963644
3GU8,7.506665031155953
3U6J,7.813304141405805
4JQ2,7.624205134225392
6WXN,8.060526610812254
8UAP,6.678450806812838
2V3H,7.829172064455042
3ADS,6.181882235880253
7KHH,7.555167968452698
4C6F,5.356099690655414
5H19,6.606455574604507
3BHH,7.473351405825577
8WTA,6.783264064627435
7FVY,6.0018706400878905
5CGP,6.640036807970906
5T8F,7.688990304946144
3Q8R,6.4192058834915775
1WQV,5.73248494496065
1M17,6.88833851720348
6YF2,6.525430222428852
7FVN,7.012410117353809
6BQL,7.160319774566973
8HNH,6.965621726413064
3GHU,4.983388788964852
4OFU,5.78684535262912
6LP7,6.633474285557834
1JCQ,5.84784718045827
5JFX,7.8469455545154405
3QI1,7.330475359405177
5RJW,5.614023745832379
6W89,5.212127898361617
2ZK4,6.643173778207813
5NYH,6.222011879576535
5Q0M,6.157135134161646
8EL9,4.590180517325281
6EO6,6.2096730526673145
5TN3,6.687311508433153
2C3I,7.471112575340083
4LWI,6.667703301796262
5WS1,6.4402971171413945
3OZ0,7.694501131258505
6GVA,7.028359062166285
5S94,6.567606532523559
7UAF,4.960216322767362
5HE3,8.412068044704315
2F0Y,5.889659722369703
8GJX,6.7502287790547015
4DI2,7.583616574728788
8BX4,6.209660854513072
2W4O,7.217322741371763
4BAK,6.739526452656186
7Q7K,7.605444038361122
3UG2,7.161388785387768
2L84,5.449213210726246
5J95,7.679399043958508
5DYW,6.468518228439601
5U3X,7.2624712593014324
6PFM,6.058284365820264
1J96,6.012976002294717
8AAO,5.804256936446771
7QQG,6.50254100543892
5NN4,6.22865107441265
7AW1,7.378619079468954
5UEU,7.27966903703583
8FCA,6.800267800687116
6G73,6.941742567608947
7L99,7.952018127098481
7QJG,5.717647539038138
7B32,7.881131591309014
7Q7I,7.9821127815572215
5QIW,5.037105052647483
6HDP,6.144606414272939
2NPA,6.693516488892955
6LCB,6.762668656252296
6AFD,5.178147775111838
4P5Q,7.283229307872456
7RBE,6.059156877200514
1GWR,6.507913990551253
6ZPQ,5.77682906981688
7FVQ,7.176935664708793
5N4Z,4.337041191111527
7FZL,5.666580499059651
4TV1,5.838126455767513
6KHD,7.064525286531841
3QFA,6.982400223926057
6LX5,6.313005657585945
7RRZ,6.897318366897559
7C9W,7.371820332697512
5ZYM,6.445584820828733
2FAI,6.056424707696461
5UI4,6.430190237018143
3FJL,6.725225116432945
8FD8,5.77934955365337
7YIT,6.666651040013322
5O13,7.79230816894519
3PEQ,6.891418499998447
8U57,6.0211693554335355
7RTK,5.9341754456411575
5VCJ,5.997754827267637
6J81,6.79191058466567
4WMT,6.405982066213455
3LW0,6.5210202930686965
4EMA,7.0869432454345755
5YXD,5.353156063104298
8X71,6.083794247800464
8U02,5.3148177008013455
3AN3,7.690721567487995
5KCT,6.356268501345808
1C88,5.706761782338802
5ACB,8.217282180529189
6OVA,8.375578257304394
4QTC,6.839236667243984
4CD0,7.951009252742134
3GD2,6.833627754936642
5HGZ,6.261202142874199
4FGY,6.713573710864751
6CQX,6.589945511538214
5QEZ,6.479289133486306
5HYK,6.72647284849795
2WI4,4.5936080953713985
8UBZ,6.415336454658898
6IF0,6.608194489175704
4V3D,6.17184062511381
6TDC,7.0167087257368665
7VJL,7.841303288967633
5Z5S,8.34577121442175
6DWN,6.408245445574406
3A9E,5.809827980979531
3PBA,6.070397947901986
6CPF,3.9577359724587278
3X08,4.9043313973012275
5NK0,7.952170121609167
6NRG,5.98997064285565
4I24,7.259531092334288
7G90,6.461833896874184
7JWN,7.0684825277232814
8Q7R,5.529931038679473
8TYQ,6.731286048506168
2BAW,6.533566114844135
3P89,7.840658406875122
6Q4F,4.013492573997475
9LIZ,7.1506288653526475
1WM0,7.425921657601853
4PY0,4.969807496728492
5Y44,6.577239711163718
3I0F,6.5843989205463105
5KM6,6.420518393206926
1FHI,5.341212494088013
7FRK,4.875857388823563
8BD8,6.279932215954666
3H3Q,6.9978761908711435
2BVS,6.394658097710803
5CJ6,6.224671730416015
5RKH,6.748005665680682
7SIU,8.10198930769661
5LQ9,7.453556810289334
7L24,7.2705202276905565
2VZ6,5.425418303378233
7CHT,8.64764096983732
5UOO,7.0403684416528725
5N64,5.954058182750261
2Y7J,7.469467087704405
5HBH,6.002266173968322
4OEA,5.78684535262912
7BU4,7.851463357482689
5EQI,7.739903758216125
5EQE,5.508372553600101
7H9W,5.541574479505241
7XHY,6.852002388139747
5LO0,8.327309145897278
4F70,6.583425747562395
3W3M,5.878327683821153
7WGO,6.518449356649313
3R92,6.617498062572958
6VI4,6.945066355366938
3UGR,6.071429276900049
2YDO,4.93930954088606
5UES,7.142794920788834
7HB6,5.152108343102725
6GGA,5.796085153141568
7VXG,6.023812738687336
5W0F,6.32888605720744
8TX8,5.909352884145872
6M93,5.109019224915632
7FUT,6.803796863826665
3VSP,6.885744388972955
7JWE,7.704200489203324
1QPF,6.322108322863477
4NKG,7.464821839595212
8Q6R,5.356637531284064
4F7L,6.4766791523500284
5S98,5.8771198085815675
5HMI,7.169041835139166
5QE4,4.596615665243998
1YUK,6.066389214077734
3VSO,6.664507374515003
3FAL,5.40561877539639
5VDA,8.351105655428805
6TNC,7.510547605574922
4CI4,5.578089615323293
7THS,7.491281534268612
9IJP,6.123479985250658
1FF7,5.855352264601588
4JWR,5.612418595186424
5W5Q,8.667406886124493
5Q0X,7.77954456942771
6VXR,7.954937770977698
8X7P,5.834209041316527
8P73,6.472147779580222
8Z7W,6.107164563890543
2PRM,6.79330076080476
5DDD,6.408551019725301
5BYB,5.955912964193877
7R60,7.1952630505454875
4B77,5.553530497434827
5FXR,7.769009295330697
6VP0,6.205006677420716
9AS7,5.331414736172791
7ONR,6.628765749009319
4P6X,6.1925630821015805
5S91,5.874806411605266
1L2I,6.263738438875917
4I41,5.849379182869367
6V1K,7.287037770967483
4NYV,5.149959251273475
6FDZ,8.11237815664688
8JL4,6.267028730455682
2IOG,7.430431778884673
5HZI,7.27365889098625
2ZVT,5.8546252842468505
6ZMJ,4.899735027513216
2A0Q,6.150152079328318
9JD3,7.064353160515282
1T4E,6.04701787459555
5UYJ,7.483458609152029
4F6U,5.763190987159167
2WMS,5.700081226026574
5HBE,7.051579262839576
2YEG,4.96559533198896
1WV7,5.73248494496065
7FHT,6.653862872718015
8AUU,5.82617884581205
4Z2W,6.571179420062888
6EO8,6.2358636622304635
5RKF,6.084026704440672
2M9S,5.610880936951534
5DXQ,4.532434821740165
6KHF,6.775963432546886
5BN9,5.642645819334488
5DX3,6.606528118180666
4YZC,8.351905669531295
6OAV,6.506609507986093
4MTA,5.999329568631895
3KMX,5.322336577958416
7SZD,5.357526690427358
4G2F,7.4028233277670346
8WZJ,4.886587369517363
3F3Y,7.41421786232579
8CK8,5.043255706492098
6LS5,3.884966928729839
7G11,4.909869847701817
8IT6,6.838565771067021
5DDC,6.674011870296865
5H2Z,6.67418223427817
7AVZ,7.832925244669564
6TGU,6.624440377466658
7YMK,7.324130140163156
8FP1,6.184703539477237
5OAI,6.902342661076178
7FZB,7.37463481098544
6XE8,5.506300704382261
5NK1,8.08522102664664
3R5N,5.013206792338772
6D8X,6.301536937037571
4HXN,5.309752004590714
1DGB,4.9325907809111
4EM9,6.77391614813609
7KTH,5.642144761993575
6OD6,7.004909868649124
9C42,5.447756220256495
7BAC,6.4416370724179215
5J6L,5.806985834137068
3SML,6.129686843890187
2H6F,5.5477818977915945
5Z0S,7.521337371715465
7FVW,5.994720858696801
7A7H,7.2607950882102
8BIK,7.025041516546565
5RKN,6.519373976081193
1RHR,7.933497503112545
2JDR,7.806304171408343
8EXV,7.110235644129532
8CZA,7.9022573629961474
3S5Z,6.15803551872429
5CXY,6.227254514156911
7S2Y,4.7166479863955875
5Q0P,8.348111282426018
8BYY,5.971443590094827
7BQ4,6.709747671407076
7QGB,5.255706334900358
6BQ8,7.056903847701197
4M12,5.726047242519646
5LLH,5.137489901375972
6GYO,5.581305400556522
3X0C,4.462054885662578
8FKC,7.331786500067911
7TJ9,6.623786137006988
2ACS,5.884020967384501
8UAQ,6.754388427138018
1JUJ,4.055756958900964
5S7C,7.350777053515956
7PGU,6.1240777671773206
6ZUN,7.179074338787188
8X7H,6.162397209811417
5TLL,4.508723114850651
6Q1U,5.767196462434754
6NO8,9.109052689039169
7S9X,8.200694635563075
5AV4,4.532025064507983
6JJU,5.744859194155541
4XX5,6.961703828165457
6Z50,7.221245894585435
5N93,7.564556579496788
5ENG,6.162893072205224
7G8E,7.230232817559175
5RKY,6.697143015984305
7JGW,7.596649776864727
4HXM,6.406257624352118
5KCF,5.687813374897014
8BYN,6.922343795379985
4JZD,7.26607942599138
6Z8W,5.826473429992219
6ZPD,6.079998429630407
8UN3,6.209064373275538
4X2K,7.233735085047287
3DEJ,6.5754647632725405
2Q6J,7.7770769606005254
8UOL,7.454520288248089
6EGD,7.365577488767648
4BG6,8.244133748693816
3CGO,6.117397725868725
6Y1P,6.329192927776048
1YC3,5.981121669603094
7SR6,5.187779309896009
3K22,7.319529318658739
3EPB,7.237423870828
7KTD,5.47546415687886
8U0H,5.411428574705926
9LJ1,6.689604873227316
8TUC,5.944352662920563
4GK4,8.379274675437774
7JUO,6.692905448625163
7UP6,7.351622534525636
3TN8,4.757248952516717
6M3I,6.552984514055136
4CYG,7.123045709399247
5S9E,7.065885885041324
2F9P,6.22865107441265
5TMW,6.536651902475319
1FKB,6.21951313524171
1SNU,8.194871579867991
4PPS,6.080885806537053
6HP9,7.607432902338053
5C91,6.877851742615657
7FQH,6.633656656736311
7QRB,7.409179719871047
7H9P,4.279679638561068
5N1X,6.394061730097395
4M13,6.234122617525294
6XBM,6.155251668737483
2VAG,6.773900407770657
2ZNN,6.351746657015293
6DW5,5.7756828991968305
6WNY,7.254671510745812
9BMH,6.241967236049789
3WZE,7.750571191340985
6RJL,4.382294428256532
3SVH,5.5673481692689295
5RKT,5.252468421177667
8DV7,6.126517851463953
2R3J,6.440368489454549
8DC8,6.67744060405589
5KJ2,7.5006785550988395
4OCC,6.102171344969308
5KM3,5.108852435688912
2I4Z,6.1102361155661775
5JFS,8.223366354065556
2P4Y,7.394194427572865
8TBU,6.989227375009328
6Q96,7.4891771127440885
7K15,7.287338002526971
7YI7,6.064430892056953
4YKQ,5.166860148967271
3N8I,5.097672519446794
1LHD,6.674344171594612
7TE7,6.622683013497028
7QVL,5.670787203955505
4TO2,4.659400903578684
3H44,7.228038258937678
7JYS,5.060788593889065
4G8L,5.938691111538069
7BR3,7.0621034228954205
6KUW,6.386433446172518
8T99,4.214025737952413
5UVW,6.670021566429427
1EV3,4.409348785534749
4XCT,6.456424792180037
8Q9S,9.743593856671895
8WM9,6.345254888005354
6ZFH,5.284331065782744
7AJ5,6.34992137873249
7FRZ,4.707034493929137
8OG9,6.377924635132316
2QD1,7.476281003840968
6CBZ,6.4061958143701805
5RK8,6.9433001183027665
4RER,6.769765608016229
5Q0L,7.587580845690274
5QIP,5.7038919166236814
6Y99,5.256536958721091
5SAU,6.592018240116514
9B14,5.705004333396968
2BRM,6.230295787494507
8X7M,6.2815450771357915
5I9V,5.127333991053535
6CZ5,6.539031047497016
2ACU,6.083066659161655
8PA6,7.103615152795466
1E2E,5.3659472225317115
6KBA,6.654690773779836
2IZT,6.930730986871166
6E5A,5.347085611354443
6BFD,7.497489466692994
1HE4,5.105066489307921
5KTW,5.71644569844134
6SUO,7.091108028966596
7AO8,6.390572937183342
2XCV,6.206152713401646
5TVT,8.939747825868977
8HND,6.184121002921378
8T47,5.101026444947421
3QDD,6.973095837286541
3POO,5.437181706340997
7GSF,6.568154193291118
4WMX,6.405982066213455
4TNR,4.892901820533548
8BYE,6.464530133861602
4TNB,4.613854328366719
5TEL,7.156949443595206
2JFL,6.934427853810608
7OQW,5.283228479186356
4RN0,6.059793330567428
3L4W,6.337034511961978
5ACC,7.222788419287336
2R2J,6.100717519977812
8W6C,7.649955483971494
8TRW,5.872198435343917
7SQL,5.372522742351283
7YNQ,6.18282349948704
3HG4,6.738860718404021
4KXB,6.288770314943228
8EBT,6.28636643240553
9ESZ,5.42504050465142
4GJ3,7.093303414114631
6QXK,8.126100763319013
3FC6,5.584115025835116
2D7R,4.742216105876498
3X1I,6.494412149980621
6A4I,4.766459615644833
3BL9,5.748723338249206
6YVK,4.705720576148352
7YXR,6.68332834446071
5Y49,6.834511482002684
6QCD,5.156860394594726
6WFK,6.539213270563438
3SP5,5.316120531086637
7LAZ,7.247674674474396
5TF8,5.319713124644303
4ZNH,6.64467338599809
6JWA,5.381891899857019
8G1U,5.092506822324795
5AQZ,5.2192041476957165
6FW2,6.380543827690636
2VUW,6.9883819309520625
7MIH,7.673575674285715
1DGH,4.761293499302793
7B4C,4.5768867610673025
6AY3,7.813249547693569
3A7I,5.062074705868726
2V7A,7.371096007262281
5RK3,6.002372687629148
6WH4,7.04815271257726
7BG3,5.8221045236291005
5DXR,5.440458392385505
3DKO,6.690299210918255
6IZM,7.966390534391195
5Q1I,7.13275471307681
5ENH,6.438193870785194
4RWA,6.409616589605623
5U3S,7.292526164949734
7WTC,5.778253469401433
6RQ4,7.865113443037977
6EYB,7.364902109871016
2FJM,6.29325525873607
8HUL,6.8979685752527065
5KTX,6.46415191509263
6CM4,7.376132556665951
3WZJ,7.3402291006895695
7M5Z,6.536144274102632
6LIL,6.660636989721446
8G5D,6.284326544046072
6S39,4.281444569081692
7R4M,5.701051305635435
2JBU,7.160618072391485
6LKM,6.267536866338784
7PW8,6.309968182340355
7RUX,6.553931260486551
5VDH,6.941462666641009
7AB1,6.882890161915091
5K7G,7.167576758910048
4X8T,5.589819871459982
5TN7,4.636533193572926
4JOC,5.621883853776347
7NKE,3.982093693323727
8HUO,7.0947772391058095
5AAU,6.8648436730432625
6N79,8.698467602816928
6LP6,6.621049035206095
3QCF,6.962756186278132
6SQF,6.754266092176418
6L13,5.987199757304334
6N8G,8.18881429311698
5S97,6.561318046377276
5OLG,6.424070969452845
7UGL,6.680052340276472
7UJM,6.802312637647469
8G67,6.25831304436315
1T84,6.471331094207135
3FT8,7.867248724769255
3FVU,6.887595684461864
8PM3,6.834965138357757
6Y9R,8.116868241618793
5TM9,6.901530933532458
3ZSI,7.7416113202133205
5I3R,7.741117701791645
7G99,5.8599534732869145
8S88,6.290153066403439
5EQH,6.981009446367199
1OIP,6.146827411641651
3QCJ,7.024166695868792
9FSH,6.423220655329362
4G0V,5.949638434422498
6C99,7.068342022025964
5WU3,4.5666845376940035
5ZXF,5.867095892620352
7FYF,6.21685977285351
5O8V,6.458245782641597
6R6X,6.417484813194497
6GVH,7.137442002733455
9CTV,5.852186233362132
3FEI,6.451395491085868
5U2C,6.897788798981015
7LAK,6.853648358957396
5TM3,5.009412225539875
2YE5,4.735673551133075
8HLP,7.198180364140926
7FVF,6.435235426128124
7KK5,6.122057589773107
3U10,6.137149052100781
6SMA,5.76200793743793
5U3T,7.004688925694001
8JEW,4.212048036688109
5OCI,7.028884757149214
7S1R,6.120902092890593
8AKA,5.066543189707471
6ZOQ,7.5924020699627714
5XQD,6.054992460349426
6NUB,4.735844975463067
4M0Y,6.006568829060091
7BSU,6.077635816398692
7X3M,6.101039986513023
3OP5,7.515584192223807
7ATS,7.872494627206725
7DHN,6.970288973885108
7YBP,7.514807385220486
2BVX,6.795309766165202
5S8I,5.72943651697498
6ZGV,5.267520825328845
2V3O,7.811530229938835
2QZL,7.162382575873645
4UDW,7.149163520349345
2H55,7.707111951366895
2JH0,6.49313760389741
9FET,6.801471039551261
6HMP,8.502602480299549
7FSV,5.791631677333988
7FS1,4.2948453899259516
5ENB,7.466217579299605
7AVT,6.708287002323702
6ZMK,4.314814931358334
5FTO,7.648101325767643
6L15,6.46872122198879
6FBO,4.801024394622317
3GOK,8.007816477215604
5O0Y,4.8909313666570196
8UO9,7.799163494363195
1M48,5.927190734306904
8DHG,6.677021543853227
6NF1,6.977221194945506
5KPP,6.950729328867391
6B0F,6.017697423115197
8E8C,5.394795999617267
6WFV,5.814954109184416
5ZGG,3.3703210649983126
3KMR,7.147268050279805
8REJ,6.722985717339139
5H15,5.2745446797046736
6F3I,7.343258617711434
2XJ2,6.353433961558133
8T82,6.131933031672074
2UVZ,6.8565823857180455
6YVL,4.702816780401363
6F84,5.794257628703406
5WGQ,6.438339965970524
3Q6E,5.183199566328532
5Y3O,5.935032185379236
5HF5,6.225631360062247
5FGK,6.824135632450812
7Z6H,4.984295137459401
8R1A,5.865769262880126
7G95,5.754418030090941
5Q1G,6.674179527550444
7BQ2,6.2762154183862275
1ZKY,5.985727262002597
4B99,7.19604972159022
5N5M,6.4944431883573674
5EGV,5.328403465616748
1I0Z,5.5346613078087366
3QCG,7.0241488776631575
2I17,5.052058476487113
3OTF,5.966764221437943
5RKX,6.384663127938822
3RT3,6.271541441605041
1LHG,6.528878059812249
5A1I,4.586908503283345
2BZ6,7.24056155215
8X92,6.3589705130597505
1AI8,6.74347433940394
8XY7,6.776155795847232
6MH1,7.864294771643111
2PKL,5.815256049292382
6MXZ,5.7762942458940945
7FVB,7.03124020080248
5WRY,6.223359465895346
2XJC,5.115090968041115
7AQT,5.9386194009231446
7FVJ,7.319248780497465
3O8X,5.87717435445553
2BIL,7.535758786773808
2RKZ,5.37178106210439
6S86,5.088067887529325
1PYN,7.466854375710295
7ZI3,7.205219463387909
8DSZ,7.651747130928577
7SZC,5.123539235617188
8D0Q,6.207772955301851
5EXW,5.03280418984316
6IAR,7.327368335223869
4NYX,6.756345863425036
5U6J,7.437544517651396
5U2F,6.201582208835213
2BXT,6.001736162702223
3IFW,5.4494416254419304
5QD0,7.124989735357851
8OP9,7.742227871712121
9BU7,4.351087322531762
6PSJ,6.072965582406539
1XK5,5.360318926213008
2HZQ,7.209026103842252
7KKE,7.7606138429493745
7G9I,6.089003240685981
9F7W,5.071418239335223
3I25,7.7145007149863
3ZS2,3.3245367434353743
8XSM,5.885556276165334
4ZNT,6.547395329997027
3V49,7.348814710964188
9ET7,3.9431736970086333
6JJ5,7.1938291831764944
8JCV,6.202383209900628
7MTB,5.517265722951574
8BX9,6.527075913857765
1MU8,7.3720722904998395
5RJZ,6.181837786238278
3PO9,6.7147290689743855
5TLV,5.587725966883996
4ZNW,6.718484343103733
5C5A,5.811646051169604
6FQT,6.347478366643622
6ITM,5.033889503455963
6QE1,6.581657323694012
5Q16,7.019994305438234
7DH3,6.656334099859731
8T5K,7.33230197788733
7ERA,4.79917999784732
6Q4A,4.606588984137142
8E8B,5.315558822346652
1CBS,4.8573672973462685
7ONS,6.3027266871751575
1H8D,6.074461634226153
2VSL,6.336477712777592
7O20,7.192762876280624
6AWO,6.393203387273715
9INV,5.158736064469132
2FWZ,7.071743673346595
4JXF,7.970185415931206
9LJ5,6.741596688732009
6UKW,7.369509642649499
7ZU2,6.147067577522975
3O8T,5.524595872038629
2DOH,6.485024502210006
1A3B,7.357734477493296
6G34,6.530599180961079
1GCQ,5.269884466290123
3KDT,6.2512029830055065
4N3B,6.425028344422795
7O70,6.384111730539774
2VO7,7.077881622239942
5WIJ,6.548448496721981
2RJ8,6.547445321118932
7B1Q,7.152911879980108
4FSN,8.36868242652537
4WZV,6.306896423786385
6L11,6.410845145790899
7N3R,4.318829805234224
7AEI,7.191969553839736
8PAU,7.534159872746139
6M2B,6.73477439462892
3KA0,6.249553721221235
4V26,6.509617406161082
6C5T,6.819753344960278
6XEE,4.092212449728743
5Q0S,8.110399845538906
6NJA,4.576776814257822
1O0D,8.075031734387839
4FV1,7.594203449600563
6CJF,6.587918884902455
4XZ4,7.0207470860702585
8HL7,4.678283724843821
8HCK,4.941653244390426
5AND,4.67693265799863
6TND,7.797475039864176
8BYD,7.009426936941379
6UO8,4.8218471629712365
1YND,6.573496754059491
5Q12,7.410444895693235
5QQM,6.716278963779922
5ED2,4.567948092302381
2WIK,6.513913469539938
7KT3,5.261123665426058
1QKM,6.1019144741471125
2RCW,6.526779385548481
4HG7,5.739908864574219
5NLK,6.560472281487767
5J3J,5.967625226706186
8AAP,5.68184777596575
3E3E,6.5095453069125835
1K22,6.881044969043012
4W8D,6.874535930707839
4O0Y,6.96964850889313
1NMQ,7.334091029306377
5W0L,6.962090210541547
4R07,5.492569611250424
8JNZ,6.991552197611716
5VD3,7.7922624869337
9BC7,6.578045535249163
5S7V,7.429989962308167
6XLO,8.407072288283517
9CGB,5.131892137840688
1FAK,5.644367055917667
3TO4,6.169180589825894
2FES,7.922993848070143
1XJD,7.215328070208134
7LU5,6.640935373937024
4RXS,5.424265257342852
7P4E,6.893588376373062
2ZO3,6.539546883527249
5AFZ,7.019041721066821
6HMC,7.567498478003778
3FD5,4.843377207583629
5Z1R,5.94026713098171
5DTV,5.314978671823138
5T1W,5.950679451782441
4ISH,7.1582104698014355
7GTR,5.924337173901798
7E0G,6.785697716818513
4CTC,9.206491853432091
5DIE,6.104586067141646
4IW8,5.658137810529607
8QTH,5.979797714600806
6ENQ,6.471599728041374
6W44,6.239298578991349
5BO6,6.261358709787996
7LH7,8.499699563518082
8FVF,7.228195968201784
6P3D,8.351375789547795
6AF5,4.944016652349968
5I88,6.517875588232753
5DKE,6.004181960639234
7CD9,5.90779861327542
3CDS,6.2905522521239154
5QE3,4.8067447693425995
7SFL,5.957158975880135
7NWK,7.710023038910212
3LZ5,4.9465446031849165
6UKY,6.165158477374826
6WUZ,6.747584657684188
2XKW,7.534873895913488
3X1H,6.823412955392752
6F2U,6.029216668819735
4AYT,4.975853315481242
4A4V,5.464145355346991
5HNU,6.160486701281298
9CQC,6.22865107441265
7XYH,6.786803744505645
2IL2,5.812945862412424
8KEI,6.593571191709783
7APO,7.175078467992293
1ERE,6.299380608258194
6SLW,4.705886386826576
5RKO,7.027663956546358
6HXF,6.831318990838541
8P71,6.464054412886138
3FEJ,6.892897193187678
3SW4,6.737932229869776
7NEL,6.373202858536718
7ERB,5.1825116414354
2ZK1,5.254223021922899
3HMP,5.994445750774052
6AFA,4.933885598493239
8V72,6.671854048246826
9IWO,6.411167161275661
5Y93,6.753046993351362
5S76,7.620354701533085
4QXR,6.2148109568033405
5KPZ,5.187198458951763
7G1R,6.677663238729083
4PNZ,6.340332146874223
4RFM,8.527526461763522
3BHT,7.484770187418447
6DCU,5.801592192310612
3U6H,7.963385017341152
5O8U,7.13706320415029
1BHX,7.706730043672283
4V3E,6.511622951978017
8DV5,6.070215801334855
6YIJ,5.873840137947324
7C2Z,4.657631642659695
4TO1,5.653144300716004
2VEY,7.12023308292712
4Z6A,6.076799063658554
9GR0,6.398756775014909
6X1M,7.298397110127207
7G9B,6.259490802142722
6BTY,7.088277381486539
5S8E,5.434096101085229
5G6V,8.378505397150725
3EB1,5.053315384027177
4XVD,6.299411695361403
4BC6,8.49721293790721
5TMS,5.459253714134688
1UZE,6.678181980461848
8JPF,7.130290657148613
8REV,6.343302978019005
5DV2,4.66747204710069
3JYJ,7.340392695731525
4MPV,7.758842893362382
8RHG,6.984231787167235
2WF2,7.685761876995102
6IEZ,6.79155810477042
7LA9,6.974504710838334
5MQK,6.418443795692607
7UN7,5.44633356459183
8OV6,6.752746705001156
4IAA,6.5734335017613486
2NRY,7.85055672709454
6OQA,7.3594658136310604
6NTN,6.248337309712623
1GZY,6.604895091167094
3VEY,6.960581216196977
2A9J,4.15455974524951
5QIG,6.807714745609437
8OME,5.022332924632885
2PX6,6.706578678446629
2VGL,5.49056859148714
3L3M,7.174851557104588
6CZ1,6.2586822162686335
1PKD,7.978369428834606
2QAB,5.383095307567393
7VWH,6.837391040295909
3T42,5.367189497622545
5JJM,5.805892537717239
7HB1,4.528115808319762
6IN1,6.706111510334885
7D3E,5.075356498720597
8AOY,6.1528632108375545
4PP6,4.656937700753607
8SS7,6.590270925409844
9KRH,4.751768487061891
5XF1,6.818688468113645
6UX9,7.453507539238231
3LXP,7.991967070551677
7K71,5.853519330286302
5TES,5.469794679083528
8JL3,7.089079426169194
2H52,4.312604305691814
7G8P,5.396098214960386
6YMO,4.355355007922995
7ZVT,6.4328503748683525
8TSB,6.698444623414214
4IU7,5.919904551658101
4LSJ,7.750808253059759
2FHI,5.768025315780192
5DXM,4.301897593930791
5H1U,6.11838528494702
6NN4,4.479777881333461
6W2L,4.6410544605110955
8UQ7,6.97883947693376
2HRQ,5.538404657152386
5RKI,6.8196108533165996
6Y6F,7.247678800521706
5TLX,6.759136682644975
3SOA,5.773990539822067
4KIK,7.841423764272222
4IVY,6.499575798967453
5LO1,7.321152720083581
3ADT,5.189040501011908
6V87,6.221581917905795
6PZP,6.705187829388658
7AAC,6.5891882256281535
2X7F,8.079590407927522
6X85,6.40033326964628
8U56,7.25159930064474
6FNC,5.483868187546128
3OQF,6.694625451356225
7OBL,6.19210861495445
3HO0,5.864195375614479
3QPV,4.91165106388045
6AFC,4.809445197921918
6YTG,7.117512099662411
2BU7,6.701319383637219
8QNH,6.044841884441948
9JD9,6.04709329656222
1BCU,4.673258655900036
3I4B,7.865277998115589
5IA4,7.487890963529268
4A9F,5.910300116098101
4W7T,6.591977961958667
8WEJ,5.637816028576532
4K33,5.324365806301065
5TMQ,5.987063865418312
5TMZ,6.617724450467707
7NFY,5.595400855740331
5QCX,7.212817877332848
5Q0V,8.159796125087873
6ZOS,7.6288011950437005
6HLP,7.44274341234537
3R58,6.162565797695222
7DG4,7.6658263922268866
8HHP,6.5860592182002256
3GZ9,6.597036495246841
5YV9,7.058042864019813
6EIR,7.125372171998905
8X2A,8.485079979668892
5DLR,5.285480958414112
7FVO,8.884794043302518
8BY9,6.8525318655197776
4Q93,5.440951905700926
3HOD,5.758134232458528
3VZV,6.283332223485012
6WGT,7.420351186979711
6YIM,6.440393889649352
5Y1J,7.4230118684940685
6TLP,5.804891367252089
6ZUU,7.099812506589889
7DPN,7.2291838914122115
6V0U,6.063713883028695
3HU2,4.641671781028411
4E5W,6.727005714671544
3F8S,5.740467887800597
7FQO,5.887178625198566
7TRB,7.042338313638812
2BIK,6.716114200353078
8BDM,7.361877819739519
7JGV,7.981896542685238
3LS8,5.853233584523271
5UR1,8.068841132265401
7NV1,6.156713777686384
5H25,6.016390557626743
1KV1,5.9761260997271926
5KRO,6.025783564550671
4BJX,6.370415797318277
5DZ1,5.086342620932824
7JP3,3.643920631401923
9EWY,5.750641205938149
5TM4,6.88564069513823
4R95,6.08181223760307
5Z8R,6.453575929776698
8DGS,3.866654628938242
7R4P,6.611996977880798
7W7X,7.43298559255719
1AIX,7.374305326386555
6VKQ,6.0322817790855705
8IJR,6.26307578360682
7KSJ,7.304119099301684
7FJF,6.815940732004613
2OUZ,6.892057749609426
8VNX,6.355656518351775
5FBX,5.907426896490499
4F7J,6.0565033339351695
6QCN,5.027392510465035
8J03,5.661402097673229
6DWJ,5.821876340779667
6KXX,6.250694396943144
2FKE,6.291856898347651
7MR5,6.7409184726631475
5Q0W,7.755746833964416
6CNX,8.614446224758304
5TMU,4.6125363237587385
1O7S,5.87743565350774
7FIC,7.799280819807608
5S90,6.106508766112306
7RS9,6.043251892052885
3WMH,7.828326178803085
5S8R,6.011947974253833
7UKZ,6.201659134845793
7U99,5.8272347715037185
7NEZ,7.354861348905313
5AM7,7.343888240981675
7Z5X,7.487328065795492
4TQB,5.281487862503205
2VWX,7.394199086991673
6P0M,6.921537237474186
4JVS,5.02752476243138
3GBK,7.1540875699538296
4PVU,5.089001307687499
5GSA,6.480970168956708
5RJJ,6.618225354732697
6F7Q,6.468518228439601
4AGL,6.031556382338431
5LRZ,7.843964459273434
6F81,5.643350755433863
7G81,4.906585328043335
7FT0,5.420349354522915
7TD4,7.414772634228112
6VKK,5.777345205408677
4IUI,5.863764769130869
6GGN,7.270308464577623
3OWD,6.650677399412574
4MS1,5.42995569319314
2VEV,6.977009910058714
6NQ2,6.793445902073832
6L12,6.107568523673736
6KZI,6.569923115369154
4GSS,7.701503336199306
5DKG,5.790111979321441
5SCD,4.590405942435685
5U3V,7.064469922179838
6WI3,6.235711921545081
6L96,6.46082392851082
4XI9,6.439682076753225
4OIV,5.423710433850721
7V3S,8.114527421139048
3CST,7.331350780046138
4OFR,5.8776261018955305
7U8D,5.9025211152615755
3BUH,5.669495084100151
2WIG,5.662185188064237
5UVX,6.493939531287272
5UEP,5.236956980752449
5MMG,6.117318268675432
5DYX,4.514180772787177
6OPI,8.181739564993139
7CR4,6.357711698326414
7ZRB,6.557537266491513
5F9B,5.383450541975407
7WEU,7.027640925261143
5RKQ,7.626088574000864
3V2W,7.440885146506986
2YJA,6.401915178882443
6ZCD,6.247613082761921
6DWD,5.189364085473097
5H1V,7.075342230748167
4CRL,6.832245859002791
8BDX,6.840913371351651
4AGM,5.804200801958831
1QKT,6.307504838127459
8ARW,6.367190263987356
4MGK,6.498998768596285
5EP7,6.655600272249761
3G2S,7.131746851977847
5J2X,6.216053502942156
5WUU,6.601805771203279
6MDB,7.211892185327532
7D3Y,6.143168695278276
8HLT,6.411377962303469
5MO3,5.203765376923383
8F7U,7.2814837798683865
6CJH,4.92247198536952
5H85,6.692921069972305
7AVS,7.135017183132278
4Y03,5.925940804161558
4ZNU,6.5279246597226885
5VO4,6.747593046685579
3JS2,6.191840065649568
6DF6,6.27116307665001
4GK2,8.004859907774167
4H3J,6.819400383592589
7BDI,5.572850507589493
3EJ1,6.484418572301989
8ENJ,6.424688469421137
7AOS,7.448070670315092
7CQE,7.710121821454871
8DBE,4.791807349457454
2RDU,6.698402805491318
3OS9,4.877608009785239
1V1T,5.376478678495986
5JFV,7.421442086912203
7N3N,5.9747595962628735
2NO6,6.39495432804376
7G9J,6.31608353353725
2VGF,4.6133278404047
7LM2,7.399235207158
5VD7,8.021446564565773
8BFF,6.9309325519822425
4QIM,6.232292711854905
5TN5,6.349672162144445
1W8C,6.192309056989269
6T6F,6.213835883420405
6GQQ,6.9256433167382845
7DHK,6.861122781646332
8V70,6.7257137521810275
7KHJ,6.76566342931203
3TNW,4.699233643475959
5Y94,6.965999967891088
6Z5B,7.54903131433955
7R62,6.762084715837808
7YAW,6.806025617991365
7XI0,7.684993984311696
7ZLP,7.008081564396509
7W0G,6.382274430872054
7FXF,6.028676066720031
7P1L,7.189192325289313
4U6Q,5.194793674500554
6MA1,6.31840540055709
2VD5,6.879304031559803
7SHP,6.103642425596741
8UH0,5.775973690995688
2G94,7.04329321294578
6Y3U,7.28940660310251
7T0Q,5.117551498111193
7KW1,4.849382323166843
6BRJ,7.6583367606625705
8K6L,6.404515929341337
8BI5,6.4642962813929445
5AAV,4.556358601379514
8F5X,4.530822552966462
7C7F,6.210093406066546
3ADW,5.503905700096871
7ERE,5.257620545209203
6TJM,5.0822859431893015
6A5W,7.276002139335175
7OTP,4.689679199416628
1RW8,7.385881079956602
6FCJ,5.200506202256512
1XU9,5.1029736520352795
7BZT,7.346967458863834
8BXQ,6.736936906554214
2BU6,6.317071007574489
4HBN,5.933963757376342
9FGC,6.681035719803712
8WGB,7.834470456849235
5QE9,6.5738020593494095
5S95,6.274946318616288
8BF2,6.572863888944962
8U27,5.726042182963836
3LBK,6.36214982246343
3W33,7.871942859073149
3NPC,7.936692621075743
1UEI,6.607035100124896
1ZNJ,4.6825540086372675
6X4H,6.477353982319495
4L1X,6.013449484197511
4N3C,6.245299319745409
1WUN,5.73248494496065
7BDP,6.269823419978175
5U98,6.745189624327051
3R91,7.073760866727601
6G38,5.55657706767623
9CTG,7.102518235876347
6X5P,5.983770222099099
6FNI,7.19281237771589
5YAK,6.464249117651113
6LLE,6.104728782008176
6X86,7.519315696402219
3NAY,7.662329349912898
5MPZ,5.277422263037425
7M3G,7.82029615750664
7QFO,6.812319771246306
4O7C,5.846798304647032
3EPA,7.311046580422179
3UWE,6.131785066954485
6N3Y,7.853523753753033
5TGZ,7.9409780761258455
7CLH,7.84104128686869
6OLX,5.975025111581005
5TN6,6.227908258100785
2AOA,5.933386046955663
5LRQ,7.005932854487559
6NPN,8.005092223919927
6PDI,6.748647013589311
7OQG,5.882627555301146
6O67,6.841945017856165
7EM2,5.366467463346845
6AXQ,5.111181676903681
2ZMF,5.629925421243099
2PQF,6.006508180073686
4LZ1,6.536576888513441
7EM8,4.610963032552953
3RDH,4.991242938777491
5HDU,6.564441327026454
5U3Z,7.030186993739682
3PRE,8.32011479589592
4FM8,7.242438940545281
2RFS,8.047295293185481
5OKO,5.978044968391295
7G8K,6.975307124248632
7SQB,5.953803171422118
4QOF,6.137598960012103
8OFA,6.788370980445299
7AJM,6.666087211257251
1YIM,5.768597308044014
8BOX,5.1788197163651954
5Q13,6.294235441246217
4X93,7.502443744279221
2XYD,6.3447244133918925
3OMM,8.294819898277275
4AZ2,7.048204476242057
3U9Q,7.184977857813792
3U11,6.351720548249815
1PXO,5.928979809963817
2QH6,5.665909277763773
7N2M,5.328390139188903
7FV8,6.412640178109465
1T2A,6.459671948173217
3IA6,6.205636732961128
6C1B,7.908228346469812
5N5L,5.216323891079357
1UNQ,5.496874562683833
4EUT,7.723700897989952
5C27,7.83337346692238
4US0,5.834126346701175
3R8I,5.942893000046991
6IO0,6.513377615665416
7Q7L,7.178953258125418
7G97,4.79139581662309
8ADF,6.565336586666984
5MAF,7.580395619048019
7AJ7,7.262239145657033
2RDT,6.481446690257284
5RKW,6.714996538364678
8BXN,6.733758699651017
5RJV,6.452835304008629
4L8Z,7.376745848500652
7G9A,6.518746931423375
5RKV,4.731228413627226
5I8A,7.480161466908526
5BV6,6.9103043521319485
4X3J,7.437698942060326
4XUD,5.457513956203085
5RKR,4.611765964557218
8FJZ,5.865771950858769
6W4C,6.286336907464603
2VJ9,7.015368866677903
6K0T,8.174071712020893
8F1Z,5.967851852791278
6OPL,5.057800352187688
7XYD,6.314216294425517
4RKA,6.5458615913059415
3DHK,7.039854096757787
4HMN,6.226519216675308
5MRH,6.013921576315861
1HTI,5.096897909996641
5TBE,8.423229337054487
7RCL,5.350017023934811
3ET3,6.48975677319928
7FX8,6.152900633726512
7SSE,6.192819571775602
8PT9,5.79334269523255
3F2N,7.048846050191711
8PTZ,6.0455525539734385
5QDR,6.8941741575907995
4OLM,6.587058694475666
9CBL,6.172350411849824
6M91,6.271994553612585
4KLR,6.265836460917391
6G36,6.674081961007492
6EL9,7.455165384744409
6XDB,7.708600876866096
6TEC,5.732992790463503
4JKV,6.326038164389094
8C1K,6.070476627404194
5TDF,4.652756653261888
4ZMA,5.258406370730226
4JQA,7.290233094492816
8T4Y,6.023002523686768
4GV7,5.709482303671669
6R3D,6.447436595986221
7PGQ,6.875713095316169
7FXR,6.719359550158368
1A52,6.503952308195394
2Q7I,6.205492086103981
6MOM,8.473725685317538
4AS0,5.778071450401659
3EPC,7.460166278441463
3DKJ,4.325807104497697
4YJQ,7.614617097576902
6GTT,6.734502563856278
8BEM,7.9847891520425245
4QIA,5.854156488875529
5S8H,6.3109080721412605
8ILR,7.226414131360826
7AJW,7.596736457017751
8GVZ,4.6149966666824405
4EHZ,6.96197086428063
5UGM,7.3512721036336615
5KRF,5.945597569857199
4ISF,6.0947423862907515
5I2E,6.477854127218132
8JTV,6.125571009715812
4PXZ,5.817788574745956
7UGI,6.762481294749204
3LM5,6.004568369066696
7FY5,6.039408101566303
7EAT,5.180385262848517
6UBW,6.759782050392011
8GVX,6.23717857561577
4BB4,7.073420788506868
5HOY,7.070148474984672
7BJ6,6.393712505756402
6A5X,7.526819734462778
5KRJ,6.882631093983713
5Q1B,8.402320782839181
6GIN,7.774372623818164
