PDB_CODE,DT_Pred,SVR_Pred,RF_Pred,GBR_Pred,XGB_Pred
4CWF,5.04,5.669,6.051,6.547,6.122
6ZRC,3.125,6.938,6.323,6.794,7.421
1L5Q,6.45,6.488,6.339,5.602,5.607
5RK9,5.04,6.514,5.367,5.796,5.97
8CPH,6.45,6.425,6.549,5.894,6.552
4MGI,5.96,6.811,5.946,5.62,5.597
7ER8,5.04,6.938,5.671,4.69,5.34
3FUR,7.92,6.902,7.537,7.61,6.849
8EYO,5.04,6.938,5.424,5.215,5.372
5LO5,5.96,7.234,6.535,6.986,6.486
6NWK,7.6,6.939,6.655,6.509,6.733
6B1U,7.66,8.045,7.205,6.996,6.787
3NOX,5.96,7.019,6.143,6.393,6.033
4O76,7.56,6.803,7.155,6.965,6.878
7B31,7.92,9.209,8.051,8.525,8.475
5IAW,5.96,6.86,6.537,6.894,6.272
8U4W,5.96,6.943,6.48,5.692,6.49
3BGP,7.92,7.143,7.618,7.728,7.606
5TM6,6.05,5.822,5.861,5.178,5.123
5P9J,7.92,8.505,7.849,8.511,8.658
4MGA,5.04,5.757,5.706,5.181,4.903
6JOJ,7.66,7.46,7.302,6.877,6.826
7R4K,5.04,6.938,5.907,5.722,6.621
3BF6,7.505,6.897,6.572,8.029,7.273
3U2C,5.04,6.938,5.739,5.575,6.254
7UBO,7.66,6.794,7.495,7.472,6.931
3W3K,8.59,6.504,6.867,6.567,6.817
6YOJ,4.09,7.438,6.863,7.621,7.875
4MG7,7.72,6.477,6.584,6.069,5.916
6I2Y,7.92,7.782,7.856,7.996,8.167
8A31,6.125,6.938,6.103,5.969,6.188
5N5N,5.04,5.416,4.908,4.557,4.76
5NK8,7.66,7.874,7.91,8.132,8.234
6XRL,7.92,7.714,7.672,8.274,8.068
4L98,5.04,6.563,5.554,6.229,6.487
2ZIQ,7.56,6.995,7.024,7.351,7.065
3SMO,7.72,6.308,6.155,5.165,5.61
6WHA,6.45,6.549,6.375,6.41,6.141
4O75,7.46,5.83,6.857,6.057,6.282
3K65,5.04,3.908,5.703,6.104,6.642
3GWX,5.04,6.938,6.195,6.958,6.983
5RK2,5.04,6.221,6.11,6.343,6.629
9AS3,7.72,5.834,6.708,7.336,7.167
5WIN,7.66,6.201,7.222,6.857,7.105
5J7F,6.595,7.059,7.111,6.714,6.874
7R9L,5.04,6.606,6.546,6.152,6.525
2RAK,5.04,4.517,5.639,5.174,5.088
7AW3,7.46,7.321,7.349,7.454,7.405
5KRK,4.01,6.259,5.798,5.833,5.269
5TB6,5.96,5.907,6.275,6.547,5.902
6YB8,5.04,5.402,5.409,6.112,5.514
6YV4,7.72,6.265,6.728,7.08,6.567
4RC2,6.05,6.294,6.198,5.486,5.674
5DXP,5.96,6.319,6.228,5.515,5.703
2QGT,7.72,6.215,6.692,6.544,6.288
2FLB,5.04,6.281,5.648,6.047,5.761
5R8K,5.23,5.063,6.151,6.227,6.682
1AZ2,5.04,6.938,5.783,6.011,6.621
1X7J,6.05,5.265,5.873,5.924,5.446
7VUE,8.37,7.011,7.554,7.883,7.744
2YKB,6.45,7.454,6.349,6.691,6.553
5MKR,6.45,6.921,6.209,5.493,5.356
7R9W,5.04,5.217,5.414,5.667,5.597
6PKC,7.505,7.104,7.14,7.61,7.182
7ZLR,5.23,6.962,6.243,6.295,6.456
4D9T,7.66,7.364,7.38,6.782,6.758
6DXL,6.45,6.807,6.13,6.279,6.338
1T4U,7.56,6.795,6.87,7.522,7.574
2XQK,5.04,3.68,5.683,6.049,6.033
7G14,7.72,6.938,6.478,6.214,6.553
5DEY,7.92,8.34,7.998,8.115,7.98
7CKF,5.04,5.52,5.419,5.979,6.459
4OJ4,6.45,5.292,6.142,5.238,5.713
7RLF,5.04,6.938,5.179,4.222,4.419
8DU9,5.96,7.287,6.449,6.819,6.793
5JZY,7.56,7.069,6.687,6.629,6.099
4ZN9,6.05,6.671,6.085,6.075,5.872
6A6P,7.66,6.84,7.198,6.809,6.583
8V6Y,5.96,6.632,6.093,6.496,6.475
3NOA,7.92,6.986,7.57,8.019,7.047
6NJS,7.56,7.221,7.102,7.296,6.665
6HCY,5.04,6.938,6.133,6.157,5.686
9CHU,5.04,4.812,5.375,5.655,5.092
4LXA,7.56,6.794,7.087,6.44,6.69
6DFM,5.04,6.672,5.592,5.273,4.869
8SS6,5.04,6.884,5.956,6.656,6.857
8EV1,5.96,6.299,6.367,6.328,6.576
4FMC,5.04,5.274,5.455,5.378,5.714
3QCE,8.59,6.938,6.305,6.925,7.164
6DW3,5.04,6.875,5.405,4.83,4.687
6KHE,6.7,6.972,6.894,6.893,6.741
5XMX,6.595,6.78,6.955,6.164,7.028
6BMU,5.96,6.973,6.877,6.319,6.374
5S96,5.04,4.795,5.386,5.476,6.091
8GZ3,5.04,6.939,5.547,5.237,4.637
5S8Y,5.96,7.246,6.586,5.975,5.58
1NM6,5.96,7.108,6.537,6.371,6.412
4FA6,7.66,7.283,7.564,8.031,7.918
8IMX,5.04,3.054,5.484,6.514,6.843
1TOM,5.23,6.663,6.836,7.229,6.887
7RUZ,6.45,6.667,6.42,6.588,6.232
5TM5,6.05,5.493,5.763,4.987,4.916
3IMX,5.04,6.303,5.841,6.904,6.502
4XVE,5.04,6.938,5.941,6.197,6.251
7DBK,5.96,5.877,5.703,5.536,6.045
8TU9,6.45,6.998,6.654,6.416,6.401
7MRC,8.37,6.993,8.014,8.003,8.177
5TB5,6.45,6.938,6.848,6.787,6.887
3FT5,5.96,5.629,6.406,5.666,5.732
7X9D,5.04,6.523,6.085,5.954,5.951
4CIK,5.96,6.836,6.182,5.86,5.325
7FT7,5.04,6.101,5.243,4.777,5.237
5WS0,5.96,7.021,6.629,6.236,5.941
3CLD,7.6,6.937,6.726,7.483,7.299
7FV2,5.96,7.124,6.406,7.488,7.229
7M44,5.96,5.332,5.793,5.654,5.291
5MVC,5.04,6.542,5.787,6.776,6.372
4USE,7.46,7.251,7.217,7.241,7.22
4PYX,6.7,6.937,6.734,5.201,5.476
7BGQ,5.04,5.613,6.049,5.868,5.992
3H0W,5.04,4.227,6.088,7.58,6.935
7WGP,5.04,6.753,5.862,6.339,6.157
3ELA,5.04,5.042,5.859,7.673,7.463
4C67,8.59,6.975,6.728,6.511,6.269
5VD1,7.66,8.123,7.557,7.865,7.574
5XGN,7.66,7.406,7.186,7.278,7.122
5UGB,7.66,7.407,7.443,7.066,7.038
2Y48,6.88,6.858,6.499,6.55,6.476
4EY6,5.04,3.742,5.667,6.091,6.14
4G9R,7.92,7.328,7.881,8.368,8.066
5QIE,5.04,6.903,5.736,6.802,5.799
6ZC9,5.04,5.19,5.424,5.801,5.184
7FQL,5.23,6.938,6.366,6.057,5.622
4CWN,5.04,6.172,6.87,6.67,6.367
4ODR,7.72,6.752,6.588,6.113,6.309
5RKL,6.45,6.44,6.143,7.203,6.595
7WMM,5.96,6.792,6.457,6.664,6.872
7WNV,5.23,6.689,6.287,5.44,5.865
5VD5,7.56,7.78,7.5,8.241,7.701
4NGA,7.505,6.717,6.749,7.511,6.973
4IM2,6.45,7.158,7.162,7.121,7.429
7FVE,5.96,7.098,6.381,6.854,6.817
8YP5,7.66,6.513,6.92,6.507,6.747
6TFV,7.92,9.598,7.78,7.629,7.885
3DT3,4.01,6.34,5.797,6.02,5.629
5U3U,6.595,6.491,6.559,6.805,6.154
7EVJ,7.66,6.769,7.132,6.65,6.852
3ZXT,5.04,4.747,5.396,5.577,5.867
3ZLO,7.56,7.742,7.101,7.398,7.697
5IN5,5.04,6.938,6.135,5.965,5.722
4BQG,5.04,6.493,5.683,4.589,4.747
1Q3F,5.96,6.054,5.963,5.805,5.53
1DWD,6.45,7.243,7.08,7.346,7.723
9JD4,5.04,4.585,6.32,7.216,6.94
3FMJ,7.66,6.698,6.974,6.459,6.66
7ZXB,9.0,6.919,6.499,6.283,6.155
4APD,5.04,6.82,6.055,6.945,6.772
8T4M,5.96,7.323,6.004,5.61,6.161
5NMM,5.04,7.026,5.699,6.049,5.717
1WOK,5.04,6.001,5.695,5.613,6.064
5L2Y,7.56,7.22,7.109,6.721,7.725
5WUK,6.45,7.104,6.182,6.242,5.947
3M4H,5.04,6.938,5.577,4.947,5.887
6X83,5.04,5.738,5.599,5.91,6.035
1EVR,5.04,3.58,4.852,3.353,4.282
6QZR,6.45,6.502,6.115,6.651,7.043
7VNQ,7.56,5.666,6.627,6.174,6.255
7QJU,6.45,7.375,6.673,5.762,6.502
1M49,6.45,6.84,6.638,7.237,6.869
3F66,7.66,7.155,7.392,7.168,7.286
1GIH,7.56,7.231,7.137,7.253,6.966
7CBX,7.66,7.201,7.442,8.157,7.669
5QIX,6.45,7.043,6.228,6.522,7.224
7P3B,5.04,6.679,5.143,4.51,5.101
7FV1,3.125,7.284,6.077,7.759,6.96
5IZQ,6.45,7.103,6.397,6.775,6.519
8JTT,6.45,6.872,5.701,6.458,6.618
7VNR,7.56,5.736,6.571,5.944,5.748
6KXY,7.6,6.983,6.585,6.606,6.639
1T65,5.96,7.123,6.341,5.757,6.473
5HM0,6.7,5.025,6.879,6.778,6.462
6TR5,6.45,5.0,6.133,5.812,5.482
1KTS,6.45,6.844,6.539,7.211,7.503
4QFZ,5.96,6.459,5.701,6.57,6.128
2QZO,4.85,6.927,6.081,6.064,5.979
6T2D,6.45,4.69,6.294,7.04,6.535
6SNW,5.04,7.042,6.263,6.408,6.705
2JG4,5.96,5.124,6.214,6.672,6.946
6H22,5.04,6.645,5.836,6.015,5.497
7AAZ,8.37,8.561,8.011,8.166,7.914
5Q0J,5.23,6.823,6.808,7.383,7.673
4FSM,7.92,7.061,7.908,7.919,7.93
4ODE,7.66,6.957,7.404,7.292,7.445
7EM5,5.04,4.762,5.167,5.235,5.368
5DRM,4.01,5.576,5.751,5.606,5.141
8U2E,5.96,7.459,6.385,7.026,6.52
8OKU,5.23,7.145,6.19,6.717,6.391
5IA3,7.92,7.795,7.8,7.262,7.407
7AVX,7.92,8.88,7.866,8.094,8.451
8J61,5.23,7.554,6.313,7.434,6.869
6TW2,7.46,6.394,6.986,6.902,6.643
5S80,7.66,8.411,7.285,7.545,7.587
5KR9,6.05,5.345,5.889,5.625,5.136
7M0K,7.66,6.541,7.528,7.592,7.597
7EZF,5.04,5.289,5.777,5.289,4.871
5Z8Z,7.66,6.046,7.043,6.326,6.191
5UC4,7.72,6.287,6.536,6.287,6.197
5DDB,8.15,7.199,6.651,6.461,5.624
4RBL,6.05,6.211,6.014,5.982,6.449
6DHC,5.23,6.939,6.695,6.514,7.064
4ZN7,5.04,5.503,6.067,5.838,5.591
4MGD,5.04,5.5,5.29,4.418,4.274
6LG8,7.66,5.104,6.504,5.909,6.162
7M45,5.04,2.477,5.132,3.815,4.086
8P77,7.56,6.395,7.096,6.542,6.555
3CGF,7.46,6.44,7.145,6.872,6.446
3Q4T,5.96,7.004,6.629,6.698,6.183
7A2H,6.7,6.167,6.173,5.167,4.866
6TI8,7.66,7.493,7.633,7.178,7.776
7G87,5.96,6.661,6.433,6.527,6.37
7R9T,8.37,7.077,7.542,7.622,7.365
5KOT,7.72,5.857,6.896,6.81,7.156
5SCJ,5.04,4.915,5.355,4.507,4.947
5IA0,7.92,7.782,7.823,7.709,7.739
4OAS,5.04,6.896,6.534,5.997,6.245
4U43,6.45,6.014,6.127,5.881,6.309
4BAO,7.56,6.931,6.849,6.548,6.157
9L3T,5.96,6.819,6.03,5.67,5.706
5GTY,7.92,7.579,8.049,8.113,7.837
1ND5,6.45,6.232,6.108,6.964,6.424
4JV9,5.04,5.64,5.838,5.785,5.319
7MIG,7.505,7.252,6.972,7.872,7.953
8P70,5.23,7.518,6.272,6.371,7.056
5TYV,5.96,6.109,5.66,5.614,5.353
8DZQ,7.72,6.906,6.474,6.046,6.676
3O64,7.56,6.957,7.089,7.754,8.293
6YLL,7.56,7.071,6.905,6.596,6.666
8A9G,5.04,6.495,5.874,6.019,6.37
5UU1,7.92,8.85,8.359,8.506,8.835
4XXS,7.6,6.809,7.111,6.514,6.745
3V9T,7.92,6.365,7.257,7.029,6.958
4XUC,5.04,5.715,5.73,5.655,6.215
2CDZ,7.56,6.725,7.404,6.929,6.974
9CHX,6.45,6.501,6.499,6.354,6.348
6O8C,7.56,7.0,7.255,7.743,7.813
7VFU,5.04,5.345,5.984,6.971,6.743
3DDQ,7.46,6.65,7.087,6.398,6.654
6S1B,6.45,6.557,6.771,6.982,6.864
3L1B,7.66,6.525,7.394,7.188,7.407
8CQL,3.125,6.938,6.187,7.193,7.176
2BAK,8.37,7.23,7.913,7.163,7.435
6I3S,6.125,6.862,6.63,6.143,6.054
5RK6,8.15,7.197,6.703,6.662,6.48
7LTT,5.96,6.581,5.746,6.588,6.128
4LWE,7.66,4.495,6.534,6.832,6.43
3X0A,5.04,5.075,5.049,5.021,4.936
7UL3,5.04,6.941,5.906,6.001,5.798
5JWL,5.04,5.678,6.131,7.146,6.546
8Q6G,7.72,6.757,6.254,6.763,6.408
8DUB,5.96,7.075,6.445,6.153,6.802
6YXI,5.04,5.593,5.932,6.532,6.507
6MWR,6.45,6.938,5.837,5.659,5.701
8RBC,5.96,6.936,5.861,6.857,6.432
5LS1,7.56,7.005,7.039,6.739,7.384
3DZY,7.72,7.156,6.17,5.738,6.409
6YEA,9.0,6.81,5.708,5.071,5.533
7U8V,5.96,5.394,6.188,5.772,5.853
3EAX,5.04,6.531,6.011,5.826,6.293
6X3Y,7.56,6.496,6.695,6.245,6.724
5KRC,6.05,5.439,6.218,5.841,6.295
7L9A,7.66,7.864,7.43,7.733,7.984
4FCR,7.66,6.889,7.224,7.41,7.047
6XD3,6.7,7.333,6.934,6.977,7.183
5Q0R,8.37,6.516,7.579,7.807,7.407
4GZM,5.04,6.938,5.3,4.759,5.689
6PNX,5.04,4.628,4.998,5.062,4.759
4ZWE,5.96,6.918,5.492,4.326,4.495
5L30,7.56,7.188,7.088,6.832,7.847
1YXX,6.7,5.792,6.52,5.95,5.991
7QK4,6.45,7.345,6.794,6.315,6.209
8J5W,5.23,6.943,6.269,6.537,6.999
5RJU,5.23,5.299,6.267,6.689,6.445
3G6Z,7.72,6.522,7.095,6.93,6.444
8GMD,5.23,6.938,6.163,6.175,6.489
4UYA,5.04,6.335,5.08,5.839,4.824
6JX0,7.66,7.552,7.434,8.004,7.677
7KVZ,5.96,6.783,5.53,5.043,5.944
3BEG,6.45,5.094,5.83,5.26,4.845
8VO4,5.23,7.205,6.299,6.364,6.906
9BCV,5.04,4.465,5.099,4.868,4.877
5FQV,4.85,7.043,6.446,5.808,6.299
2WTV,7.66,9.195,7.464,7.954,7.93
8C13,3.125,6.94,6.246,6.53,6.175
1LQ8,5.04,3.362,5.475,6.229,6.122
8QHQ,5.96,4.308,5.882,6.139,6.309
5ED1,5.04,6.452,5.007,5.061,5.268
5TLG,4.01,6.511,5.586,5.57,5.259
6QY9,7.92,8.203,7.894,7.826,7.872
5DEU,5.04,5.891,5.371,4.748,4.852
1AWF,7.72,6.938,6.408,7.719,6.377
4ANS,7.46,7.678,7.364,7.308,7.338
4XBM,5.96,4.073,5.835,5.814,6.101
2Q8S,5.04,6.947,6.679,6.044,6.663
3QGY,7.92,6.777,7.625,8.078,7.806
7AW0,7.46,7.214,7.452,7.432,7.525
8CSG,5.04,6.47,5.636,5.38,5.45
3QTF,7.72,7.029,6.937,6.711,7.323
5KHM,7.72,7.178,7.337,7.3,7.429
7HBL,6.125,4.676,5.236,4.394,4.557
5S7Q,7.66,8.268,7.25,7.382,7.482
6FRF,6.7,6.717,6.888,6.612,6.782
3C0G,5.04,4.443,4.981,4.729,4.454
6I29,7.66,7.029,7.144,6.964,6.683
7KTB,5.96,6.616,5.984,5.441,5.593
7T4V,5.96,7.151,6.348,6.722,6.441
7MDP,6.125,7.281,5.915,6.461,5.88
6VQM,7.92,7.914,8.093,7.817,8.189
8PO1,7.72,7.585,6.269,6.557,6.766
5ZYJ,7.72,7.177,6.51,6.894,7.192
4YKT,6.45,4.364,6.055,6.302,5.74
6TEZ,5.04,6.367,5.884,5.419,5.889
7M05,7.505,6.506,6.176,6.882,6.103
6N0Q,7.92,8.014,7.619,7.928,7.883
8TSA,5.23,7.481,6.355,7.036,6.899
8XB1,5.96,6.838,6.408,7.044,6.808
4OD9,6.45,6.772,6.977,6.89,6.411
5QIF,5.04,6.885,5.699,6.647,5.687
4EGI,5.04,6.917,5.474,5.105,4.759
6K3E,5.96,6.337,6.12,5.505,5.726
8J3W,5.04,6.167,5.957,6.202,6.3
6VF2,5.96,6.516,5.886,5.663,5.718
7UL2,3.125,6.801,6.038,6.452,6.373
3HY8,5.04,5.863,5.525,6.115,5.387
5WTC,8.15,7.424,6.419,6.261,6.232
3UUC,5.04,4.57,5.397,4.47,4.463
8B34,5.04,6.938,5.772,5.691,6.025
3QT0,7.72,6.939,6.799,7.443,6.923
3L4V,5.96,6.83,6.04,5.893,5.655
7GTF,5.04,4.307,5.103,4.46,4.252
3TKM,7.66,6.877,7.314,7.417,6.891
3QCH,6.45,6.938,6.544,6.649,6.256
5DZH,4.01,5.728,5.528,5.181,5.702
3QQU,7.92,7.465,7.847,7.148,7.417
8EWV,3.125,6.938,6.197,7.025,6.716
7T2X,6.7,6.649,6.843,7.001,7.068
5Q19,7.66,6.163,7.355,6.566,6.863
5TTO,7.92,6.912,7.496,7.587,7.261
7OVI,7.46,8.236,7.495,7.709,8.003
4EK5,7.56,7.819,7.131,7.728,7.743
9NC2,7.46,8.065,7.389,7.988,7.354
6CZN,4.01,5.951,5.376,4.811,4.575
2FIR,5.96,5.829,5.747,5.747,6.358
2VWZ,7.92,7.649,7.777,7.508,7.544
4SKN,5.96,6.44,5.834,5.179,5.527
6S8X,5.04,3.815,5.917,6.919,6.699
4UBA,5.36,6.905,6.428,5.582,6.064
6RL6,6.45,4.927,5.866,5.47,5.424
5HIE,7.92,8.185,7.838,8.307,8.231
1GI7,5.04,5.902,5.559,5.766,5.494
6AFI,5.04,6.844,5.568,5.702,5.854
7NM9,5.04,5.647,5.227,4.701,4.422
7X0T,6.45,6.081,6.329,6.153,6.922
5QDQ,5.04,5.663,5.362,3.844,4.34
6A1G,6.7,6.517,6.713,6.684,6.484
5ZYG,5.04,6.512,6.396,6.389,6.138
6WK0,5.04,5.465,5.288,4.754,5.289
2QXM,7.46,6.137,6.875,6.16,6.292
5OOR,7.92,8.583,8.06,7.502,7.964
4NR6,7.72,6.679,6.486,6.42,6.365
7R04,5.04,6.819,5.157,4.663,4.346
4KSY,5.96,6.921,5.583,5.649,5.909
8P4Z,5.23,7.17,6.244,6.433,7.176
5YCN,7.92,6.943,7.636,7.409,7.088
3RML,7.56,6.73,7.05,7.268,6.807
6PCW,6.7,6.816,6.583,6.342,6.271
9D5J,5.04,6.42,5.051,4.793,5.11
3C27,6.45,6.946,6.609,6.696,6.553
5FEQ,7.66,7.644,7.544,6.95,7.493
7N9G,7.66,6.733,7.379,6.955,7.318
6FIT,5.04,6.539,5.405,5.551,5.683
5PAT,6.45,6.755,6.305,6.305,6.102
4OKT,7.505,6.964,6.737,6.502,6.563
5UVU,7.46,6.644,7.291,6.439,6.532
5UG9,7.46,7.887,7.482,7.829,7.859
7MXC,5.04,6.375,5.513,5.269,4.817
7BDT,5.04,6.881,5.824,6.19,5.622
7D42,8.37,7.282,7.861,7.669,8.423
4FM7,9.0,6.901,7.158,6.961,7.273
5ULW,5.96,3.567,5.903,5.698,5.73
4DCH,5.04,5.717,5.562,6.134,6.262
6CHW,6.595,6.945,7.292,7.185,6.697
4FKG,7.56,7.189,7.144,7.179,6.952
9JDG,5.04,5.381,6.304,7.172,7.22
4C52,7.6,7.604,6.759,6.551,7.092
7T0P,6.45,8.258,6.806,6.483,6.381
3ZEW,7.92,8.197,8.016,7.899,7.794
4Y16,5.96,5.454,5.849,5.632,5.401
5S9C,5.23,7.316,6.634,7.442,7.402
5TQF,7.56,7.176,6.88,6.518,6.636
2G1R,6.45,6.878,6.693,6.763,7.006
7ORT,6.45,4.999,5.619,5.4,4.813
7HB7,5.96,6.96,6.516,6.397,6.075
4OAV,5.04,4.398,5.148,6.186,5.656
5ENJ,5.04,6.8,5.947,6.816,6.795
6V8B,7.505,7.015,6.399,6.837,7.086
5YQZ,5.04,4.776,5.806,6.521,6.34
5QIY,6.45,7.313,6.307,6.208,6.402
5WNG,7.56,7.641,7.252,7.338,7.457
4YK0,5.96,5.101,5.927,6.158,5.805
4Q50,7.66,6.785,6.552,6.569,6.143
1G1Q,5.04,3.996,5.582,6.101,6.163
8FXE,7.72,6.919,6.506,6.296,7.393
7EFJ,5.96,6.942,6.13,4.873,5.671
3NUP,7.56,6.57,7.114,7.06,6.988
8R58,5.86,5.402,5.813,6.164,5.768
1WUU,5.04,4.868,5.139,4.393,4.099
7Z77,7.66,6.94,7.782,8.068,7.985
8JVI,5.23,7.209,6.092,6.057,6.98
7K6N,5.96,7.222,7.261,7.576,7.018
7LW1,6.45,7.281,6.684,7.506,7.409
3GHT,5.96,6.938,5.898,5.23,5.775
1XQC,7.66,7.812,6.931,7.301,6.865
4QFX,5.96,6.614,5.708,6.363,6.406
5AOM,3.125,6.845,6.297,6.702,6.791
6XDS,5.04,6.934,5.838,6.836,5.638
8EXL,7.66,7.733,7.522,8.149,8.281
3OSA,4.85,7.22,6.391,5.976,6.382
1GZZ,6.45,6.445,6.27,6.703,6.807
7Y7Y,5.96,5.842,6.163,5.193,5.738
8CYI,5.23,7.571,6.191,7.599,7.497
2ZM3,7.92,6.943,7.799,7.442,7.482
8CD0,5.04,4.804,5.592,4.9,5.513
7UP4,5.04,5.423,5.086,4.604,4.276
5CP9,5.04,6.162,5.892,7.302,6.842
3NC2,5.04,5.096,4.984,4.257,4.176
5NU3,6.7,6.56,6.838,6.798,6.765
8WF6,5.04,4.19,5.455,5.934,5.931
5RJT,6.45,6.653,6.432,7.414,7.275
4JVR,7.6,6.634,6.336,5.637,5.82
7AAB,6.45,7.462,6.855,6.257,6.048
2X4F,7.66,7.041,7.442,7.186,7.136
5OD7,7.66,7.54,7.427,7.664,7.601
6YWB,9.0,6.938,5.771,4.898,5.776
7REC,6.45,7.063,6.196,5.738,6.214
6CYG,6.45,5.882,6.417,6.016,5.916
1D8E,6.45,6.937,5.987,6.798,5.954
8B4W,5.96,4.148,5.944,5.395,4.884
7N7N,7.66,6.663,7.527,7.694,8.085
7YNL,5.04,4.109,5.678,5.767,6.147
6D0F,4.01,5.88,5.557,4.879,4.988
6HEV,7.92,7.9,7.706,7.808,8.066
7SCE,7.505,6.938,6.032,6.93,6.308
6V80,6.45,6.938,6.452,5.986,5.265
6T2F,6.45,4.873,6.228,7.051,6.22
1HE2,5.04,6.938,5.652,4.735,5.247
7F29,5.04,5.638,5.495,6.242,6.011
9BLH,7.46,7.473,7.246,7.005,7.398
4IVW,4.01,7.441,6.104,6.425,6.451
5J7G,6.595,6.87,7.044,6.826,6.867
4J51,6.45,5.981,6.708,6.091,6.444
8PQI,5.23,7.316,6.431,6.517,7.212
5TMM,6.05,6.504,6.12,5.596,5.281
5LR1,7.66,5.776,7.287,6.739,7.4
9EK7,5.04,6.612,5.882,6.722,6.297
5UBR,7.66,7.466,7.312,7.607,7.262
7R9Z,5.04,4.838,5.138,5.554,5.121
5NDD,6.125,6.371,6.277,6.47,6.63
5ZYH,7.72,6.649,6.609,6.74,6.172
5MQE,5.04,5.232,5.614,6.76,6.167
8STH,6.45,6.622,6.522,6.604,7.054
6RJQ,6.45,6.938,6.173,5.77,5.893
3C3A,5.04,5.797,5.426,5.333,5.019
7X3L,5.04,6.938,5.904,6.032,6.294
9CGA,5.04,4.589,5.367,5.241,5.227
6FVG,3.125,6.378,5.989,5.602,5.227
5EYM,7.92,7.616,7.741,8.391,7.748
3F1Q,5.04,6.537,5.794,6.776,6.37
8IRT,5.96,6.779,6.498,6.188,7.165
5MO6,6.45,5.116,6.354,5.449,4.921
4QSB,5.04,6.915,5.314,4.467,4.395
5S9G,8.59,6.761,6.041,7.375,6.944
1HE3,5.04,6.938,5.772,5.264,5.432
2QLU,5.04,4.928,5.197,4.836,4.839
4AQD,5.04,3.378,5.697,6.43,6.236
7FSO,6.45,4.067,6.268,6.744,6.767
7EL4,5.96,6.594,6.505,7.505,7.299
5N4U,7.92,6.588,7.546,7.604,7.12
1S2A,5.04,6.938,5.948,6.111,6.256
4UZL,5.04,6.936,6.183,6.181,6.288
5DVV,4.01,5.566,5.387,4.64,4.673
8DUH,5.96,7.114,6.447,6.024,7.014
7M5L,6.45,6.938,6.533,7.296,6.809
4MDD,7.92,6.898,7.668,7.751,7.992
8GLI,5.04,3.443,5.729,6.758,6.854
7F7W,7.66,6.6,7.56,7.506,7.718
2P4I,7.46,8.548,7.547,7.88,8.035
7Z4V,7.56,6.808,7.145,7.031,7.157
6N7B,7.66,8.447,7.483,8.294,7.983
7M18,7.72,7.247,7.1,6.588,6.645
7WX2,7.46,7.346,7.025,6.324,6.597
4AYX,5.04,4.425,5.0,4.701,4.511
5NOT,5.04,4.507,4.983,3.826,4.182
2FAP,7.72,6.969,6.802,6.725,7.027
7R9P,8.37,7.186,7.88,7.796,7.886
7BGC,5.04,3.392,5.518,6.007,5.776
5KAE,8.37,8.487,7.762,7.926,7.872
6HDR,5.04,6.946,6.454,6.525,7.336
9FRE,5.96,6.106,6.307,4.737,5.245
7CIL,7.46,7.182,7.405,7.629,7.263
5KTU,5.23,6.7,6.279,6.46,6.749
6A60,7.92,6.962,7.477,6.648,7.204
6UF0,6.125,6.945,5.848,5.731,5.929
9FS4,5.04,6.926,5.57,5.241,5.036
4NFN,7.92,6.134,7.56,6.689,6.78
3UUD,5.96,5.859,6.667,6.524,6.095
3OFM,7.46,6.728,6.575,6.334,5.974
2L85,5.04,6.128,5.643,5.264,5.802
3GV7,5.04,5.058,5.366,5.3,5.674
1RY8,5.96,6.648,6.058,5.786,6.206
8FP3,5.96,7.083,6.428,5.818,6.704
6T7Q,6.45,7.057,5.978,6.907,6.265
7DUA,7.66,7.992,7.556,7.815,7.865
7Q8V,6.45,5.023,6.266,5.609,5.605
1ZGY,8.59,6.942,6.306,6.827,5.93
5W9D,6.595,6.659,6.676,6.428,6.376
4GZ6,6.45,6.938,6.186,6.786,5.665
7EJA,5.04,5.79,5.889,6.349,6.415
7UKW,5.23,7.362,6.302,5.925,6.701
5LPK,6.45,6.314,6.618,6.587,6.819
5RJQ,5.04,4.217,5.576,4.78,4.777
6OOY,5.04,6.334,5.587,6.296,5.95
4NA9,5.96,6.92,5.705,6.274,5.389
1UOM,6.45,6.667,6.489,7.435,7.289
6DHA,8.59,6.94,6.558,6.944,6.612
5ZXI,6.595,6.407,7.286,7.334,7.097
6YID,7.66,6.122,7.42,6.774,6.801
1LHC,5.23,6.52,6.914,7.284,7.307
6PCK,5.04,7.031,5.353,5.284,4.863
6Z59,7.66,7.326,7.309,7.636,7.314
7T4T,5.96,7.395,6.013,6.551,6.78
6WW8,7.46,7.021,7.122,6.893,7.61
8PAS,5.23,7.295,6.126,6.254,6.066
5DXK,5.96,6.259,6.019,5.523,5.726
8C1G,5.23,6.916,6.245,6.164,6.738
6TLW,5.04,6.891,5.48,5.173,5.019
5D3F,7.72,6.856,6.074,6.043,6.179
4YKZ,5.04,4.226,5.407,5.292,5.295
5ANE,5.04,5.252,5.798,5.71,5.869
8HUP,7.6,6.898,6.569,6.791,7.294
6A5Y,7.66,7.067,7.288,7.071,7.561
5A7C,6.45,5.903,6.102,6.328,6.38
7QGP,7.92,7.594,7.919,7.606,8.002
3IW6,7.72,7.296,6.686,6.767,6.87
6AAR,6.05,5.613,6.065,5.876,5.83
5DMC,4.01,6.164,5.369,4.928,5.325
3U3O,5.04,6.34,5.464,4.919,5.056
4GFG,7.66,8.145,7.455,8.175,7.863
7FVH,5.23,6.984,6.623,6.988,7.321
2V7O,7.46,6.849,6.601,6.018,6.45
6EJ3,7.72,7.061,7.111,6.968,7.065
5QFK,5.96,8.181,7.209,6.357,7.341
2OHF,5.04,5.737,4.93,4.217,4.144
2CNI,6.45,6.938,6.928,7.008,6.609
8AEU,7.72,5.226,6.275,5.404,6.384
1SJ0,4.01,7.1,6.132,5.407,5.915
6SYW,5.04,6.938,5.72,5.722,6.133
5CEQ,7.56,7.546,7.13,7.542,7.748
8SO2,5.04,4.148,5.353,4.775,4.534
6YG5,6.7,7.16,7.128,7.052,7.115
4ZHX,7.66,7.77,7.243,7.374,7.264
4TWO,6.595,7.052,7.411,7.542,7.145
4B8W,5.04,6.938,5.579,4.719,5.634
4AAA,7.66,7.042,7.335,7.09,7.47
6DNK,5.04,6.791,5.666,6.204,5.899
5RKM,7.6,6.511,5.856,5.955,5.888
7FTD,3.125,6.738,5.951,6.267,6.712
6NTM,5.04,3.907,5.652,5.927,5.993
5UFW,4.01,7.054,6.312,5.928,6.503
8V79,5.96,6.966,6.246,6.794,6.371
5TE1,5.04,5.476,4.934,4.473,5.456
3INW,7.66,6.406,6.537,6.662,6.231
7YNF,5.04,6.695,6.07,6.569,6.47
3BGZ,6.7,6.272,6.584,6.124,6.495
7Y0A,6.88,6.618,6.578,6.025,6.102
4AOJ,6.7,8.142,7.181,7.214,6.995
7M0A,5.96,4.835,5.781,5.423,5.277
7AK2,7.92,6.82,7.675,7.47,7.745
7FT5,5.96,6.219,6.194,5.637,6.392
4PXM,5.96,5.797,6.643,6.606,6.072
3OD0,5.96,6.574,5.735,5.918,6.333
4TO3,5.96,6.821,5.656,5.628,4.973
6LN5,5.04,6.103,5.646,6.115,5.888
7X6I,5.04,6.958,5.965,6.214,6.616
3FLI,7.66,6.587,7.345,7.455,7.288
6NUQ,7.56,7.191,7.022,7.453,7.206
2YKJ,7.66,8.505,6.804,7.609,8.129
2LP8,6.45,6.89,6.274,6.637,6.375
7OY6,7.56,6.042,6.899,6.94,6.566
8X8Z,5.23,7.322,6.271,6.831,6.513
7WGQ,5.04,6.863,6.711,5.97,6.181
6TE2,7.66,7.278,6.785,6.543,7.484
4L7S,7.92,7.759,7.948,8.159,8.046
8P6V,7.56,6.459,7.152,6.686,6.854
4LXK,7.56,6.653,6.95,6.298,6.794
2E3R,6.45,6.938,6.438,6.819,6.436
5S92,5.96,7.134,6.863,6.35,6.901
4E4K,5.04,5.847,6.003,5.849,6.371
5Q0U,7.66,6.629,7.285,7.303,7.59
6CIS,7.66,7.087,7.374,8.302,8.026
7DHC,7.92,7.326,8.067,8.163,7.818
4US2,5.96,7.582,6.14,6.512,6.478
6Q3F,5.04,6.892,5.22,4.611,4.485
6UWV,7.72,7.531,6.897,6.51,6.386
1P4F,6.7,5.794,6.666,6.018,5.83
6V2E,5.04,6.887,5.742,6.353,5.78
6GVF,7.66,6.357,7.316,7.522,7.423
8G8O,5.23,7.65,6.334,6.77,6.786
5KMB,6.45,6.594,6.825,5.94,5.077
5QIC,5.04,6.967,5.695,6.639,5.752
9BGH,7.72,6.938,6.6,6.74,6.615
6PJJ,7.66,6.727,6.819,6.803,6.786
4QPL,5.04,6.848,5.2,5.089,4.655
8AXZ,6.45,3.457,5.56,4.944,5.137
7GS7,6.45,7.27,6.612,7.64,6.722
5J1X,6.45,6.936,6.314,5.552,6.489
2XVD,8.37,7.341,7.845,7.713,7.726
8HDP,5.04,6.237,5.304,4.895,4.942
7FH2,6.45,6.938,6.354,5.742,6.003
2XE7,5.04,5.927,5.389,5.203,4.776
2EVA,5.04,5.268,5.093,6.222,5.398
4FZF,6.45,7.233,6.89,6.891,6.545
6AFL,6.125,7.47,5.528,5.727,5.411
2VJ7,7.56,7.079,7.165,7.454,7.482
7B87,5.04,5.847,5.897,6.114,6.101
7MFC,7.92,8.426,7.929,7.371,8.321
9CJ4,8.37,7.288,7.926,8.479,8.508
2PIU,5.96,7.109,6.366,5.706,6.636
3MQL,5.04,6.066,5.736,7.096,6.279
8XV9,7.56,7.385,6.705,5.736,6.105
4B0O,5.96,5.526,5.856,5.955,6.372
7BCM,7.56,5.464,7.197,7.589,7.302
7SSM,6.45,6.537,6.121,7.108,6.317
1G32,6.45,7.162,6.451,6.427,6.878
7M2O,5.04,6.871,5.64,6.324,5.827
7W9M,5.04,6.936,5.297,5.14,4.763
5BNW,6.45,6.938,6.5,6.449,6.122
2WAL,5.04,3.928,5.848,6.058,6.657
4MGY,7.46,7.014,7.173,7.358,7.466
7KSK,7.46,7.288,7.407,7.205,7.598
7B35,7.92,9.163,8.052,7.844,8.01
8ARX,3.125,6.597,5.908,6.188,6.682
4YJP,7.92,7.012,7.632,7.293,7.369
3U3K,5.04,5.435,5.552,4.805,5.815
3V4A,7.92,6.938,7.301,6.886,6.861
4QOC,5.96,6.784,6.527,6.728,6.666
4XUS,5.96,5.169,6.112,6.442,6.524
9DUQ,5.04,5.782,5.163,4.983,4.769
8T1B,5.04,7.195,6.332,7.427,7.466
5USS,5.04,2.991,4.834,4.145,4.439
8C44,5.04,6.938,6.101,6.442,6.993
8R9U,5.23,6.939,6.196,7.101,7.335
3SXS,7.66,6.464,7.259,7.145,6.581
1JVQ,6.45,4.701,5.467,5.465,6.229
5FE0,6.45,6.156,6.097,6.372,6.309
8FKO,5.96,6.982,6.393,5.954,7.128
6RA5,6.7,6.245,6.695,7.009,6.867
6FNK,7.66,5.878,7.174,6.352,6.576
5Q0N,8.37,6.477,7.868,7.972,8.208
5RKS,5.96,4.348,6.073,5.126,5.277
5J6N,5.04,6.903,6.172,6.304,5.717
7G86,6.45,5.121,6.145,6.248,6.192
7Z5N,6.7,7.186,6.915,7.075,7.088
5SWP,5.96,4.742,6.388,7.423,7.175
7JYT,5.04,5.186,5.459,4.546,4.515
6I6R,5.96,5.287,5.98,5.652,6.463
3KMG,7.92,7.667,7.734,7.473,7.381
3ONC,5.04,6.938,5.612,5.203,5.836
8AAI,5.23,6.642,6.14,5.036,5.991
7OPG,7.46,6.118,6.989,6.518,6.305
6DLZ,5.04,6.938,5.496,5.429,5.529
7RN6,8.37,6.917,7.893,7.612,7.329
3R7M,5.04,6.938,5.852,6.163,6.069
4QIN,3.125,7.004,6.662,6.268,6.403
9CFI,5.04,4.63,5.362,5.23,5.227
8UTB,3.125,6.778,5.978,6.156,6.779
8P04,5.23,7.656,6.202,7.918,6.574
5XR9,7.66,6.004,6.518,6.651,6.393
5P9M,7.92,9.226,7.895,8.126,8.021
3FEP,5.04,6.938,5.913,4.936,5.739
5VD2,7.56,7.186,7.268,6.689,6.921
7BA7,6.45,6.936,5.607,5.258,5.1
5TMV,6.05,6.873,6.103,6.592,6.551
3VJH,6.45,6.501,6.66,7.029,6.889
6GWE,7.56,6.931,6.722,6.327,5.879
3ORX,6.45,6.938,5.664,5.563,5.696
5KRI,5.96,6.513,6.428,6.3,5.704
8UWL,7.56,5.59,6.66,6.353,6.602
7NXJ,7.46,8.213,7.555,7.682,7.76
7RS3,6.595,6.955,6.97,6.666,6.539
7NA4,7.72,7.142,6.851,5.947,5.938
5ZJW,7.92,8.312,7.721,7.891,7.834
7KXQ,7.92,8.328,8.225,8.587,8.434
5GRN,7.92,8.177,7.779,7.353,7.183
8B3N,5.04,6.938,5.8,5.637,6.192
2VWY,7.92,7.278,7.754,7.554,7.485
6VIW,7.46,7.227,7.407,7.365,6.709
1G3M,5.04,5.492,5.592,5.176,4.884
2G0H,7.505,6.91,6.567,6.664,6.216
4EFT,5.96,6.641,6.254,5.297,5.504
2B1Z,4.85,6.916,6.324,5.865,5.848
7BPY,5.04,5.57,5.527,5.059,5.216
7Q9O,5.04,3.71,4.876,3.722,3.651
7ZVU,5.04,6.928,6.15,6.688,5.807
4AGQ,7.56,6.938,6.241,7.15,7.177
2RFN,7.92,8.09,7.912,8.054,8.363
7ZU1,5.96,7.0,6.364,5.706,6.537
5TLP,7.46,6.117,6.948,6.185,6.447
6D9H,5.04,5.71,5.417,4.765,4.796
4OVV,5.04,4.495,5.256,5.722,4.815
5KCC,6.05,7.404,6.298,5.713,6.06
8EQ5,5.86,5.421,5.781,5.967,5.562
8S0E,5.04,6.938,5.027,5.205,4.232
8AHI,6.45,5.785,5.993,5.984,5.642
5RKD,5.96,6.095,6.834,6.16,6.898
3ADU,5.04,4.939,5.608,4.928,4.786
6S26,5.96,6.938,6.027,5.457,6.325
5VD9,7.56,7.678,7.397,8.313,7.932
7ZVK,9.0,6.938,6.63,6.959,6.609
4TNP,5.96,6.896,5.76,5.62,5.173
3Q3T,7.72,5.795,6.536,6.433,6.852
2B1V,5.96,5.478,6.378,6.181,5.446
4ZP5,7.66,6.158,6.69,7.442,7.336
3OSI,5.04,7.159,5.845,5.478,5.488
2G0G,7.505,6.78,6.576,6.841,6.706
8DEG,5.96,7.427,6.535,6.842,7.037
6DM1,5.04,6.938,5.496,5.429,5.529
2J7Y,5.96,6.267,6.572,5.728,6.152
6L16,7.46,6.07,7.057,6.52,6.273
7FXZ,5.04,6.938,6.476,7.563,7.414
4GBP,5.04,4.44,5.71,6.48,5.794
6Z4B,7.66,7.707,7.499,7.263,7.539
8P6Y,5.04,6.499,5.041,5.396,4.606
4IG7,5.04,5.485,5.997,5.945,6.368
3D7T,7.92,8.213,8.079,8.142,8.225
5O12,7.92,6.645,7.577,7.558,7.296
2BBW,5.04,6.904,5.88,5.82,5.535
1QFK,5.04,3.362,5.475,6.229,6.122
5T21,7.56,7.017,7.078,6.896,7.096
5JIZ,7.66,7.23,6.952,7.404,7.385
8HID,6.45,6.939,6.111,6.74,6.767
4LQM,7.66,7.429,7.122,7.233,7.401
1YC4,5.04,4.903,5.978,5.72,5.498
5A00,8.15,7.681,6.563,6.282,6.419
2ZMD,6.7,6.077,6.644,6.565,6.463
7G8Y,6.45,5.982,5.861,5.338,5.889
6TLL,6.7,6.901,6.378,5.673,5.295
4N4W,5.96,6.919,6.61,5.626,5.726
6IGK,5.04,6.024,5.974,6.571,6.894
7CJA,7.92,7.633,8.174,8.584,8.298
9FL8,5.04,5.629,5.554,6.033,6.64
1ZEO,5.04,6.583,6.419,6.242,5.553
7JXI,7.46,7.93,7.495,7.489,7.12
5Q0Y,7.66,7.36,7.348,7.138,7.569
6R7S,7.66,6.739,6.843,6.97,7.104
4AKJ,5.04,3.147,4.709,3.011,3.524
8R9S,5.04,4.993,5.676,6.14,6.449
5W4X,5.04,5.566,6.107,6.582,6.415
8FXN,3.125,6.928,6.161,6.655,6.932
5DS3,6.125,7.409,6.545,6.567,6.36
8DJE,5.23,7.381,6.294,7.909,7.14
6NKP,5.96,6.475,6.2,6.181,5.929
5VJA,7.46,7.18,7.271,7.107,7.057
4KKH,7.92,8.569,7.97,7.834,8.126
7WSM,5.96,6.938,6.712,7.402,6.823
5ICN,5.04,7.292,5.531,5.673,5.56
8P6W,5.23,7.298,6.385,6.566,7.121
6CHZ,7.66,7.359,7.197,6.803,6.634
2OO8,7.66,8.094,7.338,7.886,7.324
3SGP,5.04,3.87,5.671,5.98,6.448
6CQV,5.04,3.731,5.688,6.603,6.483
4FKW,6.7,7.798,7.159,7.511,7.379
1YC1,5.96,5.504,5.967,5.939,5.266
7MII,7.505,7.152,6.787,8.377,8.063
4FAL,5.04,6.938,5.889,6.179,6.157
5MKX,6.45,6.67,6.31,6.356,6.595
3E7C,6.45,6.995,6.761,6.276,6.193
6LTI,7.56,5.596,7.082,6.655,6.674
3CTH,7.92,6.768,7.381,7.316,6.824
1NXK,7.66,8.436,7.226,7.512,6.966
5LBZ,5.04,6.938,6.271,6.653,6.577
7ER6,5.04,6.938,5.826,5.512,5.286
2IZR,6.7,6.775,6.91,6.774,6.67
5WZX,7.72,6.938,6.638,6.596,6.91
5XR5,7.66,4.869,6.699,7.042,6.999
2G5O,7.72,6.448,6.593,6.594,6.864
3GJW,5.96,6.823,6.182,5.845,5.838
9EVJ,5.04,6.706,5.309,5.359,5.34
5HMK,9.0,7.346,6.917,7.267,6.684
9DME,5.04,4.918,5.281,4.306,4.194
6QY8,4.85,7.21,6.086,6.095,5.73
7C7H,5.04,6.938,5.837,6.241,6.281
8CTG,5.04,6.938,5.521,6.285,6.43
5MJT,7.56,7.001,6.811,6.602,6.277
4QDV,5.04,5.926,5.801,6.334,6.314
3OLF,8.37,6.8,7.926,8.277,7.936
5Q17,8.37,7.006,7.638,7.572,7.112
7NNE,6.45,3.634,5.842,5.657,6.138
7YL2,3.125,6.237,5.836,6.855,6.716
5EHL,6.45,5.559,6.166,5.231,4.954
6CM2,5.96,6.84,5.403,4.62,4.475
3DBS,7.66,8.403,7.447,8.059,7.418
3T10,5.04,5.163,5.125,5.018,4.951
5DN2,5.96,3.884,6.089,6.532,6.708
7O1U,6.45,6.889,6.093,5.954,5.889
6DGQ,6.45,6.369,6.576,6.643,6.244
1I7I,5.04,6.328,6.094,5.858,5.882
8AGJ,6.45,6.563,7.323,7.038,6.335
5DI7,7.72,5.685,6.615,6.26,5.971
5FQP,6.05,6.907,6.38,5.898,5.961
2A1T,6.88,6.847,6.558,5.738,5.688
5J6A,6.45,6.897,6.899,6.982,6.843
1UYI,5.04,6.938,6.668,6.547,7.275
4PFC,7.56,6.314,7.389,6.992,7.52
6NRH,5.96,6.583,6.095,6.244,6.244
5J20,7.92,6.872,6.932,6.907,6.094
4JPG,5.04,6.067,5.333,4.512,4.486
4F7N,6.45,6.273,6.508,6.15,6.55
6XRN,8.37,7.227,8.229,8.242,8.942
6EO7,6.45,5.495,5.733,5.355,5.506
4M5S,5.04,4.695,5.198,6.247,5.632
7FSH,7.56,5.453,6.827,6.421,6.737
3HCR,5.96,6.807,6.301,6.124,6.316
2Z9Z,5.04,6.928,6.327,7.109,7.333
6ZUX,7.56,6.771,6.903,7.027,7.016
6Z8V,5.04,4.319,5.576,5.678,5.294
3EGK,7.72,6.65,6.571,6.817,6.94
5FE3,5.04,4.902,5.774,5.917,6.434
5A1P,7.72,7.163,6.286,5.734,6.177
5EIT,4.01,6.402,5.805,5.428,5.063
8AV4,3.125,6.675,5.919,5.88,6.586
6RWU,6.45,5.977,6.13,5.924,5.691
4MRM,5.04,5.277,5.558,5.105,5.334
3OOF,8.37,6.759,7.848,8.228,7.66
7B3V,5.96,7.156,6.609,7.042,6.586
5HQ5,6.45,5.807,6.312,7.046,6.76
4BUZ,5.96,6.406,6.369,6.224,6.509
6K0J,6.7,7.118,6.974,6.67,6.542
7A4R,6.7,5.303,5.946,5.31,5.388
8BM2,5.23,7.847,6.243,6.318,6.89
4FPA,5.04,6.41,5.903,6.916,6.5
6F0X,5.04,6.937,5.621,6.041,6.154
5NYI,7.92,5.209,7.006,6.485,6.592
4PF9,7.56,6.443,7.208,6.94,7.59
6W7G,6.45,7.325,6.909,6.446,6.663
6NQ0,5.04,6.524,6.139,6.39,6.444
7BDH,6.45,7.277,6.47,7.547,6.615
4EY5,5.04,3.736,5.688,6.603,6.483
7FWE,5.96,6.485,6.118,6.186,6.251
2BVR,6.45,6.907,6.144,6.231,6.029
6VF6,5.96,6.564,5.824,5.499,5.803
6PJX,7.66,4.849,6.312,5.864,5.665
5AFG,7.56,7.764,7.063,7.59,7.813
6FFG,5.96,6.689,6.756,7.203,7.571
4OK1,7.505,6.963,6.75,5.919,6.617
5DB2,5.04,5.029,5.435,6.036,6.376
2WH5,5.04,6.766,6.104,7.502,7.303
8FUP,5.23,6.806,6.336,6.965,6.997
5N84,7.46,7.181,7.375,7.439,7.5
4PZT,6.45,6.938,6.601,5.346,6.185
7UJF,7.66,7.083,6.974,6.775,7.058
7JQG,6.45,6.601,6.37,6.514,6.579
7FY6,5.96,6.668,6.334,6.676,6.86
4NH8,7.56,7.006,7.252,7.381,7.376
5HZC,5.04,6.772,5.692,5.573,5.587
3TY0,7.92,7.198,7.708,7.332,7.239
6TEW,7.92,6.603,7.447,7.213,7.313
6RSD,7.56,8.188,6.999,7.751,7.106
6DUV,7.46,7.179,7.004,7.264,7.055
4X8V,7.505,7.139,7.184,7.553,7.683
5S7A,7.66,8.384,7.282,7.447,7.379
7RLC,5.04,6.938,5.231,5.167,4.651
7RLH,5.04,6.938,5.261,4.98,4.829
7XH6,7.46,7.384,7.475,7.96,7.352
5TMK,7.72,5.565,6.931,6.767,7.453
7DHH,7.92,7.068,7.978,7.887,7.735
7P2L,6.45,6.938,6.562,7.037,6.759
6F82,5.04,6.938,5.722,5.865,6.124
7ERK,6.45,5.645,6.543,5.83,6.198
8WZH,5.04,6.798,5.748,4.537,4.714
2UVX,5.04,4.864,5.136,4.771,4.518
9B83,5.04,6.696,5.047,5.146,4.987
5KD9,6.05,5.87,5.813,5.547,5.209
8JP1,5.04,6.938,5.888,6.171,6.123
3FXV,7.92,6.869,7.779,7.685,7.25
1YSG,6.125,5.849,5.711,5.065,5.696
5M8M,5.96,4.273,5.98,6.017,6.288
7G8U,5.96,5.403,6.466,6.481,6.753
4FT0,7.92,8.17,7.669,7.668,7.778
4O7F,7.66,5.99,7.366,8.023,7.387
2R2M,6.45,6.775,6.627,6.517,6.418
7ERD,5.04,6.938,5.61,4.863,5.572
6GXK,5.04,6.938,5.904,6.06,6.175
7CMB,7.66,7.276,7.163,6.314,6.855
2FWY,7.66,7.273,7.105,7.081,7.118
7CMW,5.96,7.406,6.637,5.857,6.439
1YPK,7.56,6.565,7.16,6.836,7.685
2Z7Q,5.04,3.721,4.963,5.283,5.121
3NR9,6.7,7.068,6.935,6.897,6.827
6Y6N,5.04,6.844,6.394,7.237,7.087
3J9F,5.04,3.63,5.645,6.56,6.586
8P08,5.23,7.247,6.24,6.344,6.085
6JMD,5.04,6.575,5.801,6.693,6.318
6Q3W,5.04,4.941,5.398,5.183,5.431
8JFK,5.04,6.793,6.254,6.753,7.656
5S8D,5.04,4.974,5.483,5.804,5.7
2E3Q,6.45,6.938,6.436,6.785,6.059
7B4B,5.96,6.316,5.69,4.616,5.105
8JF1,5.04,6.932,6.149,4.652,5.453
3RHX,6.7,5.68,6.548,6.368,6.196
6M92,6.45,6.318,5.997,5.739,5.802
7FSJ,5.96,3.71,6.254,7.194,6.688
7L9L,7.56,6.429,6.823,7.39,7.259
6A93,7.6,6.84,7.285,7.232,7.821
8P01,5.96,6.938,6.299,6.509,6.53
3TH2,5.96,5.922,5.724,5.372,5.734
5W8K,5.04,7.126,5.565,5.509,5.491
4L96,5.04,6.409,5.743,6.354,6.234
3HA8,7.66,7.907,7.388,7.258,7.373
2VX0,8.37,7.481,7.761,7.335,7.319
5H17,7.72,7.287,6.806,5.44,5.947
5UAD,7.66,9.108,7.601,7.155,7.473
7QPN,6.45,7.275,6.896,6.819,7.294
6VGG,5.04,3.705,5.565,6.522,5.997
4QO4,5.96,6.409,6.668,6.795,6.597
7G0V,6.125,6.691,6.196,5.982,6.542
8V6Z,5.96,6.859,6.223,5.872,5.839
4ID7,7.66,6.63,7.199,7.164,6.458
7FVG,3.125,7.464,6.097,7.125,6.708
6YVM,5.04,6.276,5.045,4.703,3.963
7FUW,3.125,7.078,6.035,7.459,7.057
6FYO,7.66,7.924,7.405,7.701,7.63
2WQO,7.92,5.793,7.347,6.872,6.849
3L4T,5.96,6.789,6.067,6.14,5.584
5WRQ,7.56,7.145,6.874,7.08,7.022
1XP6,4.01,7.259,6.299,6.149,6.883
5S99,8.59,6.571,5.995,4.943,5.413
5A1G,6.45,3.536,5.503,4.835,4.913
7FSN,7.72,6.923,6.056,6.285,6.554
3P2B,7.66,6.767,7.082,6.254,6.323
9AUC,5.96,6.934,6.469,7.423,6.896
7DDZ,7.56,7.005,6.877,6.489,7.674
6X28,7.66,6.593,6.563,7.662,6.861
4NR4,7.46,6.591,7.077,7.365,7.186
7AJ2,6.7,5.493,6.585,5.712,5.716
6JOI,7.66,7.104,7.273,6.952,6.778
6JUT,7.92,7.782,7.881,7.774,8.244
8Q1Z,5.23,6.698,6.008,6.095,6.391
7G94,6.125,6.165,6.344,6.461,6.343
7FSX,5.23,6.821,6.096,6.405,7.222
5I1Q,5.04,6.938,6.074,5.996,5.627
5AJZ,5.04,6.414,5.603,4.763,5.377
5Q0Z,7.66,6.526,7.275,6.799,6.736
5AJQ,7.92,8.786,8.014,8.621,8.526
2FL5,5.04,6.579,5.558,5.456,5.122
7FZ1,5.23,6.929,6.284,6.846,6.424
7FVM,3.125,7.124,6.163,7.662,7.264
5ENN,7.56,7.494,7.138,7.194,7.838
2YEK,7.46,6.191,7.22,7.448,7.42
2FEQ,7.56,7.197,7.035,7.829,7.541
2ATH,5.04,6.695,6.999,6.909,6.742
8XU4,5.04,5.362,5.538,6.079,5.948
2XZO,5.04,4.678,5.059,5.418,5.274
3HM1,5.96,5.978,6.742,6.624,6.25
6YVO,5.04,6.277,5.045,4.703,3.963
7U36,7.56,6.832,6.767,6.581,6.586
5VCY,7.92,7.452,7.925,8.346,8.081
7RUY,6.45,7.04,6.529,6.529,6.571
7VRI,5.04,6.165,5.377,4.631,4.996
3VN2,7.92,7.069,7.759,7.971,7.675
6FIO,8.37,7.521,7.739,7.545,7.451
6Z2J,5.04,3.034,5.495,6.036,5.745
2WIL,5.96,5.508,5.693,5.414,5.985
6R3S,7.66,5.922,7.136,7.432,6.822
7FV5,3.125,7.531,6.025,7.484,7.275
4JS8,7.46,7.748,7.301,7.492,7.158
8ZLO,5.96,6.914,6.039,5.222,5.945
5LN2,7.66,6.511,7.318,7.035,7.156
7LEM,7.66,7.628,7.511,7.248,7.758
8B4V,5.04,5.862,5.132,4.107,4.021
4NO7,5.04,6.392,5.841,6.926,6.485
1DGG,5.04,6.811,5.692,5.305,4.639
4DM8,7.72,6.957,6.508,6.276,7.542
6FFI,5.04,6.301,6.254,6.9,6.821
6VJD,6.595,7.498,6.9,7.206,6.782
1OSF,6.45,6.922,6.729,6.997,7.099
5RJM,5.04,7.186,5.739,5.248,5.034
1GIJ,7.46,8.094,7.449,7.89,7.745
8PT3,5.04,6.592,5.848,5.268,5.759
5WRI,5.04,6.689,5.284,5.522,4.916
3IDH,5.04,6.398,5.841,6.904,6.511
5DUE,6.05,6.804,6.409,6.438,6.397
7YAH,5.04,5.727,5.492,5.339,5.654
7KSI,7.92,7.527,8.046,7.853,7.944
7KFN,5.04,6.48,5.051,5.091,5.26
7NIG,5.04,6.697,5.869,6.191,5.933
8C3R,5.96,6.278,6.116,5.014,5.707
7BIQ,5.96,7.094,6.498,6.523,6.31
7FV9,3.125,7.117,6.246,6.837,7.043
5SY3,7.56,7.335,7.186,6.526,6.903
4TTB,5.04,6.982,5.773,6.201,5.872
7A1Z,5.04,6.163,5.551,5.308,5.203
3UFL,5.96,7.366,6.331,6.225,6.66
5CU0,6.45,4.716,6.315,5.275,4.63
4CWO,7.66,5.609,6.461,6.061,6.899
4MG9,5.04,4.946,5.917,5.722,5.486
3H3T,6.45,6.904,6.544,7.623,6.761
7EPB,5.96,6.803,6.042,5.407,6.421
6SNY,5.04,6.938,6.091,6.826,6.711
6T6B,7.505,6.901,6.635,6.956,6.298
7A5B,6.7,6.735,6.886,7.042,6.959
1LD8,5.04,6.757,5.74,5.62,5.435
6AY5,7.46,7.155,7.408,6.977,6.759
7SFO,7.92,7.391,7.389,7.613,8.043
6TNB,7.92,8.313,7.819,8.091,8.045
6V5N,7.92,7.977,7.773,7.893,8.006
7TYX,7.72,6.432,6.536,6.355,7.009
2VV4,5.04,6.819,5.992,6.837,5.814
6W1D,5.04,5.844,5.492,6.421,6.073
1AHT,5.04,5.447,4.504,3.904,4.016
7MIF,7.56,7.205,7.077,7.492,7.995
8CQE,3.125,6.939,6.171,7.089,7.404
3GUB,7.46,6.254,6.753,7.392,6.875
6UL0,8.59,6.989,6.095,6.563,5.851
3A61,7.92,7.075,7.989,7.493,8.192
4EY7,5.04,3.687,5.688,6.519,6.483
2QL6,5.04,7.303,5.43,4.861,5.456
6AAM,7.56,8.59,7.261,8.708,8.326
8UCB,5.23,7.062,6.43,7.267,7.351
3EQP,7.92,8.582,7.862,7.665,7.654
1TF0,5.04,5.979,6.26,6.509,6.975
6UKZ,7.6,6.941,6.534,7.427,6.806
7K2U,5.04,6.601,5.855,6.627,6.283
7URF,6.45,6.938,6.61,7.01,7.07
4KLN,5.04,6.938,5.13,4.738,4.656
3LDP,6.45,6.81,6.279,6.259,5.994
6EQP,5.96,4.351,5.82,5.902,6.05
3DEK,6.45,5.038,6.277,5.81,6.209
4F6W,7.56,6.927,6.697,6.475,7.419
5ZYI,7.72,7.231,6.6,6.861,7.143
4XUH,7.66,6.84,7.028,7.288,6.92
8T1D,7.72,6.956,6.559,7.164,6.589
3UQW,6.45,6.96,7.002,7.233,7.201
5UY6,6.7,7.192,7.065,6.944,7.183
7SIN,6.45,7.402,6.751,6.596,6.619
8TU3,5.96,7.777,6.434,6.769,7.297
5KKN,7.72,6.997,6.973,7.073,7.057
7EM1,5.04,5.374,5.183,5.108,5.066
7NPG,5.04,5.333,5.378,4.701,4.647
8HV2,5.23,5.12,6.072,6.321,6.385
1IHI,5.04,6.938,5.857,5.793,6.356
2M9R,5.04,4.934,5.438,6.613,6.271
2I4P,5.04,6.806,6.108,6.326,5.484
7EHY,7.46,6.795,7.138,7.57,6.992
7QDN,5.04,6.166,5.375,4.275,4.517
6LTK,7.56,7.034,7.151,7.436,7.323
7EVY,7.6,6.984,7.096,7.114,7.261
6YOV,5.04,3.026,5.527,6.586,6.653
4AGU,7.92,8.413,7.483,7.457,7.562
5MAI,7.66,8.492,7.499,7.889,8.292
6Y4Q,7.72,5.794,6.329,7.536,6.891
1DVS,5.04,3.579,4.951,3.8,3.579
7F1Z,5.04,3.706,5.512,5.069,4.231
6VNE,7.66,8.21,7.599,7.612,7.665
6CWA,5.04,5.376,5.14,4.477,4.429
8G2E,7.72,6.721,6.651,6.218,7.35
7LF9,5.96,6.276,5.916,5.89,6.188
3HMO,7.92,8.263,7.659,7.909,7.763
7Z5W,7.46,7.176,7.355,7.406,7.177
8GVJ,9.0,6.973,6.453,7.131,7.177
7XIJ,7.66,6.743,7.146,6.842,6.721
2IZU,7.46,6.922,7.222,7.251,7.069
1DVA,5.96,5.959,5.645,5.098,5.143
6X3U,5.04,5.851,5.933,7.755,6.878
4PUW,6.45,6.938,6.208,7.933,7.115
8BJU,5.23,7.939,6.243,6.239,7.136
5JUY,5.96,5.532,5.187,4.726,4.928
7DJO,7.92,7.112,7.917,8.041,7.869
6NRJ,5.04,6.906,5.804,5.758,6.074
6JLR,5.04,6.053,5.981,5.594,5.583
3KJN,7.56,6.866,6.882,7.208,6.657
7KT7,5.96,6.465,6.03,5.876,5.961
5EBZ,5.04,4.822,5.509,6.862,6.303
4F9Y,7.66,7.48,6.898,6.725,6.762
5XDO,5.04,3.849,5.636,5.99,5.886
8QSE,3.125,6.902,5.986,6.14,6.358
3APD,7.66,8.326,7.233,7.502,7.247
5VD0,7.66,7.301,7.418,7.396,7.836
6TN9,7.92,7.13,7.845,7.833,7.781
6PAY,5.04,7.248,4.93,5.138,5.089
3NTP,7.56,5.754,6.534,6.942,5.801
7CP4,7.66,7.431,7.395,6.927,7.151
7R7R,7.92,7.633,7.565,7.893,7.981
8FCB,5.23,6.907,6.219,5.566,6.227
1C1U,5.04,5.604,5.558,5.592,5.601
4PWL,5.04,5.437,5.497,5.315,5.13
9C55,7.56,7.003,6.581,6.33,6.346
1XJ7,5.96,7.117,6.296,5.718,6.472
7G8N,5.23,6.552,6.289,6.975,6.879
5JCO,5.04,5.411,4.595,3.508,3.775
6A5Z,8.37,7.139,7.794,7.787,8.457
4RH7,5.04,5.106,5.532,5.469,5.23
2VX1,7.92,7.294,7.709,7.087,7.279
5SAW,7.66,7.46,6.947,7.155,6.878
8BQ4,3.125,6.432,5.816,5.923,6.455
5MPK,6.7,6.845,6.741,6.549,6.153
5I3X,7.56,7.39,6.904,7.12,7.249
5ISO,7.66,7.842,7.203,7.23,7.163
6S75,7.56,5.805,6.959,6.34,6.69
5DWJ,4.01,5.717,5.606,5.717,5.447
4WMU,5.04,6.88,5.724,6.406,5.761
5AA9,7.92,7.915,8.505,9.321,9.039
2QZK,5.96,7.086,7.08,8.111,8.031
3QGW,7.92,6.794,7.616,7.578,7.457
6D20,6.125,5.559,6.341,7.674,7.429
8C0C,5.96,6.998,6.29,5.97,6.25
6TN8,5.96,5.09,6.635,7.33,7.089
5FXQ,6.45,7.442,7.304,7.662,7.1
6VKO,5.96,7.359,6.805,6.237,7.03
4CMO,6.7,7.497,7.194,7.247,6.82
5RJO,5.04,6.856,6.052,5.577,6.004
5LAX,5.04,4.632,5.412,5.313,5.806
6Q4G,6.7,6.478,6.739,7.029,6.894
3UU7,5.04,5.58,5.672,5.627,4.708
4BZB,5.96,6.589,5.345,4.702,4.19
5L2S,7.92,6.89,8.146,7.441,7.768
3GCS,7.66,6.988,7.486,6.976,6.868
6JF0,6.45,7.036,6.613,8.023,7.41
2XMY,7.46,6.625,7.409,6.67,7.075
7SUG,7.46,7.189,7.364,7.354,7.169
8UUD,5.96,5.686,5.653,5.665,5.994
2CLQ,7.92,8.407,8.057,7.817,8.0
3B1M,7.92,7.45,7.302,7.202,6.947
3KVL,5.04,6.71,5.83,6.678,6.357
5FBQ,6.595,7.171,7.588,7.276,7.368
4EUU,6.595,7.112,7.837,7.883,7.758
7AJY,7.92,7.345,7.606,7.808,8.029
7CP3,7.66,7.379,7.258,7.024,7.167
2JH5,7.56,6.928,6.796,7.053,7.148
3BFX,5.04,5.777,5.588,5.007,5.481
6HK6,6.45,5.767,6.497,6.334,6.035
3RGF,6.7,7.484,7.448,7.203,6.963
1FKJ,7.72,6.893,6.65,6.469,6.207
6ZRD,7.56,6.938,6.993,7.283,7.133
1Y8Y,7.505,6.689,6.586,6.343,6.532
6BKU,6.7,7.875,7.12,7.521,7.574
5XFJ,7.46,7.079,7.353,7.241,6.983
1X98,5.04,6.938,5.721,5.681,6.19
5K75,7.66,7.327,7.027,7.297,7.329
3QIC,5.04,6.351,5.807,6.71,6.502
3HG5,5.04,6.278,5.242,6.108,5.496
4NEJ,5.04,4.123,5.292,4.592,4.629
2A98,5.04,6.842,5.5,6.536,5.795
8HNN,5.96,6.467,6.484,6.516,7.449
3H0V,5.04,4.672,6.009,7.44,6.793
9BRE,5.23,7.712,6.302,6.54,6.516
9ET2,5.23,5.361,5.876,6.427,6.615
4CRS,5.04,6.787,5.142,5.019,5.252
5O9H,6.595,6.625,7.128,6.943,6.899
7K1F,6.45,7.86,6.635,6.974,6.669
8FY1,3.125,6.938,6.251,5.737,5.936
5CEP,7.56,6.509,7.258,7.37,7.177
6ZZ1,5.04,7.663,5.574,5.145,5.446
7JHD,4.01,6.788,6.078,6.672,6.262
4CWS,7.66,7.223,7.266,7.645,7.776
8UBW,7.72,6.21,6.52,6.297,6.285
5TOL,6.45,6.949,6.923,7.33,7.328
7Z61,7.66,7.436,7.529,8.254,8.397
5KZ0,7.46,7.9,7.488,7.926,8.019
3SHE,7.92,8.224,7.732,7.865,8.001
6KZD,8.37,7.443,7.828,7.94,7.991
6CJE,6.45,6.411,6.363,6.856,6.728
7G8O,6.45,5.335,5.554,4.963,5.481
7YL1,5.04,6.902,5.986,6.408,6.597
8FKF,5.23,6.935,6.37,6.742,7.414
1B0F,5.04,3.852,5.79,5.752,6.136
3WQ9,7.66,8.038,7.244,7.509,7.796
3DCU,7.92,6.589,7.587,7.119,7.097
2Y1Y,5.04,5.552,5.609,6.233,6.776
4XO6,5.04,6.938,5.886,6.052,6.565
6Z57,7.66,6.553,7.131,6.583,7.005
7VCU,5.04,6.938,5.038,4.622,4.431
2R3M,7.92,7.5,7.905,8.289,8.308
5AK0,5.04,6.409,5.588,5.342,5.591
8BXS,5.96,6.294,6.196,6.655,7.166
7E5F,7.56,6.693,6.781,6.445,6.765
8ADM,3.125,6.938,5.929,5.45,6.403
8BZD,7.72,6.941,6.227,6.338,6.376
8PTX,5.04,6.416,5.597,5.956,5.396
5DZ0,4.01,5.654,5.894,5.295,5.363
8BW4,7.56,7.207,6.813,8.072,7.326
6FD4,5.04,4.97,5.467,5.42,5.881
6FMK,6.45,6.938,6.912,6.274,6.966
8FKD,5.23,6.934,6.255,6.919,6.846
3LMP,7.92,7.269,7.28,7.128,6.892
8S0C,5.04,6.936,5.276,5.658,5.201
7TVA,3.125,6.961,6.065,7.458,6.729
8UBY,7.72,6.226,6.441,6.145,5.929
7VCT,5.04,6.937,5.095,4.765,4.112
3G6X,5.96,3.656,5.911,5.546,5.716
6VQL,7.66,8.055,7.78,8.563,8.509
8RCE,5.96,6.967,6.344,6.344,7.069
6FNB,5.04,3.646,5.251,4.495,4.301
3MNR,8.37,6.991,7.95,7.851,8.155
6N3N,7.92,7.222,7.132,7.343,6.908
2WF3,7.56,6.938,7.157,7.779,7.915
4G1W,7.46,7.27,6.924,7.144,7.056
8PUY,5.23,7.682,6.339,5.9,6.374
5BT3,7.46,6.932,7.158,6.324,6.33
4IV4,4.85,7.157,6.487,6.168,6.286
7Y28,9.0,6.823,6.285,6.554,6.615
3TX7,5.04,6.937,6.117,5.875,6.585
8W42,5.04,3.646,4.905,3.778,3.651
8PQL,5.04,5.353,5.464,6.062,5.825
7ERC,5.04,6.938,5.671,4.612,5.24
8IO0,5.96,6.882,5.672,4.298,5.691
5TLT,5.04,6.436,6.144,5.86,5.49
7AW2,7.92,7.171,7.69,7.338,7.505
3IN3,5.04,6.79,6.16,6.862,6.702
8SS3,8.15,6.562,5.898,4.795,5.245
2H9T,7.505,6.914,6.55,8.092,7.47
8V6X,5.96,7.001,6.193,6.229,6.098
5N4X,6.45,6.407,5.684,4.435,4.246
3H67,5.96,6.938,6.304,6.791,6.162
5DK9,4.01,7.136,6.031,5.903,5.607
5LO6,7.72,6.791,6.984,6.535,6.548
5MAG,7.66,7.512,7.516,7.904,7.651
7NZN,7.92,7.924,8.058,8.46,8.211
2YJC,7.56,7.057,6.552,7.853,6.99
2Q11,5.96,6.601,6.498,5.735,6.404
8X2L,5.04,6.938,5.657,5.527,4.891
4USF,7.92,7.626,7.735,7.754,7.557
4O7A,7.66,5.209,6.697,6.361,5.636
4RC3,6.05,6.434,6.134,5.59,5.905
9BPY,5.04,6.644,5.741,5.578,5.785
3HCO,5.96,6.845,5.83,6.221,6.603
4ZXY,6.45,7.272,6.591,6.533,6.57
1W2K,6.45,7.102,6.689,6.223,6.452
7AM9,5.04,6.281,5.04,4.761,3.963
6B99,6.45,6.223,6.384,6.528,5.781
8T45,5.04,6.938,5.641,5.197,5.292
7R7K,7.92,8.292,8.026,8.388,8.193
7TVB,3.125,6.954,6.074,7.515,6.96
5FA6,5.04,7.094,6.004,5.945,6.051
5T4F,5.96,6.949,6.833,6.619,6.363
4D2M,5.04,5.082,5.778,6.12,6.283
6BHV,5.04,6.533,5.898,5.497,5.705
5IGL,6.45,7.218,6.472,6.993,6.78
5VD8,7.56,7.79,7.541,8.424,7.806
5S8L,5.04,5.015,5.907,6.89,6.855
6UYA,7.56,7.991,7.448,7.608,7.447
5TNB,7.66,6.865,6.64,6.089,6.521
1W0Y,7.505,6.38,6.689,7.299,6.453
6XXJ,5.04,6.938,5.685,5.81,5.644
7K7O,7.66,9.437,8.063,9.16,9.338
4EQ1,5.04,6.969,6.192,6.684,6.811
6OP0,7.92,7.665,7.459,7.699,7.562
7G0P,5.96,6.938,6.067,5.942,6.572
5HF9,5.04,3.711,5.688,6.603,6.483
8RBB,6.125,5.842,6.038,6.342,6.287
8EV2,7.66,6.352,6.377,5.576,6.409
4OKW,7.505,6.952,6.9,6.004,6.533
3ET1,5.04,6.184,5.994,5.357,5.4
3HZ5,5.04,7.04,6.594,6.748,6.823
9B4L,5.04,6.251,5.462,6.304,5.777
4I5C,5.96,7.762,6.595,6.746,6.291
5S8N,5.04,5.715,6.33,7.009,6.679
6SQM,7.66,6.888,7.286,7.734,7.487
5U46,5.04,6.402,6.229,7.049,6.775
8C1Y,5.23,6.707,6.272,6.328,6.083
3P70,5.04,5.146,5.088,4.367,4.363
7VWG,5.04,6.194,6.295,7.123,6.913
5S7L,7.66,8.316,7.339,7.331,7.565
5LAV,5.04,6.67,6.024,5.932,5.892
4DQM,7.72,7.019,6.727,5.95,6.658
1OZ1,7.66,6.843,6.962,7.218,6.89
4QXP,5.04,5.921,5.919,6.271,6.265
5AV3,4.85,4.865,5.376,5.113,4.933
7E2G,5.96,5.052,6.19,6.346,6.376
7NMW,5.04,5.229,5.082,4.154,4.202
4TNX,5.96,6.63,5.587,5.231,5.593
5ICK,7.72,6.699,6.562,6.927,6.472
2WA3,5.04,7.116,5.418,5.206,5.317
5RK7,7.72,5.899,6.439,6.718,7.325
5F5Z,7.66,7.159,7.49,7.79,7.684
3FLY,7.92,7.769,7.917,7.793,8.1
5VCZ,7.92,8.057,7.936,8.339,7.871
5U42,5.04,6.162,6.268,6.916,6.757
5S8G,8.59,6.626,6.035,7.366,7.082
5TN8,4.85,6.299,5.374,4.63,4.278
6LO2,6.45,7.398,6.17,5.641,5.843
8P45,8.15,6.938,6.421,6.644,6.686
7RY1,7.56,7.254,6.212,5.734,6.156
2QR9,6.05,6.038,6.216,6.148,6.294
8AGI,6.45,6.577,7.359,6.932,6.442
3SOC,7.56,7.751,6.976,7.631,7.338
2VSR,5.04,6.938,6.083,6.897,6.627
8DUS,5.23,6.842,6.335,6.069,6.752
8PQH,5.96,7.274,6.612,7.079,7.142
8BYG,7.72,6.205,6.364,5.921,6.804
6IZN,7.92,7.677,7.753,8.025,8.038
6SIN,6.45,5.004,5.701,5.203,4.713
4U9A,8.37,8.188,7.991,8.143,8.001
2AH9,5.04,6.913,5.32,5.863,5.027
7BGR,5.04,5.167,5.933,6.779,6.414
1XP9,4.01,7.472,6.313,5.791,6.123
4Q6R,5.04,5.992,5.089,5.032,4.792
8STE,7.505,6.152,6.231,6.15,6.146
7Y1G,7.66,7.298,7.509,7.5,7.755
4FC7,5.04,6.938,5.818,5.373,5.672
5AOL,6.125,6.938,5.529,5.677,5.225
3EQR,7.66,9.14,7.534,7.348,7.742
5CA7,5.96,5.445,5.735,4.962,4.77
3VRJ,7.56,7.524,6.929,6.846,7.221
6EO9,6.45,6.474,7.421,7.076,7.05
7FV0,3.125,7.528,6.022,7.52,7.079
7UP8,5.04,5.402,5.308,4.664,4.518
4G55,5.04,5.025,5.57,5.867,5.637
7FHS,6.7,6.923,6.651,6.351,6.192
5TLU,5.96,6.938,6.549,6.513,6.195
6ELP,7.66,6.105,6.388,7.047,6.971
8PBO,7.6,6.724,6.575,7.226,7.575
6KAY,5.23,6.938,6.331,6.165,6.673
6HR2,7.66,6.939,7.645,7.582,8.082
5DU5,6.05,6.893,6.019,5.167,5.449
3G9E,7.92,6.84,7.441,7.179,6.877
5KZ8,7.66,6.789,7.437,7.541,7.445
7RV0,6.45,6.818,6.421,6.22,6.586
6THX,7.66,8.507,7.692,7.864,8.147
3L4Z,5.96,6.728,6.121,6.288,5.536
3LBL,7.6,6.14,6.437,5.669,5.624
4FT5,7.66,8.204,7.352,7.861,7.527
9FFC,5.04,3.418,5.482,4.704,5.303
2HWR,7.92,7.016,7.403,7.525,7.438
7VSG,5.04,6.94,6.127,6.994,6.983
4M15,6.45,6.022,6.647,5.645,6.078
5EMK,7.56,6.319,6.967,7.324,7.123
7K6M,7.66,7.175,7.313,7.887,8.176
2PIW,5.96,7.11,6.372,5.825,6.842
6QTG,7.66,7.381,7.125,7.69,6.943
4MG8,6.05,5.208,6.03,5.592,5.507
3VS2,7.66,8.083,7.372,7.82,7.597
5U6P,5.96,7.17,5.953,5.977,6.348
8R4Q,7.92,8.107,8.083,8.303,7.919
7OAJ,7.46,8.064,7.321,7.058,7.017
3L4Y,5.96,6.853,6.147,6.336,5.548
5XFF,7.46,6.367,7.109,6.533,6.619
6QGJ,7.505,7.086,7.287,7.492,7.326
7G0Q,5.96,6.933,6.128,6.031,6.495
8GUA,6.45,7.54,7.311,7.486,6.769
6KTN,7.66,8.373,7.513,7.563,7.554
7G1L,5.96,6.938,6.31,6.253,6.513
5J82,5.04,6.883,6.144,6.669,6.137
7ZI0,3.125,6.989,6.112,5.98,5.582
6XBL,6.45,6.887,6.388,5.559,6.092
8EDW,5.04,3.705,5.468,6.238,6.176
3OKH,7.66,5.99,7.09,6.086,6.327
6OSP,7.92,6.785,7.528,7.613,7.196
4OGT,5.96,7.064,7.075,6.671,6.488
6UQF,5.96,7.29,5.954,6.15,6.426
6CCF,7.66,6.718,7.244,7.236,7.345
5LJJ,7.66,8.046,7.55,7.274,7.435
8BZP,5.23,5.769,6.14,7.051,6.401
2VJ0,5.04,5.996,5.271,6.14,5.701
9CHV,7.72,6.936,6.636,5.947,5.758
7ULJ,5.04,6.505,5.465,4.707,4.632
8G1F,5.04,5.281,5.131,5.155,5.165
5KMC,6.45,6.234,6.216,6.346,6.036
8ONE,5.04,6.307,5.948,5.129,6.773
4YT7,6.45,7.134,6.726,7.526,7.019
8TWY,5.96,6.947,6.568,6.855,7.298
3H3S,6.45,6.918,6.47,7.159,6.846
8QCD,6.7,6.404,6.339,5.713,5.246
1YPJ,7.72,6.83,6.895,6.478,6.818
3DDS,6.45,6.409,6.367,5.602,5.647
2HWQ,7.92,6.834,7.673,7.462,7.571
6MS7,5.04,4.509,5.66,5.246,4.663
9IOL,5.04,6.935,5.692,6.61,6.251
8F0J,5.04,6.938,6.076,6.869,6.83
6F08,6.45,6.509,6.465,6.486,6.91
5U5T,5.96,6.969,6.355,5.676,5.728
6FIQ,8.37,7.339,7.959,7.866,7.711
4L91,5.04,6.77,5.627,5.576,5.915
3UUA,6.125,6.889,5.285,4.327,3.968
7AOA,5.04,6.986,5.629,6.391,6.111
6FQO,7.46,6.562,7.201,6.311,6.507
3C39,5.04,5.862,5.422,4.975,4.85
3HLL,7.66,7.473,7.28,7.517,7.315
5ZQM,5.04,5.438,5.114,5.198,4.97
3C5N,5.04,3.066,5.271,5.305,4.148
6SQ0,7.66,7.653,7.19,7.295,6.716
7FZP,5.96,6.938,6.036,6.179,6.107
7LGS,7.66,7.774,7.404,7.288,7.544
4PYP,5.04,6.886,5.98,6.536,6.161
4W8E,7.66,7.484,7.295,7.588,6.804
5RJL,5.04,6.374,5.275,4.526,4.882
8PPC,5.04,6.599,5.511,6.292,5.729
1QZU,5.04,6.148,5.368,5.509,5.463
3P7Z,5.04,6.944,6.254,6.903,6.688
6T41,6.45,6.547,6.472,5.728,6.049
5UEW,7.46,7.358,7.073,6.794,6.943
1W9Q,5.04,4.172,5.284,5.401,5.59
2NZL,5.04,6.857,5.743,6.933,5.618
4B0P,5.96,5.523,5.737,5.537,6.12
4K7A,5.96,7.04,6.34,5.891,6.528
7RS8,6.595,6.922,7.093,7.276,6.472
3UP2,7.66,7.726,7.349,7.275,7.172
1R5K,5.04,6.458,6.002,5.494,5.471
4PMS,7.92,8.512,7.701,7.753,7.307
5RKG,5.04,5.521,5.362,5.594,5.661
4WGI,5.04,6.889,5.724,6.406,5.761
5SAY,7.66,6.056,6.908,6.238,6.56
3W16,7.66,7.296,7.391,7.362,7.276
4JGD,5.04,6.602,5.822,6.71,6.418
7PW7,5.04,6.86,5.463,6.361,5.914
7BEP,5.04,4.968,5.526,5.592,5.097
1PY2,7.56,6.936,6.812,7.195,6.117
7FUV,3.125,7.407,6.031,7.409,7.281
9F7X,5.04,5.106,5.556,4.703,4.737
2IWI,5.04,3.184,5.5,6.398,6.166
8V8I,5.23,7.751,6.195,5.632,6.162
8T50,5.96,6.599,5.713,6.406,6.181
5SB1,8.37,7.664,7.829,7.519,7.674
9B0U,5.04,6.865,5.48,5.885,6.255
7LEL,7.46,6.996,7.007,6.197,6.982
1GWX,6.595,6.848,7.291,6.997,6.976
4AFQ,5.96,7.015,6.175,6.914,7.045
8R4O,5.23,7.893,6.275,6.805,7.488
8X7O,5.96,3.879,6.153,6.767,6.766
7N3U,7.56,7.694,7.403,7.817,7.484
5Q0T,7.66,6.243,7.204,7.1,6.913
8EFG,5.96,6.657,5.423,4.603,4.604
5I73,5.04,7.022,6.519,7.156,6.505
4OQ3,7.66,6.261,7.154,6.661,6.508
2POB,7.92,7.489,7.741,8.008,7.617
3FSF,7.66,7.097,7.496,7.079,7.277
1FFM,5.96,4.53,6.036,5.738,6.696
3QE2,5.04,6.937,6.011,6.508,6.417
5CRM,7.66,5.999,7.031,6.357,5.637
6FQU,7.6,6.913,6.489,6.135,6.278
7D73,5.04,6.926,5.722,5.879,6.001
2FO0,7.92,7.695,7.646,7.429,7.447
5FE1,5.04,5.825,6.067,6.828,6.751
4R06,6.45,6.899,7.066,6.613,6.034
3NSH,7.56,6.989,7.107,7.175,7.451
7G0T,5.23,6.901,6.186,6.416,6.604
3MJW,8.37,7.964,7.156,7.687,7.387
8D96,5.04,6.0,5.239,4.614,4.148
8X7G,5.23,6.949,6.23,6.539,6.456
7KP9,7.66,7.065,7.391,7.882,7.431
6YIK,3.125,6.92,6.304,6.9,6.625
5DZ3,4.01,5.566,5.71,4.537,4.549
8C2Z,5.23,7.803,6.06,5.812,6.614
6VPF,5.04,6.789,6.437,5.285,6.066
7FWH,5.96,6.53,5.872,6.068,6.588
5QDP,6.45,6.043,6.482,5.825,5.802
5O3H,7.46,6.587,7.163,7.858,7.218
5DWR,8.37,9.887,8.987,10.796,10.488
4ZFI,5.04,5.969,5.833,5.642,5.885
6V8T,7.66,7.147,6.608,7.188,6.348
4TNQ,5.96,6.858,5.487,6.334,4.921
5WMA,5.04,5.397,5.992,5.861,5.833
7U77,5.04,6.47,5.399,5.399,4.969
6D09,6.125,6.938,5.671,6.021,6.432
8QJS,3.125,6.939,6.166,6.573,6.518
7BIR,7.66,7.289,7.299,6.745,7.09
7SUF,7.46,7.189,7.364,7.354,7.169
5U5K,5.96,7.215,6.401,5.249,5.327
2F57,7.56,6.133,7.385,7.285,7.169
5KRH,6.7,6.61,6.659,6.112,5.844
2R6Y,4.01,7.267,6.157,6.171,6.353
4NR5,7.46,6.617,7.204,6.985,6.992
8QXJ,6.45,6.701,5.83,4.993,5.63
7RR9,5.04,5.89,6.192,7.143,7.317
3VJI,7.56,7.154,6.992,7.053,6.897
2YJ2,7.56,7.01,6.628,8.118,7.215
6Z56,7.92,7.623,7.891,7.108,7.452
3EIO,8.15,6.761,6.285,6.871,6.383
4QE8,6.45,7.502,6.802,6.805,6.784
4J7X,5.04,6.938,5.953,5.486,5.295
9LVX,5.04,3.677,5.367,6.315,5.956
9EE8,5.04,5.968,5.362,4.883,4.794
4LWF,5.04,5.317,5.855,5.676,5.714
7RS0,7.66,6.451,6.676,6.664,6.422
6K42,5.04,6.434,5.97,6.192,6.391
5RJR,6.45,7.146,6.386,6.732,6.877
3RUL,5.04,3.096,5.457,6.229,6.122
5VXO,6.45,6.926,6.607,6.96,6.57
5Y9M,5.04,4.774,5.325,4.692,4.847
2XP5,5.04,6.656,6.083,6.534,6.883
4X4S,5.04,5.529,4.96,4.282,4.348
7NA1,5.96,7.153,6.836,6.118,6.495
7AAX,7.92,7.993,7.866,7.889,7.649
6U5L,7.66,7.255,7.307,7.298,6.92
7JIU,7.66,8.462,7.431,7.76,7.631
7VQG,5.96,5.955,6.47,7.281,6.938
7G98,5.96,6.937,6.306,6.349,6.947
6EZA,5.04,6.864,5.479,6.44,5.162
8G0L,6.45,6.938,6.736,6.945,7.121
7G9D,6.45,4.751,5.841,6.12,5.963
8OW2,5.23,7.768,6.281,6.693,7.39
7LD3,5.04,6.01,5.466,4.895,4.838
9FAW,5.04,3.884,6.118,6.92,6.809
5XRD,6.45,6.396,6.567,6.333,5.816
3L4X,5.96,6.839,6.106,6.487,5.766
5TML,7.66,6.624,7.002,7.155,7.083
3SI8,5.96,6.716,6.105,5.879,6.065
4JQ3,5.04,6.883,5.98,7.721,6.95
7C05,9.0,6.934,5.791,6.148,5.901
6DM0,5.04,6.937,5.289,4.978,5.044
7OBT,7.72,6.655,6.216,6.489,6.258
2CHZ,7.66,6.759,7.206,7.279,6.695
3KW5,5.04,5.368,5.661,5.622,5.938
1TN6,5.04,6.734,5.74,5.844,5.45
7E7O,5.04,6.678,6.114,6.627,6.602
5WKI,5.04,3.385,5.65,6.331,6.281
7RA0,5.04,5.378,5.561,6.147,5.621
1M4A,6.45,6.938,6.384,6.354,5.851
2Q5G,7.66,7.046,7.238,7.674,7.202
2C47,7.46,6.42,5.945,6.375,5.647
8TXZ,7.66,7.376,7.43,7.31,7.732
5IEY,7.505,6.75,7.005,7.168,7.038
8JVJ,5.23,7.068,6.167,7.201,7.099
5QF3,5.96,6.984,6.007,6.586,5.887
2JFA,4.01,7.025,6.119,5.826,5.791
6MHD,8.59,6.986,6.539,7.712,6.711
3SP9,7.72,6.92,6.315,5.928,6.434
5Z58,5.04,5.161,5.455,6.225,5.943
4DMA,4.01,5.938,5.588,5.307,4.958
5RJN,5.04,7.089,5.958,6.009,5.576
4L6S,5.96,7.194,6.717,6.24,6.633
3LZ3,5.04,6.938,5.561,4.967,5.86
5J0D,7.72,6.645,6.547,7.212,6.739
2I16,5.96,6.938,5.93,5.061,5.417
2HW7,8.37,8.778,8.094,8.089,8.247
6DFO,5.04,6.938,5.587,5.126,4.76
6YKY,7.56,7.444,7.382,6.997,7.328
6PT3,7.72,6.719,6.893,7.384,6.468
3KEH,6.45,5.017,5.924,6.412,6.49
3JY0,7.92,6.023,7.934,8.051,7.663
2VV0,5.04,6.938,5.935,6.69,7.018
4R3M,7.56,7.463,6.569,6.149,5.799
1E3G,7.72,7.149,6.618,6.618,6.433
2I7N,6.45,6.807,6.539,6.131,6.268
5EMN,5.04,6.995,5.857,5.84,5.73
4TWN,8.37,7.273,7.88,7.655,7.648
5UCJ,7.66,5.781,7.338,7.693,7.607
1XQ3,7.72,7.121,6.579,6.34,6.316
7G1H,7.6,6.94,6.11,7.095,6.311
5O5R,5.04,4.139,5.537,6.707,6.352
7OVL,7.66,7.744,7.608,7.998,8.102
7NTC,5.04,6.938,5.641,5.016,4.778
7G1K,7.6,6.938,6.478,6.705,7.196
4RXP,5.96,6.796,5.483,4.684,5.345
6FH5,7.66,7.286,7.516,8.575,8.215
5TLO,5.96,6.413,6.525,6.242,5.784
6S24,6.45,6.957,6.759,6.219,6.06
3TJP,7.66,8.401,7.48,7.545,7.626
5OMG,7.92,6.967,7.778,7.508,7.748
3K8S,7.92,6.935,7.617,7.98,7.194
5RKU,3.125,6.944,6.025,7.129,6.641
7LFN,5.04,3.268,5.46,5.674,5.902
7JNI,5.04,4.567,6.03,6.765,7.112
6MA5,6.45,7.002,6.305,6.784,6.353
5BQQ,5.04,3.985,5.325,4.949,5.301
6X7U,5.04,6.807,5.755,5.17,5.725
5VWZ,5.04,4.069,5.956,6.845,7.329
5QQK,6.45,5.868,6.763,7.222,6.942
2XYH,5.04,5.336,5.042,4.934,5.354
7ZKL,5.04,3.808,4.917,4.275,4.723
4FKT,6.7,6.19,6.796,6.232,6.302
8TFA,5.04,6.899,5.363,4.776,4.11
2Z9Y,5.04,6.934,6.221,6.729,7.27
7EZP,5.04,5.706,5.415,5.978,5.535
5M4M,5.04,6.877,5.954,5.106,6.017
4Z07,5.96,7.294,5.563,6.223,6.574
6ZOR,7.66,7.603,7.428,7.839,7.59
6T3B,7.66,7.092,7.493,7.775,8.143
6SQU,5.04,6.774,5.005,5.543,5.117
5KCW,6.05,6.865,6.159,5.516,5.618
7FRO,5.04,4.196,5.079,5.303,4.71
3AHR,7.92,6.92,7.09,6.968,6.935
2OMI,5.04,3.546,4.813,3.249,4.229
1R5L,6.7,7.224,6.416,6.192,6.502
7XNG,3.125,6.525,6.086,6.78,6.699
7G8C,5.96,5.239,6.553,6.417,7.167
2G44,7.72,6.227,6.467,6.538,6.251
6IGL,6.45,6.946,7.159,8.143,8.196
3EKO,5.04,3.839,5.081,5.076,4.538
3H52,7.72,6.919,6.65,6.813,6.661
6TES,5.04,6.472,6.009,5.513,7.129
2Q6R,7.92,6.862,7.605,6.926,6.763
5TM7,7.66,7.023,6.89,6.776,6.938
3OSW,5.04,6.938,6.461,5.836,5.346
4A9C,5.04,4.431,4.858,4.079,3.864
4FTI,7.92,7.307,7.978,8.089,8.297
6UEL,7.56,7.093,7.216,7.902,7.935
3GHR,5.96,6.938,5.933,5.052,5.402
5AIK,7.46,7.041,7.162,6.931,6.774
8TBT,5.04,5.172,5.411,4.396,4.606
4ERF,5.04,6.387,6.306,6.116,6.267
3QFB,5.04,6.92,6.38,6.921,6.562
6LR9,7.56,6.829,6.971,6.873,6.442
5TWO,7.92,7.484,7.279,6.294,6.592
3F9M,5.04,6.386,5.841,6.916,6.485
3OXT,4.01,6.207,5.917,5.808,5.389
7KVX,5.96,6.938,5.598,5.442,5.917
3WE8,6.7,5.756,6.559,5.906,6.122
5DBM,7.72,6.462,6.015,5.967,5.735
5AQY,5.04,6.275,5.642,5.287,4.889
8YH2,5.04,5.88,5.367,5.028,4.823
6ETJ,5.04,6.483,5.603,5.053,5.326
8JN8,5.23,6.707,6.167,6.854,7.378
2YJ9,7.56,7.047,6.709,7.704,7.787
7DBJ,5.96,5.953,5.722,5.452,5.808
8XB3,5.23,7.007,6.361,6.537,6.621
5FE5,8.59,6.929,6.297,8.146,7.121
9FPX,5.04,7.135,6.396,6.192,7.03
5FE2,5.96,5.686,6.338,6.856,6.752
5N67,8.37,6.182,7.711,7.685,7.815
4O6L,7.92,7.558,7.865,7.375,7.617
4QXO,5.04,5.215,5.541,5.815,5.162
5GTR,5.96,6.08,6.676,6.98,6.02
7FX9,5.23,6.569,6.312,6.847,6.81
7W9P,5.96,7.145,5.926,6.066,5.672
7G8S,5.96,6.718,5.821,6.264,6.309
6SGH,6.45,6.761,6.346,6.064,6.042
8QNI,5.23,7.128,6.207,6.195,6.486
7ZI2,5.04,6.174,5.855,6.545,6.186
6I7K,5.04,5.394,5.268,5.166,4.814
8BOG,5.23,7.153,6.203,6.315,6.272
2Q5P,7.92,6.613,7.63,7.315,6.814
4BF2,7.92,8.489,8.04,7.663,7.783
7F3G,7.46,7.235,6.779,6.69,6.534
7C2V,8.37,7.91,8.022,8.182,7.756
7WSN,5.96,6.938,6.708,7.486,6.598
2QFO,7.6,5.639,5.543,5.344,4.818
6U9B,7.66,7.003,7.078,7.265,7.055
3WE3,5.04,2.724,5.304,4.573,4.584
2Q59,7.66,6.646,7.426,7.105,7.016
5QFU,5.96,6.92,6.329,6.487,6.524
7G9E,6.45,4.164,5.974,6.007,5.564
6VRE,7.66,7.841,7.519,7.863,7.943
8HE7,9.0,6.875,6.819,5.416,6.661
1T49,7.505,6.98,6.582,7.008,7.165
2ZZU,5.96,5.327,5.866,5.732,6.245
2E3P,6.45,6.938,6.427,6.874,6.531
7FSW,5.23,6.294,6.2,6.251,7.206
2A2X,7.56,7.238,7.12,7.888,7.812
5CR7,6.45,5.037,5.976,5.272,5.711
7P3V,8.37,7.351,7.98,8.342,8.247
7A4S,5.04,4.359,5.019,4.245,4.574
2FLR,6.45,6.728,6.37,6.248,6.036
8CPI,6.45,6.814,6.152,6.194,6.283
6CK3,6.45,7.184,6.547,6.807,6.913
7ZLO,5.23,7.343,6.142,5.866,6.755
8EVA,5.96,6.922,5.727,5.865,6.726
2Z8C,6.45,6.74,6.742,6.428,6.177
1GJ9,6.125,6.84,6.909,7.557,6.896
2HFP,7.92,8.107,8.036,8.229,7.511
8P76,5.23,7.945,6.313,6.647,7.488
4DZ5,5.04,6.938,5.915,6.159,6.128
6FNJ,7.92,7.794,7.746,7.596,7.865
8W4A,6.45,6.652,6.238,6.299,6.461
6ZV8,7.56,6.838,6.911,7.639,7.216
7YXN,7.6,6.936,6.698,6.714,6.785
5H8X,6.45,7.047,6.267,6.485,7.656
7WLL,9.0,7.549,6.784,7.152,7.095
5S8K,5.04,3.608,5.478,5.154,5.082
9EE9,5.04,5.184,5.355,5.26,4.81
7KX8,7.46,7.52,7.394,7.428,7.341
3NCL,5.04,5.491,4.921,4.926,5.324
5TAR,5.04,6.875,5.852,6.107,6.448
2HRR,5.04,6.226,5.353,5.614,5.0
5J64,5.04,5.847,5.619,5.999,5.47
5K72,7.56,7.862,7.226,7.152,7.275
5KCU,6.05,6.824,6.313,6.317,5.878
7REM,7.66,7.146,7.646,7.159,7.493
7SZQ,3.125,6.939,5.843,7.415,7.94
7OXB,8.37,7.498,7.656,8.293,7.865
7WMQ,7.66,7.061,7.418,8.473,8.093
8CNO,5.04,6.251,5.574,4.998,5.696
6SZM,5.04,5.236,5.703,5.512,5.574
6NCG,7.66,6.507,6.733,6.208,5.895
5TLD,7.56,7.022,6.886,6.547,6.211
5VBR,6.45,7.341,6.899,7.025,6.837
2V0Z,6.45,6.834,6.359,5.478,6.024
7EM6,5.04,5.746,5.16,5.121,5.362
4IV2,4.01,7.103,6.278,5.778,5.836
7L26,8.37,7.518,7.541,7.805,7.286
7VCX,5.04,6.933,5.05,4.672,4.041
5J27,5.04,6.851,6.337,6.286,5.874
4ISG,5.04,5.819,5.46,5.993,6.134
3CSF,5.04,3.704,5.849,7.171,6.723
5U28,7.46,6.966,7.064,6.551,7.078
8V8U,7.66,8.284,7.555,8.106,8.022
7UDP,5.23,7.938,6.276,6.765,6.698
7G8H,5.96,5.28,6.282,6.79,6.724
7AKA,7.46,6.827,7.368,7.694,7.617
5K5E,5.96,6.623,6.826,6.177,6.335
7JY4,5.04,6.577,5.515,5.256,4.69
5AQF,5.04,6.312,5.629,5.428,5.164
7AYI,7.66,7.829,7.461,7.67,7.462
1H02,5.04,4.328,5.639,6.0,6.299
6ITT,7.66,8.223,7.692,7.513,7.972
7FT6,7.72,6.673,6.202,5.811,7.078
5AQX,6.45,6.577,6.358,6.214,6.421
1BYG,7.92,8.119,8.054,8.396,8.181
7U2Z,5.23,6.742,6.58,5.914,6.313
5UKF,7.66,7.016,7.18,7.677,7.472
1Z57,6.7,6.923,6.613,5.941,6.703
5QQN,6.45,6.38,6.494,6.767,6.857
5S8S,5.96,7.51,6.601,6.284,6.421
1XP1,4.01,7.254,6.262,5.834,6.646
3VHC,7.92,6.726,7.544,6.929,6.998
8BDO,3.125,6.939,6.077,6.459,6.911
4OBA,5.96,6.929,6.955,6.8,6.766
7A1Y,6.45,5.653,6.148,6.495,5.564
7RYN,6.45,6.938,6.459,6.212,5.94
5MWB,5.96,5.916,5.706,5.281,5.284
1US0,5.96,6.938,5.93,5.061,5.528
8C3Q,4.01,6.198,5.912,6.578,6.367
2Q70,4.01,6.007,5.632,5.825,4.974
6I3Y,5.04,4.46,5.436,5.86,5.888
3PG7,5.04,6.95,6.344,6.957,7.055
1GMO,6.45,6.084,5.372,5.624,5.495
2J9H,6.45,6.938,6.677,7.796,7.135
2G56,5.96,5.361,6.499,7.143,6.75
7Y8G,5.96,6.744,6.441,6.712,7.007
5U44,5.04,6.211,6.28,6.992,6.821
8FHF,5.23,6.941,6.232,6.974,7.301
9FAQ,5.04,6.174,6.239,6.203,6.203
1HKC,5.04,6.426,5.865,6.882,6.55
3LEP,5.04,6.938,5.539,5.128,5.791
6ICZ,5.04,6.95,5.861,6.227,6.358
7NA2,5.96,7.127,6.567,6.012,5.833
1WVY,7.92,7.749,8.092,8.003,7.868
2BUB,6.125,6.38,6.45,6.989,6.423
5TN1,5.96,6.73,6.763,6.617,6.256
7ORF,7.92,7.975,7.814,7.929,7.844
4YJR,7.92,7.889,7.789,7.65,7.756
8PU0,6.45,6.474,6.307,5.962,6.06
7NRL,5.04,5.35,5.915,6.509,6.129
1BMM,5.23,6.881,6.859,7.955,6.735
3H1V,5.04,6.363,5.841,6.882,6.526
6XXK,5.04,3.786,5.498,5.582,6.056
8W5C,5.23,7.101,6.211,6.208,6.685
3R94,5.04,6.938,5.869,6.164,6.061
5RK5,8.59,6.007,5.892,6.01,5.502
5W8H,8.15,6.69,5.397,4.798,5.151
1O86,6.45,6.942,6.672,6.512,6.695
6S73,7.56,7.521,7.315,6.879,7.078
5EQY,5.96,7.025,6.805,5.835,6.569
5T4S,5.04,6.856,6.224,6.518,6.966
1LK6,5.04,4.346,5.273,5.143,5.419
7T47,9.0,6.938,6.335,5.031,5.787
5U41,6.595,6.675,6.477,6.93,6.52
6SCM,6.45,6.948,6.417,6.243,6.906
6ELO,7.92,6.103,6.868,6.32,6.55
6IL3,7.66,7.521,7.42,7.977,7.51
6YQZ,6.45,5.953,6.289,7.06,6.209
7FYO,5.96,6.871,5.96,6.155,6.207
3VJM,8.15,6.985,6.639,4.946,6.079
6WM2,6.45,5.383,5.609,5.846,6.168
8JU6,7.72,6.97,6.654,6.932,6.876
8PTY,5.04,6.475,5.72,6.023,5.408
5O2B,8.37,7.429,7.823,7.802,7.576
6NEC,7.66,7.686,7.606,7.562,7.857
6TFY,7.92,9.333,7.801,7.964,8.488
5FQS,4.85,6.901,6.379,5.932,6.115
6PET,4.01,6.88,5.842,6.001,5.879
8AQ1,3.125,6.634,5.945,6.089,6.831
7L9P,5.04,6.938,5.407,4.767,4.309
8FV4,5.23,6.931,6.076,6.087,5.579
1YET,7.72,6.806,6.387,6.553,6.732
6WOK,4.01,6.843,5.932,5.908,5.786
3SKF,6.45,7.002,6.965,7.278,7.804
3MTL,6.595,7.49,6.82,7.29,6.965
6KEG,7.46,7.148,7.398,7.35,7.326
8S99,3.125,6.865,5.904,7.577,7.532
8FC8,5.23,6.907,6.219,5.566,6.227
6O68,5.96,6.673,6.461,5.927,5.807
5DLX,7.56,6.378,6.934,7.183,7.023
1DWC,6.45,7.078,7.028,6.968,7.457
5LSG,7.72,6.938,6.294,5.286,6.651
3R2F,7.56,6.954,7.126,7.645,7.733
7OVM,7.92,8.244,8.032,8.085,8.091
5L2Z,7.56,7.319,7.109,6.66,7.755
3OKI,5.23,6.263,6.481,7.25,7.087
7XLQ,5.96,6.407,6.363,6.742,6.741
5VEF,5.96,5.723,5.645,5.5,5.274
1DAN,5.96,5.638,5.805,5.703,6.437
8C8C,5.23,7.57,6.083,6.312,6.927
4CWR,7.66,7.419,7.21,7.673,7.725
6TTP,5.04,5.794,5.202,5.534,4.571
4JVE,5.04,6.148,6.135,5.799,5.035
8TYV,5.04,6.971,5.352,5.146,4.96
4ZYC,7.46,6.432,7.224,6.859,7.042
5TLM,4.01,5.428,5.402,4.91,5.454
4D9U,7.92,7.792,7.661,7.527,7.57
7B5O,7.56,6.824,7.245,6.998,6.959
5VED,7.92,8.229,8.007,7.833,8.227
4AGO,7.56,6.938,6.286,6.688,6.755
6ZGO,7.56,6.719,7.124,7.271,7.165
3O8U,6.45,6.25,6.535,5.938,5.722
5U3Q,6.595,6.715,6.894,6.864,7.162
2ZB2,5.04,5.862,5.725,4.887,5.468
4HEE,7.92,9.35,7.979,7.965,8.088
6HVJ,7.92,7.043,7.769,7.709,8.042
8QYT,5.04,5.859,5.495,5.559,5.384
6N0M,7.6,6.42,5.724,6.347,6.575
5Q1E,8.37,6.979,7.734,7.788,7.676
8JU5,6.125,6.416,6.174,6.344,6.318
1XPC,4.01,7.311,6.335,6.439,6.266
5RJX,6.45,6.221,5.918,5.576,5.467
5C9C,7.92,7.507,7.939,7.967,8.311
1UEJ,5.04,6.527,5.692,6.041,6.345
2ZNP,5.04,5.619,6.245,6.862,7.015
7CMU,5.23,5.457,6.464,6.1,6.332
7RS1,6.05,6.938,6.024,5.873,5.222
3PE2,7.92,6.938,7.612,7.893,8.079
2F9N,5.04,3.102,5.475,6.229,6.122
5XSR,6.125,7.424,6.429,5.745,6.336
5SC9,5.04,5.093,5.39,4.394,4.709
2ZNQ,5.04,6.314,6.344,7.176,7.006
2QXS,4.01,7.363,6.186,5.733,6.035
5LVR,5.04,5.597,5.97,7.46,6.789
6WJ3,5.04,5.403,5.244,5.307,5.23
7Y7W,5.04,4.333,5.866,6.013,6.037
8UW9,5.23,6.971,6.141,7.721,6.861
3DZI,5.04,6.572,5.167,5.832,4.974
3DM6,7.505,6.949,7.157,7.562,8.162
4X2J,7.66,6.291,7.147,6.451,6.431
6UAB,5.96,6.032,6.415,6.26,7.012
7MCE,7.66,6.986,7.454,7.573,8.05
7S1N,7.92,7.731,8.057,7.956,7.756
7MGZ,5.04,6.389,5.247,5.496,6.613
7G1G,7.72,6.941,6.479,7.802,6.905
8RPS,5.96,4.532,5.977,5.559,5.595
5KRA,5.04,5.943,5.374,4.657,4.902
5Q11,5.96,6.924,6.729,6.309,6.416
5Q10,5.23,6.939,6.639,5.56,6.531
8U5Q,5.04,5.139,5.34,4.608,5.059
4UJ1,7.66,8.058,7.062,7.509,7.574
7FWK,5.04,5.952,5.671,6.068,5.906
3W10,7.66,8.16,7.353,7.39,7.298
6KO5,9.0,6.938,7.279,6.356,6.489
5WVE,5.96,5.564,5.426,5.036,5.228
7OQU,6.45,5.188,5.793,5.536,5.085
4UAL,5.96,7.484,6.804,7.149,6.457
9N0X,5.04,6.941,6.353,6.205,6.395
3FEC,5.96,6.643,6.193,6.145,5.935
7KTI,5.96,6.775,6.052,5.378,5.678
7WET,5.96,5.222,5.979,5.962,6.305
7DFP,6.125,6.739,6.473,7.253,6.785
6EL7,7.56,6.947,7.198,8.18,7.44
5O38,5.04,6.784,6.275,6.205,6.19
6EIS,7.46,7.928,7.021,7.55,7.773
5OS7,5.04,4.529,5.813,4.006,3.881
7KP8,7.66,6.977,7.36,7.654,7.437
3FMN,7.66,6.875,7.291,7.455,7.219
8RH8,5.04,5.857,5.767,7.528,6.841
5RJY,6.45,6.262,6.172,6.198,6.669
7MLK,7.66,6.648,7.28,6.915,7.213
5DID,7.72,6.002,6.753,6.744,6.591
5C1B,5.04,6.938,5.127,4.681,4.745
7DL6,7.92,7.051,8.032,8.208,8.158
4IW6,4.85,6.721,6.139,6.694,5.886
6FDY,7.92,8.078,7.875,7.997,7.86
6FNM,8.37,8.119,7.905,8.209,8.226
7N9O,5.96,6.924,6.64,6.816,6.105
1X7E,4.01,6.157,5.538,5.279,4.836
8F0Q,5.23,6.904,6.262,6.673,6.552
8P7L,5.23,7.713,6.261,6.307,7.184
2AWH,5.04,6.42,6.234,6.939,6.722
8S5W,7.56,7.308,6.703,6.492,6.727
5QIT,5.04,6.919,5.317,5.445,5.113
3ML9,7.66,7.571,7.562,8.693,8.199
7G9H,5.96,6.741,6.263,6.228,6.631
4C59,6.595,7.789,6.927,7.205,6.732
7A53,6.7,6.003,6.75,6.248,6.296
7SX4,5.04,7.111,5.995,6.847,7.444
5U3Y,5.04,6.424,6.229,7.066,6.753
8FLK,5.96,6.938,6.087,5.331,6.043
7S84,6.7,7.605,6.761,7.781,7.271
6UKU,8.59,6.79,5.956,6.487,5.992
7FVI,5.96,7.054,6.501,7.192,7.296
7UAD,5.23,6.244,6.475,6.419,7.044
6MHB,6.45,7.082,6.209,6.192,6.454
2Z7S,6.45,6.221,7.107,6.718,6.672
6EKJ,5.23,7.056,6.354,6.453,6.544
4R6E,5.96,6.898,6.542,6.653,6.74
5YVB,7.46,7.037,7.116,7.312,6.969
6YTD,8.59,6.522,6.211,6.391,6.171
3TH3,5.96,4.415,5.996,5.682,6.24
4O0X,7.66,7.141,7.331,7.439,7.304
3FXI,5.04,6.388,5.544,4.899,4.908
2YGQ,5.04,6.616,5.493,6.163,5.94
1PXH,6.45,6.828,6.861,7.6,6.853
7OPW,7.56,5.142,5.945,5.528,5.343
5RKB,5.96,6.71,6.695,6.499,6.5
4JQL,7.72,6.979,6.701,6.093,6.689
8T8M,5.04,5.667,5.038,4.575,5.009
6EIV,7.46,6.833,7.271,7.41,7.189
6TSZ,5.04,6.944,5.019,4.553,4.127
7Q8W,6.45,5.046,6.357,5.5,5.576
5R8I,5.04,4.541,5.591,4.786,4.928
8X7L,5.04,3.95,5.697,6.315,6.231
6EYA,7.66,6.795,7.264,7.313,7.405
7XM7,7.66,7.155,7.436,6.919,7.391
8W9B,5.23,7.568,6.309,6.444,6.685
2REW,7.72,6.686,6.566,6.333,6.987
5EQP,5.96,6.627,6.769,5.822,5.932
4QSA,5.04,6.922,5.91,5.512,5.744
8AGL,6.45,6.43,7.396,6.964,6.437
2YI1,6.45,5.347,6.071,5.382,5.847
4YKU,5.04,5.585,5.619,4.952,5.2
7W7E,5.96,6.188,6.335,5.376,6.247
4M14,6.45,5.998,6.627,6.439,6.669
5IMX,7.92,8.423,8.198,8.226,8.073
5DXE,5.96,5.902,6.667,6.373,6.095
5FE9,7.505,6.813,6.398,6.994,6.746
3P88,7.92,6.754,7.655,8.027,7.603
1DKF,5.04,6.684,6.278,6.193,6.518
5Q1H,7.66,7.132,7.239,7.342,7.368
4E4Q,5.04,6.398,6.089,6.209,6.231
5EHJ,4.01,5.537,5.798,4.938,4.938
4FR4,7.92,7.678,8.056,8.137,7.775
1P93,7.6,6.949,6.682,6.454,6.978
7OAI,7.46,8.039,7.435,7.221,7.575
6EIQ,6.7,5.907,7.133,6.274,6.613
8II0,6.45,6.726,6.061,6.019,6.516
4X4O,5.04,5.163,5.258,5.039,4.331
3IOL,5.04,5.973,5.707,6.726,6.02
6FCF,7.66,9.013,7.461,8.602,8.373
5AV2,4.85,4.848,5.354,5.033,4.678
6EQQ,5.04,3.28,5.531,6.244,6.122
6CD5,7.66,7.26,7.261,7.956,7.879
5QIU,6.45,7.045,6.189,6.288,6.444
8JSR,5.23,6.938,6.429,6.486,7.516
5LCQ,6.45,6.938,6.737,6.608,7.032
5DYD,4.01,6.609,5.838,5.271,4.829
1Z28,5.04,5.771,5.632,5.419,6.34
7G91,6.45,6.946,6.123,6.527,6.793
3RLL,6.45,6.941,6.861,7.042,6.83
5QD7,7.56,7.225,7.233,7.04,6.799
6RNU,6.125,5.516,5.757,6.088,5.823
2R3K,7.46,6.626,7.005,6.493,6.674
7ALE,7.56,6.637,7.238,6.585,7.31
3V9Y,6.88,6.697,6.399,6.052,6.37
7K7Q,8.37,7.352,7.989,8.878,9.438
5U40,6.595,6.537,6.461,6.739,6.423
5QIH,5.04,6.964,5.985,6.626,6.367
3QFC,5.04,6.909,5.957,6.247,6.535
3CIC,7.56,6.899,7.328,7.674,7.363
8DK4,5.23,6.861,6.352,7.551,6.744
8R4U,5.23,7.975,6.201,6.64,6.993
5ANL,9.0,8.22,7.734,8.217,7.999
2A2D,6.45,5.261,6.07,5.024,6.036
6GR2,5.04,5.49,5.389,4.228,4.71
4GQ4,8.15,7.139,6.847,7.105,6.679
5QID,5.04,6.956,5.688,6.616,5.704
5EGU,7.92,6.92,7.822,7.658,7.885
3D5E,5.04,5.514,5.742,6.008,6.252
7MGK,7.66,7.728,7.576,7.403,7.63
6SIS,7.66,6.939,7.655,7.847,7.881
6TA0,5.04,5.725,5.332,5.243,4.277
17GS,6.45,6.932,6.615,7.689,7.191
4DES,5.04,4.9,5.801,4.934,4.879
4IK7,5.04,5.302,5.966,5.194,5.513
6Y6H,7.92,7.095,7.697,7.922,7.433
2FJP,8.15,6.934,6.705,5.579,6.075
2P0D,5.04,3.657,5.512,5.988,5.272
5D26,6.45,6.274,6.327,6.057,5.806
2W05,7.46,7.487,7.419,7.735,7.833
7X2U,5.04,6.626,6.182,6.504,5.816
3OCP,5.96,6.757,5.981,6.058,6.478
4BBM,8.37,7.347,7.321,7.494,7.687
1CB0,5.04,5.398,5.26,4.994,5.131
4RC4,6.05,6.472,6.126,5.793,5.797
8GT6,5.23,6.931,6.377,5.254,5.718
6ZUG,6.45,6.331,6.986,7.288,7.065
7MXH,7.6,6.927,6.331,7.182,7.33
8G6T,7.72,6.938,6.298,6.153,6.874
1UK1,9.0,7.412,6.381,6.555,6.389
5U45,5.04,6.362,6.257,7.104,7.01
7ZLN,5.23,7.097,6.099,6.043,6.504
8GYO,5.96,6.423,6.249,5.493,6.286
6B1O,5.96,6.933,6.283,6.259,6.349
7R75,5.96,7.134,6.692,6.281,5.895
7FV4,5.96,7.358,6.362,6.464,6.757
8TF9,5.04,6.09,5.383,4.276,3.996
6AFH,5.04,7.115,5.375,5.292,5.359
4QD6,7.56,7.367,7.143,7.176,7.003
3ZU1,5.04,3.002,4.716,3.204,3.865
5NK4,7.66,8.165,7.637,7.886,7.756
8FY0,3.125,6.938,6.259,6.491,6.479
7L25,7.66,7.605,7.557,8.047,7.999
8DV8,5.96,7.004,6.399,5.818,6.73
5E1C,6.05,5.936,6.427,5.968,6.096
5JWK,5.04,5.388,6.04,6.442,6.528
7G92,5.23,5.575,6.105,6.074,5.979
7DXL,7.92,8.14,8.067,7.476,8.004
7JUZ,6.45,4.127,5.673,5.085,5.621
7QUF,7.66,7.276,7.45,6.91,7.232
3IIF,5.04,6.881,5.471,5.412,5.902
8IK3,5.96,6.938,6.013,5.223,6.247
8CHS,5.04,4.776,5.4,4.735,4.988
5DI1,7.66,6.965,7.108,7.646,7.197
7SOL,5.04,6.962,5.593,6.847,6.077
8BWX,5.96,6.017,6.186,6.896,7.484
5Q1A,8.37,6.818,7.844,7.909,7.589
2A2Q,5.96,6.077,5.668,4.877,5.524
3GN7,5.96,7.202,6.466,6.676,6.448
5EWE,5.04,6.498,4.858,4.163,3.986
5COR,5.04,4.365,5.847,6.705,6.851
3OWB,7.92,5.58,6.873,6.771,6.253
5S8J,6.45,6.574,6.002,6.243,6.258
3AN4,7.56,7.128,7.067,7.367,6.574
4WDW,5.04,6.938,5.919,6.197,6.36
7FQN,5.96,5.44,6.282,5.534,5.77
2VV2,5.04,6.938,5.927,6.6,6.809
5Q0Q,8.37,6.779,7.678,7.62,7.277
3BL7,6.125,6.057,6.314,5.324,6.18
7B4E,5.96,6.763,6.288,6.146,6.083
7GS8,8.59,6.657,5.543,5.914,5.966
4CUD,7.72,4.618,5.961,6.015,6.653
5OYF,7.92,6.366,7.458,7.168,6.843
8WZK,5.04,6.825,5.713,4.887,4.98
7G0Y,3.125,6.691,5.923,5.897,6.598
7UJO,4.01,6.888,6.086,5.9,6.332
5BO7,5.04,3.334,5.696,6.261,6.355
1C9H,5.96,7.046,6.545,6.096,6.074
2WOT,7.92,9.073,7.805,7.697,7.735
8P0F,3.125,6.942,6.167,6.4,6.949
8A5W,5.04,4.683,5.566,4.692,5.057
4HXP,5.96,4.707,5.774,5.728,5.365
1RV1,7.72,6.594,6.648,6.043,5.701
4ZXX,7.505,7.132,6.898,7.612,7.334
3B0Q,7.92,7.202,7.449,7.411,7.053
7FW0,5.96,6.931,5.995,6.028,6.471
2W2X,5.04,6.938,5.212,4.608,5.392
5Z6S,7.92,7.129,7.778,7.826,7.326
1KNU,5.04,6.514,6.31,6.405,6.511
6YR9,7.92,7.691,7.834,8.305,8.037
7FVR,5.96,7.037,6.523,7.51,6.847
8FUG,5.96,4.925,6.336,7.76,7.658
4LKT,5.04,6.833,5.898,7.538,8.096
2QP4,5.04,6.938,6.034,5.514,6.372
5CS5,5.96,6.927,6.08,6.299,6.683
3HC5,7.92,6.915,7.688,7.972,7.859
6ILQ,7.92,6.66,7.692,7.36,7.0
1C4Y,6.45,7.627,7.142,7.112,7.147
5ENE,5.04,5.45,5.776,7.062,6.626
8QZ7,6.45,6.938,6.637,6.739,6.804
8FY2,3.125,6.938,6.181,5.716,5.671
6W2J,9.0,7.815,7.227,7.891,7.935
4EZ7,8.37,8.553,8.058,8.272,8.165
5F9O,5.04,6.549,6.049,6.756,6.875
4JL4,5.04,6.822,5.795,5.057,5.42
2H00,5.04,6.938,5.615,6.456,6.245
2UW4,5.04,6.493,5.945,5.897,5.587
2VV3,5.04,6.938,6.002,5.991,6.263
6AFB,5.96,4.214,5.462,4.742,4.755
3ERT,7.66,6.397,6.413,6.162,5.782
7NRK,5.04,5.625,6.047,6.459,6.184
5ZXB,8.37,8.556,7.984,8.14,8.33
8X90,5.04,6.747,6.314,6.674,6.763
1XW7,5.04,3.099,4.78,3.179,3.524
4RPP,5.04,5.456,5.345,4.788,4.611
5LNY,5.96,6.785,7.212,6.324,6.835
8U2D,5.23,7.887,6.318,8.723,7.341
6J7X,5.04,6.938,5.707,6.302,6.148
5LRL,7.66,8.355,6.888,7.533,8.055
5V60,5.04,4.855,5.013,4.802,5.039
4RCH,5.04,6.378,5.841,6.904,6.502
3T5F,7.56,6.835,7.184,7.548,7.138
2ACL,7.72,7.029,6.18,5.586,6.426
3ET2,5.04,6.141,6.352,6.184,5.853
1O5C,6.125,6.872,6.619,6.317,6.284
3ZWT,5.04,6.625,5.812,6.727,6.276
3D6D,5.04,5.913,5.704,5.706,5.924
4R4L,5.04,4.275,5.798,6.532,6.481
2I5C,5.04,6.61,5.408,4.807,4.869
2YJB,7.56,7.005,6.865,7.957,7.771
5RKK,6.45,6.201,6.447,6.337,6.666
7UP7,6.7,8.541,7.179,7.765,7.787
5MUG,5.04,7.156,6.355,6.186,6.256
8AWG,3.125,6.25,5.873,6.335,6.659
5Q14,8.37,7.069,7.817,7.793,7.722
7KT1,5.96,6.845,5.411,4.289,5.097
7NXK,7.66,7.95,7.438,7.405,7.44
4RWD,5.04,3.673,5.957,6.429,6.657
5NKB,7.66,7.883,7.882,8.197,7.981
7JWZ,7.92,7.781,7.822,8.337,7.933
8BW2,5.23,6.413,6.52,7.714,6.937
4RT7,8.37,7.642,7.933,8.149,8.42
6BXY,7.56,7.479,6.82,6.249,6.661
6AD9,8.37,7.102,7.739,7.826,7.638
6LP8,5.04,6.607,5.875,6.621,6.36
3A60,7.92,7.253,7.972,7.706,8.328
4CV8,7.46,5.961,6.852,6.258,5.951
3JVR,6.45,6.517,6.307,6.208,5.96
6AFE,6.125,6.393,5.253,4.698,4.841
3BE2,7.66,8.281,7.437,7.729,7.328
5UFX,4.01,7.457,6.303,5.684,6.46
5K56,5.04,5.67,5.498,6.011,5.911
4IDQ,5.04,5.861,5.073,4.426,4.657
4EMT,5.96,6.938,5.923,5.199,5.879
7OBH,7.72,7.024,6.228,5.462,5.956
4GSF,6.45,5.747,6.189,6.806,7.046
5KMO,6.45,6.999,6.845,7.737,7.324
7HB5,6.45,4.909,5.988,5.451,5.463
8WZM,5.04,6.821,5.703,4.66,4.443
6CIY,7.56,7.026,6.973,8.261,7.718
2ANM,7.56,7.674,6.954,7.634,7.217
7PW9,6.45,4.244,5.582,4.344,4.497
1WTG,5.96,5.383,5.896,5.732,6.494
5T1Z,4.01,6.175,5.914,5.475,5.521
3JZK,7.66,6.532,6.642,5.952,5.796
7JHJ,7.72,6.096,6.554,6.329,6.61
7G1Y,5.96,6.777,6.407,6.86,6.84
8ATY,5.23,6.897,6.228,7.323,6.626
8V71,5.96,6.895,6.301,6.705,6.341
3X06,5.04,4.951,5.042,4.418,5.016
7BTT,7.92,7.656,7.866,7.833,7.708
9FAU,5.04,4.131,6.204,7.113,7.242
3IN8,6.45,6.724,6.437,6.497,5.725
6L20,4.85,5.497,6.071,6.234,5.876
3OWL,7.92,6.41,7.383,7.126,7.089
7FV6,5.96,7.291,6.534,7.139,7.127
8BWZ,5.96,5.93,6.166,6.112,6.639
4X8S,5.04,6.422,5.477,5.605,5.147
3LDX,6.45,6.89,6.669,7.398,7.021
3OGJ,5.96,6.626,5.955,5.744,6.51
5IKW,8.37,6.982,7.634,7.918,7.905
7U8H,5.04,6.938,5.389,5.282,4.752
6U99,7.66,6.944,7.133,7.439,7.237
5Z02,5.04,6.598,6.446,5.621,5.427
4A55,7.56,6.506,6.997,6.61,6.059
4XII,5.04,3.438,5.508,6.42,6.059
9CXG,5.96,6.51,5.986,6.058,6.279
8SDF,5.04,3.404,5.632,5.982,6.224
4PMP,7.66,7.428,7.096,6.959,7.056
8YPZ,5.04,5.659,5.294,4.216,5.025
4UXU,7.72,6.968,6.826,6.514,6.658
6IB2,7.92,8.423,7.976,7.906,8.043
7MSD,6.45,7.162,6.876,6.451,6.85
4BCP,7.46,7.986,7.484,7.562,7.716
2FIT,5.04,6.303,5.338,4.962,5.679
4TTC,5.04,6.983,5.796,6.02,5.429
5CP5,7.66,6.411,7.047,6.684,6.098
7AJS,6.7,5.821,6.954,6.741,6.68
6PYS,7.66,6.722,7.521,7.482,7.72
3P1C,5.04,4.652,5.822,6.408,6.352
2YN8,7.92,8.438,8.0,8.079,8.106
6BU6,7.92,7.206,7.569,7.794,7.6
6XNO,5.04,3.653,5.17,5.285,5.361
5OXG,7.66,7.726,7.213,7.819,7.576
3U6A,6.45,7.572,6.93,7.329,7.105
6OWC,7.66,7.303,7.378,7.681,8.249
4COF,5.04,6.929,5.655,6.726,6.432
1QJ1,5.96,6.504,6.137,7.026,5.705
6ZCQ,7.66,7.396,7.622,7.741,7.898
5AZV,5.04,6.938,6.014,6.512,6.444
6YLK,7.72,6.497,6.529,7.267,6.505
7SJ3,7.92,7.288,7.808,6.589,7.136
3GR4,5.04,4.867,5.336,4.572,4.552
4IWF,4.85,6.785,5.797,5.72,5.546
5FIT,5.04,6.474,5.536,5.326,4.922
2EC9,5.96,5.809,5.663,5.152,5.591
7FVP,5.96,7.345,6.662,7.066,7.131
5CGD,5.04,6.463,6.286,6.993,6.81
2ZND,5.04,6.125,5.54,5.733,5.734
3WEF,5.04,6.82,6.022,6.554,6.669
5X1W,5.04,5.916,5.378,4.263,4.044
7MRG,7.66,7.479,7.394,7.327,7.218
9CT3,6.45,7.157,6.151,6.833,6.786
9DTQ,5.04,6.717,5.542,5.589,5.519
6VWC,7.56,8.133,7.085,7.92,7.91
5LAW,5.96,6.664,6.271,5.501,5.955
7G8X,5.23,6.17,6.306,6.345,6.745
5MQG,5.04,4.782,5.586,6.53,6.479
3ENE,7.66,6.449,7.344,7.265,6.903
7ZH8,5.96,6.386,6.014,6.037,5.597
4O04,7.72,6.973,6.795,6.674,6.713
4ZNV,6.05,6.695,6.242,6.665,6.45
2JAW,5.96,6.915,5.756,5.229,5.157
7FT4,6.45,7.835,6.505,6.936,5.894
5HP2,5.04,6.458,4.996,5.107,5.274
6J5Z,5.04,3.971,5.468,5.541,5.35
7UGE,5.23,6.919,6.201,6.622,5.764
4C3P,5.04,3.756,5.01,5.327,5.008
1IB1,6.45,6.832,7.0,6.772,7.011
4YC4,5.96,6.34,6.338,6.227,6.706
5IPC,6.45,6.708,6.496,6.773,6.559
6LUQ,6.125,7.044,6.45,7.14,7.052
6GWR,7.92,7.823,7.823,7.82,7.731
5C18,5.04,6.938,5.032,4.547,4.324
7A55,5.04,5.827,5.712,5.905,5.829
2PIX,5.96,7.093,6.348,5.661,6.532
6AFG,5.04,6.835,5.507,5.695,5.92
7OUB,6.45,6.918,6.743,7.536,7.117
3HEK,6.125,6.882,6.685,6.315,6.251
7U4R,8.59,6.938,6.267,6.752,7.113
7FVA,5.23,7.184,6.384,5.764,6.647
8R8E,5.96,7.098,6.332,6.881,6.934
5Q1D,7.66,6.97,7.402,7.453,7.7
3SXR,7.66,7.919,7.838,7.889,8.116
6F2L,5.04,6.662,5.793,5.942,5.633
2HI4,5.04,6.39,5.86,5.73,5.406
4A4W,5.04,6.413,6.59,5.598,6.967
5M8P,5.96,4.22,6.047,5.927,6.354
9CBM,5.04,6.135,6.16,6.123,6.455
4CVA,7.66,7.411,7.321,7.032,6.773
8T5G,5.96,4.479,6.48,6.851,6.259
5XR8,5.04,6.979,5.878,6.352,6.105
6HD1,5.04,6.938,6.049,5.961,5.923
8FYY,5.04,6.194,5.599,5.353,5.67
4F9G,5.96,6.935,5.938,5.484,6.152
1W7G,6.45,7.347,7.083,7.19,7.396
6W45,7.66,6.893,6.909,6.272,6.219
3VI8,7.66,6.607,7.33,7.078,7.202
4CFH,7.66,8.251,7.292,7.154,6.995
5DY8,4.01,5.408,5.98,5.606,4.979
2Y1Z,5.04,5.891,5.54,6.366,6.372
6P68,7.46,7.453,7.272,7.427,7.044
6MA3,7.505,6.973,6.367,7.406,6.373
5MRB,7.92,7.332,7.901,7.242,6.682
3EPF,7.66,6.398,6.621,6.356,6.311
7FSM,7.505,6.636,6.226,5.515,5.621
7G07,5.96,6.866,6.246,6.626,7.141
7NFB,6.05,5.344,5.847,5.818,5.415
3L3L,5.96,6.935,6.436,5.584,6.08
7WTB,5.96,6.682,5.972,5.825,5.555
7JJG,5.96,7.064,6.917,7.533,7.606
5XHY,7.56,7.151,6.641,6.452,6.442
4CCU,7.92,7.753,7.697,7.748,7.48
5VRZ,5.04,4.451,5.43,5.509,5.31
7G1O,5.23,6.808,6.066,5.91,6.696
6O9D,7.56,7.247,7.281,7.565,7.632
7AAD,6.125,7.282,6.453,6.708,6.197
3G8I,7.66,6.747,7.207,6.907,7.035
3FME,7.92,8.911,8.085,8.106,7.944
8F7V,5.23,6.848,6.361,7.491,6.411
1LQF,6.45,6.736,6.633,7.456,6.543
6HGH,5.04,4.419,5.495,5.753,6.399
7FYH,6.125,6.601,5.191,4.334,4.065
5RJK,5.04,6.733,5.085,4.14,4.615
4NST,5.04,5.268,5.414,5.684,5.703
6EIF,6.7,6.25,6.568,6.857,6.765
9DF1,7.66,6.917,6.765,5.673,6.056
7WQV,5.04,3.608,5.729,6.591,6.744
4O0B,7.72,7.093,7.142,6.857,6.958
5SXF,5.04,3.154,5.105,5.265,4.391
1UKI,6.7,5.962,6.693,6.418,6.315
1P5Z,5.04,5.069,5.478,5.516,5.264
6BQP,7.46,7.163,7.211,7.413,7.235
7CGP,5.04,7.068,5.942,7.013,6.739
6MCZ,5.04,6.938,6.128,6.439,6.779
2XYW,7.92,6.693,7.812,7.91,7.584
6PC4,5.04,5.932,5.3,4.711,4.551
6YDB,9.0,6.672,5.565,5.124,5.195
7DSQ,7.72,6.56,6.317,5.891,6.297
4D90,5.96,3.73,5.714,5.942,6.345
7TD3,5.04,7.031,6.423,7.036,7.473
7G8Z,5.96,4.044,6.181,5.179,6.304
2R6W,4.01,7.351,6.238,6.147,6.146
5MOW,5.04,5.498,5.215,4.09,4.044
7AAY,7.92,8.822,7.886,8.108,7.962
5NK2,7.66,8.234,8.004,7.863,8.016
5S9A,9.0,7.049,6.634,5.783,6.03
3QFR,5.04,6.82,5.946,6.484,6.941
8IRS,5.96,6.94,6.474,5.806,6.913
7KPA,8.37,7.799,7.589,7.827,7.789
3FAA,7.92,8.293,7.832,8.153,8.011
6AFF,5.04,6.669,5.553,5.397,5.463
1L5R,6.45,6.372,6.349,5.429,5.647
2D7I,6.45,5.755,5.928,4.358,4.911
1XOW,7.72,7.13,6.677,6.431,6.324
3ZC5,7.66,8.701,7.471,7.562,7.851
3GCU,7.92,7.017,7.821,7.257,7.206
2O02,5.04,3.961,5.295,4.732,4.485
5TWY,7.66,6.901,7.184,6.663,6.442
7V2J,7.66,5.182,6.943,6.277,6.23
9CIV,5.04,3.079,4.78,3.179,3.524
7ZTZ,5.96,7.008,6.361,6.058,6.665
5XRE,4.01,5.868,6.007,5.404,5.765
7FTB,5.96,5.963,6.108,6.578,6.646
7WQS,5.04,6.938,5.93,6.147,6.43
7S3P,7.72,6.676,6.47,6.035,6.266
2UW0,7.66,8.125,6.999,7.46,6.901
5FQT,4.85,6.92,6.364,6.066,6.55
7UJ8,7.66,6.436,6.583,6.152,5.818
9D61,7.56,6.647,6.898,6.81,7.239
5SCF,5.04,5.279,5.279,4.237,4.595
6RSB,7.56,8.306,7.184,7.827,7.413
6NTG,5.04,3.731,5.674,6.603,6.483
3JRX,7.72,6.771,6.168,5.347,5.968
5DPV,5.04,6.938,5.842,5.206,5.009
7S1S,5.04,6.938,5.903,5.685,5.519
6LZL,5.04,6.049,5.09,4.778,4.96
5DXH,7.66,6.952,7.489,7.925,7.636
7O1Y,6.45,6.937,5.865,7.281,6.905
5TET,5.04,5.795,4.962,4.675,5.509
2XQI,5.04,3.702,5.674,6.519,6.483
3HU1,5.04,6.938,5.294,4.601,4.672
6IJR,7.56,7.238,7.163,7.22,7.103
5HG8,7.66,8.637,7.548,7.571,7.482
4ZGK,5.04,6.312,5.615,5.323,5.469
6D3E,7.92,7.247,7.715,7.437,7.439
6R6E,7.46,6.516,6.948,6.471,6.566
1TKR,5.04,3.434,5.47,6.251,5.648
3LQL,5.04,6.938,5.665,4.959,5.945
5DXT,7.66,6.942,7.428,7.591,7.289
6JEY,5.04,6.938,6.091,6.464,7.111
3VW7,7.56,6.933,6.906,7.596,7.199
4O9R,7.72,6.904,6.479,5.815,6.281
9B3A,5.04,5.068,5.335,4.392,4.227
5TQE,7.56,7.282,6.909,6.533,6.687
3H3R,6.45,6.914,6.582,7.405,7.115
7M0L,7.66,7.198,7.481,7.642,7.519
6VMS,7.56,7.107,7.116,8.229,7.792
8FXO,7.72,6.936,6.58,6.783,7.136
3QX3,5.96,6.721,6.207,5.975,6.101
7A4Z,6.7,5.314,6.489,5.095,5.422
4HY6,7.6,6.992,6.305,6.768,6.08
7A5L,6.7,7.583,7.06,7.324,7.172
7KK3,8.15,7.482,5.962,5.772,6.462
5LR7,7.92,8.491,7.502,7.616,8.232
8PSY,5.04,4.477,5.33,4.995,4.483
8DUC,5.96,7.422,6.452,6.204,6.862
6DGO,7.92,6.96,7.911,7.992,8.179
1GZR,6.45,6.077,6.298,6.66,6.986
6D06,5.04,6.414,5.059,4.966,5.17
1YIN,4.01,7.298,6.411,6.346,6.526
5HBJ,7.66,7.124,7.431,6.856,7.219
7AVL,6.45,6.661,6.727,6.801,6.817
3Q95,5.96,5.98,6.556,6.229,6.101
9ETB,5.04,6.654,5.331,5.585,5.273
6R6J,6.45,6.931,6.068,5.026,5.595
5TM2,4.85,5.198,5.686,4.739,4.705
9DMC,5.04,6.604,5.778,5.672,5.295
2G1O,5.04,6.205,6.285,6.158,6.321
5DFD,7.46,6.549,7.092,7.835,7.295
5TRF,7.66,6.95,7.332,7.342,7.546
5W0E,3.125,7.343,6.61,7.372,6.932
7UC6,3.125,6.942,5.949,6.396,6.307
3B65,6.45,6.938,6.624,6.608,7.023
6ZUW,6.45,6.913,6.845,7.344,7.27
4TN6,7.92,7.851,7.896,7.466,7.886
7LQ1,7.66,7.68,7.596,7.517,7.567
6TO7,5.96,6.856,6.815,6.862,7.019
5NWZ,6.7,8.011,7.288,7.306,7.247
6DGL,7.92,6.945,7.647,7.982,7.431
3LM0,6.7,8.058,7.486,7.942,7.616
3R6I,5.04,6.938,5.87,6.163,6.128
7G8L,5.96,5.316,5.993,4.49,6.016
4PES,6.45,6.284,6.746,7.008,6.581
1QIZ,5.04,3.8,5.342,4.727,5.506
3BIV,7.56,6.927,6.78,6.592,6.354
5LNZ,7.72,6.934,6.968,6.112,6.551
5QCY,7.56,6.942,7.303,7.67,7.173
3CF6,5.96,6.965,5.965,6.261,6.107
2XQF,5.04,3.718,5.674,6.603,6.483
5LPJ,6.45,6.388,6.345,5.657,6.128
7G0G,7.72,6.921,6.389,6.838,6.787
8G4A,6.125,6.936,6.297,7.56,6.837
4UYD,5.04,6.074,5.537,5.584,5.491
3T03,7.92,7.243,7.728,7.196,7.622
6Q49,5.04,6.861,5.086,4.227,4.278
7UHF,5.96,7.126,6.247,6.894,6.675
7KIE,7.66,7.719,7.49,7.801,7.986
8PPW,5.23,4.944,6.248,5.44,6.284
5YVA,6.7,7.124,6.867,7.419,7.231
5N68,8.37,5.824,7.533,7.29,7.246
5WR0,6.45,6.938,6.046,5.544,6.291
6UPF,5.04,3.049,5.4,5.141,5.365
6YLC,6.45,7.757,7.05,6.988,6.963
1WAY,5.96,6.595,6.178,5.598,5.256
3FR0,5.04,6.378,5.841,6.882,6.696
7E5G,6.595,6.742,7.287,6.741,6.994
9GJ2,5.23,6.965,6.363,5.54,5.68
7C7G,5.04,6.938,5.832,6.088,6.211
2AYR,7.66,6.51,7.169,7.969,7.657
1T9G,6.88,6.827,6.524,5.714,5.626
8CDW,5.23,7.332,6.182,6.371,6.784
7XHE,7.46,6.872,7.385,7.559,7.305
7JXY,5.04,7.587,6.775,6.306,6.205
7W5A,5.04,6.978,5.789,5.952,6.065
4KS8,7.66,7.104,7.192,7.42,7.009
2P2I,6.7,7.701,7.118,7.486,7.681
7MH0,5.04,4.443,4.982,4.934,4.596
2PRG,8.59,6.859,6.459,7.078,6.42
5FQR,4.01,6.912,6.231,5.491,5.991
5O4E,5.04,3.232,5.742,5.901,6.228
5URU,5.04,3.002,4.78,3.179,3.524
5J6M,5.04,6.918,6.407,6.086,5.731
5C7G,5.04,6.886,5.4,6.073,6.249
8W9W,6.45,6.928,6.269,6.805,6.648
5NXD,7.505,6.846,6.782,6.609,6.743
3LMY,6.45,4.6,6.142,6.062,5.712
4AIY,5.04,3.346,4.852,3.196,3.534
3RH6,5.96,3.979,5.952,6.426,5.951
6GQ7,7.66,7.286,7.516,8.575,8.215
6ZQS,8.37,7.712,7.903,7.955,8.011
4F64,6.7,6.629,7.052,6.392,6.429
2XJF,5.04,3.563,5.482,6.27,5.954
7HA0,5.04,5.888,5.636,5.905,6.348
7YAI,5.04,5.794,5.538,5.197,5.495
3OS8,4.01,7.199,5.929,6.049,6.598
3HYY,5.04,5.478,5.937,6.003,6.02
5UCH,5.96,6.777,6.672,6.142,6.467
7KAC,7.92,7.304,7.77,7.478,7.469
5VC3,8.37,7.715,7.91,8.209,7.782
5Q18,7.66,6.128,7.449,7.252,7.028
7M0M,7.92,7.247,7.966,8.434,7.934
3EPD,5.04,6.94,6.319,7.668,7.611
6BSD,8.37,8.267,7.899,8.033,7.686
2E5C,5.04,6.23,5.358,5.316,4.565
6EDS,7.72,8.234,6.848,7.033,6.791
4GWT,5.04,5.594,5.454,5.773,5.372
2A2C,6.45,5.08,6.134,5.484,5.509
8DUK,5.23,6.869,6.352,5.743,6.635
1YI4,5.04,4.999,5.186,4.496,4.52
6YB6,7.56,6.717,7.068,6.707,6.343
8YHW,5.04,6.936,4.888,4.183,4.871
5L4Q,7.92,7.26,7.55,7.629,8.424
8PBP,6.45,6.97,6.369,6.535,6.832
7WOX,6.45,7.317,6.614,7.366,6.711
3RAW,6.7,6.6,7.001,7.079,7.44
6SYT,5.04,6.943,5.417,6.656,6.119
3L38,5.04,6.255,5.541,5.409,5.81
6OMO,5.04,4.907,5.948,6.822,6.594
7VFS,5.04,4.861,6.003,6.937,6.731
3W2T,5.04,4.886,5.675,7.263,6.619
6MD0,5.04,6.918,6.07,6.344,6.847
7UJW,7.66,7.164,6.809,6.91,7.097
7UPG,5.04,5.563,5.318,4.891,4.649
3TPP,7.56,6.954,7.21,7.33,7.62
7R4L,5.04,6.938,5.868,6.045,6.843
8SC4,6.45,6.938,5.787,6.513,6.544
2OZ7,7.72,6.996,6.793,6.312,6.707
5KCE,6.05,6.989,6.386,5.86,5.477
7RL7,5.04,6.938,5.225,4.661,4.353
6WI2,5.04,6.089,5.831,6.083,6.414
5QD5,7.56,7.141,7.286,6.362,6.956
4HXO,5.04,6.493,5.663,5.605,5.634
6APL,5.04,5.4,5.227,5.173,4.06
4F9M,7.92,7.488,7.321,7.054,6.814
4JV7,5.04,6.385,5.852,6.212,5.022
1TGJ,5.96,6.093,6.308,6.772,6.8
7CCW,5.04,5.605,5.263,4.474,4.2
3ORZ,5.96,6.938,5.386,4.891,4.762
8FHD,7.72,6.93,6.468,6.57,6.315
7YMJ,5.23,6.395,6.386,6.561,6.509
7R4O,5.96,6.708,6.694,6.658,6.639
7FYQ,7.6,6.94,6.015,6.261,6.194
2XYX,7.66,6.608,7.49,7.457,7.079
8HUN,7.72,6.869,6.569,7.097,6.827
3SQ6,5.96,7.01,6.225,5.644,6.213
3CBL,7.92,7.969,7.979,7.592,7.627
7UJC,4.01,7.181,6.141,5.956,5.816
7D0S,6.45,6.897,6.603,6.86,7.646
7ONT,6.45,7.191,6.797,6.525,7.65
5QEJ,5.04,6.991,5.059,4.341,4.571
1WVX,7.92,7.471,7.934,7.468,7.69
6Q8Z,5.04,4.833,5.411,5.163,5.476
7W7Y,7.92,8.193,7.73,7.774,7.933
6EI5,7.66,7.328,7.249,7.451,7.614
4D88,7.56,6.939,7.097,6.12,7.068
7NIZ,7.72,6.887,6.185,5.856,5.966
7WQQ,7.72,7.258,6.574,5.79,6.349
7JYR,7.92,7.845,8.032,8.015,7.928
6PRT,5.96,5.624,6.008,5.59,5.82
1DWB,6.45,7.185,7.058,7.101,7.626
2F8A,5.04,4.77,5.319,5.86,5.922
4P6W,7.72,6.919,6.637,6.45,6.442
3HMI,7.66,7.144,7.335,7.171,7.156
8VYJ,5.04,4.922,5.949,5.984,6.257
7A4W,6.7,5.643,6.779,6.314,6.243
8HMT,5.23,7.357,6.151,6.562,6.795
3C7I,6.45,6.655,6.386,6.647,5.721
4CV9,7.66,7.281,7.378,7.074,6.823
4E4L,5.96,7.937,6.948,7.502,7.697
5S8C,5.04,5.073,5.898,6.482,6.527
7S9F,7.66,5.692,6.98,6.645,7.066
8C1E,5.96,6.281,6.256,6.987,7.339
5HNT,5.04,6.938,5.93,6.239,6.312
5OWK,5.04,4.68,5.575,5.779,5.947
5EQG,6.45,7.393,6.732,7.276,7.06
8XSN,5.04,6.447,5.552,5.743,5.185
6A94,8.59,6.564,6.63,6.538,6.769
2AZ5,7.6,6.773,6.236,5.89,6.597
4QQC,7.46,8.43,7.436,7.638,7.79
2UZS,5.04,6.628,5.882,6.22,6.505
4JS3,5.04,6.582,5.787,6.694,6.317
3HU3,5.04,6.938,5.214,4.652,5.08
1UVS,7.56,6.478,6.671,6.815,6.721
6AWP,7.6,6.822,6.043,6.459,5.776
2G2F,7.56,7.057,7.274,7.766,8.152
8P6X,7.46,7.155,6.928,7.23,7.165
4MQF,5.04,3.358,5.56,6.612,6.81
6DDH,5.04,6.668,5.478,5.306,5.025
7PWD,7.66,6.561,7.007,6.238,6.286
7QUE,7.66,7.43,7.304,7.059,7.12
1FKI,5.96,6.985,6.828,5.416,5.882
5HYR,5.96,5.902,6.607,6.425,6.15
7JX0,6.595,7.83,7.229,7.813,7.557
4L94,5.96,4.701,6.253,6.026,6.221
3L5B,5.04,5.927,5.726,5.666,5.621
9D3C,5.23,5.309,5.774,6.123,5.949
6MQ3,7.72,7.476,6.692,6.483,6.532
3VUC,5.23,7.0,6.723,6.831,7.146
7G93,7.56,6.435,6.035,5.618,5.696
5U2B,7.56,6.83,6.905,7.058,6.416
5UXH,5.04,6.894,5.848,6.062,5.401
7VCV,5.04,6.938,5.112,4.411,4.257
3MY0,7.66,7.325,7.26,7.307,7.374
5ZYL,5.96,6.754,6.081,6.783,6.582
8AQG,5.04,6.938,5.749,5.691,6.025
7NRY,7.92,8.278,7.965,8.066,7.972
3BLA,5.04,5.815,5.998,6.213,6.299
5RKJ,6.45,6.464,6.546,6.927,6.947
5S83,7.66,8.439,7.339,7.517,7.629
7AKH,7.92,7.113,7.627,7.302,8.114
7CR7,6.45,5.863,6.511,6.899,6.181
6CJG,5.04,6.621,5.852,6.572,6.217
5ABW,5.04,4.314,5.653,4.615,5.178
4YH4,5.04,6.165,6.175,5.779,5.397
5UVF,7.66,7.48,7.415,7.556,8.074
6F7R,5.04,6.938,5.752,5.645,5.663
2I0J,4.01,5.779,5.831,5.421,4.924
4JYU,7.505,6.689,6.742,7.251,6.401
7RP4,7.72,7.23,6.742,6.163,6.658
5WA8,6.45,6.036,6.593,6.862,6.578
6Y0A,7.66,5.922,7.136,7.432,6.822
8TZQ,5.04,3.672,5.531,5.249,4.916
7NZY,7.66,5.344,7.128,6.604,6.734
7G85,6.45,5.195,6.306,6.629,5.927
8AQP,5.04,6.938,5.634,4.981,5.772
2J9M,5.96,7.076,6.413,6.375,6.566
8V74,5.23,6.806,6.102,7.332,6.727
5C1Q,6.7,6.47,6.566,5.961,6.158
5RKP,5.04,5.309,5.79,6.171,5.428
8AHG,6.45,7.046,6.731,5.987,6.035
3ID8,5.04,6.404,5.841,6.882,6.575
6SAM,5.96,5.488,5.714,5.324,5.955
2QXW,5.96,6.938,5.951,5.154,5.775
7KK6,5.96,7.23,6.47,6.833,6.302
5FE4,5.96,6.039,6.493,6.585,6.582
5K13,7.92,7.385,7.662,7.91,7.539
5S9D,5.96,7.336,6.709,6.671,6.02
7GT2,5.04,4.818,5.301,5.305,5.109
5U3W,5.04,6.407,6.263,7.027,6.773
7AKB,7.92,6.377,7.565,7.202,7.199
5T92,4.01,6.848,6.304,5.632,4.928
8K14,7.72,6.712,6.62,6.912,7.334
6OPH,7.92,8.329,7.838,8.632,8.228
1GFY,7.56,6.297,6.32,5.819,6.877
4FAD,8.37,8.463,8.132,9.16,8.858
5BQE,5.04,3.023,5.457,6.234,6.122
5HQ0,7.92,7.469,7.634,7.817,7.758
7FVZ,5.04,6.786,6.251,7.494,6.366
8S8A,5.96,6.903,6.293,5.516,6.715
5QD2,7.56,6.917,7.282,7.417,7.168
7E5H,7.66,6.491,7.34,7.218,6.711
5E0W,4.01,6.304,5.881,5.56,5.837
6ZC0,7.66,7.714,7.414,7.551,7.544
6JQR,7.66,6.637,7.487,7.286,7.502
6Q4E,6.7,6.432,6.23,5.617,5.901
9CXC,5.04,5.786,5.873,7.263,6.878
5S9B,5.04,4.669,5.764,5.804,6.145
5J6S,6.45,7.49,6.566,6.197,6.985
2WMT,8.59,5.772,6.233,6.155,5.921
4NG9,6.45,6.642,6.75,7.297,6.703
7UDQ,5.23,7.935,6.215,6.641,6.579
5AUT,6.7,5.527,6.336,5.97,5.368
8DZR,7.72,6.695,6.454,6.221,7.488
5U3R,5.04,6.425,6.261,7.07,6.852
4XZ0,5.04,4.209,5.099,4.352,4.454
3HC6,7.92,6.929,7.742,7.709,7.604
7OAK,7.46,6.526,7.46,6.89,7.217
8OUS,7.72,7.479,6.51,6.405,7.337
4FUL,7.66,6.939,7.379,8.296,7.863
8S0T,5.23,6.938,6.141,6.807,6.898
4XI3,4.01,7.198,6.44,6.417,6.754
5SB0,7.56,6.53,6.483,6.422,6.694
6Q4D,5.04,4.676,5.305,4.942,4.595
8YEV,6.7,5.031,6.215,5.516,5.557
3WJ5,5.04,4.13,5.895,7.64,7.403
5TI6,5.23,5.971,6.174,5.739,6.211
5NDZ,7.56,7.062,7.035,6.835,7.455
2XQJ,5.04,3.724,5.674,6.603,6.483
8V73,5.96,6.943,6.273,6.605,6.313
6XE6,7.72,5.297,6.351,6.91,7.124
1QJ7,7.72,6.854,6.607,6.781,6.761
6P38,5.23,6.954,6.742,7.384,7.408
2YIY,6.45,7.322,7.058,7.218,7.463
8YXB,6.45,7.032,6.281,6.73,6.444
8T98,5.04,6.928,5.372,4.114,4.206
4M0E,5.04,3.819,5.652,6.091,6.14
8GW0,5.04,6.906,5.121,4.779,5.32
9IYP,5.96,4.257,6.079,4.933,5.184
6BMW,5.96,6.98,6.81,6.104,6.443
6UKM,8.59,6.967,5.86,6.503,5.56
9ET3,5.96,5.645,5.799,6.035,5.402
7ZTX,5.96,7.062,6.36,5.706,6.636
8HLR,8.15,6.955,6.468,5.0,6.26
1NSG,7.72,6.969,6.802,6.725,7.027
6FNA,6.45,6.132,6.139,5.495,5.877
4DIJ,7.66,7.066,7.166,7.113,7.369
4BAM,7.56,7.156,6.966,6.81,7.175
3TNH,5.04,5.967,5.695,4.784,4.669
5TDE,5.04,2.531,5.321,4.504,4.334
5C8W,5.04,4.885,5.319,5.064,5.978
6YLA,5.04,6.913,5.671,6.337,6.543
4LWG,5.04,3.605,5.576,5.304,5.377
7XPY,5.96,6.372,5.872,5.269,4.976
5CF0,7.92,6.498,6.913,7.131,7.221
4GZ5,6.45,6.938,6.007,6.418,5.751
5GWI,6.45,6.67,6.072,5.795,5.803
6CQH,7.92,6.938,8.175,8.119,8.263
8PNQ,6.45,6.227,6.063,7.739,6.428
7UJ7,7.66,6.487,6.607,6.213,6.071
3FMD,6.45,6.872,6.5,6.33,6.067
2E3O,6.45,6.938,6.442,6.75,6.436
8HV9,5.04,6.806,5.796,6.491,6.801
7G8R,5.96,6.056,5.999,6.718,7.152
7U8U,5.96,6.733,6.357,6.573,6.874
6DH9,8.59,6.963,6.41,7.624,7.169
4PPP,4.85,5.864,5.419,4.616,4.407
6ID0,5.04,6.75,5.449,5.127,5.145
5HP3,5.04,6.396,4.964,5.061,5.105
1ERR,4.01,7.355,6.187,6.111,6.01
5WR7,7.92,8.275,7.808,8.308,8.478
2OLZ,5.04,3.732,4.844,3.183,4.266
5HRQ,5.04,3.734,5.174,4.683,3.88
4C6D,5.96,6.73,5.81,5.405,5.303
4I22,7.92,7.214,7.814,7.347,7.391
1UDW,5.04,6.84,5.67,5.887,6.502
7KP6,7.66,6.926,7.395,7.247,7.253
3QCI,6.45,6.938,6.625,6.133,6.198
7AKE,7.92,6.79,7.726,7.438,7.865
8BZB,6.45,6.938,5.324,4.595,4.254
4C5D,7.66,6.943,6.998,7.837,7.334
2G49,5.96,5.102,6.499,7.084,6.927
8C2F,5.04,5.626,5.621,6.174,6.663
5VC4,7.92,7.768,7.963,8.347,8.228
5TLY,6.05,6.9,5.931,5.528,5.506
1G5Y,5.04,7.042,6.049,6.176,6.773
3OOK,8.37,7.319,7.928,8.061,7.959
7BGV,5.04,5.274,5.961,6.212,6.353
6CUD,5.04,6.542,6.279,6.88,7.342
1K3A,5.04,5.169,5.276,4.666,4.381
7Y99,7.56,6.938,6.526,6.096,6.932
5C1D,6.45,6.942,6.336,6.547,6.823
5XRA,5.04,7.006,5.797,6.128,5.992
4L90,5.96,6.769,6.881,6.567,6.39
1U4D,6.7,6.15,6.566,5.669,6.12
6YF8,6.7,7.373,7.084,7.077,7.072
7G96,5.96,5.054,6.275,7.413,6.687
8P74,5.23,6.875,6.257,6.648,6.681
7RNM,7.66,6.996,7.039,7.47,7.339
7MM1,7.56,6.487,6.51,5.695,6.39
5QFV,7.56,7.522,6.525,7.339,7.105
5QCR,6.45,6.783,6.994,6.679,7.332
7FUZ,7.72,7.027,6.656,6.618,6.656
4D0M,7.66,7.109,7.049,7.115,6.379
5UWG,5.04,6.939,6.161,6.922,6.855
6J3O,6.45,7.526,6.736,6.606,6.529
8J81,7.72,6.938,6.566,6.464,6.768
6NCO,5.96,7.409,6.899,6.793,6.487
6NV7,7.56,6.939,7.304,7.742,7.31
3WAL,5.04,4.797,5.17,5.405,5.513
7AEQ,6.125,6.917,5.283,4.405,4.469
8VYK,5.04,4.346,5.967,6.7,6.83
4TNZ,5.96,6.787,5.434,5.278,4.801
6MD1,5.04,6.531,6.006,7.212,7.692
2P8S,6.125,6.576,6.11,5.107,5.837
6ZUH,7.56,6.894,6.873,7.288,7.066
5MKS,6.45,6.605,6.38,5.637,5.505
1EFH,5.04,5.498,5.549,5.101,4.954
9AS8,5.04,5.941,5.984,5.331,5.201
2CIA,6.45,7.094,6.6,8.424,7.046
6GJI,5.04,6.933,6.166,5.89,5.656
5XRB,7.66,4.833,6.695,6.891,6.979
5VBQ,7.56,7.352,7.02,6.974,7.122
6RLC,6.45,6.765,6.499,6.189,6.14
6VFF,5.04,6.433,5.015,5.092,5.199
7Y8D,7.56,6.938,6.613,5.943,7.4
6T57,5.23,7.106,6.56,8.385,6.984
3VN9,6.45,6.647,6.594,6.746,7.297
1M4B,6.45,6.936,6.544,6.978,7.137
2ZNK,7.56,6.873,6.991,7.436,7.237
6CK6,7.92,7.105,7.76,7.813,8.123
6V8K,6.45,6.938,6.462,5.299,5.959
8QLT,5.23,7.123,6.158,7.178,6.623
1X96,5.04,6.938,5.756,5.681,6.19
5EW9,7.66,7.265,7.333,7.332,7.579
6WXM,5.04,3.407,5.97,7.031,7.197
2AR9,5.04,5.363,5.343,5.626,6.015
3SP8,5.04,4.94,5.645,6.055,5.856
6TU9,8.37,7.576,7.852,8.238,7.778
4LL5,7.46,7.522,7.187,7.578,6.99
5XQE,7.66,4.736,6.531,6.835,6.21
7ER9,5.04,6.938,5.808,5.401,5.349
7W9T,5.96,7.145,5.923,6.121,5.678
4PX2,7.56,6.888,6.69,6.403,6.076
4QOI,5.04,6.952,5.804,5.931,5.132
5RK1,7.72,5.751,6.513,6.48,6.828
7CCV,4.01,4.911,5.526,4.896,4.798
7EM3,5.04,4.269,5.072,5.26,4.876
7OLV,7.92,7.42,7.928,7.724,8.204
3BQD,7.72,7.024,6.777,6.244,6.768
7RHG,5.96,5.644,5.838,5.797,5.984
4U97,8.37,8.38,7.975,8.16,8.112
5M4P,4.01,6.89,6.177,5.466,5.596
1FAP,7.72,6.989,6.789,6.564,7.284
8T1F,5.23,7.619,6.652,6.873,6.632
4QVX,8.37,7.48,7.858,8.38,7.944
4P36,5.04,7.213,5.791,6.858,6.787
8TSD,5.23,7.113,6.368,6.511,7.168
8DZS,5.96,6.678,6.351,5.821,7.002
7KHL,7.46,7.172,7.34,7.136,6.477
5G15,5.04,3.442,4.934,4.753,3.982
6V0X,7.6,6.883,6.301,6.228,6.641
4RWJ,7.66,7.61,7.392,7.474,7.026
2Q5S,7.92,6.626,7.603,7.226,6.673
8SXT,5.04,4.471,5.489,4.582,4.829
3F68,7.56,7.202,7.112,6.748,6.366
1FKH,7.72,7.052,6.823,6.381,6.663
8AHH,6.45,6.325,6.142,6.432,6.045
4FRA,5.04,5.508,5.211,6.098,4.96
7MSA,4.01,6.873,5.909,5.757,5.689
8X62,5.96,6.91,6.388,5.96,6.611
2CN0,6.45,7.363,7.087,7.805,7.948
6GU7,7.46,6.683,7.231,7.505,7.834
6ST3,5.04,7.284,5.636,5.895,6.126
8OUR,7.72,7.649,6.615,6.956,7.819
5ORH,5.04,4.442,5.583,4.587,4.85
7MZK,5.04,3.335,5.475,6.238,6.116
8WSW,7.66,7.624,7.326,7.47,7.508
3Q9X,6.05,5.482,6.361,6.124,6.286
5AM9,5.04,4.222,5.701,5.838,6.318
6MA2,5.04,6.968,6.022,5.682,5.702
3S9S,7.92,7.068,7.622,7.121,7.177
4WDT,5.04,6.938,5.929,6.242,6.319
4V0U,5.96,6.941,6.482,6.75,7.346
3X02,5.04,5.13,4.989,4.788,4.95
4ZYI,7.66,6.837,7.268,6.673,6.672
5W0Q,5.23,6.542,6.024,6.115,6.28
7VFW,5.04,5.128,6.001,6.932,6.365
8YPY,5.04,5.826,5.267,5.035,4.857
1OSH,7.66,6.938,7.056,7.282,6.651
5DP0,4.01,7.663,6.017,6.737,6.287
2P54,7.66,6.759,7.245,7.839,6.905
6OAC,7.66,8.099,7.422,7.672,8.018
6CYM,5.04,5.243,5.222,4.233,4.255
3FGU,5.04,6.437,5.851,6.948,6.572
2CKE,6.45,5.391,5.765,5.309,5.108
8C0L,7.72,6.32,6.232,5.741,5.849
7FSQ,5.04,5.406,5.312,4.451,4.197
7G8W,5.96,6.257,6.266,6.845,6.673
3O0I,5.04,6.938,6.564,7.028,7.336
8T8Q,5.96,6.931,6.142,6.348,6.826
8BXO,3.125,7.132,5.695,6.77,7.662
4FSQ,7.92,7.277,7.767,7.932,7.786
8DVB,5.96,6.997,6.357,6.527,6.776
7QG2,7.56,8.045,7.624,7.612,7.844
6G6W,7.92,7.432,7.835,8.241,8.299
7YNP,5.96,5.855,6.394,7.387,6.974
3K23,8.37,6.975,7.722,7.511,7.67
4MPN,5.96,5.771,5.979,5.807,5.644
9B3C,5.04,4.569,5.297,4.457,4.259
6THA,5.04,6.847,6.176,6.719,6.524
6T56,5.04,3.628,5.044,3.594,3.745
7ER7,5.04,6.938,5.604,4.584,5.253
5I46,6.45,7.468,6.912,6.592,7.819
4YHJ,5.04,3.788,4.913,4.255,4.365
1CJ1,5.23,6.906,6.366,6.531,5.925
9B7A,5.04,6.938,5.244,4.518,5.275
8AQN,5.23,6.938,6.223,5.023,5.874
6DW4,5.96,6.842,5.671,5.116,4.981
7JRA,7.66,7.539,7.399,7.856,7.798
3SPF,5.04,4.809,5.652,6.238,6.185
2PNR,5.04,6.938,6.139,7.162,6.772
8V6U,5.96,5.861,6.378,6.001,6.502
1WBG,5.04,6.479,5.379,4.999,5.095
7BQ3,5.23,6.914,6.299,6.393,6.531
5E0X,4.01,6.271,6.115,5.822,5.761
8P75,5.23,7.012,6.259,6.075,6.469
3BZ3,7.92,7.917,7.87,8.396,8.264
7KPF,5.04,4.875,5.114,4.626,4.66
1KI0,5.04,6.906,5.488,6.608,5.463
5NEI,8.59,7.039,6.044,7.457,6.655
5SXE,5.04,3.847,5.289,5.386,5.466
1E8Z,8.37,6.47,8.156,8.407,8.66
1X7R,6.05,5.195,5.838,5.93,5.19
5X2F,7.66,7.835,7.533,7.763,7.922
4HBM,5.04,5.933,6.261,6.314,5.873
8DHF,5.04,6.576,5.794,6.693,6.381
6AN1,7.92,7.662,7.199,6.894,6.552
6K05,7.46,6.46,7.286,7.039,7.202
7Y7Z,5.96,6.656,6.652,6.702,6.438
8BJL,5.04,6.938,5.72,5.645,6.198
7EM4,5.04,5.161,5.024,4.915,4.982
6O9G,5.04,6.931,5.289,5.035,5.189
1L7X,6.45,6.281,6.293,5.662,5.706
7SII,7.92,7.1,7.732,7.759,7.446
8HF8,7.6,6.914,6.656,6.999,7.424
1T8T,5.04,4.53,5.639,5.583,5.75
6YM3,8.37,7.273,7.688,7.256,7.058
4N7E,6.45,6.769,6.324,6.675,6.405
4TUH,8.37,7.174,7.773,8.601,8.033
5WIU,6.45,7.054,7.043,7.136,7.074
9FAP,5.04,6.128,6.251,6.236,6.423
3GID,7.72,6.784,6.236,5.535,5.963
8T2H,7.72,7.532,6.61,6.824,7.151
6FZP,6.45,6.948,6.371,5.577,5.745
9AU5,5.96,4.89,6.197,6.135,6.21
8ZBU,7.505,7.159,6.354,7.153,7.069
8PQ9,5.96,7.636,6.755,6.787,7.164
5OC8,7.66,6.823,7.489,7.203,7.049
4D6Z,6.45,7.1,6.38,6.819,6.635
3KPV,5.04,5.219,5.291,4.062,4.663
6QTJ,7.66,7.563,7.194,7.736,7.568
4ASX,7.92,6.145,7.829,7.371,7.057
3A0I,5.04,6.355,5.865,6.882,6.5
1W9O,5.04,4.292,5.279,5.079,5.196
5OOH,5.04,6.938,5.818,5.309,5.31
5JCW,6.45,6.938,6.625,7.344,7.274
2AER,5.96,5.753,5.788,5.448,6.348
8SGV,5.04,6.74,5.76,5.126,4.779
3VF3,7.56,6.941,6.976,6.601,6.705
8C3U,7.72,6.938,6.221,6.357,6.581
5WRZ,6.125,6.913,6.329,5.712,6.196
8CWL,5.96,6.266,5.739,4.66,4.788
5DZI,4.01,5.421,5.757,5.496,5.65
4CCB,7.46,8.083,7.456,8.337,8.134
4H2F,5.04,4.761,5.402,5.589,5.03
4LWH,7.56,6.057,7.095,7.06,6.817
8PPB,5.04,6.395,5.643,6.283,6.034
7NA3,7.72,6.712,6.632,5.976,6.034
6N8X,5.04,6.668,6.542,6.088,6.419
1QKU,5.96,5.764,6.694,6.447,6.263
2IOK,7.66,7.179,7.015,6.793,6.454
4XUM,5.04,6.771,6.16,5.766,5.761
7DSX,5.04,6.438,6.199,6.612,6.824
1NHZ,7.72,6.996,6.754,7.091,6.855
5TM8,6.595,6.621,6.86,7.067,7.374
7SI4,5.23,6.924,6.645,7.581,7.453
5EHP,7.72,7.149,7.155,7.584,7.633
7TUN,5.96,6.527,6.164,5.999,6.635
4MGB,5.86,6.275,6.061,4.95,5.088
8ORM,6.595,7.97,7.308,7.697,7.395
4ISI,3.125,6.959,6.74,7.134,7.299
1M2Z,7.6,6.941,6.739,6.786,6.891
7VWE,5.04,6.455,6.273,7.104,6.954
7SD0,5.04,6.579,5.377,5.236,5.374
7O7J,7.92,8.111,8.152,8.601,8.403
4F5D,5.96,6.938,5.981,5.024,5.422
3DV5,7.56,6.864,7.159,7.454,6.738
1O5A,5.04,6.1,5.724,5.926,5.815
7G8J,6.125,5.147,6.376,6.618,6.316
7SXJ,7.72,7.551,6.582,6.981,7.141
6ZY6,5.04,5.174,5.881,5.986,5.363
8PWC,6.125,6.931,6.43,6.63,7.071
7NJ8,5.04,5.074,5.954,6.332,6.272
5J31,5.04,3.976,5.305,4.695,4.361
2H4X,5.04,5.793,5.092,4.155,5.109
4QG0,5.96,6.592,5.766,6.568,6.124
7QND,5.96,6.322,6.329,5.723,5.611
3CDP,5.04,5.707,5.625,5.961,4.919
7OAL,7.46,6.38,7.476,7.046,7.284
5WQX,5.04,6.938,5.946,6.285,6.132
4TQN,6.45,6.653,6.142,6.044,6.268
7A51,7.46,5.956,6.528,6.124,6.028
1A5H,5.96,6.842,6.35,5.45,6.098
4NZW,7.66,6.675,7.276,7.022,7.018
6VZM,7.92,7.231,7.72,7.613,7.419
4AP7,5.04,7.503,6.129,5.783,6.304
7FQI,5.23,6.938,6.43,6.08,5.159
3DEH,5.04,4.906,5.226,4.728,4.807
3L4U,5.96,6.793,6.112,6.114,5.792
6NSL,7.66,7.173,7.77,8.21,7.937
6GR3,5.04,5.611,5.098,4.851,4.793
6DGR,8.59,6.942,6.21,6.781,6.793
8VA6,5.23,6.847,6.724,6.959,7.528
2OM0,5.04,3.618,4.852,3.291,4.237
3DD1,6.45,6.455,6.396,5.835,5.706
7CMV,5.96,5.891,6.617,6.705,6.527
5LPL,6.45,6.618,6.361,7.068,6.74
7GSZ,5.96,5.656,6.545,7.456,7.53
3S7M,8.59,7.357,6.517,7.225,7.031
8H7B,5.96,6.883,6.422,6.35,6.549
8Z6H,5.04,6.81,5.845,5.578,6.471
6TBE,6.45,6.769,6.53,6.317,6.466
5JHB,5.96,6.541,6.569,6.374,6.519
6CJ2,7.66,7.411,7.421,8.039,7.629
6OJQ,5.04,5.434,4.949,4.404,4.722
5ENI,6.45,5.26,5.895,7.038,7.044
4PZS,6.45,6.938,6.515,5.56,6.459
3UQX,7.505,6.95,6.963,7.299,7.498
3HZ1,5.04,6.344,5.412,4.702,4.584
2CHL,7.66,6.941,7.189,7.16,7.555
6W0Y,5.96,6.852,6.296,6.665,6.074
8CVN,5.96,6.312,5.768,4.693,4.708
6QTY,7.46,6.152,6.824,6.49,6.511
8DUD,5.96,6.931,6.423,6.129,6.639
6Z8X,5.04,4.433,5.678,6.219,5.733
6WLW,6.45,5.497,5.75,6.529,6.427
9B0T,5.04,6.42,5.094,5.164,5.593
7U2P,5.04,6.571,5.723,4.944,5.589
4MLH,5.04,6.367,5.841,6.926,6.526
6YP3,5.04,4.982,5.212,4.586,4.49
5EDU,5.04,6.859,5.746,6.858,6.091
8V76,5.23,7.001,6.1,7.033,6.793
3FJO,5.04,7.148,5.826,5.752,5.599
5LPM,6.7,6.581,6.901,6.907,6.586
4UMP,5.04,6.35,5.241,5.099,5.295
8QNG,5.23,7.217,6.272,7.253,7.444
5J86,7.92,6.866,7.025,6.797,6.482
3WF3,5.04,6.39,5.285,4.961,4.867
5UVZ,5.04,5.691,5.925,6.775,6.355
5DVS,4.01,5.526,5.665,4.939,4.99
1EMJ,5.96,6.915,6.116,5.49,5.138
6XED,5.04,4.929,4.992,5.199,5.24
2RD6,5.96,7.245,6.384,6.28,6.227
4TNY,5.96,6.888,5.344,4.463,4.497
4IWC,4.01,5.984,5.993,6.099,5.918
2AIY,5.04,3.275,4.811,3.187,3.495
8KF1,5.23,6.893,6.208,6.213,7.146
3TCZ,5.23,6.799,6.417,6.436,6.544
7MRH,6.595,7.008,7.028,6.504,7.031
4CWQ,8.37,7.04,7.295,7.97,7.573
8B2J,5.96,6.938,6.327,5.336,6.098
2VQ3,5.04,6.938,5.837,5.754,6.079
7TYW,7.72,6.93,6.574,7.682,7.086
5S8T,7.56,7.193,6.517,6.695,6.579
6JME,5.04,6.616,5.861,6.621,6.409
6RSC,7.56,8.089,7.096,8.142,7.366
8R4V,5.23,7.748,6.116,6.29,6.64
8JL1,6.45,6.949,6.979,7.384,7.219
8WYW,3.125,6.903,5.814,5.954,6.442
7QAA,5.04,6.857,6.227,6.158,6.525
4A5S,5.96,6.851,6.16,5.962,5.543
6DMJ,7.46,6.1,6.994,6.797,6.239
4Z77,5.04,5.743,5.498,6.515,5.687
2VST,5.04,6.942,6.06,6.161,6.861
6NTU,5.04,5.776,5.512,5.336,5.466
5DYB,4.01,5.899,5.885,5.853,5.451
6GVG,7.92,6.906,7.643,8.018,7.593
7OQ7,7.56,5.37,5.899,6.166,5.834
4YT1,6.45,7.085,6.899,6.965,6.881
2C6T,7.56,6.455,7.173,6.667,6.611
4USD,7.46,7.806,7.358,7.619,7.636
6FXI,5.04,6.54,5.834,6.692,6.532
6NCN,5.96,6.757,6.189,6.025,5.462
1YXV,6.05,5.579,6.396,5.853,5.097
3NVN,6.45,4.404,6.282,6.794,7.733
6THZ,8.37,7.818,8.122,8.37,8.138
3CEH,6.45,6.417,6.359,5.457,5.579
6DWS,6.45,6.617,6.331,5.718,5.396
1QHR,5.96,6.629,6.035,6.218,5.987
7B30,7.92,9.31,8.047,8.007,8.466
8P81,5.23,7.362,6.471,6.297,6.747
5KMK,6.45,7.075,6.457,5.941,5.839
6VRU,7.46,6.307,6.909,6.756,6.895
2F3E,7.56,6.958,6.642,7.578,6.691
5CYI,6.7,7.155,7.16,6.995,7.325
7UYW,7.66,7.656,7.589,8.289,7.99
6LN1,4.85,4.945,5.823,5.627,5.454
5DKB,4.01,6.891,6.269,6.428,5.9
2F90,6.125,6.596,5.263,4.468,5.378
7MRD,8.37,7.0,7.964,7.978,8.51
6T8X,7.92,8.734,8.079,8.762,8.45
5YA5,8.59,7.626,6.691,7.073,7.357
7YNO,5.23,4.399,5.812,6.079,6.427
5RK0,7.505,6.718,6.173,6.213,6.224
7ZWL,8.15,6.938,6.543,7.078,6.461
7FWW,5.96,6.939,6.354,6.54,6.614
9QB5,7.46,7.829,7.347,7.233,7.453
4GB9,8.37,7.39,7.818,7.371,7.804
6JOK,7.92,8.148,7.537,7.837,7.33
8FF8,5.23,7.407,6.33,7.504,6.683
2ZNO,7.56,6.721,6.835,7.393,6.997
7FUY,3.125,7.186,6.093,6.283,7.214
3D49,5.04,4.132,4.951,3.832,3.988
5VAL,7.66,7.779,7.493,7.459,7.663
8DSY,7.92,7.456,7.798,7.568,7.197
7YAZ,5.23,6.99,6.225,7.638,7.061
4IKI,5.04,3.953,5.431,4.752,4.584
6UWY,7.46,7.904,7.234,7.107,7.266
7G8M,3.125,6.546,5.663,5.764,6.065
3OW6,5.04,4.874,5.4,5.187,4.794
6IQN,8.37,6.49,7.924,8.055,7.789
3ZK6,7.505,7.793,6.913,7.341,7.568
6L14,7.46,5.491,6.864,6.105,5.88
5BTR,5.04,6.968,5.436,4.741,4.719
3Q9Y,6.05,5.603,6.126,6.015,6.059
6HL1,7.72,6.919,6.529,6.408,6.231
1UK0,5.96,7.314,6.464,6.501,6.43
8DHH,5.04,6.63,5.848,6.643,6.324
6GNQ,5.04,3.799,5.29,4.623,4.874
6V0P,6.45,6.453,6.333,6.697,6.231
7FXU,5.23,6.911,6.347,6.22,7.153
5HU1,6.45,6.938,7.039,6.998,7.611
7VFV,5.04,5.128,6.001,6.932,6.365
3B25,5.04,5.989,6.022,5.781,5.5
4M6L,5.04,6.938,5.731,6.02,5.228
6GHK,6.45,7.661,6.218,6.557,6.683
4ZNS,6.05,7.139,6.132,6.112,5.881
6QBA,5.23,7.223,6.486,6.666,6.722
6QJU,5.04,7.229,5.644,5.979,6.128
6LKN,5.04,3.083,5.479,6.078,6.092
5QIS,6.45,6.88,6.452,6.884,6.877
6XNP,6.45,7.008,6.144,6.453,6.39
4P10,5.96,6.92,5.923,5.231,5.404
7LJE,6.45,6.938,6.899,7.834,7.782
2O0U,7.92,7.633,7.905,7.827,8.005
7LB0,5.96,7.211,6.821,7.687,8.214
3GOI,5.04,6.273,5.865,6.882,6.55
2RG3,5.96,4.318,5.608,4.613,5.198
3LBO,5.04,6.938,5.606,4.966,5.884
8PIQ,3.125,6.893,6.071,6.0,6.866
4XLV,5.04,5.325,5.621,5.661,5.47
5NRW,6.45,6.292,6.666,7.597,7.241
7CCU,4.01,4.599,5.273,4.086,3.837
2PUQ,5.96,5.651,5.647,5.572,5.714
5UU3,5.04,3.154,5.193,5.651,4.853
7V3Z,7.72,6.757,6.674,6.18,6.883
7Q1N,5.04,3.492,5.558,5.934,5.501
7BEN,5.04,3.772,5.741,6.282,6.32
7G89,5.96,5.419,6.375,6.746,7.192
1BMN,5.23,6.888,6.873,7.178,6.692
6AH0,5.04,4.518,5.334,5.396,5.273
8BDN,5.96,6.938,6.63,6.969,7.193
6XF3,8.15,6.938,6.511,6.117,5.813
5W0O,5.04,6.218,4.983,4.938,4.491
5HNB,7.66,7.752,7.082,7.039,7.169
7UAH,5.23,6.859,6.372,7.8,6.632
9CTF,5.04,5.123,6.019,7.089,7.174
6U8R,5.04,4.865,5.286,4.888,4.565
6HLO,9.0,6.972,6.591,6.632,7.349
5QIZ,6.45,6.683,6.216,5.847,5.95
6C42,4.01,7.646,6.288,5.942,6.11
4HLE,7.66,7.331,7.395,7.835,7.507
1HDO,5.04,6.938,5.806,5.02,5.236
4PMT,7.92,6.959,7.714,7.441,7.519
8TDU,5.23,7.211,6.52,6.682,7.121
5EM8,7.66,6.87,7.338,6.466,6.926
6SBO,6.595,7.1,7.227,7.385,7.032
3SVF,7.46,5.241,6.633,5.638,5.564
6Q9H,7.66,6.06,7.039,6.501,6.648
7W59,5.04,6.599,5.522,5.543,5.447
5BX6,7.66,5.274,6.287,5.142,5.519
5S9R,7.46,6.994,7.298,7.041,7.774
1RV6,5.04,5.786,6.047,6.901,6.742
4ZGM,5.04,3.467,5.456,5.937,5.747
7NVQ,8.37,8.389,8.056,8.284,8.084
5U5L,7.92,7.222,7.532,7.585,7.469
8PLZ,5.23,7.116,6.2,6.309,7.066
2P15,7.6,6.918,6.536,6.735,6.433
3Q8S,5.96,4.865,5.865,6.808,6.521
4P5Z,7.92,7.317,7.243,7.645,6.79
4YJ5,5.04,5.974,5.421,4.415,4.37
6FN9,6.45,6.027,6.094,5.466,5.807
1CEB,5.96,5.427,6.13,6.32,6.051
3UG8,5.04,6.938,5.885,6.049,6.366
7MGJ,7.66,8.105,7.527,8.127,7.291
6X82,7.92,8.446,7.914,7.85,8.351
7AFW,7.72,6.563,5.679,5.034,5.344
3HCP,5.96,6.791,6.363,6.056,6.011
5TIO,7.72,6.958,7.227,7.266,7.755
7B5Q,7.56,6.938,7.252,7.035,7.165
8EXO,5.96,7.18,6.585,6.103,7.041
6YTE,7.46,6.842,6.819,6.394,6.699
1RDT,7.72,6.849,6.796,6.555,6.79
3MIY,7.92,8.359,7.845,8.013,7.921
4JDD,7.72,6.858,6.192,5.891,6.108
6X3O,7.92,9.824,8.082,8.866,8.709
7LD4,5.04,6.124,5.457,5.027,5.114
6I44,5.04,4.351,5.055,4.378,4.399
1HE5,5.04,6.938,5.785,5.207,5.332
6AUI,5.96,5.265,5.907,5.794,5.608
7JVR,7.56,7.206,7.245,7.487,7.793
2BJ4,7.66,6.703,6.574,6.176,6.225
7F83,5.04,6.939,6.132,6.253,6.97
5HFA,5.04,3.744,5.688,6.603,6.483
6GQO,7.92,7.96,7.804,7.951,8.204
5S8M,5.04,5.368,5.798,6.52,6.472
7LLA,6.45,6.614,6.562,5.849,5.647
9FAS,5.04,4.346,6.116,6.707,6.728
4X4V,5.04,5.763,5.158,4.502,4.024
3L5E,5.96,6.707,6.602,5.051,6.018
5GTN,7.92,6.915,7.573,7.808,8.118
2ZDU,6.595,6.732,7.044,7.106,7.103
3S95,7.92,8.453,8.01,8.212,8.027
6B73,7.56,6.934,6.984,7.13,7.408
6ZX0,5.04,6.285,5.045,4.692,3.963
6SLX,6.45,5.842,6.052,6.016,5.632
2VGB,5.04,5.141,5.39,4.551,4.881
5Q15,7.66,6.044,7.423,7.409,7.178
3GVU,7.66,6.949,7.502,7.314,6.989
7KK4,9.0,7.254,6.411,6.297,6.095
8GUD,7.66,7.521,7.478,7.507,7.532
4GFM,7.56,6.471,6.575,6.898,6.652
5QFZ,7.72,4.8,6.705,6.109,6.7
3CD8,7.92,7.98,7.789,7.625,7.69
8EX0,7.66,6.208,7.275,6.541,7.117
5S9J,5.04,4.086,5.634,5.338,5.607
6VXU,8.37,6.938,8.455,8.595,9.04
8W8K,5.04,6.394,6.085,6.464,5.756
5M4N,4.01,5.669,5.948,5.354,5.56
2C95,7.66,6.621,6.295,6.047,5.644
6FZF,6.45,6.948,6.352,5.254,5.587
8FHG,5.23,6.937,6.273,6.353,6.931
7FSL,6.45,5.538,5.86,5.583,5.074
7VDQ,8.37,7.559,8.026,7.96,8.024
7WI6,5.96,5.247,5.956,6.791,6.202
8JTS,6.45,6.823,5.51,5.765,6.394
3UTU,7.56,7.018,7.144,7.713,7.42
3LD5,5.04,6.938,5.586,5.136,5.943
7BSP,5.04,6.081,5.442,5.413,4.774
7SED,7.56,6.963,6.985,6.631,6.003
5S8U,5.96,6.917,6.402,6.137,6.21
8P6Z,5.23,7.492,6.294,6.72,7.021
6WPP,7.92,7.306,7.808,8.126,8.036
5CFB,5.96,7.205,6.657,5.138,6.413
6BQQ,7.46,7.174,7.391,7.315,7.456
3KDU,7.92,6.951,7.713,7.286,7.265
6WBG,5.04,7.089,6.031,6.528,6.768
8B87,5.04,4.89,5.69,5.922,5.66
7U9A,5.23,7.108,6.095,6.38,6.775
6RLQ,5.96,6.875,6.075,5.885,5.563
7KTR,5.04,7.034,5.599,6.67,6.59
6P3A,5.96,6.939,6.421,6.925,6.627
5SAV,7.66,6.333,6.951,6.627,7.021
3EDZ,6.45,6.987,6.896,7.222,6.761
8BA3,5.23,7.57,6.22,7.612,7.337
1V4S,5.04,6.4,5.841,6.948,6.502
8A92,5.04,6.938,5.421,6.512,5.968
9CFM,5.04,4.805,5.434,5.293,5.267
9GFE,7.56,7.647,6.855,6.951,6.557
6U1N,6.45,6.914,6.444,6.517,6.523
5Q0I,7.66,6.941,7.16,6.324,7.136
2Y23,5.04,3.193,5.583,6.4,6.626
5TN4,5.86,6.07,6.403,6.294,6.167
5FHZ,5.04,6.938,5.724,5.988,5.94
7DHV,7.92,7.444,7.952,8.299,8.128
7FV7,5.96,7.285,6.62,6.892,6.981
7LQD,7.92,8.295,7.927,8.011,8.043
7UXV,5.04,3.708,5.178,5.801,4.897
8DMQ,5.04,2.889,5.699,6.225,6.394
3DCT,7.92,6.985,7.61,7.136,6.937
3EQ0,7.56,6.932,6.881,7.797,6.034
1NYX,5.04,6.538,6.254,6.297,6.456
2J14,7.92,7.062,7.632,7.368,7.532
4FME,5.04,5.236,5.454,5.442,5.347
8QTG,7.72,7.061,6.713,6.523,7.51
7G88,6.45,5.778,6.409,6.751,6.46
1KTT,7.505,6.187,6.346,6.688,7.003
5NK5,7.92,7.509,7.73,7.885,7.831
7FCG,5.04,6.682,5.809,5.776,5.829
8GOF,7.66,6.972,6.803,7.531,7.361
5MXD,7.72,5.75,6.724,6.759,6.927
8U5C,7.72,7.045,6.678,6.956,6.767
7F9Y,5.04,6.883,6.19,6.948,6.763
7AO9,5.04,6.986,5.629,6.391,6.111
6CCY,8.37,7.594,8.115,8.306,8.444
6VRV,7.46,7.519,7.039,6.666,6.925
1MU6,6.45,7.357,6.827,7.609,7.355
6GVI,7.66,6.37,7.384,7.105,7.044
7DVQ,5.04,6.832,5.368,5.669,5.381
5BVW,8.37,7.811,7.921,8.195,7.979
3R1N,7.92,8.173,7.787,7.89,7.98
6Y9H,7.56,7.356,7.079,7.377,7.303
3V9V,7.92,6.592,7.284,6.991,6.973
9AU9,5.96,4.981,5.95,6.242,6.368
6YVS,6.7,6.619,7.047,6.946,7.109
8EUC,5.96,6.801,5.796,5.952,6.453
6I0M,5.04,4.639,5.138,5.254,4.676
2W7O,5.04,4.012,5.363,4.297,4.33
2XYJ,7.66,6.432,7.607,7.559,7.113
5OWQ,7.46,8.011,7.36,7.761,7.636
1LHF,5.23,6.021,6.918,6.696,7.023
4UYH,7.56,7.003,6.818,7.246,7.555
4NTJ,7.505,7.084,6.974,7.404,7.594
4F7S,6.45,6.505,6.429,6.856,6.663
4FMB,5.04,5.511,5.341,4.837,5.057
8V6W,5.96,6.649,6.288,7.022,6.403
2GTK,7.92,6.363,7.689,7.396,7.152
4N6Z,7.56,6.914,6.964,6.759,6.889
5TMR,7.66,6.121,6.551,5.883,5.759
7WQR,5.04,6.938,5.905,6.166,6.46
3W69,7.72,6.77,7.047,6.774,7.298
6MOA,6.7,6.383,7.111,7.119,7.446
8STI,6.45,6.748,6.517,6.86,7.141
7T4I,7.66,8.009,7.506,7.3,7.285
5WU2,5.04,6.33,4.918,5.002,4.15
7JOU,6.7,7.343,7.037,7.138,7.242
4TO5,5.96,6.866,5.746,5.34,4.953
5DUG,6.05,7.369,6.386,6.219,6.497
5MME,6.45,6.827,6.113,6.096,6.092
8ARJ,7.92,7.01,7.823,7.587,7.84
8DU6,5.96,6.93,6.463,5.971,6.532
8BZI,5.23,7.255,6.247,7.083,6.614
3TU7,5.23,6.792,6.833,7.853,7.374
4GS8,6.45,5.561,6.368,6.76,6.666
3ZDU,7.66,8.248,7.314,7.148,7.16
8E8D,5.04,6.136,5.501,5.453,5.3
4MLE,5.04,6.417,5.841,6.926,6.575
9EEA,5.04,5.531,5.31,5.255,4.828
2Q61,7.92,6.39,7.186,6.632,6.58
7G8G,6.45,5.195,6.406,6.06,5.333
5RK4,5.04,6.468,5.932,5.884,5.577
4MNE,5.04,8.085,5.78,6.165,6.449
2LRR,5.04,6.535,5.35,5.069,4.739
2YI7,7.92,5.116,6.635,6.133,5.49
7MFF,7.66,7.686,7.253,8.563,8.636
9FZQ,5.04,6.812,5.306,5.632,5.062
3KMZ,7.72,7.201,6.918,7.048,6.951
9JBH,5.04,6.897,6.025,6.916,7.164
2VGI,5.04,6.28,5.405,4.652,5.123
2QA8,6.05,5.342,5.833,6.081,5.516
8IPZ,5.04,3.569,5.249,5.923,5.7
4CI5,5.04,6.561,6.235,6.527,6.382
3H9R,7.66,6.992,7.108,8.029,7.43
7FUX,3.125,7.242,6.157,7.915,7.355
6TOS,6.45,7.474,7.011,7.399,7.076
5KRL,5.96,5.253,6.08,5.559,5.807
5T97,4.01,6.978,6.337,5.145,5.22
8AM2,5.04,3.619,5.627,6.757,6.706
5Z90,7.66,5.99,7.053,6.493,6.032
6X3D,6.125,6.928,6.414,5.656,5.262
7RS4,7.66,6.994,7.193,7.066,6.814
5UC3,5.96,6.934,6.897,7.353,7.688
5QFB,8.59,7.618,6.309,7.279,7.172
6IIQ,5.04,6.824,5.255,5.222,5.094
6UV5,6.45,6.781,6.52,6.102,5.97
7MYJ,7.66,7.78,7.249,7.047,6.969
2ZK3,5.04,6.938,6.057,6.638,6.056
8QLS,5.23,7.019,6.219,7.012,6.647
3R6N,5.96,6.595,6.53,7.406,7.3
7KT4,5.96,6.509,6.003,5.66,5.874
3FI4,7.92,8.127,7.857,7.903,7.925
6TUC,6.125,6.816,5.489,6.559,6.394
5N4Y,6.7,6.251,6.501,5.956,6.01
5ZF8,5.04,6.582,5.843,6.764,6.334
7D0P,6.45,6.992,6.709,7.743,7.445
3ONB,5.04,6.938,5.628,4.836,6.064
2XB7,7.46,7.005,7.476,7.421,7.194
6PDN,6.7,6.327,6.519,6.183,6.142
6YF3,7.72,6.931,6.611,6.135,6.059
6L17,7.46,6.94,7.121,7.251,6.757
2C9Y,5.04,6.597,5.217,4.953,4.831
3SXE,5.04,5.904,5.429,6.275,5.44
2ZWL,5.96,5.894,5.812,5.494,5.608
3F98,5.04,6.938,5.703,5.575,5.945
8ASF,5.23,6.914,6.287,8.153,7.598
8R9O,5.23,7.951,6.214,6.357,6.658
6BYY,5.04,6.813,6.105,6.458,6.824
6VEZ,5.04,5.395,5.426,5.037,4.182
3IXK,7.505,6.94,7.161,7.537,7.616
7G0L,5.96,6.692,6.287,6.295,6.801
3KVF,5.04,5.797,5.674,5.707,6.027
4OGV,5.04,6.392,6.21,6.037,5.43
4PX5,7.505,6.984,7.065,7.153,7.448
4IO8,6.45,6.995,6.289,6.474,6.537
4AOT,8.37,8.354,7.778,8.79,7.994
3SMM,7.72,6.666,6.417,5.354,5.318
5DL4,4.01,7.37,5.981,6.155,6.031
8PPI,5.04,6.322,5.588,6.358,6.341
5U43,6.595,6.588,7.153,7.492,7.137
7O7K,7.92,8.204,8.123,8.365,8.31
5RKC,6.45,6.075,6.399,7.45,6.644
7O1W,6.45,6.937,5.861,7.334,6.996
5TMT,4.01,5.774,5.778,5.609,5.664
4RSY,6.45,6.94,6.54,6.962,6.402
4PRG,5.04,6.97,6.372,6.903,6.864
5S8V,5.96,7.493,6.839,6.599,7.186
7FV3,5.23,6.709,6.705,7.372,7.298
4NGS,6.45,7.043,6.978,7.586,7.824
8BYF,5.96,5.839,6.284,6.044,6.521
3DEI,7.66,7.045,7.034,7.525,7.915
1RRJ,5.04,5.046,5.486,5.711,5.562
5MZA,5.04,5.615,4.553,2.986,3.24
8HUK,5.04,6.36,5.801,5.35,5.228
8QSK,7.72,6.846,6.592,6.731,6.905
8XWD,5.04,3.669,5.342,5.072,4.616
7MH1,5.04,4.296,4.972,4.813,4.656
8E5B,5.04,6.946,6.204,6.542,5.579
2VIZ,7.56,6.922,7.187,7.329,7.661
1T4V,5.23,6.771,6.394,6.333,6.221
3KAB,5.04,6.024,6.169,6.321,6.64
6JUU,7.92,6.839,7.863,8.097,8.311
3EJ8,5.96,6.74,5.842,5.263,5.697
5QDL,5.04,6.186,6.107,5.892,6.122
5H24,6.45,6.951,6.246,6.503,6.051
6T3C,7.66,7.699,7.476,7.928,7.657
8FKE,5.23,6.933,6.34,8.042,6.986
5W55,7.66,6.96,7.241,7.888,7.355
6QST,6.7,6.601,6.911,6.032,5.826
4JYV,7.505,6.987,6.929,7.584,6.86
5KRM,4.85,5.789,6.188,5.784,5.639
4QUH,6.45,6.982,6.687,7.141,7.017
7AVU,6.45,6.643,6.509,6.978,6.919
5YCP,8.59,6.943,6.424,7.006,5.984
1QJ6,5.04,6.675,6.522,6.812,6.477
6Z88,5.04,7.321,5.608,5.392,5.163
4IBL,5.96,5.828,5.699,5.269,5.783
3P17,7.56,6.943,6.968,7.298,7.409
3R8A,7.92,8.191,8.169,8.292,7.819
5JLZ,5.04,4.993,5.498,5.869,6.107
8Y8B,6.45,6.233,6.039,5.057,6.04
6Q9L,7.46,6.948,7.255,6.485,6.701
5Z12,7.66,6.796,7.379,7.241,7.278
6J65,7.66,5.83,6.231,6.621,6.684
5KO1,6.45,6.389,6.389,5.991,6.283
7G82,5.04,4.768,5.262,3.6,4.462
6YIL,3.125,6.711,6.205,6.642,6.782
6FCX,7.66,6.894,6.902,7.041,6.875
5VO1,5.96,6.951,6.743,6.915,6.405
5TN9,6.05,7.029,6.335,6.238,5.77
3VJL,5.96,6.948,6.561,4.674,6.222
3GI3,8.37,7.11,7.815,7.097,7.636
6MC1,7.72,6.938,6.609,6.872,6.704
4CLJ,7.92,8.956,8.572,9.331,9.777
5ZKP,8.59,6.937,6.653,6.948,7.091
5UF0,6.45,5.849,6.131,7.144,6.861
1W9E,5.04,4.168,5.312,5.34,5.659
6CNJ,5.96,6.672,6.677,6.88,6.679
1PCG,5.96,5.808,6.675,6.356,6.233
6G0E,5.96,6.92,6.705,6.956,6.728
6MH7,7.66,6.703,7.34,7.714,7.295
2ZI7,5.96,6.0,5.645,5.602,5.526
5DXG,6.45,6.682,6.421,6.621,6.74
1GS4,7.6,6.941,6.545,6.816,6.461
7BJD,7.46,7.377,7.143,7.472,7.25
5Y2T,7.92,6.943,7.712,7.336,7.02
7RUW,6.45,6.18,6.335,7.135,7.049
1ZEH,5.04,3.411,5.114,4.202,4.33
4LOH,5.96,6.938,6.025,5.213,6.44
8CNP,5.04,6.938,5.8,5.637,6.177
7H9U,8.59,4.406,5.356,5.015,4.697
7Z6L,7.66,6.938,7.741,8.258,8.219
3UWJ,7.56,6.741,6.921,7.056,7.044
5Z5U,7.66,5.584,6.259,5.438,5.942
4KS7,7.56,7.459,7.058,6.701,6.516
4N6H,5.04,6.938,5.84,6.82,6.74
7G1V,5.96,6.402,6.566,6.124,6.982
5UAB,6.45,7.888,7.098,6.678,7.158
6T1V,6.45,6.948,6.531,6.098,5.888
4XIP,5.04,6.977,6.44,6.135,6.603
5BXC,5.96,6.771,6.06,6.695,5.949
7RKE,7.92,7.469,7.455,7.968,7.87
4D2R,6.7,7.129,7.236,7.089,6.641
7C7B,5.96,7.094,6.394,6.319,6.091
6R8J,7.46,6.153,6.933,6.743,6.573
6L6N,6.45,4.338,6.072,6.997,7.528
7G1C,7.72,6.736,6.433,6.052,6.684
9LVC,5.04,3.746,5.322,6.037,5.7
6SFR,6.45,6.788,6.682,6.877,7.043
5JMM,6.05,4.816,6.144,5.859,5.834
2QU3,6.45,6.729,6.593,6.795,6.843
8DMS,5.04,6.731,5.56,4.827,5.446
4IVC,7.46,7.697,7.337,7.716,7.568
7OY5,7.66,7.856,7.523,7.914,7.474
3QCL,5.04,6.938,6.03,5.998,5.628
8PQ0,5.23,4.941,6.317,6.057,6.444
3PGF,5.04,6.855,5.761,6.423,5.729
4KE0,7.56,6.998,7.06,6.605,6.627
7E5I,7.66,6.475,7.348,7.384,6.969
6DWK,9.0,6.912,5.496,4.957,4.719
7E2H,5.96,5.357,6.339,6.424,6.301
5KCD,6.05,7.132,6.291,4.997,5.374
7R7S,5.04,6.945,4.986,4.52,4.198
3BCJ,5.04,6.938,5.745,5.582,5.923
4X4R,5.04,5.801,5.039,3.796,3.844
7NRB,7.92,7.601,7.782,7.179,7.206
2D06,5.04,5.522,5.527,5.365,5.621
2BXU,7.56,6.828,6.774,6.085,5.583
4CTB,7.92,7.726,8.501,9.464,8.88
2G47,5.96,5.38,6.499,7.143,6.75
1T5Z,5.96,7.099,6.349,5.706,6.613
8EOI,7.72,7.385,6.533,7.205,6.692
6ILZ,7.66,6.949,7.32,8.15,8.099
8K78,9.0,6.619,6.91,7.48,8.129
7FST,5.23,5.173,6.103,6.248,6.571
3BC5,7.92,7.634,7.669,7.472,7.411
5VCW,6.595,7.675,7.483,7.749,7.668
3BGQ,7.56,8.292,6.985,6.729,6.813
6LQX,5.96,6.799,6.202,5.872,6.656
9AS4,7.72,5.834,6.708,7.336,7.167
2OJ9,7.92,7.903,7.863,7.76,7.585
2V4L,7.66,5.746,7.176,7.162,7.107
7QHG,7.66,7.99,7.716,8.343,7.92
4BC4,5.04,6.359,5.298,4.78,4.878
5U2E,7.66,7.04,7.012,6.758,7.022
5HZE,7.66,7.543,6.957,7.094,7.025
3D0B,7.66,6.535,7.336,7.575,7.506
6PMB,7.66,7.675,7.394,7.42,7.309
8TK3,5.96,4.824,6.025,6.336,5.587
8X7R,5.23,6.95,6.131,6.007,7.071
6WY5,5.04,3.769,5.576,5.695,5.95
6DI9,7.56,8.241,6.772,7.647,6.97
7MSR,6.45,6.924,6.919,6.097,6.446
4DJH,7.56,6.847,7.062,6.866,7.109
7KX6,7.46,7.031,7.404,7.565,7.266
8E2M,5.23,7.663,6.206,6.294,7.154
8JFL,5.04,6.34,6.143,6.776,7.266
6QBH,7.72,7.423,6.686,6.47,6.468
4N9E,7.56,7.51,6.41,6.436,6.294
2WIJ,5.04,3.67,5.674,6.603,6.483
8UC9,5.96,5.327,6.175,5.753,6.241
3VRI,7.56,7.465,6.916,6.972,7.423
5HKG,5.96,7.01,6.548,6.152,6.172
4TO0,5.96,6.839,5.76,5.551,5.04
8OTT,5.04,3.152,5.594,6.515,6.493
7SCD,7.505,6.939,6.115,7.384,6.387
4WHU,7.46,6.271,7.099,6.8,6.505
5DIG,5.96,6.004,6.693,6.737,6.519
5QDZ,5.96,6.936,6.373,5.851,6.222
7RXV,5.04,5.952,5.525,5.093,4.883
7M43,5.96,4.429,5.839,5.295,5.19
7RAN,5.96,5.309,6.509,6.447,5.782
7OLX,7.92,7.635,7.913,7.709,8.046
7G19,5.96,6.938,6.372,6.169,6.808
6IJS,7.56,7.202,7.002,7.151,6.97
3RNJ,5.04,5.51,5.398,6.242,6.119
8P7J,5.23,7.449,6.364,7.553,7.19
6HMR,7.92,7.022,7.822,8.044,8.028
3AQA,5.04,6.938,5.972,6.15,6.052
6UKX,8.59,6.936,6.405,7.264,6.607
7ZUN,7.46,7.19,7.029,7.39,6.873
6WNH,7.56,7.028,7.071,6.919,7.923
3TU1,6.45,6.826,6.785,6.79,6.532
5QEQ,5.04,6.968,5.856,5.462,5.322
6SQE,7.46,6.738,7.17,6.707,6.846
6DXK,7.72,6.887,6.729,6.939,6.401
4AWO,7.56,7.279,7.377,7.028,7.141
7G8I,5.96,6.789,6.027,6.282,6.226
8PO4,5.23,7.455,6.096,6.433,6.148
7G8A,6.125,7.331,5.508,4.436,4.349
4POK,5.04,6.938,5.086,5.021,5.365
1O5D,6.125,7.05,6.999,6.504,6.686
8CIJ,5.23,7.152,6.275,7.26,7.146
5UUI,5.04,6.938,5.578,5.737,5.828
3VBG,7.92,6.767,7.71,7.232,7.501
6VUM,5.04,6.952,6.105,6.306,6.646
5IN4,5.04,6.938,5.98,6.075,5.503
8W03,6.05,6.699,5.542,5.032,4.886
4RZV,7.92,7.377,7.722,7.589,7.728
5EG3,5.04,4.316,5.062,5.82,5.432
9DNM,5.96,6.771,5.703,5.237,4.84
7VBT,8.15,7.441,7.411,7.844,7.103
4GWK,5.04,5.001,5.245,4.145,4.761
5Q1F,7.66,6.355,7.427,7.536,7.87
4FRD,5.04,5.8,5.43,6.378,5.54
8DUG,5.96,6.822,6.472,6.152,6.78
6S89,7.66,7.345,7.485,7.635,7.577
4AGC,6.7,7.407,7.189,7.397,7.638
6MXE,5.96,6.766,6.492,6.685,6.027
7FZ3,5.96,5.585,5.986,6.039,6.396
6VGH,7.66,7.266,6.74,6.735,6.305
4L2Y,7.66,6.888,7.187,7.0,7.013
5W8J,5.04,7.136,5.593,4.798,5.591
6Q7F,8.37,7.569,7.754,7.108,7.85
1FA9,5.04,5.336,5.481,5.096,5.828
7REK,7.66,6.424,7.332,7.402,6.91
1RY0,5.04,6.938,5.93,6.093,6.352
7B8W,6.595,8.037,7.803,7.776,7.705
4HHY,9.0,7.195,6.695,5.799,6.001
4L44,7.6,6.933,6.98,7.183,6.957
6UQG,5.96,7.061,5.963,5.647,6.042
5DMF,4.01,7.739,6.134,6.802,6.144
2C0I,7.92,8.742,7.994,6.708,7.218
4QXQ,5.04,6.387,5.835,6.337,6.558
4ZWG,5.96,6.923,5.681,5.4,4.758
7QVJ,5.23,7.018,6.341,6.233,6.974
6CD4,7.66,7.108,7.258,8.298,7.982
8AQC,5.23,6.867,6.154,6.009,6.25
8BWJ,7.6,5.903,6.425,6.575,7.129
4TO4,5.96,6.889,5.677,5.397,5.083
3DZQ,7.92,7.932,7.723,7.691,7.795
8X7Q,5.04,6.932,5.643,6.881,6.797
8G0H,3.125,6.925,5.909,7.501,6.746
7MU7,7.66,7.9,7.528,7.822,7.9
2YIX,7.66,7.879,7.529,7.545,7.702
4BTK,7.92,6.577,7.617,7.373,7.176
6FZG,6.45,6.949,6.495,5.737,5.986
7MHZ,6.45,6.789,6.462,6.478,6.295
5XST,6.125,7.486,6.421,6.33,6.437
8CQK,3.125,6.939,6.255,6.682,7.202
5FI4,7.66,8.052,7.432,7.786,7.958
7G84,5.23,6.463,6.268,8.709,7.626
2ZP0,5.96,5.008,5.797,5.602,6.219
4WV7,7.72,6.927,6.108,5.647,5.9
5TMO,6.05,6.907,5.989,5.714,6.137
3SP6,7.72,6.939,6.365,7.138,6.193
3B27,5.04,5.826,5.782,5.643,5.326
3B3K,5.04,6.311,5.735,5.853,5.871
2ANK,7.56,7.038,7.089,7.885,7.978
2YJ8,7.56,6.938,6.62,7.616,7.236
3QJZ,7.66,6.938,7.481,7.615,7.829
6T90,5.04,2.922,5.497,6.08,6.102
2WID,5.04,3.676,5.688,6.603,6.483
7AK3,7.46,8.036,7.274,7.475,8.001
7WGN,6.595,6.68,7.164,7.337,6.933
7F80,6.595,6.562,7.282,6.94,6.752
8EXU,5.23,7.228,6.52,7.508,7.499
4WDU,5.04,6.938,5.919,6.133,6.22
3HNG,6.7,7.072,6.899,7.652,7.499
4YBT,7.46,6.98,7.251,6.567,6.408
5W9C,6.595,6.783,6.55,6.229,5.864
2QGW,4.85,5.551,5.858,5.366,5.072
7VPI,5.04,5.891,5.573,5.527,5.673
2OCP,5.04,6.435,5.646,5.53,5.526
4MR9,5.04,3.375,5.56,6.612,6.81
2B8O,5.96,5.203,5.825,6.224,6.237
8P72,5.23,7.564,6.339,6.73,7.164
3WC9,5.04,7.001,6.087,6.248,7.497
3AHQ,7.92,6.918,7.033,6.96,6.948
3EE5,5.04,4.968,5.271,5.475,4.773
5AOJ,5.04,6.952,5.037,5.309,5.162
8B66,5.04,6.938,5.59,5.041,5.677
1Q1M,6.125,6.919,5.748,6.275,5.86
7FVC,5.23,6.368,6.058,5.878,6.768
4ASE,7.92,8.379,7.792,8.388,7.983
3HLV,5.96,6.08,6.734,6.782,6.425
7EJV,7.92,8.035,7.979,8.063,8.023
8SO1,5.04,6.418,5.437,4.791,4.492
9EY2,5.04,4.091,5.256,5.783,4.833
4FMD,5.04,5.392,5.283,4.789,5.079
7XN5,5.04,5.56,5.905,7.192,6.656
8B3R,5.04,6.938,5.8,5.661,6.262
2YLO,5.96,7.243,6.515,6.116,6.311
8C3G,5.23,7.278,6.018,5.492,6.327
7RS7,6.05,7.072,5.951,5.853,5.542
7G8F,5.96,5.584,6.177,6.829,6.948
7UUU,7.46,7.628,7.202,7.188,6.47
7AW4,7.92,7.475,7.554,7.597,7.208
2HVC,6.125,6.962,5.836,5.417,4.975
8BW3,5.23,7.203,6.648,7.843,7.801
6CQU,5.04,3.785,5.652,6.091,6.14
2QCT,5.04,4.072,5.269,4.693,4.659
3R4M,5.04,5.21,5.565,4.755,4.931
7L0G,5.04,6.938,5.422,5.338,5.31
4JTQ,7.6,6.319,6.042,7.531,7.671
5KZ7,7.66,7.2,7.405,7.355,7.376
5QD1,7.56,6.677,7.21,6.52,7.043
8PQF,5.23,7.719,6.549,6.419,7.139
3UIV,5.96,6.039,6.229,6.65,6.589
7M3J,6.45,7.187,6.321,6.544,6.505
7VD9,5.04,6.748,5.722,4.589,4.668
4Z1V,5.04,5.362,6.006,6.503,6.655
5HF6,5.04,3.739,5.667,6.226,6.209
1G30,6.45,7.382,6.828,6.986,7.27
3PDF,7.505,6.974,6.585,6.88,6.473
6B2E,5.04,5.078,5.777,5.803,5.869
4NEM,5.04,5.525,5.305,4.847,4.68
3O23,7.92,7.043,7.549,7.346,7.743
7KBS,4.01,7.325,6.179,5.847,6.108
8RB6,5.04,6.938,5.893,6.276,6.442
4XUF,8.37,7.403,7.893,8.118,8.166
6EL5,7.66,6.935,7.161,6.38,7.291
8JD0,6.125,5.754,6.346,5.816,5.445
4ZYF,7.46,6.958,7.288,6.42,6.565
7G8T,7.72,5.356,6.415,5.785,6.175
6NW2,8.37,8.023,8.139,8.222,8.273
8PWK,6.45,6.617,5.634,4.695,4.919
4CWP,7.66,7.248,7.044,7.492,7.527
7FUU,3.125,7.202,6.156,6.906,6.933
2VV1,5.04,6.938,6.056,6.632,6.963
8BZJ,5.23,7.124,6.129,6.835,6.645
6X40,5.04,6.093,6.13,7.992,7.026
5TBM,7.6,6.938,6.553,7.421,7.819
3NZ0,7.92,8.443,8.032,8.185,8.345
6QAV,6.595,7.465,7.462,7.598,7.473
7FUS,5.96,7.168,6.315,6.547,6.712
2CF8,6.45,7.276,7.064,7.788,7.796
5Y2O,8.59,6.997,6.712,6.736,6.471
4BB9,5.96,5.649,6.053,4.991,5.617
5Q1C,7.66,6.44,7.511,7.178,7.776
3OTB,5.96,5.617,5.401,5.052,4.323
5WGD,5.96,5.825,6.665,6.468,6.095
2WBI,5.04,6.901,6.454,6.563,6.279
1H1B,5.04,4.459,5.743,4.661,5.365
7A1B,6.7,6.397,6.187,5.585,5.422
3VWK,6.45,6.938,6.317,5.271,5.671
6ZY5,5.04,5.433,5.761,5.68,5.192
8HNC,6.7,6.848,6.493,6.006,5.868
7OB3,5.96,6.806,5.77,4.576,5.222
8V77,5.96,6.82,6.247,6.809,6.616
8CHF,5.96,7.153,6.246,7.396,7.042
6TD3,6.45,7.749,7.256,7.008,7.165
8GMC,7.46,6.938,7.456,7.65,7.808
8I0C,5.04,6.938,5.91,5.974,6.177
9C18,5.04,6.938,5.787,5.499,5.422
7ATU,8.37,8.324,7.846,8.417,7.947
7PRX,3.125,6.944,6.167,7.307,7.087
5S8W,9.0,7.374,6.645,6.653,6.067
6XIH,5.23,7.59,6.581,6.408,6.709
6I99,7.66,7.984,7.521,7.715,7.524
7S99,6.45,5.31,6.075,5.08,5.012
6Q4C,5.04,5.359,5.198,4.498,4.217
2QSE,7.46,6.395,6.869,6.169,6.38
3OPM,5.04,5.271,6.128,5.828,6.202
2H6H,6.45,6.938,6.55,6.452,6.521
6BMY,5.96,6.954,6.853,6.081,6.379
5WA5,7.66,6.869,7.248,8.014,7.754
7DPO,7.46,6.824,6.872,6.305,6.537
7AKF,7.92,6.304,7.436,7.313,7.679
4KNB,8.37,7.4,7.957,8.016,7.765
7EFQ,8.59,6.94,6.846,6.236,6.777
6BJO,5.23,7.119,6.479,7.033,7.015
7DH9,7.92,7.186,8.012,8.164,7.979
5AQW,6.45,5.983,6.476,5.468,5.921
4FTK,7.92,7.661,7.478,7.886,7.906
6AF9,5.04,6.437,5.176,4.816,4.786
8PVD,5.04,6.806,5.627,5.044,4.493
4JVG,8.37,7.377,7.745,8.35,8.361
8BX0,5.96,5.707,6.27,6.049,6.624
3DT0,7.56,6.378,7.029,6.729,6.852
6GMR,5.04,4.52,5.028,4.058,4.142
6FYR,7.46,7.003,7.152,6.909,6.98
7AJ8,6.7,5.523,6.304,5.88,6.084
5DWG,4.01,5.589,5.703,5.225,5.485
8CSR,5.04,4.042,5.211,4.969,4.746
7Q13,5.04,6.253,5.433,5.183,5.035
3LXN,7.72,7.549,6.904,7.516,7.345
5DRJ,4.85,5.816,6.04,6.01,5.524
7CHN,7.92,7.676,8.153,8.809,8.714
5HMH,9.0,7.568,6.969,7.561,7.192
1ZQ5,5.96,6.938,6.818,6.423,6.193
6DZW,6.125,6.342,6.576,6.269,6.02
3I81,7.56,8.124,7.44,8.093,7.832
7YAJ,5.04,5.552,5.559,5.721,6.023
5UCI,7.72,5.089,6.647,5.914,6.118
5D24,6.45,6.78,6.46,7.122,6.682
5TLF,4.85,6.884,6.472,6.363,6.343
6PIT,6.45,4.714,5.99,6.505,6.254
2E2X,5.04,6.939,6.312,6.249,6.714
3D5F,6.595,6.07,6.737,6.334,6.898
7FVK,3.125,7.214,6.091,6.259,7.039
3OMK,8.37,6.791,7.916,7.755,7.924
7FVD,5.96,6.975,6.437,7.117,6.787
6FR0,7.46,6.692,7.202,6.384,6.653
5HNI,6.45,7.702,7.095,6.693,7.44
5S93,5.96,7.036,6.659,6.169,6.261
4GJ7,7.72,6.207,6.706,6.771,6.385
2YHW,6.45,5.564,6.047,5.687,5.875
5EI1,4.01,6.634,5.857,5.194,5.128
2B7D,6.45,6.852,6.249,6.643,6.164
5DXB,5.23,6.739,6.423,7.182,6.814
5CS8,7.66,6.02,6.997,6.882,6.256
8V1F,5.96,4.11,5.863,5.775,6.412
9CFZ,5.04,4.652,5.434,5.304,5.218
6EEB,5.04,4.824,5.794,4.686,5.134
7R9N,7.46,8.034,7.389,7.988,7.354
6JJ3,7.66,6.1,7.411,7.258,7.234
5EXA,7.72,6.908,6.222,5.263,6.047
1IMX,5.96,6.166,5.961,6.557,6.054
7HAP,5.04,4.611,5.673,5.271,4.637
4U41,7.66,7.313,7.475,7.709,7.566
7X3O,5.04,6.938,5.949,6.267,6.128
4ODF,5.96,6.941,6.788,6.754,6.141
3T9F,5.04,5.822,5.328,5.936,6.002
2O28,6.45,5.077,6.094,5.597,5.908
2YFX,7.46,7.904,7.458,8.128,8.163
7T9N,5.04,6.939,6.331,6.746,7.058
2R3H,6.45,6.306,6.727,6.698,6.498
5DKS,4.01,8.014,6.138,6.347,6.247
1J9C,5.96,5.914,5.721,5.782,6.217
6XRM,8.37,8.819,8.359,8.823,8.784
9GEK,5.04,6.619,6.059,7.321,7.255
4YLW,7.66,7.014,7.136,7.581,7.296
1GWQ,4.01,5.483,5.427,4.719,4.454
5AK2,6.05,6.955,6.353,6.067,5.846
4V24,7.66,5.923,7.224,6.887,6.701
3BV2,8.37,7.179,7.968,7.503,7.994
8IMY,5.96,6.938,6.458,6.236,6.315
8FEC,5.96,7.239,6.541,6.519,6.611
5URV,5.04,6.938,6.068,6.836,6.797
5URY,5.04,3.102,5.475,6.229,6.122
2JC6,7.66,6.185,7.064,6.793,6.46
7AVY,8.37,7.964,7.947,7.467,7.785
6NFY,7.92,7.621,7.841,8.076,7.965
3CLY,5.04,5.938,5.151,5.509,5.734
2E3N,6.45,6.935,6.541,6.993,6.587
8ZMY,5.96,4.675,6.379,6.511,6.954
6WZV,6.45,7.47,6.611,6.936,7.048
8IVG,5.23,6.949,6.342,6.485,6.191
4O38,5.04,3.839,5.63,6.164,6.584
7EM7,5.04,5.757,5.297,5.553,5.681
6J0O,7.66,7.109,6.988,7.277,7.107
7CHM,7.92,7.834,8.136,8.543,8.379
5S8Z,5.96,7.364,6.741,6.32,5.667
7PJN,7.66,6.888,7.355,6.835,6.932
5TM1,6.05,6.173,6.102,6.01,5.378
7NN2,5.04,5.098,5.444,4.741,4.587
7M0T,7.92,7.043,7.96,7.598,7.546
8T3R,5.04,6.938,5.621,5.523,5.154
2D4Q,5.04,6.63,6.456,7.292,7.112
2V4M,5.04,5.998,5.448,5.313,5.235
5ACL,7.505,6.92,6.152,6.11,6.637
5X79,6.45,6.937,6.658,7.707,7.231
3HCN,5.96,6.849,6.434,5.861,6.248
1SSP,5.96,6.726,5.891,5.046,4.796
7JXH,7.92,8.046,7.851,8.473,7.898
7VWF,5.04,6.298,6.272,7.149,6.842
4CWT,7.66,7.308,7.236,6.996,6.884
7AB2,7.56,7.149,7.113,6.867,7.169
6BRC,7.46,6.514,7.32,7.503,7.284
9B3N,5.96,5.714,5.771,4.94,5.271
8C6M,5.96,6.082,6.293,6.933,6.3
5RKE,5.04,5.678,5.379,5.783,5.929
3ML8,7.66,7.334,7.501,8.286,7.265
8JCX,5.96,5.46,5.619,6.036,6.292
8YGW,8.37,7.282,7.894,8.6,8.562
4QFY,5.96,6.576,5.747,6.57,6.121
6Q9O,7.46,7.029,7.34,7.324,7.167
8BZF,7.72,6.463,6.208,6.016,6.073
7G9G,6.45,6.802,6.308,6.403,6.85
7UP5,5.04,6.463,5.473,5.12,5.601
7DHO,6.7,7.247,6.999,6.45,6.538
7O9Y,6.7,5.964,6.284,6.151,6.147
6RQ7,5.96,5.49,5.903,6.152,6.847
6N7D,7.66,8.373,7.463,7.874,7.384
5C50,5.04,6.778,5.751,7.049,7.173
8X5K,7.66,7.783,7.533,8.14,8.079
3ZLR,7.56,7.399,7.127,7.281,7.507
3B5R,7.92,6.928,7.593,7.274,7.198
8A62,3.125,6.938,5.953,6.92,7.128
6EIJ,6.7,7.39,7.204,7.279,6.941
4OTQ,7.92,8.22,7.814,8.085,8.064
6L1Z,4.85,5.816,6.262,6.186,5.898
4ZW1,6.7,6.703,7.094,7.478,6.821
1NZQ,7.56,7.152,7.087,7.743,7.325
2VJ6,3.125,6.913,6.866,7.306,7.757
3DUX,7.56,7.145,7.042,6.319,6.072
4ZI1,4.01,6.903,6.209,6.082,6.1
5DUH,6.05,7.323,6.523,6.594,6.802
4WDX,5.04,6.938,5.916,6.531,6.488
3R8H,5.04,6.938,5.9,6.233,6.445
8V78,5.96,7.09,6.157,6.539,6.366
5CJ7,5.96,5.208,5.492,5.075,5.12
8DUI,5.96,6.873,6.456,5.99,6.895
7N7L,7.66,6.443,7.401,7.699,7.45
1LHE,5.23,6.691,6.904,7.219,7.272
3ZLN,7.56,7.272,7.281,7.414,7.67
4RXR,5.96,6.766,5.444,4.992,5.221
2LZG,5.96,5.802,6.151,5.319,5.584
4U42,7.66,7.43,7.512,7.9,7.865
5S8X,5.04,5.96,5.426,5.151,5.968
2QE4,4.85,5.811,6.144,5.206,5.323
7OVJ,7.46,8.531,7.523,7.519,8.128
7G8B,6.45,5.277,5.891,5.37,5.858
5M4H,5.96,5.866,6.407,6.341,5.767
4QG1,5.96,6.811,5.399,4.852,5.254
7K6O,7.66,7.995,7.514,8.128,7.769
9C57,5.04,6.938,5.164,5.099,4.703
7LOT,6.45,6.828,6.266,5.474,5.376
5S8F,7.56,5.628,6.33,5.615,5.702
5DWE,4.01,5.171,5.594,4.717,4.531
4DWK,6.45,4.982,6.206,6.807,6.7
5IPJ,7.92,8.67,8.205,8.834,8.415
6PDO,6.7,7.008,6.433,5.962,6.028
4KO8,5.04,6.938,5.141,4.534,4.842
2WF1,6.45,6.938,7.088,7.257,7.433
2Q6S,7.92,7.38,7.472,7.328,7.452
6U9A,7.66,7.006,7.154,7.088,6.622
4ZTH,7.66,6.572,6.464,5.542,5.806
6M4U,7.72,7.0,6.754,6.385,6.882
7ULL,5.04,6.512,5.471,4.786,4.725
3JYA,6.7,5.775,6.609,6.443,6.627
4X8U,5.04,6.896,5.386,6.178,5.48
5DWI,4.01,5.001,5.668,5.279,5.122
1XBO,5.04,6.884,5.727,5.982,5.695
5RJP,5.04,7.807,6.009,5.684,6.231
8TBS,5.04,6.487,5.516,4.897,4.445
8D6F,7.66,6.284,7.47,7.571,7.579
5OWR,6.45,7.822,7.302,7.554,7.412
3GJR,6.45,6.837,6.114,7.074,7.407
5KPQ,9.0,7.437,6.877,6.817,7.107
5FDX,7.66,6.73,7.382,6.783,7.026
2YFE,5.04,5.961,6.169,5.673,6.029
5AZT,5.04,6.938,6.02,6.35,6.996
6H3E,5.04,4.188,6.1,7.162,7.242
4YQU,5.23,6.438,6.39,5.793,6.391
5T4H,5.96,6.953,6.852,6.732,6.356
1AWH,7.72,6.943,6.531,6.891,7.006
9BQE,5.96,6.882,6.413,6.017,6.957
6UKV,8.59,6.941,6.407,7.287,6.79
6UIP,7.46,8.099,7.307,7.431,7.615
2VX3,7.66,7.776,7.048,7.374,7.049
4MG6,5.04,5.531,6.116,5.33,5.604
2XE8,5.04,5.816,5.481,5.261,4.85
6CPG,7.66,6.785,7.146,7.366,7.259
3KTM,5.04,4.844,5.5,5.879,6.255
5LAZ,7.66,7.057,7.035,6.32,6.733
5HOX,5.04,6.873,6.185,7.149,7.123
7FZO,5.96,6.924,6.247,6.172,7.082
7G8V,3.125,5.64,5.895,5.803,6.804
6MD9,5.04,6.824,6.088,6.437,6.243
2KQD,5.04,5.666,5.279,4.764,4.35
5AEN,5.04,6.874,6.006,5.26,5.506
5I3O,8.37,6.945,7.756,8.539,7.751
5IH9,7.66,7.944,7.193,7.661,7.519
2IZS,6.7,6.874,6.975,6.866,6.495
8UOJ,5.96,7.756,6.269,6.806,6.678
7O2V,7.92,8.058,7.765,8.167,7.986
7RRX,6.05,6.978,6.442,5.904,6.331
5EHO,7.66,7.943,7.59,8.213,7.617
6HWV,7.92,6.919,7.806,7.989,8.08
9AXF,6.45,5.787,6.731,6.314,6.432
3CKX,7.92,8.558,8.022,7.532,7.502
8X73,5.96,5.295,5.929,5.957,6.322
6HMU,5.04,6.938,5.469,4.9,4.765
7WQM,5.04,6.938,5.904,6.007,6.407
4AYY,5.23,6.939,6.811,7.442,6.809
5ZYK,5.96,6.944,6.202,6.879,6.6
7UJY,7.66,7.674,7.02,7.146,7.154
7O9X,5.04,3.898,5.961,6.121,6.449
7UG1,5.23,7.333,6.104,6.929,7.054
4EQU,7.92,8.23,7.736,8.129,8.049
5U2D,6.05,6.618,6.157,5.958,5.956
3HUB,7.72,8.006,6.922,7.718,7.878
3VJK,5.96,6.897,6.566,5.004,5.718
3RLJ,6.45,6.942,6.728,6.847,7.242
2JF9,7.66,6.723,6.633,6.579,6.097
4ERE,5.04,5.877,6.274,6.121,5.669
8YF1,7.72,6.125,6.574,7.504,6.709
1FIT,5.04,5.969,5.349,4.962,5.489
3MDY,7.66,8.032,7.239,7.63,7.373
6Z2V,7.46,6.533,6.802,6.118,6.804
5MPN,5.04,6.57,5.523,5.006,4.82
6ZPT,5.96,4.254,5.71,5.989,6.194
1H8I,7.56,6.867,6.946,6.741,6.964
7M2K,6.45,6.808,7.091,7.073,6.967
2CMW,7.46,6.886,6.836,6.488,6.431
2POG,4.01,5.71,5.713,5.606,5.462
4MH0,7.46,6.938,7.018,7.947,7.613
7RS2,6.05,7.014,6.379,5.675,5.667
7R9V,7.66,7.266,7.401,8.549,8.373
4HLW,5.96,7.232,6.505,6.082,6.525
5NWD,5.04,6.983,6.009,6.047,6.747
7MXG,6.125,6.8,5.906,6.641,5.495
2CHW,7.92,6.766,7.739,7.317,7.514
9C56,7.505,6.952,6.702,7.639,7.017
7NMX,6.45,4.79,5.893,5.48,5.597
7NPB,5.04,5.975,5.419,4.645,4.623
6RP6,5.96,5.436,5.835,5.35,4.933
6DO2,5.04,6.513,5.755,5.362,5.293
7OVN,7.92,7.846,7.815,7.589,7.836
7SU0,5.04,3.532,5.855,6.225,6.407
6VZL,6.45,7.175,6.626,6.499,6.834
5X28,7.66,7.423,7.518,7.223,7.39
6YT6,6.7,7.192,7.258,7.597,7.697
4MXZ,7.92,7.713,7.948,8.097,7.925
1LD7,5.04,6.733,5.74,5.624,5.435
8FLM,5.23,6.938,6.186,6.697,6.61
4K0Y,7.46,6.965,7.219,6.511,6.848
4OJB,7.505,6.967,6.742,5.991,6.528
5GWJ,6.45,6.958,6.199,6.429,6.064
4GK3,7.92,6.835,7.771,7.919,7.562
1WSS,5.96,5.359,5.797,5.679,6.444
2I4J,5.04,6.884,6.279,6.589,5.319
7FVL,5.23,7.126,6.463,7.847,6.686
3T8M,7.66,6.851,7.632,7.829,7.543
7R9Y,7.66,7.01,7.291,7.809,7.787
3TH4,5.96,5.793,5.736,5.554,6.375
2FVJ,8.37,6.753,7.945,7.668,7.721
3GHS,5.96,6.938,5.933,5.052,5.283
7RLJ,5.04,6.938,5.099,4.514,4.302
3MB3,5.96,5.05,5.942,6.001,5.899
7AJV,7.92,7.026,7.598,7.479,7.122
3KWF,8.15,6.362,6.569,5.233,5.25
2VGG,5.04,6.017,5.428,4.573,4.95
4HGE,6.45,7.759,6.834,7.731,7.076
4DJX,5.96,7.311,6.943,6.909,6.881
5UWD,7.66,7.24,7.605,7.847,7.96
7D0E,5.04,4.896,6.013,6.752,6.354
4JQ4,5.04,7.205,6.146,6.643,7.014
6HHJ,7.56,7.26,6.991,6.757,7.356
2BKA,5.96,6.502,5.985,5.554,6.443
5N4N,6.7,6.266,6.488,6.278,6.35
5RJS,5.23,7.403,6.597,6.936,6.763
4TUZ,6.05,5.085,6.072,5.686,5.703
5IA5,8.37,7.519,7.806,8.289,8.392
5RKA,5.04,7.234,6.046,6.907,5.629
8BYB,5.96,6.239,6.208,6.552,7.149
1G50,5.96,5.798,6.686,6.599,6.321
2QA6,4.85,5.232,5.878,5.05,5.677
6F8O,5.04,6.938,5.643,5.578,6.241
3LFD,6.45,6.996,6.815,6.084,6.537
7PVS,5.04,5.311,5.643,6.736,6.155
5UU4,5.04,2.956,4.709,3.011,3.524
6X81,5.04,7.039,5.665,5.93,6.339
7P6T,5.04,5.267,6.018,6.698,6.745
6DW7,5.96,6.715,5.658,5.099,5.338
6ALC,5.96,6.822,6.598,6.465,6.077
3GU8,7.46,6.141,6.902,7.507,7.567
3U6J,7.92,9.127,7.791,7.813,7.409
4JQ2,7.66,6.939,6.569,7.624,6.233
6WXN,7.92,8.158,7.83,8.061,8.189
8UAP,5.23,7.775,6.219,6.678,6.319
2V3H,6.45,7.425,7.065,7.829,8.015
3ADS,5.04,6.305,6.117,6.182,5.654
7KHH,6.595,6.949,7.759,7.555,7.193
4C6F,5.96,6.728,5.745,5.356,5.17
5H19,6.45,6.962,6.474,6.606,6.362
3BHH,6.7,7.285,7.064,7.473,6.68
8WTA,5.04,7.195,6.205,6.783,6.893
7FVY,5.96,6.691,6.319,6.002,6.787
5CGP,7.46,6.793,7.338,6.64,6.986
5T8F,7.66,8.134,7.47,7.689,7.908
3Q8R,5.96,4.558,5.896,6.419,5.56
1WQV,5.96,5.359,5.796,5.732,6.499
1M17,6.595,6.938,7.339,6.888,6.837
6YF2,7.72,6.887,6.605,6.525,6.147
7FVN,5.96,7.152,6.486,7.012,7.531
6BQL,7.66,6.651,7.518,7.16,7.261
8HNH,5.23,7.222,6.965,6.966,7.246
3GHU,5.96,6.938,5.921,4.983,5.276
4OFU,5.96,7.138,6.337,5.787,6.616
6LP7,5.04,6.612,5.801,6.633,6.424
1JCQ,5.04,6.747,5.74,5.848,5.464
5JFX,7.92,7.598,7.603,7.847,8.067
3QI1,7.56,6.707,7.112,7.33,7.326
5RJW,8.59,6.238,6.03,5.614,5.884
6W89,5.04,5.98,4.979,5.212,5.118
2ZK4,5.04,6.938,6.081,6.643,6.915
5NYH,5.96,6.831,6.887,6.222,6.641
5Q0M,5.23,6.825,6.285,6.157,7.006
8EL9,5.04,6.463,5.703,4.59,4.483
6EO6,6.45,6.216,5.939,6.21,6.264
5TN3,5.96,6.359,6.622,6.687,5.916
2C3I,7.46,6.92,7.282,7.471,7.025
4LWI,7.56,6.16,7.078,6.668,6.852
5WS1,5.96,6.868,6.415,6.44,6.037
3OZ0,8.37,6.668,7.663,7.695,7.245
6GVA,6.7,6.742,7.124,7.028,7.083
5S94,5.96,7.397,7.078,6.568,6.678
7UAF,5.96,4.861,5.695,4.96,6.049
5HE3,7.92,8.354,7.77,8.412,8.042
2F0Y,5.04,6.937,5.549,5.89,5.814
8GJX,5.96,6.938,6.474,6.75,6.18
4DI2,7.56,6.941,7.233,7.584,7.53
8BX4,5.96,5.803,6.242,6.21,6.51
2W4O,7.46,6.892,6.952,7.217,6.732
4BAK,7.56,7.237,6.971,6.74,6.88
7Q7K,7.92,6.041,7.673,7.605,7.5
3UG2,7.92,6.569,7.714,7.161,7.322
2L84,5.04,6.406,6.142,5.449,5.804
5J95,7.66,7.937,7.037,7.679,7.555
5DYW,5.04,3.455,5.768,6.469,6.514
5U3X,6.595,6.52,6.746,7.262,7.17
6PFM,4.01,6.785,6.245,6.058,6.335
1J96,5.04,6.938,5.878,6.013,6.548
8AAO,5.23,6.838,6.356,5.804,6.841
7QQG,5.04,3.258,5.49,6.503,6.117
5NN4,5.04,3.107,5.457,6.229,6.122
7AW1,7.46,7.482,7.461,7.379,7.209
5UEU,7.46,7.081,6.951,7.28,6.899
8FCA,7.72,7.044,6.139,6.8,6.625
6G73,5.04,5.018,6.18,6.942,6.654
7L99,7.66,7.652,7.437,7.952,7.987
7QJG,6.45,7.327,6.697,5.718,6.581
7B32,7.92,9.435,7.996,7.881,8.547
7Q7I,7.92,8.242,7.874,7.982,7.884
5QIW,5.04,6.509,5.257,5.037,4.93
6HDP,6.05,5.741,6.123,6.145,6.284
2NPA,6.595,6.735,7.04,6.694,6.812
6LCB,6.45,6.328,6.577,6.763,6.705
6AFD,5.04,6.49,5.517,5.178,5.485
4P5Q,6.595,6.309,7.353,7.283,7.007
7RBE,5.04,5.916,5.441,6.059,5.462
1GWR,5.96,5.692,6.677,6.508,6.233
6ZPQ,5.04,3.968,5.53,5.777,5.942
7FVQ,5.96,7.137,6.487,7.177,6.912
5N4Z,5.04,5.189,5.366,4.337,4.756
7FZL,5.96,6.937,6.288,5.667,6.137
4TV1,5.04,4.944,5.968,5.838,5.649
6KHD,6.7,7.07,6.947,7.065,7.172
3QFA,5.04,6.934,6.404,6.982,6.763
6LX5,5.96,7.004,6.283,6.313,6.373
7RRZ,6.595,6.959,7.033,6.897,6.479
7C9W,5.04,6.961,6.286,7.372,7.575
5ZYM,5.96,6.73,6.158,6.446,6.234
2FAI,7.72,5.727,6.356,6.056,5.548
5UI4,5.04,6.876,6.126,6.43,6.648
3FJL,5.04,6.567,5.809,6.725,6.37
8FD8,5.96,6.316,5.726,5.779,5.592
7YIT,5.96,6.945,6.385,6.667,6.826
5O13,7.92,6.349,7.835,7.792,8.009
3PEQ,7.92,6.933,7.519,6.891,6.102
8U57,5.04,6.315,5.429,6.021,5.25
7RTK,5.04,5.307,5.333,5.934,5.872
5VCJ,5.96,5.643,5.91,5.998,5.742
6J81,5.96,7.156,6.503,6.792,7.162
4WMT,5.04,6.869,5.764,6.406,5.824
3LW0,6.45,6.553,6.761,6.521,5.599
4EMA,8.59,6.942,6.422,7.087,6.297
5YXD,5.04,5.977,5.779,5.353,5.052
8X71,5.96,6.111,5.953,6.084,6.438
8U02,5.04,4.408,5.588,5.315,5.134
3AN3,7.56,6.92,7.038,7.691,6.984
5KCT,6.05,7.036,6.323,6.356,6.594
1C88,7.56,6.459,6.376,5.707,6.482
5ACB,8.37,8.684,7.734,8.217,8.091
6OVA,7.56,7.777,7.295,8.376,7.698
4QTC,7.46,7.339,7.337,6.839,6.781
4CD0,7.92,7.71,7.562,7.951,7.749
3GD2,7.92,6.972,7.1,6.834,6.8
5HGZ,6.45,6.868,6.586,6.261,6.44
4FGY,7.72,6.938,6.17,6.714,6.774
6CQX,5.04,3.552,5.671,6.59,6.456
5QEZ,6.125,6.897,5.807,6.479,6.159
5HYK,7.66,6.83,6.891,6.726,6.291
2WI4,5.04,5.347,5.88,4.594,4.976
8UBZ,5.96,5.531,6.331,6.415,5.854
6IF0,5.04,6.959,6.501,6.608,6.613
4V3D,5.04,6.938,6.209,6.172,7.481
6TDC,7.92,6.849,7.251,7.017,6.903
7VJL,7.46,7.639,7.294,7.841,7.453
5Z5S,7.92,7.382,7.886,8.346,7.834
6DWN,6.45,6.938,6.572,6.408,6.546
3A9E,7.72,6.973,6.349,5.81,6.097
3PBA,5.04,6.938,5.996,6.07,4.969
6CPF,5.04,3.696,4.843,3.958,4.259
3X08,5.04,6.268,5.349,4.904,5.057
5NK0,7.66,7.434,7.919,7.952,8.18
6NRG,6.125,6.336,5.907,5.99,6.153
4I24,7.92,7.436,7.809,7.26,7.636
7G90,5.96,5.602,6.349,6.462,6.343
7JWN,5.04,6.053,5.722,7.068,6.729
8Q7R,5.04,6.051,5.659,5.53,6.22
8TYQ,5.23,7.478,6.398,6.731,7.204
2BAW,5.04,6.159,6.172,6.534,6.605
3P89,7.92,6.868,7.711,7.841,7.972
6Q4F,5.04,3.313,5.01,4.013,4.001
9LIZ,5.04,6.709,6.199,7.151,6.45
1WM0,6.45,7.122,7.069,7.426,7.581
4PY0,5.04,6.912,5.141,4.97,5.162
5Y44,7.72,6.928,6.43,6.577,6.435
3I0F,5.04,6.684,6.126,6.584,6.136
5KM6,6.45,5.697,6.498,6.421,6.164
1FHI,5.04,6.938,5.557,5.341,5.04
7FRK,6.45,5.33,5.766,4.876,5.335
8BD8,7.72,5.611,6.451,6.28,6.966
3H3Q,6.45,6.914,6.483,6.998,7.037
2BVS,6.45,6.93,6.56,6.395,6.201
5CJ6,7.56,7.107,6.807,6.225,7.39
5RKH,5.96,4.854,6.456,6.748,6.363
7SIU,7.66,7.68,7.549,8.102,8.371
5LQ9,7.66,7.718,7.356,7.454,7.426
7L24,7.46,7.395,7.375,7.271,6.891
2VZ6,6.7,6.97,6.55,5.425,6.076
7CHT,7.92,7.879,8.147,8.648,8.456
5UOO,6.7,6.301,6.926,7.04,6.991
5N64,6.45,7.136,6.243,5.954,5.925
2Y7J,7.92,7.727,7.842,7.469,7.323
5HBH,5.96,6.951,6.747,6.002,6.485
4OEA,5.96,7.039,6.349,5.787,6.66
7BU4,7.92,7.75,7.621,7.851,7.528
5EQI,5.96,6.941,6.808,7.74,7.038
5EQE,5.96,6.614,6.756,5.508,5.947
7H9W,5.96,5.311,6.272,5.542,5.907
7XHY,5.23,6.81,6.24,6.852,6.63
5LO0,8.37,8.175,7.962,8.327,7.982
4F70,7.56,6.87,6.652,6.583,6.625
3W3M,5.04,6.372,6.177,5.878,6.073
7WGO,6.45,6.783,6.403,6.518,6.301
3R92,7.72,6.979,6.891,6.617,6.684
6VI4,7.56,6.516,7.076,6.945,7.415
3UGR,5.04,6.938,5.921,6.071,6.349
2YDO,5.04,6.152,5.419,4.939,4.913
5UES,5.04,5.767,6.102,7.143,6.175
7HB6,5.04,5.262,5.407,5.152,5.273
6GGA,5.04,6.938,5.757,5.796,5.436
7VXG,5.96,6.938,6.797,6.024,5.869
5W0F,5.96,7.027,6.842,6.329,6.327
8TX8,5.04,4.126,5.446,5.909,5.559
6M93,6.45,6.007,5.85,5.109,5.309
7FUT,5.96,7.28,6.417,6.804,7.032
3VSP,7.56,7.001,7.01,6.886,6.726
7JWE,7.56,7.027,6.983,7.704,7.475
1QPF,7.72,6.959,6.601,6.322,6.192
4NKG,5.04,6.09,5.842,7.465,6.773
8Q6R,5.96,6.738,5.587,5.357,5.531
4F7L,6.45,6.762,6.694,6.477,6.635
5S98,5.04,6.981,5.49,5.877,6.449
5HMI,9.0,7.522,6.912,7.169,6.704
5QE4,6.45,4.226,5.77,4.597,4.963
1YUK,6.45,4.625,5.73,6.066,6.024
3VSO,6.45,6.725,6.705,6.665,6.793
3FAL,7.72,7.106,6.274,5.406,6.265
5VDA,7.56,7.601,7.432,8.351,7.797
6TNC,7.46,7.473,7.358,7.511,7.408
4CI4,5.04,6.929,5.994,5.578,5.521
7THS,5.23,6.824,6.345,7.491,6.352
9IJP,5.04,4.607,5.46,6.123,5.978
1FF7,5.96,4.443,5.985,5.855,6.939
4JWR,5.04,5.973,5.856,5.612,5.48
5W5Q,7.46,8.84,7.624,8.667,9.091
5Q0X,7.92,6.893,7.762,7.78,7.407
6VXR,7.92,6.938,7.718,7.955,7.709
8X7P,5.04,5.548,5.798,5.834,6.006
8P73,5.23,6.792,6.186,6.472,6.908
8Z7W,6.45,6.938,5.9,6.107,6.665
2PRM,5.04,6.607,5.817,6.793,6.243
5DDD,5.96,7.161,6.806,6.409,6.102
5BYB,5.04,5.874,5.306,5.956,6.011
7R60,7.66,7.269,7.299,7.195,7.303
4B77,5.96,6.664,6.505,5.554,6.777
5FXR,7.92,7.774,7.866,7.769,7.462
6VP0,5.04,6.926,6.077,6.205,6.582
9AS7,5.04,5.941,5.984,5.331,5.201
7ONR,7.72,6.911,6.771,6.629,6.539
4P6X,5.96,6.962,6.368,6.193,6.073
5S91,9.0,7.004,6.622,5.875,5.674
1L2I,4.85,6.523,6.198,6.264,6.482
4I41,6.05,7.119,6.191,5.849,6.097
6V1K,7.66,6.548,7.142,7.287,7.038
4NYV,5.96,6.894,5.925,5.15,5.502
6FDZ,7.46,7.312,7.452,8.112,7.545
8JL4,6.45,6.663,6.22,6.267,6.248
2IOG,8.37,7.744,7.314,7.43,7.267
5HZI,7.92,6.779,7.075,7.274,7.335
2ZVT,5.04,6.938,5.857,5.855,5.77
6ZMJ,5.04,6.682,5.367,4.9,4.118
2A0Q,6.45,4.426,5.655,6.15,6.404
9JD3,5.04,4.854,6.199,7.064,6.913
1T4E,7.66,7.026,6.57,6.047,5.957
5UYJ,6.7,7.42,7.169,7.483,7.599
4F6U,7.56,6.91,6.627,5.763,6.465
2WMS,6.45,6.531,6.41,5.7,5.888
5HBE,7.66,7.806,7.276,7.052,7.124
2YEG,5.04,6.187,5.425,4.966,4.759
1WV7,5.96,5.728,5.875,5.732,6.477
7FHT,6.7,6.939,6.918,6.654,6.714
8AUU,5.04,6.938,5.778,5.826,6.262
4Z2W,5.04,5.63,6.045,6.571,6.501
6EO8,7.56,6.606,7.269,6.236,7.098
5RKF,5.04,5.292,6.032,6.084,6.13
2M9S,5.04,6.363,5.537,5.611,5.74
5DXQ,4.01,5.219,5.684,4.532,4.537
6KHF,6.7,6.48,6.889,6.776,6.708
5BN9,5.04,7.248,5.63,5.643,5.515
5DX3,5.96,5.772,6.575,6.607,5.989
4YZC,7.92,6.941,8.057,8.352,8.456
6OAV,6.45,6.508,6.669,6.507,6.167
4MTA,6.7,5.601,6.62,5.999,5.576
3KMX,5.04,6.533,6.061,5.322,5.622
7SZD,5.96,6.313,6.169,5.358,6.283
4G2F,7.92,5.634,7.921,7.403,7.314
8WZJ,5.04,6.823,5.737,4.887,5.01
3F3Y,5.96,6.937,6.21,7.414,6.533
8CK8,7.6,6.936,6.461,5.043,6.056
6LS5,5.04,4.163,5.015,3.885,4.037
7G11,5.04,6.56,5.658,4.91,4.762
8IT6,5.23,7.013,6.244,6.839,7.172
5DDC,8.15,7.132,6.587,6.674,5.788
5H2Z,5.04,6.627,5.799,6.674,6.229
7AVZ,7.46,7.946,7.411,7.833,7.727
6TGU,7.92,6.851,7.377,6.624,7.485
7YMK,5.04,4.135,6.069,7.324,6.956
8FP1,5.96,7.72,6.528,6.185,7.037
5OAI,6.7,6.836,7.124,6.902,6.925
7FZB,7.72,6.253,6.402,7.375,7.002
6XE8,5.04,4.137,5.134,5.506,5.37
5NK1,7.66,8.262,8.036,8.085,8.259
3R5N,5.04,6.94,5.732,5.013,5.345
6D8X,6.45,6.948,6.5,6.302,5.731
4HXN,6.125,6.956,5.667,5.31,5.433
1DGB,5.04,6.781,5.607,4.933,4.425
4EM9,5.04,5.41,6.063,6.774,7.144
7KTH,5.96,6.774,5.983,5.642,5.55
6OD6,6.45,7.33,6.832,7.005,7.33
9C42,5.04,6.912,5.651,5.448,5.669
7BAC,5.23,6.618,6.469,6.442,6.581
5J6L,5.04,6.655,6.14,5.807,5.751
3SML,7.72,6.654,6.472,6.13,6.507
2H6F,6.45,6.938,5.808,5.548,5.79
5Z0S,7.66,6.872,7.258,7.521,7.519
7FVW,5.96,6.876,6.299,5.995,6.496
7A7H,6.45,6.546,6.884,7.261,6.657
8BIK,7.66,7.764,7.199,7.025,6.794
5RKN,6.45,6.51,6.433,6.519,6.627
1RHR,6.45,6.937,6.714,7.933,6.646
2JDR,7.66,8.157,7.326,7.806,7.85
8EXV,5.23,7.327,6.521,7.11,7.615
8CZA,8.37,7.065,8.031,7.902,8.154
3S5Z,5.96,2.9,5.719,6.158,5.499
5CXY,5.04,3.339,5.712,6.227,6.325
7S2Y,5.04,6.933,5.24,4.717,4.435
5Q0P,8.37,6.601,7.848,8.348,7.933
8BYY,5.23,5.96,6.066,5.971,6.591
7BQ4,5.04,6.938,6.005,6.71,7.165
7QGB,5.04,6.876,5.77,5.256,4.981
6BQ8,5.96,6.917,6.144,7.057,6.877
4M12,6.45,6.095,6.463,5.726,5.973
5LLH,6.7,6.937,6.096,5.137,4.733
6GYO,5.04,7.002,6.02,5.581,5.725
3X0C,5.04,5.097,5.021,4.462,4.678
8FKC,5.23,6.936,6.259,7.332,6.706
7TJ9,5.04,6.987,6.199,6.624,6.96
2ACS,5.04,6.938,5.8,5.884,6.442
8UAQ,5.23,7.451,6.224,6.754,6.843
1JUJ,5.96,5.886,5.047,4.056,4.424
5S7C,7.66,8.338,7.299,7.351,7.574
7PGU,5.04,6.958,6.221,6.124,6.569
6ZUN,7.56,6.262,6.695,7.179,6.462
8X7H,5.23,6.947,6.309,6.162,6.839
5TLL,4.01,6.195,5.606,4.509,4.266
6Q1U,3.125,6.938,6.307,5.767,6.042
6NO8,8.37,7.967,8.692,9.109,8.733
7S9X,7.92,8.462,7.389,8.201,7.161
5AV4,4.01,4.919,5.087,4.532,4.5
6JJU,5.04,5.75,5.487,5.745,5.321
4XX5,7.66,7.636,7.45,6.962,7.063
6Z50,7.46,7.126,7.222,7.221,7.037
5N93,7.66,7.63,7.335,7.565,7.675
5ENG,6.45,6.808,6.382,6.163,6.304
7G8E,5.96,5.126,6.235,7.23,6.898
5RKY,5.23,6.821,6.167,6.697,6.837
7JGW,7.56,7.81,7.062,7.597,7.676
4HXM,6.45,7.13,6.633,6.406,6.045
5KCF,6.05,6.964,6.276,5.688,5.539
8BYN,5.96,3.815,6.147,6.922,6.681
4JZD,6.45,7.069,6.594,7.266,6.225
6Z8W,5.04,4.255,5.631,5.826,5.351
6ZPD,5.04,7.192,6.514,6.08,6.404
8UN3,9.0,6.891,6.784,6.209,6.968
4X2K,7.66,6.068,7.197,7.234,7.265
3DEJ,6.45,6.502,6.898,6.575,7.077
2Q6J,7.92,7.742,7.345,7.777,7.998
8UOL,5.23,7.209,6.346,7.455,7.226
6EGD,7.56,7.134,7.18,7.366,7.679
4BG6,6.45,6.938,6.859,8.244,7.781
3CGO,5.23,7.036,6.998,6.117,6.631
6Y1P,6.45,7.041,5.873,6.329,6.066
1YC3,5.96,5.484,5.997,5.981,5.346
7SR6,5.04,6.371,5.27,5.188,5.339
3K22,6.45,6.945,7.178,7.32,7.416
3EPB,5.04,4.756,6.053,7.237,6.635
7KTD,5.96,6.784,5.999,5.475,5.788
8U0H,5.23,6.898,6.222,5.411,6.407
9LJ1,5.23,6.886,6.364,6.69,6.421
8TUC,5.96,7.416,6.187,5.944,6.241
4GK4,7.92,8.436,7.947,8.379,8.302
7JUO,7.46,7.232,7.19,6.693,7.417
7UP6,6.7,7.348,6.624,7.352,6.984
3TN8,6.7,5.754,6.003,4.757,4.9
6M3I,5.04,5.377,5.708,6.553,6.207
4CYG,6.45,6.873,6.584,7.123,6.569
5S9E,5.96,7.395,6.958,7.066,7.27
2F9P,5.04,3.102,5.475,6.229,6.122
5TMW,6.05,7.499,6.538,6.537,6.521
1FKB,7.72,6.971,6.63,6.22,6.159
1SNU,8.37,8.267,8.051,8.195,8.192
4PPS,5.96,5.431,6.476,6.081,5.652
6HP9,8.37,7.425,7.929,7.607,7.4
5C91,6.45,6.545,6.402,6.878,6.419
7FQH,5.23,6.934,6.267,6.634,5.764
7QRB,5.23,7.435,6.109,7.409,7.234
7H9P,5.04,4.294,4.938,4.28,4.112
5N1X,6.45,5.974,6.259,6.394,6.065
4M13,6.45,6.119,6.615,6.234,5.969
6XBM,7.72,6.976,6.645,6.155,6.721
2VAG,7.46,6.249,6.967,6.774,6.852
2ZNN,7.56,6.73,6.851,6.352,6.958
6DW5,8.15,6.938,5.71,5.776,4.609
6WNY,9.0,7.011,7.216,7.255,7.594
9BMH,5.04,4.985,5.698,6.242,6.15
3WZE,6.7,7.605,7.303,7.751,7.913
6RJL,5.04,5.735,5.216,4.382,4.161
3SVH,5.04,6.438,6.115,5.567,5.855
5RKT,5.96,6.355,6.121,5.252,5.682
8DV7,5.96,7.141,6.4,6.127,6.865
2R3J,7.46,6.58,6.901,6.44,6.42
8DC8,7.72,6.886,6.699,6.677,6.508
5KJ2,6.45,6.938,6.872,7.501,7.794
4OCC,5.04,6.851,6.394,6.102,6.313
5KM3,5.04,6.333,5.112,5.109,4.53
2I4Z,5.04,6.923,6.383,6.11,5.572
5JFS,7.92,8.178,7.869,8.223,8.134
2P4Y,7.92,6.795,7.707,7.394,7.304
8TBU,5.96,6.976,6.637,6.989,6.914
6Q96,7.92,6.976,8.016,7.489,8.13
7K15,6.45,6.943,6.466,7.287,6.921
7YI7,9.0,6.573,6.357,6.064,6.456
4YKQ,5.04,5.124,6.038,5.167,5.082
3N8I,5.04,4.748,5.384,5.098,4.794
1LHD,5.23,5.807,6.874,6.674,7.032
7TE7,6.595,6.872,7.017,6.623,7.271
7QVL,5.23,6.927,6.456,5.671,6.144
4TO2,5.96,6.852,5.327,4.659,4.195
3H44,5.96,4.975,6.513,7.228,6.787
7JYS,5.04,5.584,5.686,5.061,5.104
4G8L,5.04,6.608,5.764,5.939,5.858
7BR3,5.04,4.191,6.015,7.062,7.15
6KUW,7.72,6.938,6.845,6.386,6.899
8T99,5.04,6.485,5.407,4.214,4.448
5UVW,7.46,7.205,7.281,6.67,6.722
1EV3,5.04,3.405,5.181,4.409,4.333
4XCT,5.04,6.938,6.177,6.456,7.366
8Q9S,7.46,8.633,8.125,9.744,8.726
8WM9,7.72,5.125,6.262,6.345,6.542
6ZFH,5.04,4.84,5.418,5.284,5.375
7AJ5,6.7,5.292,6.425,6.35,6.001
7FRZ,5.04,5.057,5.384,4.707,4.759
8OG9,5.96,6.938,6.341,6.378,7.141
2QD1,6.05,6.938,6.891,7.476,6.988
6CBZ,5.96,5.832,6.635,6.406,6.071
5RK8,5.04,5.294,6.263,6.943,6.985
4RER,5.04,6.78,5.811,6.77,6.473
5Q0L,5.23,5.871,6.411,7.588,7.009
5QIP,6.45,6.423,6.039,5.704,6.522
6Y99,5.96,6.75,5.49,5.257,5.729
5SAU,7.66,7.12,6.833,6.592,6.513
9B14,5.04,6.934,5.348,5.705,6.138
2BRM,7.66,5.862,6.731,6.23,5.878
8X7M,5.23,6.037,6.092,6.282,6.739
5I9V,5.04,6.006,5.062,5.127,4.779
6CZ5,6.45,4.845,5.967,6.539,6.054
2ACU,5.04,6.938,5.918,6.083,6.085
8PA6,5.23,6.824,6.395,7.104,6.195
1E2E,5.96,5.156,5.547,5.366,4.887
6KBA,6.45,6.825,6.86,6.655,6.757
2IZT,7.46,6.874,7.226,6.931,6.978
6E5A,5.04,6.938,5.439,5.347,5.393
6BFD,7.56,7.182,7.187,7.497,7.987
1HE4,5.04,6.938,5.772,5.105,5.283
5KTW,7.56,7.105,6.695,5.716,5.97
6SUO,7.66,7.251,7.238,7.091,7.265
7AO8,5.04,6.986,5.629,6.391,6.111
2XCV,5.04,3.49,5.527,6.206,5.895
5TVT,8.37,9.598,8.23,8.94,9.177
8HND,5.96,6.864,6.44,6.184,5.611
8T47,5.04,6.938,5.531,5.101,5.029
3QDD,7.66,5.918,7.047,6.973,7.217
3POO,4.01,5.957,6.128,5.437,5.585
7GSF,6.45,6.409,6.592,6.568,6.657
4WMX,5.04,6.9,5.724,6.406,5.761
4TNR,5.96,6.872,5.442,4.893,5.2
8BYE,5.96,6.105,6.236,6.465,6.791
4TNB,5.04,4.819,5.379,4.614,4.657
5TEL,7.46,6.412,7.171,7.157,7.063
2JFL,7.46,7.119,6.915,6.934,6.659
7OQW,6.45,5.267,5.652,5.283,5.208
4RN0,5.96,6.938,6.6,6.06,6.701
3L4W,5.96,6.624,6.186,6.337,6.428
5ACC,7.66,6.969,7.401,7.223,7.675
2R2J,5.04,3.346,5.494,6.101,5.923
8W6C,7.72,6.879,6.7,7.65,7.495
8TRW,5.04,4.06,5.444,5.872,5.477
7SQL,5.04,4.363,5.742,5.373,5.929
7YNQ,5.23,4.08,5.935,6.183,6.662
3HG4,5.04,3.433,5.52,6.739,6.695
4KXB,6.45,6.842,6.546,6.289,6.566
8EBT,5.04,4.102,5.772,6.286,6.43
9ESZ,5.04,5.062,5.121,5.425,5.147
4GJ3,6.45,7.125,6.931,7.093,7.399
6QXK,8.37,7.76,8.302,8.126,8.153
3FC6,7.72,7.064,6.263,5.584,6.452
2D7R,6.45,5.68,5.941,4.742,4.906
3X1I,5.04,6.938,6.119,6.494,6.333
6A4I,5.96,6.408,5.908,4.766,5.571
3BL9,5.96,6.593,6.471,5.749,6.046
6YVK,5.04,6.281,5.045,4.706,3.977
7YXR,7.6,6.936,6.635,6.683,6.696
5Y49,5.96,5.19,6.325,6.835,6.219
6QCD,5.04,6.275,5.61,5.157,5.69
6WFK,6.45,6.938,6.582,6.539,6.916
3SP5,7.72,6.715,6.296,5.316,5.708
7LAZ,7.66,7.115,7.296,7.248,7.26
5TF8,5.04,5.298,5.43,5.32,5.252
4ZNH,6.05,6.902,6.303,6.645,6.123
6JWA,5.86,6.924,5.687,5.382,5.245
8G1U,5.04,6.23,5.531,5.093,5.003
5AQZ,5.04,6.656,5.544,5.219,5.024
6FW2,5.04,6.938,5.679,6.381,5.156
2VUW,7.46,6.831,6.173,6.988,6.146
7MIH,7.505,7.097,7.238,7.674,8.181
1DGH,5.04,6.8,5.616,4.761,4.557
7B4C,5.96,6.726,5.72,4.577,5.246
6AY3,7.66,7.315,7.488,7.813,7.444
3A7I,5.04,4.7,5.061,5.062,4.878
2V7A,7.56,7.086,7.308,7.371,7.106
5RK3,5.04,5.433,6.078,6.002,5.998
6WH4,5.96,6.617,7.278,7.048,7.649
7BG3,5.04,6.934,5.862,5.822,5.931
5DXR,4.01,5.917,5.894,5.44,4.842
3DKO,7.92,7.248,7.555,6.69,7.266
6IZM,7.92,7.365,7.747,7.966,7.56
5Q1I,7.66,6.646,7.381,7.133,7.374
5ENH,5.04,5.427,5.777,6.438,5.797
4RWA,5.04,4.613,6.025,6.41,6.652
5U3S,6.595,6.521,6.911,7.293,6.743
7WTC,5.96,6.08,5.829,5.778,5.414
6RQ4,8.37,7.641,7.798,7.865,7.977
6EYB,7.66,6.186,7.022,7.365,7.419
2FJM,9.0,6.858,6.265,6.293,6.824
8HUL,6.595,6.451,6.855,6.898,6.461
5KTX,5.96,6.972,6.878,6.464,6.823
6CM4,9.0,6.953,7.294,7.376,8.095
3WZJ,7.46,7.475,7.368,7.34,7.646
7M5Z,5.23,7.304,6.685,6.536,6.694
6LIL,5.04,5.084,5.961,6.661,7.031
8G5D,6.45,6.779,6.661,6.284,6.319
6S39,5.04,5.043,5.136,4.281,4.093
7R4M,5.04,6.938,5.8,5.701,6.398
2JBU,5.96,5.305,6.499,7.161,6.878
6LKM,5.96,5.513,5.946,6.268,6.094
7PW8,5.04,6.757,5.438,6.31,6.1
7RUX,6.45,6.705,6.444,6.554,6.587
5VDH,5.96,6.916,7.067,6.941,7.436
7AB1,7.46,6.497,7.361,6.883,6.661
5K7G,7.56,8.264,7.231,7.168,7.45
4X8T,5.96,6.834,6.193,5.59,5.405
5TN7,4.85,5.787,5.443,4.637,4.22
4JOC,5.04,5.922,5.282,5.622,5.764
7NKE,5.04,5.908,5.369,3.982,4.364
8HUO,7.6,6.914,6.729,7.095,7.335
5AAU,7.66,6.267,6.94,6.865,7.057
6N79,7.66,8.891,7.244,8.698,8.36
6LP6,5.04,6.605,5.863,6.621,6.355
3QCF,8.59,6.938,6.312,6.963,6.799
6SQF,7.56,6.827,6.712,6.754,7.155
6L13,7.46,5.468,6.92,5.987,5.917
6N8G,8.37,8.115,7.827,8.189,7.896
5S97,5.23,6.951,6.704,6.561,7.413
5OLG,6.45,6.71,6.425,6.424,6.238
7UGL,5.23,6.91,6.195,6.68,5.801
7UJM,6.595,7.693,7.0,6.802,6.807
8G67,9.0,7.367,6.622,6.258,5.836
1T84,5.04,6.893,6.666,6.471,6.689
3FT8,7.66,7.27,7.169,7.867,8.126
3FVU,5.04,6.013,5.948,6.888,7.242
8PM3,5.23,7.166,6.247,6.835,6.597
6Y9R,7.46,8.704,7.469,8.117,8.042
5TM9,7.66,6.575,6.721,6.902,6.388
3ZSI,7.92,8.371,7.708,7.742,7.656
5I3R,8.37,6.977,7.568,7.741,7.455
7G99,5.96,5.24,6.251,5.86,6.397
8S88,6.45,6.283,6.208,6.29,6.205
5EQH,6.45,6.987,6.63,6.981,6.639
1OIP,6.7,7.203,6.464,6.147,6.502
3QCJ,6.45,6.938,6.788,7.024,7.485
9FSH,7.72,6.802,6.629,6.423,7.132
4G0V,6.45,5.868,6.029,5.95,5.18
6C99,6.125,6.469,6.184,7.068,6.077
5WU3,5.04,6.05,4.951,4.567,4.373
5ZXF,5.04,6.223,6.452,5.867,5.611
7FYF,6.125,6.936,6.418,6.217,6.78
5O8V,6.45,6.562,6.914,6.458,5.782
6R6X,7.46,6.274,6.849,6.417,6.363
6GVH,7.66,5.775,7.25,7.137,7.38
9CTV,5.04,4.641,6.136,5.852,5.991
3FEI,7.66,6.262,7.085,6.451,6.49
5U2C,7.66,6.96,7.004,6.898,6.984
7LAK,6.45,6.804,6.536,6.854,6.424
5TM3,6.05,5.2,5.925,5.009,4.827
2YE5,5.04,3.675,5.278,4.736,4.701
8HLP,5.04,6.362,6.131,7.198,7.198
7FVF,5.96,7.447,6.361,6.435,6.609
7KK5,5.96,6.912,6.559,6.122,6.439
3U10,5.96,7.281,6.071,6.137,6.728
6SMA,5.04,3.819,5.916,5.762,6.438
5U3T,8.59,6.571,6.78,7.005,6.536
8JEW,5.04,5.204,5.014,4.212,4.933
5OCI,7.66,6.627,7.429,7.029,7.615
7S1R,5.04,6.938,6.02,6.121,5.877
8AKA,5.04,6.32,5.551,5.067,5.709
6ZOQ,6.595,7.427,7.483,7.592,7.773
5XQD,6.45,4.75,6.441,6.055,5.699
6NUB,5.04,3.705,5.29,4.736,4.673
4M0Y,6.45,5.364,6.076,6.007,6.372
7BSU,5.04,3.09,5.473,6.078,6.092
7X3M,5.04,6.938,5.918,6.101,6.292
3OP5,7.66,7.498,7.362,7.516,7.634
7ATS,7.66,7.807,7.276,7.872,7.628
7DHN,6.7,6.876,7.038,6.97,6.332
7YBP,5.23,6.938,6.067,7.515,6.65
2BVX,6.45,6.912,6.789,6.795,6.915
5S8I,7.56,6.67,6.278,5.729,5.969
6ZGV,5.04,5.118,5.411,5.268,5.35
2V3O,6.45,7.426,7.1,7.812,7.963
2QZL,7.505,6.953,7.168,7.162,7.347
4UDW,7.56,7.347,7.004,7.149,6.496
2H55,7.66,7.013,7.291,7.707,8.149
2JH0,7.56,6.91,6.939,6.493,7.463
9FET,7.66,6.694,7.322,6.801,7.156
6HMP,7.92,7.521,7.885,8.503,7.899
7FSV,6.45,4.167,6.103,5.792,5.511
7FS1,5.04,6.144,5.326,4.295,4.879
5ENB,6.45,6.888,6.17,7.466,7.322
7AVT,6.45,6.414,6.697,6.708,6.976
6ZMK,5.04,6.731,5.164,4.315,4.256
5FTO,8.37,8.097,7.963,7.648,7.836
6L15,7.46,6.198,7.076,6.469,6.399
6FBO,6.45,3.632,5.483,4.801,4.961
3GOK,7.92,7.139,7.855,8.008,7.932
5O0Y,5.04,6.828,5.051,4.891,4.137
8UO9,8.15,6.936,6.614,7.799,7.353
1M48,6.45,6.854,6.489,5.927,6.5
8DHG,5.04,6.636,5.83,6.677,6.295
6NF1,7.56,7.822,7.365,6.977,7.32
5KPP,8.15,7.456,6.746,6.951,7.454
6B0F,4.01,7.198,6.108,6.018,5.538
8E8C,5.04,5.987,5.355,5.395,5.516
6WFV,5.04,5.895,5.754,5.815,6.24
5ZGG,5.04,6.938,4.995,3.37,3.77
3KMR,7.56,7.548,6.984,7.147,7.047
8REJ,5.96,6.882,6.34,6.723,6.947
5H15,5.96,6.935,6.784,5.275,5.527
6F3I,5.23,6.565,6.835,7.343,6.792
2XJ2,7.46,5.979,7.107,6.353,6.676
8T82,5.04,3.562,5.459,6.132,6.125
2UVZ,7.66,7.225,6.648,6.857,6.945
6YVL,5.04,6.274,5.027,4.703,3.963
6F84,5.04,6.938,5.7,5.794,6.227
5WGQ,5.96,5.868,6.633,6.438,6.071
3Q6E,5.96,7.301,6.286,5.183,5.38
5Y3O,5.04,5.837,5.985,5.935,6.426
5HF5,5.04,3.765,5.667,6.226,6.209
5FGK,7.66,7.074,7.094,6.824,6.907
7Z6H,5.04,6.938,5.129,4.984,4.379
8R1A,5.04,6.34,5.516,5.866,6.054
7G95,5.04,5.89,4.96,5.754,5.46
5Q1G,5.23,6.937,6.516,6.674,6.843
7BQ2,6.595,6.794,6.91,6.276,6.051
1ZKY,5.04,5.929,6.076,5.986,5.347
4B99,7.66,7.22,7.566,7.196,7.532
5N5M,5.96,6.892,6.897,6.494,6.539
5EGV,4.85,5.473,5.643,5.328,5.03
1I0Z,5.96,5.994,5.717,5.535,5.937
3QCG,8.59,6.938,6.256,7.024,6.755
2I17,5.96,6.938,5.93,5.052,5.513
3OTF,5.96,6.969,5.772,5.967,6.882
5RKX,7.6,6.564,5.898,6.385,6.451
3RT3,5.04,4.911,5.35,6.272,6.044
1LHG,5.23,5.815,6.892,6.529,6.642
5A1I,6.45,3.92,5.499,4.587,4.571
2BZ6,3.125,6.902,6.585,7.241,7.089
8X92,5.23,7.468,6.11,6.359,6.695
1AI8,6.45,6.674,6.667,6.743,6.74
8XY7,5.04,6.34,6.143,6.776,7.266
6MH1,7.66,6.674,7.522,7.864,7.56
2PKL,5.96,7.06,6.36,5.815,6.747
6MXZ,6.45,6.944,6.607,5.776,5.788
7FVB,5.96,7.182,6.392,7.031,7.207
5WRY,7.56,7.378,6.498,6.223,6.57
2XJC,5.04,6.686,5.367,5.115,5.331
7AQT,6.45,5.867,6.594,5.939,5.965
7FVJ,3.125,6.939,6.054,7.319,6.677
3O8X,5.96,5.651,5.881,5.877,5.253
2BIL,7.92,7.139,7.77,7.536,7.748
2RKZ,5.04,4.451,5.493,5.372,5.914
6S86,5.96,6.938,6.014,5.088,5.566
1PYN,6.45,6.821,6.774,7.467,6.519
7ZI3,7.6,6.888,6.571,7.205,7.233
8DSZ,7.92,7.113,7.704,7.652,7.286
7SZC,5.96,5.947,6.239,5.124,6.146
8D0Q,5.96,5.962,5.748,6.208,6.256
5EXW,5.04,6.449,5.645,5.033,5.504
6IAR,6.595,6.938,7.161,7.327,7.203
4NYX,7.56,6.37,6.577,6.756,6.895
5U6J,7.505,6.954,6.937,7.438,7.165
5U2F,7.46,7.016,6.982,6.202,6.676
2BXT,7.56,7.051,7.131,6.002,6.718
3IFW,5.04,5.489,5.652,5.449,6.106
5QD0,7.56,6.783,6.873,7.125,6.962
8OP9,5.04,5.973,5.811,7.742,6.928
9BU7,5.04,6.935,5.336,4.351,4.743
6PSJ,4.01,7.417,6.413,6.073,6.494
1XK5,5.96,6.937,5.841,5.36,6.175
2HZQ,7.72,6.949,6.461,7.209,7.241
7KKE,6.595,8.105,7.318,7.761,7.396
7G9I,5.23,5.046,6.18,6.089,6.47
9F7W,5.04,4.772,5.569,5.071,4.642
3I25,7.505,6.94,7.14,7.715,7.831
3ZS2,5.04,3.848,4.826,3.325,3.955
8XSM,5.04,6.766,5.555,5.886,5.974
4ZNT,6.05,6.627,6.119,6.547,6.105
3V49,7.66,6.977,7.177,7.349,7.585
9ET7,5.04,5.36,5.099,3.943,3.991
6JJ5,7.66,6.687,7.116,7.194,6.906
8JCV,5.96,5.934,5.599,6.202,5.974
7MTB,5.04,5.761,5.681,5.517,5.751
8BX9,5.23,7.843,6.234,6.527,6.842
1MU8,6.45,7.686,6.955,7.372,7.592
5RJZ,6.45,6.18,5.935,6.182,6.262
3PO9,5.04,6.448,6.221,6.715,6.844
5TLV,4.01,6.812,5.678,5.588,5.391
4ZNW,6.05,6.771,6.107,6.718,6.284
5C5A,7.72,6.45,6.528,5.812,5.78
6FQT,6.45,6.505,6.758,6.347,6.603
6ITM,5.96,6.524,6.468,5.034,5.803
6QE1,7.66,7.013,6.949,6.582,6.919
5Q16,7.66,6.836,7.437,7.02,7.313
7DH3,6.7,6.859,7.051,6.656,6.606
8T5K,5.96,6.766,6.058,7.332,7.039
7ERA,5.04,6.938,5.671,4.799,5.27
6Q4A,5.04,6.729,4.954,4.607,4.354
8E8B,5.04,5.639,5.423,5.316,5.619
1CBS,7.72,6.933,5.941,4.857,5.715
7ONS,7.72,6.92,6.798,6.303,6.543
1H8D,7.56,6.458,6.664,6.074,6.385
2VSL,5.04,3.504,5.673,6.336,6.51
7O20,6.45,6.741,5.991,7.193,6.927
6AWO,6.45,6.243,6.908,6.393,6.404
9INV,5.04,5.989,5.458,5.159,5.287
2FWZ,7.56,7.012,6.958,7.072,6.612
4JXF,7.92,7.971,8.053,7.97,7.486
9LJ5,5.04,5.489,5.949,6.742,6.177
6UKW,7.6,6.94,6.399,7.37,6.526
7ZU2,5.96,7.065,6.369,6.147,6.478
3O8T,6.45,5.829,6.349,5.525,5.328
2DOH,5.96,5.705,6.175,6.485,6.611
1A3B,5.23,6.855,6.893,7.358,7.072
6G34,7.46,6.857,6.073,6.531,6.008
1GCQ,5.04,4.153,5.456,5.27,6.05
3KDT,7.66,6.945,7.228,6.251,6.593
4N3B,6.45,6.938,6.279,6.425,5.745
7O70,9.0,6.94,6.79,6.384,6.806
2VO7,5.96,7.15,6.367,7.078,7.146
5WIJ,7.66,6.338,7.159,6.548,6.99
2RJ8,5.04,6.837,6.169,6.547,6.243
7B1Q,6.45,7.135,6.997,7.153,7.598
4FSN,7.92,7.798,7.975,8.369,8.273
4WZV,6.45,6.942,6.72,6.307,6.514
6L11,7.46,5.801,6.886,6.411,5.957
7N3R,5.04,5.909,4.95,4.319,4.813
7AEI,7.66,7.946,7.561,7.192,7.49
8PAU,5.23,7.313,6.314,7.534,7.81
6M2B,5.04,6.593,5.844,6.735,6.312
3KA0,7.66,6.618,6.606,6.25,6.304
4V26,5.04,6.78,6.032,6.51,6.444
6C5T,6.45,7.305,7.044,6.82,6.517
6XEE,5.04,5.316,5.273,4.092,4.543
5Q0S,8.37,6.933,7.821,8.11,8.246
6NJA,5.04,4.545,5.04,4.577,4.705
1O0D,7.56,7.035,7.076,8.075,7.881
4FV1,7.66,7.714,7.045,7.594,7.544
6CJF,5.04,6.686,5.952,6.588,6.197
4XZ4,7.66,7.833,7.463,7.021,7.235
8HL7,5.04,5.481,5.162,4.678,4.729
8HCK,5.04,6.225,5.641,4.942,4.963
5AND,5.04,5.404,5.267,4.677,4.905
6TND,8.37,8.854,8.203,7.797,8.178
8BYD,5.96,6.211,6.182,7.009,7.445
6UO8,5.04,5.719,5.551,4.822,4.933
1YND,7.72,6.892,6.574,6.573,6.896
5Q12,7.66,6.897,7.387,7.41,7.396
5QQM,6.45,6.022,6.694,6.716,6.849
5ED2,5.04,6.537,4.949,4.568,4.635
2WIK,5.04,3.638,5.674,6.514,6.483
7KT3,5.96,5.346,5.777,5.261,4.626
1QKM,6.05,5.843,5.834,6.102,5.412
2RCW,5.96,6.845,6.475,6.527,6.557
4HG7,7.72,5.935,6.626,5.74,5.61
5NLK,6.45,6.926,6.606,6.56,7.271
5J3J,6.125,6.451,6.327,5.968,5.564
8AAP,5.23,6.849,6.317,5.682,6.763
3E3E,5.04,2.905,5.506,6.51,5.967
1K22,7.56,7.071,6.831,6.881,6.614
4W8D,7.66,6.51,7.291,6.875,6.743
4O0Y,7.66,7.36,7.465,6.97,7.001
1NMQ,7.505,6.757,6.685,7.334,7.025
5W0L,5.96,7.33,7.026,6.962,6.58
4R07,5.04,6.055,5.586,5.493,5.101
8JNZ,5.96,6.338,6.351,6.992,6.189
5VD3,8.37,7.561,7.986,7.792,7.965
9BC7,5.04,6.702,6.047,6.578,7.179
5S7V,7.66,8.398,7.286,7.43,7.516
6XLO,7.92,7.347,7.934,8.407,8.147
9CGB,5.04,4.705,5.434,5.132,5.146
1FAK,5.96,5.663,5.722,5.644,6.195
3TO4,6.45,6.938,6.521,6.169,5.828
2FES,7.56,7.387,7.1,7.923,7.926
1XJD,7.66,8.115,7.291,7.215,6.932
7LU5,5.96,6.504,5.799,6.641,6.288
4RXS,5.04,6.542,5.372,5.424,5.423
7P4E,7.56,6.615,7.039,6.894,7.05
2ZO3,7.56,7.155,6.774,6.54,6.447
5AFZ,7.505,7.158,6.824,7.019,7.114
6HMC,7.92,7.844,7.954,7.567,7.534
3FD5,5.04,5.747,5.483,4.843,5.275
5Z1R,6.45,6.901,6.107,5.94,5.863
5DTV,6.05,6.937,6.272,5.315,5.516
5T1W,6.45,6.92,6.547,5.951,6.703
4ISH,5.04,6.811,6.253,7.158,6.142
7GTR,6.45,6.279,6.187,5.924,5.766
7E0G,6.88,6.877,6.363,6.786,6.222
4CTC,7.92,8.253,8.491,9.206,9.123
5DIE,5.86,6.175,6.27,6.105,6.186
4IW8,4.85,7.53,6.304,5.658,6.149
8QTH,7.72,7.019,6.704,5.98,7.468
6ENQ,8.59,7.008,6.081,6.472,6.495
6W44,5.04,6.872,5.601,6.239,5.948
5BO6,5.04,3.471,5.717,6.261,6.355
7LH7,7.56,7.091,7.445,8.5,7.423
8FVF,7.46,6.917,7.315,7.228,6.509
6P3D,8.37,7.797,7.864,8.351,8.161
6AF5,5.96,4.561,5.573,4.944,5.03
5I88,7.66,6.967,6.964,6.518,6.838
5DKE,4.01,6.564,5.717,6.004,5.603
7CD9,6.45,6.946,6.23,5.908,5.669
3CDS,5.04,6.094,6.154,6.291,5.685
5QE3,6.45,4.003,5.68,4.807,4.887
7SFL,7.505,5.655,6.126,5.957,5.659
7NWK,6.7,7.128,7.23,7.71,7.545
3LZ5,5.04,6.938,5.555,4.947,5.887
6UKY,8.59,7.15,5.937,6.165,5.612
6WUZ,5.04,3.564,5.621,6.748,6.706
2XKW,8.59,7.023,6.843,7.535,7.222
3X1H,5.04,6.938,5.936,6.823,6.019
6F2U,5.04,6.938,5.82,6.029,6.196
4AYT,5.04,4.568,4.978,4.976,4.621
4A4V,5.04,6.1,5.87,5.464,5.92
5HNU,5.04,6.938,5.891,6.16,6.289
9CQC,5.04,2.986,5.48,6.229,6.092
7XYH,5.96,6.298,6.237,6.787,6.86
2IL2,6.45,6.981,6.655,5.813,6.861
8KEI,5.04,5.904,6.355,6.594,7.296
7APO,7.56,7.686,6.898,7.175,6.712
1ERE,5.96,5.846,6.675,6.299,6.071
6SLW,5.04,5.015,5.369,4.706,4.525
5RKO,8.15,7.628,6.659,7.028,6.043
6HXF,6.7,7.682,6.874,6.831,6.753
8P71,5.23,7.751,6.311,6.464,6.853
3FEJ,8.59,6.595,6.941,6.893,6.653
3SW4,6.7,6.464,7.098,6.738,6.808
7NEL,5.96,5.913,6.667,6.373,6.095
7ERB,5.04,6.938,5.831,5.183,5.237
2ZK1,5.04,6.935,6.149,5.254,5.631
3HMP,6.7,6.193,6.733,5.994,6.026
6AFA,5.04,6.368,5.166,4.934,4.549
8V72,5.96,6.911,6.267,6.672,6.471
9IWO,5.23,6.912,6.314,6.411,6.387
5Y93,6.595,6.807,7.294,6.753,7.095
5S76,7.66,8.366,7.254,7.62,7.632
4QXR,5.04,6.12,5.728,6.215,5.95
5KPZ,6.45,4.208,6.067,5.187,4.791
7G1R,5.96,6.949,6.396,6.678,6.661
4PNZ,8.15,6.361,6.555,6.34,6.288
4RFM,7.56,7.126,7.517,8.528,8.904
3BHT,7.66,6.578,7.162,7.485,7.01
6DCU,5.04,6.162,5.673,5.802,5.572
3U6H,7.92,7.724,7.838,7.963,8.004
5O8U,7.92,6.322,7.357,7.137,6.641
1BHX,5.23,7.114,6.999,7.707,7.421
4V3E,5.04,6.938,6.18,6.512,7.012
8DV5,5.96,6.928,6.455,6.07,6.638
6YIJ,5.96,6.938,6.109,5.874,5.529
7C2Z,5.86,5.965,5.793,4.658,5.618
4TO1,5.96,6.884,5.782,5.653,5.404
2VEY,6.45,6.938,6.613,7.12,6.643
4Z6A,5.96,5.317,5.691,6.077,6.123
9GR0,5.04,6.9,6.307,6.399,6.223
6X1M,6.45,7.319,6.732,7.298,7.008
7G9B,6.45,6.378,6.336,6.259,6.998
6BTY,5.96,7.104,6.532,7.088,7.113
5S8E,5.04,5.348,6.135,5.434,4.977
5G6V,7.92,7.93,7.932,8.379,8.191
3EB1,5.04,4.689,5.0,5.053,6.242
4XVD,5.04,6.938,5.878,6.299,6.321
4BC6,7.92,8.886,8.052,8.497,8.723
5TMS,5.96,5.721,6.206,5.459,5.533
1UZE,6.45,6.949,6.726,6.678,6.538
8JPF,7.72,6.815,6.628,7.13,7.179
8REV,5.96,3.082,5.534,6.343,6.217
5DV2,5.04,5.758,4.982,4.667,3.893
3JYJ,6.45,6.792,5.746,7.34,6.512
4MPV,6.45,7.075,7.094,7.759,7.482
8RHG,5.04,6.005,5.787,6.984,6.952
2WF2,7.56,6.938,7.162,7.686,7.561
6IEZ,5.04,7.115,6.497,6.792,6.91
7LA9,7.46,6.981,7.144,6.975,6.718
5MQK,5.04,4.93,5.608,6.418,6.465
7UN7,5.96,4.707,5.826,5.446,5.153
8OV6,3.125,6.923,5.871,6.753,6.461
4IAA,7.46,6.895,7.211,6.573,6.402
2NRY,8.37,8.566,7.957,7.851,7.752
6OQA,7.72,6.957,7.073,7.359,7.278
6NTN,5.04,3.835,5.667,6.248,5.709
1GZY,6.45,6.366,6.299,6.605,6.895
3VEY,5.04,6.371,5.88,6.961,6.526
2A9J,5.04,5.936,5.121,4.155,5.227
5QIG,5.04,6.883,5.728,6.808,5.687
8OME,5.96,7.015,6.115,5.022,6.163
2PX6,6.45,6.928,6.516,6.707,6.112
2VGL,5.04,6.698,5.37,5.491,5.32
3L3M,6.125,7.12,6.534,7.175,6.793
6CZ1,6.45,7.085,6.416,6.259,6.24
1PKD,7.46,8.528,7.33,7.978,7.441
2QAB,4.85,5.876,6.258,5.383,5.937
7VWH,6.45,6.777,6.814,6.837,6.308
3T42,5.04,6.938,5.85,5.367,5.749
5JJM,5.96,7.1,6.37,5.806,6.628
7HB1,5.04,4.75,5.095,4.528,4.472
6IN1,6.7,6.388,7.034,6.706,6.717
7D3E,5.96,6.936,5.862,5.075,5.025
8AOY,3.125,6.942,6.083,6.153,6.178
4PP6,4.01,5.485,5.304,4.657,4.258
8SS7,5.04,6.857,5.953,6.59,6.79
9KRH,5.04,6.901,5.45,4.752,5.325
5XF1,7.56,6.834,6.627,6.819,6.266
6UX9,7.505,6.65,7.072,7.454,7.075
3LXP,7.92,8.186,7.585,7.992,7.43
7K71,5.96,6.832,6.215,5.854,5.737
5TES,5.04,5.374,5.235,5.47,5.58
8JL3,6.45,6.938,6.799,7.089,7.539
2H52,5.04,6.079,5.116,4.313,4.986
7G8P,5.96,6.713,5.838,5.396,5.951
6YMO,5.04,3.878,5.301,4.355,4.264
7ZVT,5.04,6.932,5.604,6.433,5.899
8TSB,5.23,7.504,6.389,6.698,6.809
4IU7,4.85,7.05,6.354,5.92,6.373
4LSJ,7.66,6.773,7.275,7.751,7.101
2FHI,5.04,6.938,5.48,5.768,5.809
5DXM,4.01,5.168,5.641,4.302,4.642
5H1U,5.04,6.067,5.287,6.118,6.032
6NN4,5.04,6.328,5.414,4.48,4.603
6W2L,5.04,6.913,5.568,4.641,4.549
8UQ7,5.96,5.22,6.279,6.979,7.197
2HRQ,5.04,6.693,5.356,5.538,5.537
5RKI,5.96,6.689,6.403,6.82,5.458
6Y6F,7.66,6.871,7.175,7.248,7.091
5TLX,7.46,6.365,7.112,6.759,6.188
3SOA,6.7,6.035,6.621,5.774,5.729
4KIK,7.92,8.011,7.996,7.841,7.556
4IVY,4.01,6.91,6.044,6.5,5.964
5LO1,7.66,6.966,7.351,7.321,6.866
3ADT,5.04,6.049,5.459,5.189,5.427
6V87,7.66,6.611,6.567,6.222,5.935
6PZP,5.23,6.988,6.472,6.705,6.72
7AAC,5.96,7.285,6.417,6.589,6.412
2X7F,7.92,9.091,7.767,8.08,8.204
6X85,8.15,7.07,6.21,6.4,6.551
8U56,5.04,6.779,6.241,7.252,7.23
6FNC,6.45,5.784,5.924,5.484,5.673
3OQF,5.96,5.885,6.267,6.695,6.036
7OBL,7.72,7.041,6.274,6.192,6.057
3HO0,5.04,6.303,5.936,5.864,6.167
3QPV,5.04,6.811,5.499,4.912,5.178
6AFC,6.125,6.584,5.192,4.809,4.775
6YTG,7.46,7.426,7.092,7.118,7.206
2BU7,6.45,6.922,6.474,6.701,5.934
8QNH,7.72,6.985,6.754,6.045,7.473
9JD9,5.04,6.003,5.917,6.047,5.485
1BCU,5.04,4.516,5.29,4.673,4.813
3I4B,7.66,9.254,7.514,7.865,7.947
5IA4,7.92,7.197,7.824,7.488,7.66
4A9F,5.96,5.349,6.185,5.91,6.602
4W7T,5.96,6.364,6.886,6.592,6.509
8WEJ,5.96,6.879,5.836,5.638,5.928
4K33,5.04,4.101,5.069,5.324,5.312
5TMQ,6.05,6.092,5.993,5.987,5.851
5TMZ,5.96,6.385,6.607,6.618,6.093
7NFY,5.04,6.938,5.259,5.595,5.356
5QCX,7.56,6.735,7.293,7.213,7.501
5Q0V,8.37,6.996,7.861,8.16,7.526
6ZOS,6.595,7.461,7.358,7.629,7.761
6HLP,9.0,6.963,7.11,7.443,7.339
3R58,5.04,6.938,5.874,6.163,5.991
7DG4,7.92,6.922,7.863,7.666,7.585
8HHP,7.66,6.43,6.73,6.586,6.32
3GZ9,5.04,4.732,6.16,6.597,6.683
5YV9,7.66,6.75,7.028,7.058,7.242
6EIR,7.46,6.78,7.239,7.125,7.077
8X2A,7.66,9.681,7.429,8.485,8.418
5DLR,4.01,6.462,5.428,5.285,4.84
7FVO,3.125,7.047,6.043,8.885,7.252
8BY9,3.125,7.268,5.724,6.853,6.775
4Q93,5.04,6.698,5.588,5.441,5.7
3HOD,5.04,6.3,5.856,5.758,6.126
3VZV,5.96,6.465,6.957,6.283,6.301
6WGT,7.72,6.259,6.781,7.42,7.348
6YIM,7.56,6.291,6.798,6.44,6.929
5Y1J,7.66,6.735,7.299,7.423,7.527
6TLP,6.7,6.888,6.382,5.805,5.742
6ZUU,7.56,5.827,7.061,7.1,6.992
7DPN,7.66,7.138,7.155,7.229,6.955
6V0U,7.505,7.163,6.802,6.064,6.826
3HU2,5.04,6.938,5.245,4.642,4.727
4E5W,5.96,7.191,7.06,6.727,7.058
3F8S,8.15,6.947,6.288,5.74,5.266
7FQO,5.96,4.572,6.353,5.887,6.523
7TRB,7.6,6.938,7.012,7.042,6.924
2BIK,7.46,6.79,6.891,6.716,6.824
8BDM,3.125,6.939,6.219,7.362,7.184
7JGV,8.37,7.702,7.74,7.982,8.131
3LS8,5.96,6.437,6.539,5.853,5.924
5UR1,7.66,8.516,7.485,8.069,7.897
7NV1,5.96,3.103,5.661,6.157,5.786
5H25,9.0,6.235,6.147,6.016,6.843
1KV1,6.45,5.8,6.405,5.976,5.609
5KRO,7.72,6.945,6.873,6.026,6.187
4BJX,7.56,5.748,6.239,6.37,6.247
5DZ1,4.01,5.695,5.987,5.086,4.905
7JP3,5.04,3.691,4.861,3.644,3.964
9EWY,5.04,6.929,5.993,5.751,5.58
5TM4,5.96,6.638,6.062,6.886,6.759
4R95,7.56,7.15,7.078,6.082,6.984
5Z8R,7.66,5.952,7.097,6.454,6.171
8DGS,5.04,6.934,5.071,3.867,3.997
7R4P,5.04,6.834,5.671,6.612,5.7
7W7X,7.66,8.431,7.44,7.433,7.676
1AIX,6.45,7.397,6.859,7.374,7.435
6VKQ,6.45,8.159,6.819,6.032,6.158
8IJR,5.04,6.937,6.258,6.263,6.611
7KSJ,7.92,7.715,7.976,7.304,7.977
7FJF,7.72,7.33,6.693,6.816,7.081
2OUZ,7.66,7.141,6.812,6.892,6.456
8VNX,5.23,7.146,6.281,6.356,7.093
5FBX,7.46,5.296,6.902,5.907,5.869
4F7J,6.45,6.013,6.56,6.057,6.505
6QCN,5.04,6.299,5.566,5.027,4.589
8J03,5.04,6.04,6.084,5.661,5.574
6DWJ,5.04,6.89,5.597,5.822,4.922
6KXX,5.04,6.917,6.391,6.251,6.097
2FKE,7.72,6.869,6.629,6.292,6.274
7MR5,4.09,6.995,7.107,6.741,7.506
5Q0W,8.37,6.938,7.614,7.756,7.387
6CNX,7.92,6.939,8.285,8.614,8.532
5TMU,4.01,5.16,5.642,4.613,4.742
1O7S,5.04,3.258,5.423,5.877,5.658
7FIC,7.66,6.986,7.489,7.799,7.547
5S90,5.96,6.878,6.461,6.107,6.203
7RS9,6.05,6.976,5.959,6.043,6.307
3WMH,7.505,7.072,6.608,7.828,7.573
5S8R,5.96,6.963,6.544,6.012,6.374
7UKZ,7.72,6.959,6.376,6.202,7.006
7U99,5.96,7.893,6.318,5.827,6.558
7NEZ,7.66,6.448,7.035,7.355,6.557
5AM7,7.66,7.446,7.221,7.344,7.579
7Z5X,7.46,7.402,7.389,7.487,7.765
4TQB,5.04,6.31,5.391,5.281,4.086
2VWX,7.92,6.918,7.724,7.394,7.456
6P0M,7.505,6.855,6.332,6.922,7.09
4JVS,5.04,5.91,5.164,5.028,4.992
3GBK,8.37,6.889,7.536,7.154,7.194
4PVU,5.04,6.561,5.257,5.089,4.94
5GSA,6.45,7.167,6.329,6.481,6.312
5RJJ,5.04,7.382,5.62,6.618,6.38
6F7Q,5.04,3.588,5.768,6.469,6.514
4AGL,5.04,6.935,5.303,6.032,5.628
5LRZ,7.66,8.441,7.041,7.844,8.294
6F81,5.04,6.938,5.716,5.643,6.203
7G81,5.04,4.653,5.731,4.907,4.751
7FT0,6.45,6.271,5.956,5.42,5.853
7TD4,7.6,7.056,7.253,7.415,6.952
6VKK,6.45,7.182,6.507,5.777,6.495
4IUI,4.01,6.644,6.198,5.864,5.884
6GGN,7.66,6.653,7.411,7.27,7.368
3OWD,7.66,4.701,6.545,6.651,6.162
4MS1,5.04,4.671,5.531,5.43,6.051
2VEV,6.45,6.938,6.687,6.977,6.525
6NQ2,5.04,6.448,6.045,6.793,6.465
6L12,7.46,5.541,6.922,6.108,6.395
6KZI,7.46,5.912,6.987,6.57,6.198
4GSS,6.45,7.044,6.64,7.702,7.301
5DKG,4.01,6.765,5.913,5.79,5.726
5SCD,5.04,5.091,5.383,4.59,4.781
5U3V,5.04,6.228,6.258,7.064,6.84
6WI3,5.04,4.267,5.609,6.236,5.837
6L96,6.595,6.801,6.934,6.461,6.308
4XI9,6.45,6.95,6.256,6.44,6.861
4OIV,5.04,6.927,6.719,5.424,5.441
7V3S,7.92,8.045,7.836,8.115,7.93
3CST,7.66,6.776,7.234,7.331,7.278
4OFR,5.96,7.0,6.363,5.878,6.581
7U8D,7.72,6.879,6.661,5.903,5.671
3BUH,5.96,4.224,6.097,5.669,5.625
2WIG,6.45,6.939,5.825,5.662,5.928
5UVX,7.46,6.995,7.056,6.494,6.894
5UEP,5.96,5.379,6.133,5.237,5.486
5MMG,6.45,7.42,6.311,6.117,6.934
5DYX,5.04,4.826,5.294,4.514,5.058
6OPI,8.37,7.317,7.927,8.182,7.446
7CR4,6.45,6.852,6.332,6.358,6.435
7ZRB,6.45,3.961,6.114,6.558,6.727
5F9B,7.72,6.938,6.387,5.383,6.144
7WEU,6.45,6.736,6.253,7.028,6.496
5RKQ,6.45,6.799,6.728,7.626,6.558
3V2W,6.45,6.601,6.757,7.441,7.328
2YJA,5.96,5.855,6.686,6.402,6.071
6ZCD,5.04,6.869,6.247,6.248,6.121
6DWD,9.0,6.872,5.722,5.189,4.937
5H1V,6.45,6.718,6.472,7.075,6.885
4CRL,5.96,6.938,6.795,6.832,7.008
8BDX,3.125,6.938,6.102,6.841,6.243
4AGM,5.96,6.93,5.772,5.804,5.988
1QKT,5.96,5.528,6.655,6.308,6.068
8ARW,3.125,6.344,5.905,6.367,6.389
4MGK,5.96,7.07,5.938,6.499,7.024
5EP7,5.04,5.851,5.809,6.656,6.666
3G2S,5.04,4.528,6.019,7.132,7.187
5J2X,5.04,6.511,5.661,6.216,5.469
5WUU,6.45,6.262,6.662,6.602,6.256
6MDB,7.72,7.011,7.118,7.212,7.449
7D3Y,5.04,3.74,5.415,6.143,5.814
8HLT,5.23,7.639,6.253,6.411,7.27
5MO3,5.04,5.261,5.276,5.204,5.022
8F7U,5.23,6.927,6.358,7.281,6.3
6CJH,5.04,5.729,5.546,4.922,4.873
5H85,6.45,6.028,6.312,6.693,6.562
7AVS,6.45,7.054,6.768,7.135,6.854
4Y03,5.04,4.791,5.678,5.926,6.4
4ZNU,6.05,7.048,6.386,6.528,6.417
5VO4,7.66,6.72,6.823,6.748,6.571
3JS2,8.59,5.661,5.773,6.192,5.782
6DF6,4.01,6.862,6.173,6.271,6.201
4GK2,7.92,7.848,7.81,8.005,7.817
4H3J,7.6,7.353,6.829,6.819,7.373
7BDI,5.04,6.937,4.975,5.573,4.862
3EJ1,5.23,7.014,6.628,6.484,6.763
8ENJ,5.23,7.146,6.17,6.425,6.763
7AOS,7.72,6.905,6.858,7.448,7.671
7CQE,7.56,6.928,7.244,7.71,7.292
8DBE,5.04,4.455,5.479,4.792,5.063
2RDU,5.04,6.908,5.697,6.698,5.852
3OS9,5.04,6.466,5.496,4.878,4.865
1V1T,5.04,4.206,5.295,5.376,5.59
5JFV,7.92,7.302,7.772,7.421,7.927
7N3N,7.505,6.008,6.133,5.975,5.979
2NO6,5.04,6.788,5.488,6.395,6.442
7G9J,5.96,5.109,6.042,6.316,6.776
2VGF,5.04,6.435,5.329,4.613,4.905
7LM2,7.66,8.531,7.561,7.399,7.927
5VD7,6.45,7.821,7.441,8.021,7.575
8BFF,7.72,6.638,6.58,6.931,7.313
4QIM,5.96,7.494,6.621,6.232,6.628
5TN5,5.96,5.641,6.347,6.35,5.519
1W8C,6.7,6.325,6.572,6.192,6.797
6T6F,5.04,3.081,5.457,6.214,6.152
6GQQ,7.46,8.02,7.285,6.926,6.992
7DHK,6.7,7.299,7.111,6.861,7.005
8V70,5.96,6.637,6.174,6.726,6.219
7KHJ,7.66,6.886,6.831,6.766,6.711
3TNW,6.7,5.928,6.115,4.699,4.978
5Y94,7.66,6.604,6.975,6.966,6.538
6Z5B,7.92,7.781,7.83,7.549,7.772
7R62,7.72,6.862,6.559,6.762,6.113
7YAW,5.23,6.991,6.231,6.806,6.854
7XI0,7.46,7.273,7.474,7.685,7.892
7ZLP,5.23,7.018,6.236,7.008,6.73
7W0G,7.6,7.133,6.786,6.382,6.025
7FXF,5.96,6.564,5.918,6.029,6.288
7P1L,6.595,7.363,7.305,7.189,7.58
4U6Q,5.96,6.075,5.828,5.195,5.671
6MA1,6.45,6.969,6.457,6.318,6.092
2VD5,6.595,7.115,7.066,6.879,6.568
7SHP,5.96,6.938,6.387,6.104,5.646
8UH0,5.96,5.979,6.169,5.776,5.984
2G94,7.505,6.942,6.677,7.043,6.997
6Y3U,7.505,6.866,6.607,7.289,6.287
7T0Q,5.04,3.418,5.253,5.118,4.601
7KW1,5.96,6.938,5.536,4.849,5.733
6BRJ,7.56,7.057,7.612,7.658,7.525
8K6L,5.96,6.903,6.324,6.405,6.616
8BI5,5.96,6.85,6.776,6.464,6.932
5AAV,5.04,6.953,6.123,4.556,5.386
8F5X,5.04,3.979,5.402,4.531,4.671
7C7F,5.04,6.938,5.905,6.21,6.193
3ADW,5.04,5.617,5.752,5.504,5.338
7ERE,5.04,6.938,5.796,5.258,5.126
6TJM,5.04,6.33,5.253,5.082,5.53
6A5W,7.66,7.155,7.22,7.276,7.509
7OTP,5.04,6.838,5.269,4.69,5.007
1RW8,7.66,7.343,7.483,7.386,7.128
6FCJ,5.04,5.04,5.297,5.201,5.102
1XU9,5.96,7.168,6.259,5.103,6.309
7BZT,5.04,6.992,6.277,7.347,6.972
8BXQ,3.125,6.965,5.65,6.737,7.021
2BU6,6.45,6.874,6.223,6.317,6.853
4HBN,5.96,7.052,5.915,5.934,6.382
9FGC,5.04,5.496,6.126,6.681,6.698
8WGB,5.23,6.695,5.951,7.834,7.204
5QE9,3.125,6.896,6.198,6.574,6.194
5S95,5.23,7.485,6.706,6.275,6.216
8BF2,7.72,6.827,6.41,6.573,6.937
8U27,5.23,6.976,6.312,5.726,6.837
3LBK,7.66,5.947,6.627,6.362,5.759
3W33,8.37,8.986,7.845,7.872,8.354
3NPC,8.37,7.078,7.828,7.937,7.888
1UEI,5.04,6.839,5.716,6.607,6.516
1ZNJ,5.04,3.663,5.164,4.683,3.899
6X4H,6.45,6.439,6.245,6.477,7.265
4L1X,5.04,6.938,5.91,6.013,6.501
4N3C,6.45,6.938,6.293,6.245,5.307
1WUN,5.96,5.415,5.887,5.732,6.606
7BDP,5.04,5.288,5.881,6.27,5.74
5U98,7.56,7.474,6.924,6.745,7.405
3R91,7.72,6.98,7.043,7.074,7.678
6G38,5.04,4.509,5.176,5.557,5.377
9CTG,5.04,6.085,6.19,7.103,7.134
6X5P,6.45,6.933,6.447,5.984,6.729
6FNI,7.92,8.18,7.811,7.193,7.726
5YAK,5.04,6.983,5.851,6.464,5.918
6LLE,5.04,6.145,5.675,6.105,5.866
6X86,7.66,7.166,7.622,7.519,7.552
3NAY,7.66,8.117,7.433,7.662,7.808
5MPZ,5.04,5.069,5.469,5.277,5.535
7M3G,7.56,6.576,7.137,7.82,8.011
7QFO,6.45,6.947,6.878,6.812,6.284
4O7C,6.7,6.818,6.676,5.847,6.04
3EPA,5.04,4.573,6.054,7.311,6.744
3UWE,5.04,6.938,5.914,6.132,6.186
6N3Y,7.92,6.714,7.269,7.854,6.838
5TGZ,7.66,7.033,7.54,7.941,7.841
7CLH,7.66,7.559,7.585,7.841,7.88
6OLX,5.04,6.637,6.6,5.975,6.394
5TN6,5.96,6.542,6.567,6.228,5.839
2AOA,5.96,6.444,6.219,5.933,6.355
5LRQ,7.66,6.677,7.126,7.006,7.013
6NPN,7.92,6.938,7.999,8.005,8.174
6PDI,6.7,6.868,6.481,6.749,6.759
7OQG,6.45,5.453,6.388,5.883,5.869
6O67,8.59,5.948,6.266,6.842,5.946
7EM2,5.04,5.119,5.177,5.366,5.284
6AXQ,5.04,4.454,5.405,5.111,4.999
2ZMF,5.96,6.949,5.917,5.63,6.663
2PQF,5.04,4.813,5.703,6.007,6.039
4LZ1,5.04,3.765,5.932,6.537,6.409
7EM8,5.04,4.844,5.084,4.611,4.541
3RDH,5.04,3.943,5.405,4.991,4.822
5HDU,7.6,7.396,7.011,6.564,7.266
5U3Z,6.595,6.548,6.488,7.03,6.501
3PRE,7.66,7.143,7.557,8.32,7.918
4FM8,9.0,6.956,7.174,7.242,7.075
2RFS,7.92,7.309,7.713,8.047,7.873
5OKO,6.45,5.155,6.114,5.978,6.589
7G8K,5.96,6.756,6.319,6.975,6.816
7SQB,5.23,7.109,6.349,5.954,6.757
4QOF,5.04,6.949,5.85,6.138,5.285
8OFA,7.505,6.426,6.229,6.788,6.497
7AJM,6.7,6.773,6.869,6.666,6.727
1YIM,4.01,7.137,6.29,5.769,5.603
8BOX,7.72,6.938,6.507,5.179,6.478
5Q13,7.66,6.863,7.317,6.294,7.224
4X93,5.04,3.406,5.977,7.502,7.016
2XYD,5.04,3.747,5.498,6.345,6.048
3OMM,8.37,7.056,7.866,8.295,8.294
4AZ2,5.23,6.844,6.635,7.048,6.686
3U9Q,5.04,6.367,6.06,7.185,7.064
3U11,5.96,7.223,6.03,6.352,6.867
1PXO,6.7,5.659,6.719,5.929,6.066
2QH6,6.05,6.048,6.142,5.666,5.818
7N2M,5.04,5.608,5.553,5.328,6.01
7FV8,5.96,7.034,6.38,6.413,6.727
1T2A,5.96,6.997,6.102,6.46,5.93
3IA6,5.04,6.949,6.516,6.206,7.025
6C1B,7.66,8.08,7.535,7.908,7.621
5N5L,6.7,5.808,5.786,5.216,5.323
1UNQ,5.04,6.107,5.648,5.497,5.034
4EUT,6.45,7.206,7.086,7.724,7.415
5C27,7.66,7.898,7.562,7.833,7.737
4US0,5.96,6.072,5.892,5.834,6.054
3R8I,5.04,6.918,6.175,5.943,5.824
6IO0,7.66,6.682,7.134,6.513,6.206
7Q7L,7.92,6.946,6.941,7.179,6.616
7G97,5.04,4.428,5.061,4.791,4.858
8ADF,5.96,6.475,6.417,6.565,6.778
5MAF,8.37,8.228,7.7,7.58,7.86
7AJ7,7.46,5.922,7.226,7.262,7.102
2RDT,5.04,6.868,5.674,6.481,5.838
5RKW,6.45,5.931,6.007,6.715,5.539
8BXN,3.125,7.071,5.835,6.734,6.968
5RJV,6.45,6.657,6.305,6.453,6.875
4L8Z,7.92,6.853,7.042,7.377,7.079
7G9A,6.45,6.922,6.393,6.519,6.959
5RKV,5.04,4.111,5.44,4.731,5.054
5I8A,8.59,7.038,6.723,7.48,6.595
5BV6,5.96,7.246,6.039,6.91,6.561
4X3J,7.46,7.42,7.119,7.438,7.117
4XUD,5.04,5.514,5.743,5.458,5.57
5RKR,7.6,4.275,5.528,4.612,4.768
8FJZ,5.96,7.031,6.397,5.866,6.922
6W4C,5.04,6.829,5.652,6.286,5.791
2VJ9,7.56,6.522,7.32,7.015,7.472
6K0T,8.37,6.948,7.949,8.174,8.085
8F1Z,5.23,7.644,6.043,5.968,6.267
6OPL,5.04,6.938,5.783,5.058,5.461
7XYD,6.45,6.576,6.367,6.314,6.222
4RKA,5.04,6.72,5.897,6.546,6.15
3DHK,7.56,7.004,6.848,7.04,6.64
4HMN,5.04,6.938,5.922,6.227,6.044
5MRH,5.04,5.527,6.317,6.014,6.75
1HTI,5.04,3.173,5.396,5.097,5.596
5TBE,7.92,8.912,7.921,8.423,8.478
7RCL,5.04,5.094,5.391,5.35,5.595
3ET3,5.04,6.513,6.178,6.49,6.342
7FX8,5.96,6.935,6.412,6.153,6.305
7SSE,5.96,6.964,6.611,6.193,6.092
8PT9,5.23,7.161,6.057,5.793,6.467
3F2N,7.46,6.07,7.23,7.049,7.174
8PTZ,5.04,6.567,5.669,6.046,5.747
5QDR,7.505,6.963,6.488,6.894,6.507
4OLM,7.92,6.95,7.355,6.587,7.115
9CBL,6.45,5.658,6.366,6.172,5.766
6M91,6.45,6.755,6.081,6.272,6.638
4KLR,5.96,6.679,6.422,6.266,6.391
6G36,7.46,4.685,6.158,6.674,5.956
6EL9,6.45,6.937,6.719,7.455,6.551
6XDB,7.92,8.005,7.88,7.709,8.241
6TEC,5.96,6.138,6.183,5.733,6.384
4JKV,9.0,7.022,6.768,6.326,7.401
8C1K,5.23,6.926,6.199,6.07,6.696
5TDF,5.04,5.621,4.931,4.653,5.377
4ZMA,5.96,5.937,5.646,5.258,5.4
4JQA,5.04,6.626,6.081,7.29,7.113
8T4Y,5.96,6.156,5.729,6.023,6.299
4GV7,5.04,6.092,5.727,5.709,5.954
6R3D,6.7,6.354,6.693,6.447,6.878
7PGQ,5.04,6.972,6.219,6.876,6.709
7FXR,7.72,6.847,6.486,6.719,6.839
1A52,5.96,5.884,6.723,6.504,6.071
2Q7I,5.96,7.032,6.512,6.205,6.197
6MOM,7.92,7.845,8.052,8.474,8.138
4AS0,6.7,5.493,6.452,5.778,5.622
3EPC,5.04,6.937,6.316,7.46,7.388
3DKJ,5.04,6.219,5.32,4.326,3.748
4YJQ,7.92,7.753,7.69,7.615,7.599
6GTT,7.46,6.685,7.282,6.735,6.504
8BEM,7.92,8.034,7.781,7.985,7.582
4QIA,6.45,5.154,5.571,5.854,5.797
5S8H,5.04,4.733,5.873,6.311,6.484
8ILR,5.23,6.865,6.381,7.226,7.25
7AJW,7.46,6.684,7.35,7.597,7.42
8GVZ,6.125,6.648,5.221,4.615,4.786
4EHZ,5.96,7.006,7.135,6.962,6.683
5UGM,7.92,6.949,7.781,7.351,7.49
5KRF,4.01,6.812,6.135,5.946,5.595
4ISF,5.04,5.684,5.562,6.095,6.262
5I2E,7.505,6.852,6.724,6.478,5.25
8JTV,5.04,6.933,5.774,6.126,6.361
4PXZ,5.04,6.897,5.32,5.818,5.272
7UGI,5.23,6.827,6.431,6.762,7.214
3LM5,6.05,5.396,5.591,6.005,5.561
7FY5,5.96,6.676,6.51,6.039,6.44
7EAT,5.96,4.641,5.345,5.18,4.928
6UBW,6.45,9.074,7.378,6.76,7.505
8GVX,5.04,6.832,5.965,6.237,6.549
4BB4,7.66,7.464,7.372,7.073,7.321
5HOY,5.04,6.906,6.199,7.07,7.161
7BJ6,7.66,6.98,7.236,6.394,6.514
6A5X,8.37,7.115,7.752,7.527,8.011
5KRJ,6.05,7.374,6.152,6.883,6.515
5Q1B,8.37,7.831,7.865,8.402,8.282
6GIN,7.66,7.677,7.268,7.774,7.543
