PDB_CODE,Predicted_Value
4CWF,6.9727996873870906
6ZRC,6.9727996873870906
1L5Q,6.9727996873870906
5RK9,6.9727996873870906
8CPH,6.9727996873870906
4MGI,6.9727996873870906
7ER8,6.9727996873870906
3FUR,6.9727996873870906
8EYO,6.9727996873870906
5LO5,6.9727996873870906
6NWK,6.9727996873870906
6B1U,6.9727996873870906
3NOX,6.9727996873870906
4O76,6.9727996873870906
7B31,6.9727996873870906
5IAW,6.9727996873870906
8U4W,6.9727996873870906
3BGP,6.9727996873870906
5TM6,6.9727996873870906
5P9J,6.9727996873870906
4MGA,6.9727996873870906
6JOJ,6.9727996873870906
7R4K,6.9727996873870906
3BF6,6.9727996873870906
3U2C,6.9727996873870906
7UBO,6.9727996873870906
3W3K,6.9727996873870906
6YOJ,6.9727996873870906
4MG7,6.9727996873870906
6I2Y,6.9727996873870906
8A31,6.9727996873870906
5N5N,6.9727996873870906
5NK8,6.9727996873870906
6XRL,6.9727996873870906
4L98,6.9727996873870906
2ZIQ,6.9727996873870906
3SMO,6.9727996873870906
6WHA,6.9727996873870906
4O75,6.9727996873870906
3K65,6.9727996873869955
3GWX,6.9727996873870906
5RK2,6.9727996873870906
9AS3,6.9727996873870906
5WIN,6.9727996873870906
5J7F,6.9727996873870906
7R9L,6.9727996873870906
2RAK,6.9727996873870906
7AW3,6.9727996873870906
5KRK,6.9727996873870906
5TB6,6.9727996873870906
6YB8,6.9727996873870906
6YV4,6.9727996873870906
4RC2,6.9727996873870906
5DXP,6.9727996873870906
2QGT,6.9727996873870906
2FLB,6.9727996873870906
5R8K,6.9727996873870906
1AZ2,6.9727996873870906
1X7J,6.9727996873870906
7VUE,6.9727996873870906
2YKB,6.9727996873870906
5MKR,6.9727996873870906
7R9W,6.9727996873870906
6PKC,6.9727996873870906
7ZLR,6.9727996873870906
4D9T,6.9727996873870906
6DXL,6.9727996873870906
1T4U,6.9727996873870906
2XQK,6.9727996873870906
7G14,6.9727996873870906
5DEY,6.9727996873870906
7CKF,6.9727996873870906
4OJ4,6.9727996873870906
7RLF,6.9727996873870906
8DU9,6.9727996873870906
5JZY,6.9727996873870906
4ZN9,6.9727996873870906
6A6P,6.9727996873870906
8V6Y,6.9727996873870906
3NOA,6.9727996873870906
6NJS,6.9727996873870906
6HCY,6.9727996873870906
9CHU,6.9727996873870906
4LXA,6.9727996873870906
6DFM,6.9727996873870906
8SS6,6.9727996873870906
8EV1,6.9727996873870906
4FMC,6.9727996873870906
3QCE,6.9727996873870906
6DW3,6.9727996873870906
6KHE,6.9727996873870906
5XMX,6.9727996873870906
6BMU,6.9727996873870906
5S96,6.9727996873870906
8GZ3,6.9727996873870906
5S8Y,6.9727996873870906
1NM6,6.9727996873870906
4FA6,6.9727996873870906
8IMX,6.9727996873870906
1TOM,6.9727996873870906
7RUZ,6.9727996873870906
5TM5,6.9727996873870906
3IMX,6.9727996873870906
4XVE,6.9727996873870906
7DBK,6.9727996873870906
8TU9,6.9727996873870906
7MRC,6.9727996873870906
5TB5,6.9727996873870906
3FT5,6.9727996873870906
7X9D,6.9727996873870906
4CIK,6.9727996873870906
7FT7,6.9727996873870906
5WS0,6.9727996873870906
3CLD,6.9727996873870906
7FV2,6.9727996873870906
7M44,6.9727996873870906
5MVC,6.9727996873870906
4USE,6.9727996873870906
4PYX,6.9727996873870906
7BGQ,6.9727996873870906
3H0W,6.972799687387089
7WGP,6.9727996873870906
3ELA,6.9727996873870906
4C67,6.9727996873870906
5VD1,6.9727996873870906
5XGN,6.9727996873870906
5UGB,6.9727996873870906
2Y48,6.9727996873870906
4EY6,6.9727996873870906
4G9R,6.9727996873870906
5QIE,6.9727996873870906
6ZC9,6.9727996873870906
7FQL,6.9727996873870906
4CWN,6.9727996873870906
4ODR,6.9727996873870906
5RKL,6.9727996873870906
7WMM,6.9727996873870906
7WNV,6.9727996873870906
5VD5,6.9727996873870906
4NGA,6.9727996873870906
4IM2,6.9727996873870906
7FVE,6.9727996873870906
8YP5,6.9727996873870906
6TFV,6.9727996873870906
3DT3,6.9727996873870906
5U3U,6.9727996873870906
7EVJ,6.9727996873870906
3ZXT,6.9727996873870906
3ZLO,6.9727996873870906
5IN5,6.9727996873870906
4BQG,6.9727996873870906
1Q3F,6.9727996873870906
1DWD,6.9727996873870906
9JD4,6.9727996873870906
3FMJ,6.9727996873870906
7ZXB,6.9727996873870906
4APD,6.9727996873870906
8T4M,6.9727996873870906
5NMM,6.9727996873870906
1WOK,6.9727996873870906
5L2Y,6.9727996873870906
5WUK,6.9727996873870906
3M4H,6.9727996873870906
6X83,6.9727996873870906
1EVR,6.9727996873870906
6QZR,6.9727996873870906
7VNQ,6.9727996873870906
7QJU,6.9727996873870906
1M49,6.9727996873870906
3F66,6.9727996873870906
1GIH,6.9727996873870906
7CBX,6.9727996873870906
5QIX,6.9727996873870906
7P3B,6.9727996873870906
7FV1,6.9727996873870906
5IZQ,6.9727996873870906
8JTT,6.9727996873870906
7VNR,6.9727996873870906
6KXY,6.9727996873870906
1T65,6.9727996873870906
5HM0,6.9727996873870906
6TR5,6.9727996873870906
1KTS,6.9727996873870906
4QFZ,6.9727996873870906
2QZO,6.9727996873870906
6T2D,6.9727996873870906
6SNW,6.9727996873870906
2JG4,6.9727996873870595
6H22,6.9727996873870906
7AAZ,6.9727996873870906
5Q0J,6.9727996873870906
4FSM,6.9727996873870906
4ODE,6.9727996873870906
7EM5,6.9727996873870906
5DRM,6.9727996873870906
8U2E,6.9727996873870906
8OKU,6.9727996873870906
5IA3,6.9727996873870906
7AVX,6.9727996873870906
8J61,6.9727996873870906
6TW2,6.9727996873870906
5S80,6.9727996873870906
5KR9,6.9727996873870906
7M0K,6.9727996873870906
7EZF,6.9727996873870906
5Z8Z,6.9727996873870906
5UC4,6.9727996873870906
5DDB,6.9727996873870906
4RBL,6.9727996873870906
6DHC,6.9727996873870906
4ZN7,6.9727996873870906
4MGD,6.9727996873870906
6LG8,6.9727996873870906
7M45,6.9727996873870906
8P77,6.9727996873870906
3CGF,6.9727996873870906
3Q4T,6.9727996873870906
7A2H,6.9727996873870906
6TI8,6.9727996873870906
7G87,6.9727996873870906
7R9T,6.9727996873870906
5KOT,6.9727996873870906
5SCJ,6.9727996873870906
5IA0,6.9727996873870906
4OAS,6.9727996873870906
4U43,6.9727996873870906
4BAO,6.9727996873870906
9L3T,6.9727996873870906
5GTY,6.9727996873870906
1ND5,6.9727996873870906
4JV9,6.9727996873870906
7MIG,6.9727996873870906
8P70,6.9727996873870906
5TYV,6.9727996873870906
8DZQ,6.9727996873870906
3O64,6.9727996873870906
6YLL,6.9727996873870906
8A9G,6.9727996873870906
5UU1,6.9727996873870906
4XXS,6.9727996873870906
3V9T,6.9727996873870906
4XUC,6.9727996873870906
2CDZ,6.9727996873870906
9CHX,6.9727996873870906
6O8C,6.9727996873870906
7VFU,6.9727996873870906
3DDQ,6.9727996873870906
6S1B,6.9727996873870906
3L1B,6.9727996873870906
8CQL,6.9727996873870906
2BAK,6.9727996873870906
6I3S,6.9727996873870906
5RK6,6.9727996873870906
7LTT,6.9727996873870906
4LWE,6.9727996873870906
3X0A,6.9727996873870906
7UL3,6.9727996873870906
5JWL,6.9727996873870906
8Q6G,6.9727996873870906
8DUB,6.9727996873870906
6YXI,6.9727996873870906
6MWR,6.9727996873870906
8RBC,6.9727996873870906
5LS1,6.9727996873870906
3DZY,6.9727996873870906
6YEA,6.9727996873870906
7U8V,6.9727996873870906
3EAX,6.9727996873870906
6X3Y,6.9727996873870906
5KRC,6.9727996873870906
7L9A,6.9727996873870906
4FCR,6.9727996873870906
6XD3,6.9727996873870906
5Q0R,6.9727996873870906
4GZM,6.9727996873870906
6PNX,6.9727996873870906
4ZWE,6.9727996873870906
5L30,6.9727996873870906
1YXX,6.9727996873870906
7QK4,6.9727996873870906
8J5W,6.9727996873870906
5RJU,6.9727996873870906
3G6Z,6.9727996873870906
8GMD,6.9727996873870906
4UYA,6.9727996873870906
6JX0,6.9727996873870906
7KVZ,6.9727996873870906
3BEG,6.9727996873870906
8VO4,6.9727996873870906
9BCV,6.9727996873870906
5FQV,6.9727996873870906
2WTV,6.9727996873870906
8C13,6.9727996873870906
1LQ8,6.9727996873870906
8QHQ,6.9727996873870906
5ED1,6.9727996873870906
5TLG,6.9727996873870906
6QY9,6.9727996873870906
5DEU,6.9727996873870906
1AWF,6.9727996873870906
4ANS,6.9727996873870906
4XBM,6.9727996873870906
2Q8S,6.9727996873870906
3QGY,6.9727996873870906
7AW0,6.9727996873870906
8CSG,6.9727996873870906
3QTF,6.9727996873870906
5KHM,6.9727996873870906
7HBL,6.9727996873870906
5S7Q,6.9727996873870906
6FRF,6.9727996873870906
3C0G,6.9727996873870906
6I29,6.9727996873870906
7KTB,6.9727996873870906
7T4V,6.9727996873870906
7MDP,6.9727996873870906
6VQM,6.9727996873870906
8PO1,6.9727996873870906
5ZYJ,6.9727996873870906
4YKT,6.9727996873870906
6TEZ,6.9727996873870906
7M05,6.9727996873870906
6N0Q,6.9727996873870906
8TSA,6.9727996873870906
8XB1,6.9727996873870906
4OD9,6.9727996873870906
5QIF,6.9727996873870906
4EGI,6.9727996873870906
6K3E,6.9727996873870906
8J3W,6.9727996873870906
6VF2,6.9727996873870906
7UL2,6.9727996873870906
3HY8,6.9727996873870906
5WTC,6.9727996873870906
3UUC,6.9727996873870906
8B34,6.9727996873870906
3QT0,6.9727996873870906
3L4V,6.9727996873870906
7GTF,6.9727996873870906
3TKM,6.9727996873870906
3QCH,6.9727996873870906
5DZH,6.9727996873870906
3QQU,6.9727996873870906
8EWV,6.9727996873870906
7T2X,6.9727996873870906
5Q19,6.9727996873870906
5TTO,6.9727996873870906
7OVI,6.9727996873870906
4EK5,6.9727996873870906
9NC2,6.9727996873870906
6CZN,6.9727996873870906
2FIR,6.9727996873870906
2VWZ,6.9727996873870906
4SKN,6.9727996873870906
6S8X,6.9727996873870906
4UBA,6.9727996873870906
6RL6,6.9727996873870906
5HIE,6.9727996873870906
1GI7,6.9727996873870906
6AFI,6.9727996873870906
7NM9,6.9727996873870906
7X0T,6.9727996873870906
5QDQ,6.9727996873870906
6A1G,6.9727996873870906
5ZYG,6.9727996873870906
6WK0,6.9727996873870906
2QXM,6.9727996873870906
5OOR,6.9727996873870906
4NR6,6.9727996873870906
7R04,6.9727996873870906
4KSY,6.9727996873870906
8P4Z,6.9727996873870906
5YCN,6.9727996873870906
3RML,6.9727996873870906
6PCW,6.9727996873870906
9D5J,6.9727996873870906
3C27,6.9727996873870906
5FEQ,6.9727996873870906
7N9G,6.9727996873870906
6FIT,6.9727996873870906
5PAT,6.9727996873870906
4OKT,6.9727996873870906
5UVU,6.9727996873870906
5UG9,6.9727996873870906
7MXC,6.9727996873870906
7BDT,6.9727996873870906
7D42,6.9727996873870906
4FM7,6.9727996873870906
5ULW,6.9727996873870906
4DCH,6.9727996873870906
6CHW,6.9727996873870906
4FKG,6.9727996873870906
9JDG,6.9727996873870906
4C52,6.9727996873870906
7T0P,6.9727996873870906
3ZEW,6.9727996873870906
4Y16,6.9727996873870906
5S9C,6.9727996873870906
5TQF,6.9727996873870906
2G1R,6.9727996873870906
7ORT,6.9727996873870906
7HB7,6.9727996873870906
4OAV,6.9727996873870906
5ENJ,6.9727996873870906
6V8B,6.9727996873870906
5YQZ,6.9727996873870906
5QIY,6.9727996873870906
5WNG,6.9727996873870906
4YK0,6.9727996873870906
4Q50,6.9727996873870906
1G1Q,6.9727996873870906
8FXE,6.9727996873870906
7EFJ,6.9727996873870906
3NUP,6.9727996873870906
8R58,6.9727996873870906
1WUU,6.9727996873870906
7Z77,6.9727996873870906
8JVI,6.9727996873870906
7K6N,6.9727996873870906
7LW1,6.9727996873870906
3GHT,6.9727996873870906
1XQC,6.9727996873870906
4QFX,6.9727996873870906
5AOM,6.9727996873870906
6XDS,6.9727996873870906
8EXL,6.9727996873870906
3OSA,6.9727996873870906
1GZZ,6.9727996873870906
7Y7Y,6.9727996873870906
8CYI,6.9727996873870906
2ZM3,6.9727996873870906
8CD0,6.9727996873870906
7UP4,6.9727996873870906
5CP9,6.9727996873870906
3NC2,6.9727996873870906
5NU3,6.9727996873870906
8WF6,6.9727996873870906
5RJT,6.9727996873870906
4JVR,6.9727996873870906
7AAB,6.9727996873870906
2X4F,6.9727996873870906
5OD7,6.9727996873870906
6YWB,6.9727996873870906
7REC,6.9727996873870906
6CYG,6.9727996873870906
1D8E,6.9727996873870906
8B4W,6.9727996873870906
7N7N,6.9727996873870906
7YNL,6.9727996873870906
6D0F,6.9727996873870906
6HEV,6.9727996873870906
7SCE,6.9727996873870906
6V80,6.9727996873870906
6T2F,6.9727996873870906
1HE2,6.9727996873870906
7F29,6.9727996873870906
9BLH,6.9727996873870906
4IVW,6.9727996873870906
5J7G,6.9727996873870906
4J51,6.9727996873870906
8PQI,6.9727996873870906
5TMM,6.9727996873870906
5LR1,6.9727996873870906
9EK7,6.9727996873870906
5UBR,6.9727996873870906
7R9Z,6.9727996873870906
5NDD,6.9727996873870906
5ZYH,6.9727996873870906
5MQE,6.9727996873870906
8STH,6.9727996873870906
6RJQ,6.9727996873870906
3C3A,6.9727996873870906
7X3L,6.9727996873870906
9CGA,6.972799686811723
6FVG,6.9727996873870906
5EYM,6.9727996873870906
3F1Q,6.9727996873870906
8IRT,6.9727996873870906
5MO6,6.9727996873870906
4QSB,6.9727996873870906
5S9G,6.9727996873870906
1HE3,6.9727996873870906
2QLU,6.9727996873870906
4AQD,6.9727996873870906
7FSO,6.9727996873870906
7EL4,6.9727996873870906
5N4U,6.9727996873870906
1S2A,6.9727996873870906
4UZL,6.9727996873870906
5DVV,6.9727996873870906
8DUH,6.9727996873870906
7M5L,6.9727996873870906
4MDD,6.9727996873870906
8GLI,6.9727996873870906
7F7W,6.9727996873870906
2P4I,6.9727996873870906
7Z4V,6.9727996873870906
6N7B,6.9727996873870906
7M18,6.9727996873870906
7WX2,6.9727996873870906
4AYX,6.9727996873870906
5NOT,6.9727996873870906
2FAP,6.9727996873870906
7R9P,6.9727996873870906
7BGC,6.9727996873870906
5KAE,6.9727996873870906
6HDR,6.9727996873870906
9FRE,6.9727996873870906
7CIL,6.9727996873870906
5KTU,6.9727996873870906
6A60,6.9727996873870906
6UF0,6.9727996873870906
9FS4,6.9727996873870906
4NFN,6.9727996873870906
3UUD,6.9727996873870906
3OFM,6.9727996873870906
2L85,6.9727996873870906
3GV7,6.9727996873870906
1RY8,6.9727996873870906
8FP3,6.9727996873870906
6T7Q,6.9727996873870906
7DUA,6.9727996873870906
7Q8V,6.9727996873870906
1ZGY,6.9727996873870906
5W9D,6.9727996873870906
4GZ6,6.9727996873870906
7EJA,6.9727996873870906
7UKW,6.9727996873870906
5LPK,6.9727996873870906
5RJQ,6.9727996873870906
6OOY,6.9727996873870906
4NA9,6.9727996873870906
1UOM,6.9727996873870906
6DHA,6.9727996873870906
5ZXI,6.9727996873870906
6YID,6.9727996873870906
1LHC,6.9727996873870906
6PCK,6.9727996873870906
6Z59,6.9727996873870906
7T4T,6.9727996873870906
6WW8,6.9727996873870906
8PAS,6.9727996873870906
5DXK,6.9727996873870906
8C1G,6.9727996873870906
6TLW,6.9727996873870906
5D3F,6.9727996873870906
4YKZ,6.9727996873870906
5ANE,6.9727996873870906
8HUP,6.9727996873870906
6A5Y,6.9727996873870906
5A7C,6.9727996873870906
7QGP,6.9727996873870906
3IW6,6.9727996873870906
6AAR,6.9727996873870906
5DMC,6.9727996873870906
3U3O,6.9727996873870906
4GFG,6.9727996873870906
7FVH,6.9727996873870906
2V7O,6.9727996873870906
6EJ3,6.9727996873870906
5QFK,6.9727996873870906
2OHF,6.9727996873870906
2CNI,6.9727996873870906
8AEU,6.9727996873870906
1SJ0,6.9727996873870906
6SYW,6.9727996873870906
5CEQ,6.9727996873870906
8SO2,6.9727996873870906
6YG5,6.9727996873870906
4ZHX,6.9727996873870906
4TWO,6.9727996873870906
4B8W,6.9727996873870906
4AAA,6.9727996873870906
6DNK,6.9727996873870906
5RKM,6.9727996873870906
7FTD,6.9727996873870906
6NTM,6.9727996873870906
5UFW,6.9727996873870906
8V79,6.9727996873870906
5TE1,6.9727996873870906
3INW,6.9727996873870906
7YNF,6.9727996873870906
3BGZ,6.9727996873870906
7Y0A,6.9727996873870906
4AOJ,6.9727996873870906
7M0A,6.9727996873870906
7AK2,6.9727996873870906
7FT5,6.9727996873870906
4PXM,6.9727996873870906
3OD0,6.9727996873870906
4TO3,6.9727996873870906
6LN5,6.9727996873870906
7X6I,6.9727996873870906
3FLI,6.9727996873870906
6NUQ,6.9727996873870906
2YKJ,6.9727996873870906
2LP8,6.9727996873870906
7OY6,6.9727996873870906
8X8Z,6.9727996873870906
7WGQ,6.9727996873870906
6TE2,6.9727996873870906
4L7S,6.9727996873870906
8P6V,6.9727996873870906
4LXK,6.9727996873870906
2E3R,6.9727996873870906
5S92,6.9727996873870906
4E4K,6.9727996873870906
5Q0U,6.9727996873870906
6CIS,6.9727996873870906
7DHC,6.9727996873870906
4US2,6.9727996873870906
6Q3F,6.9727996873870906
6UWV,6.9727996873870906
1P4F,6.9727996873870906
6V2E,6.9727996873870906
6GVF,6.9727996873870906
8G8O,6.9727996873870906
5KMB,6.9727996873870906
5QIC,6.9727996873870906
9BGH,6.9727996873870906
6PJJ,6.9727996873870906
4QPL,6.9727996873870906
8AXZ,6.9727996873870906
7GS7,6.9727996873870906
5J1X,6.9727996873870906
2XVD,6.9727996873870906
8HDP,6.9727996873870906
7FH2,6.9727996873870906
2XE7,6.9727996873870906
2EVA,6.9727996873870906
4FZF,6.9727996873870906
6AFL,6.9727996873870906
2VJ7,6.9727996873870906
7B87,6.9727996873870906
7MFC,6.9727996873870906
9CJ4,6.9727996873870906
2PIU,6.9727996873870906
3MQL,6.9727996873870906
8XV9,6.9727996873870906
4B0O,6.9727996873870906
7BCM,6.9727996873870906
7SSM,6.9727996873870906
1G32,6.9727996873870906
7M2O,6.9727996873870906
7W9M,6.9727996873870906
5BNW,6.9727996873870906
2WAL,6.9727996873870906
4MGY,6.9727996873870906
7KSK,6.9727996873870906
7B35,6.9727996873870906
8ARX,6.9727996873870906
4YJP,6.9727996873870906
3U3K,6.9727996873870906
3V4A,6.9727996873870906
4QOC,6.9727996873870906
4XUS,6.9727996873870906
9DUQ,6.9727996873870906
8T1B,6.9727996873870906
5USS,6.9727996873870906
8C44,6.9727996873870906
8R9U,6.9727996873870906
3SXS,6.9727996873870906
1JVQ,6.9727996873870906
5FE0,6.9727996873870906
8FKO,6.9727996873870906
6RA5,6.9727996873870906
6FNK,6.9727996873870906
5Q0N,6.9727996873870906
5RKS,6.9727996873870906
5J6N,6.9727996873870906
7G86,6.9727996873870906
7Z5N,6.9727996873870906
5SWP,6.9727996873870906
7JYT,6.9727996873870906
6I6R,6.9727996873870906
3KMG,6.9727996873870906
3ONC,6.9727996873870906
8AAI,6.9727996873870906
7OPG,6.9727996873870906
6DLZ,6.9727996873870906
7RN6,6.9727996873870906
3R7M,6.9727996873870906
4QIN,6.9727996873870906
9CFI,6.972799686803255
8UTB,6.9727996873870906
8P04,6.9727996873870906
5XR9,6.9727996873870906
5P9M,6.9727996873870906
3FEP,6.9727996873870906
5VD2,6.9727996873870906
7BA7,6.9727996873870906
5TMV,6.9727996873870906
3VJH,6.9727996873870906
6GWE,6.9727996873870906
3ORX,6.9727996873870906
5KRI,6.9727996873870906
8UWL,6.9727996873870906
7NXJ,6.9727996873870906
7RS3,6.9727996873870906
7NA4,6.9727996873870906
5ZJW,6.9727996873870906
7KXQ,6.9727996873870906
5GRN,6.9727996873870906
8B3N,6.9727996873870906
2VWY,6.9727996873870906
6VIW,6.9727996873870906
1G3M,6.9727996873870906
2G0H,6.9727996873870906
4EFT,6.9727996873870906
2B1Z,6.9727996873870906
7BPY,6.9727996873870906
7Q9O,6.9727996873870906
7ZVU,6.9727996873870906
4AGQ,6.9727996873870906
2RFN,6.9727996873870906
7ZU1,6.9727996873870906
5TLP,6.9727996873870906
6D9H,6.9727996873870906
4OVV,6.9727996873870906
5KCC,6.9727996873870906
8EQ5,6.9727996873870906
8S0E,6.9727996873870906
8AHI,6.9727996873870906
5RKD,6.9727996873870906
3ADU,6.9727996873870906
6S26,6.9727996873870906
5VD9,6.9727996873870906
7ZVK,6.9727996873870906
4TNP,6.9727996873870906
3Q3T,6.9727996873870906
2B1V,6.9727996873870906
4ZP5,6.9727996873870906
3OSI,6.9727996873870906
2G0G,6.9727996873870906
8DEG,6.9727996873870906
6DM1,6.9727996873870906
2J7Y,6.9727996873870906
6L16,6.9727996873870906
7FXZ,6.9727996873870906
4GBP,6.9727996873870906
6Z4B,6.9727996873870906
8P6Y,6.9727996873870906
4IG7,6.9727996873870906
3D7T,6.9727996873870906
5O12,6.9727996873870906
2BBW,6.9727996873870906
1QFK,6.9727996873870906
5T21,6.9727996873870906
5JIZ,6.9727996873870906
8HID,6.9727996873870906
4LQM,6.9727996873870906
1YC4,6.9727996873870906
5A00,6.9727996873870906
2ZMD,6.9727996873870906
7G8Y,6.9727996873870906
6TLL,6.9727996873870906
4N4W,6.9727996873870906
6IGK,6.9727996873870906
7CJA,6.9727996873870906
9FL8,6.972799687386941
1ZEO,6.9727996873870906
7JXI,6.9727996873870906
5Q0Y,6.9727996873870906
6R7S,6.9727996873870906
4AKJ,6.9727996873870906
8R9S,6.9727996873870906
5W4X,6.9727996873870906
8FXN,6.9727996873870906
5DS3,6.9727996873870906
8DJE,6.9727996873870906
6NKP,6.9727996873870906
5VJA,6.9727996873870906
4KKH,6.9727996873870906
7WSM,6.9727996873870906
5ICN,6.9727996873870906
8P6W,6.9727996873870906
6CHZ,6.9727996873870906
2OO8,6.9727996873870906
3SGP,6.9727996873870906
6CQV,6.9727996873870906
4FKW,6.9727996873870906
1YC1,6.9727996873870906
7MII,6.9727996873870906
4FAL,6.9727996873870906
5MKX,6.9727996873870906
3E7C,6.9727996873870906
6LTI,6.9727996873870906
3CTH,6.9727996873870906
1NXK,6.9727996873870906
5LBZ,6.9727996873870906
7ER6,6.9727996873870906
2IZR,6.9727996873870906
5WZX,6.9727996873870906
5XR5,6.9727996873870906
2G5O,6.9727996873870906
3GJW,6.9727996873870906
9EVJ,6.9727996873870906
5HMK,6.9727996873870906
9DME,6.9727996873870906
6QY8,6.9727996873870906
7C7H,6.9727996873870906
8CTG,6.9727996873870906
5MJT,6.9727996873870906
4QDV,6.9727996873870906
3OLF,6.9727996873870906
5Q17,6.9727996873870906
7NNE,6.9727996873870906
7YL2,6.9727996873870906
5EHL,6.9727996873870906
6CM2,6.9727996873870906
3DBS,6.9727996873870906
3T10,6.9727996873870906
5DN2,6.972799687387004
7O1U,6.9727996873870906
6DGQ,6.9727996873870906
1I7I,6.9727996873870906
8AGJ,6.9727996873870906
5DI7,6.9727996873870906
5FQP,6.9727996873870906
2A1T,6.9727996873870906
5J6A,6.9727996873870906
1UYI,6.9727996873870906
4PFC,6.9727996873870906
6NRH,6.9727996873870906
5J20,6.9727996873870906
4JPG,6.9727996873870906
4F7N,6.9727996873870906
6XRN,6.9727996873870906
6EO7,6.9727996873870906
4M5S,6.9727996873870906
7FSH,6.9727996873870906
3HCR,6.9727996873870906
2Z9Z,6.9727996873870906
6ZUX,6.9727996873870906
6Z8V,6.9727996873870906
3EGK,6.9727996873870906
5FE3,6.9727996873870906
5A1P,6.9727996873870906
5EIT,6.9727996873870906
8AV4,6.9727996873870906
6RWU,6.9727996873870906
4MRM,6.9727996873870906
3OOF,6.9727996873870906
7B3V,6.9727996873870906
5HQ5,6.9727996873870906
4BUZ,6.9727996873870906
6K0J,6.9727996873870906
7A4R,6.9727996873870906
8BM2,6.9727996873870906
4FPA,6.9727996873870906
6F0X,6.9727996873870906
5NYI,6.9727996873870906
4PF9,6.9727996873870906
6W7G,6.9727996873870906
6NQ0,6.9727996873870906
7BDH,6.9727996873870906
4EY5,6.9727996873870906
7FWE,6.9727996873870906
2BVR,6.9727996873870906
6VF6,6.9727996873870906
6PJX,6.9727996873870906
5AFG,6.9727996873870906
6FFG,6.9727996873870906
4OK1,6.9727996873870906
5DB2,6.9727996873870906
2WH5,6.9727996873870906
8FUP,6.9727996873870906
5N84,6.9727996873870906
4PZT,6.9727996873870906
7UJF,6.9727996873870906
7JQG,6.9727996873870906
7FY6,6.9727996873870906
4NH8,6.9727996873870906
5HZC,6.9727996873870906
3TY0,6.9727996873870906
6TEW,6.9727996873870906
6RSD,6.9727996873870906
6DUV,6.9727996873870906
4X8V,6.9727996873870906
5S7A,6.9727996873870906
7RLC,6.9727996873870906
7RLH,6.9727996873870906
7XH6,6.9727996873870906
5TMK,6.9727996873870906
7DHH,6.9727996873870906
7P2L,6.9727996873870906
6F82,6.9727996873870906
7ERK,6.9727996873870906
8WZH,6.9727996873870906
2UVX,6.9727996873870906
9B83,6.9727996873870906
5KD9,6.9727996873870906
8JP1,6.9727996873870906
3FXV,6.9727996873870906
1YSG,6.9727996873870906
5M8M,6.9727996873870906
7G8U,6.9727996873870906
4FT0,6.9727996873870906
4O7F,6.9727996873870906
2R2M,6.9727996873870906
7ERD,6.9727996873870906
6GXK,6.9727996873870906
7CMB,6.9727996873870906
2FWY,6.9727996873870906
7CMW,6.9727996873870906
1YPK,6.9727996873870906
2Z7Q,6.9727996873870906
3NR9,6.9727996873870906
6Y6N,6.9727996873870906
3J9F,6.9727996873870906
8P08,6.9727996873870906
6JMD,6.9727996873870906
6Q3W,6.9727996873870906
8JFK,6.9727996873870906
5S8D,6.9727996873870906
2E3Q,6.9727996873870906
7B4B,6.9727996873870906
8JF1,6.9727996873870906
3RHX,6.9727996873870906
6M92,6.9727996873870906
7FSJ,6.9727996873870906
7L9L,6.9727996873870906
6A93,6.9727996873870906
8P01,6.9727996873870906
3TH2,6.9727996873870906
5W8K,6.9727996873870906
4L96,6.9727996873870906
3HA8,6.9727996873870906
2VX0,6.9727996873870906
5H17,6.9727996873870906
5UAD,6.9727996873870906
7QPN,6.9727996873870906
6VGG,6.9727996873870906
4QO4,6.9727996873870906
7G0V,6.9727996873870906
8V6Z,6.9727996873870906
4ID7,6.9727996873870906
7FVG,6.9727996873870906
6YVM,6.9727996873870906
7FUW,6.9727996873870906
6FYO,6.9727996873870906
2WQO,6.9727996873870906
3L4T,6.9727996873870906
5WRQ,6.9727996873870906
1XP6,6.9727996873870906
5S99,6.9727996873870906
5A1G,6.9727996873870906
7FSN,6.9727996873870906
3P2B,6.9727996873870906
9AUC,6.9727996873870906
7DDZ,6.9727996873870906
6X28,6.9727996873870906
4NR4,6.9727996873870906
7AJ2,6.9727996873870906
6JOI,6.9727996873870906
6JUT,6.9727996873870906
8Q1Z,6.9727996873870906
7G94,6.9727996873870906
7FSX,6.9727996873870906
5I1Q,6.9727996873870906
5AJZ,6.9727996873870906
5Q0Z,6.9727996873870906
5AJQ,6.9727996873870906
2FL5,6.9727996873870906
7FZ1,6.9727996873870906
7FVM,6.9727996873870906
5ENN,6.9727996873870906
2YEK,6.9727996873870906
2FEQ,6.9727996873870906
2ATH,6.9727996873870906
8XU4,6.9727996873870906
2XZO,6.9727996873870906
3HM1,6.9727996873870906
6YVO,6.9727996873870906
7U36,6.9727996873870906
5VCY,6.9727996873870906
7RUY,6.9727996873870906
7VRI,6.9727996873870906
3VN2,6.9727996873870906
6FIO,6.9727996873870906
6Z2J,6.9727996873870906
2WIL,6.9727996873870906
6R3S,6.9727996873870906
7FV5,6.9727996873870906
4JS8,6.9727996873870906
8ZLO,6.9727996873870906
5LN2,6.9727996873870906
7LEM,6.9727996873870906
8B4V,6.9727996873870906
4NO7,6.9727996873870906
1DGG,6.9727996873870906
4DM8,6.9727996873870906
6FFI,6.9727996873870906
6VJD,6.9727996873870906
1OSF,6.9727996873870906
5RJM,6.9727996873870906
1GIJ,6.9727996873870906
8PT3,6.9727996873870906
5WRI,6.9727996873870906
3IDH,6.9727996873870906
5DUE,6.9727996873870906
7YAH,6.9727996873870906
7KSI,6.9727996873870906
7KFN,6.9727996873870906
7NIG,6.9727996873870906
8C3R,6.9727996873870906
7BIQ,6.9727996873870906
7FV9,6.9727996873870906
5SY3,6.9727996873870906
4TTB,6.9727996873870906
7A1Z,6.9727996873870906
3UFL,6.9727996873870906
5CU0,6.9727996873870906
4CWO,6.9727996873870906
4MG9,6.9727996873870906
3H3T,6.9727996873870906
7EPB,6.9727996873870906
6SNY,6.9727996873870906
6T6B,6.9727996873870906
7A5B,6.9727996873870906
1LD8,6.9727996873870906
6AY5,6.9727996873870906
7SFO,6.9727996873870906
6TNB,6.9727996873870906
6V5N,6.9727996873870906
7TYX,6.9727996873870906
2VV4,6.9727996873870906
6W1D,6.9727996873870906
1AHT,6.9727996873870906
7MIF,6.9727996873870906
8CQE,6.9727996873870906
3GUB,6.9727996873870906
6UL0,6.9727996873870906
3A61,6.9727996873870906
4EY7,6.9727996873870906
2QL6,6.9727996873870906
6AAM,6.9727996873870906
8UCB,6.9727996873870906
3EQP,6.9727996873870906
1TF0,6.9727996873870906
6UKZ,6.9727996873870906
7K2U,6.9727996873870906
7URF,6.9727996873870906
4KLN,6.9727996873870906
3LDP,6.9727996873870906
6EQP,6.9727996873870906
3DEK,6.9727996873870906
4F6W,6.9727996873870906
5ZYI,6.9727996873870906
4XUH,6.9727996873870906
8T1D,6.9727996873870906
3UQW,6.9727996873870906
5UY6,6.9727996873870906
7SIN,6.9727996873870906
8TU3,6.9727996873870906
5KKN,6.9727996873870906
7EM1,6.9727996873870906
7NPG,6.9727996873870906
8HV2,6.9727996873870906
1IHI,6.9727996873870906
2M9R,6.9727996873870906
2I4P,6.9727996873870906
7EHY,6.9727996873870906
7QDN,6.9727996873870906
6LTK,6.9727996873870906
7EVY,6.9727996873870906
6YOV,6.972799684294523
4AGU,6.9727996873870906
5MAI,6.9727996873870906
6Y4Q,6.9727996873870906
1DVS,6.9727996873870906
7F1Z,6.9727996873870906
6VNE,6.9727996873870906
6CWA,6.9727996873870906
8G2E,6.9727996873870906
7LF9,6.9727996873870906
3HMO,6.9727996873870906
7Z5W,6.9727996873870906
8GVJ,6.9727996873870906
7XIJ,6.9727996873870906
2IZU,6.9727996873870906
1DVA,6.9727996873870906
6X3U,6.9727996873870906
4PUW,6.9727996873870906
8BJU,6.9727996873870906
5JUY,6.9727996873870906
7DJO,6.9727996873870906
6NRJ,6.9727996873870906
6JLR,6.9727996873870906
3KJN,6.9727996873870906
7KT7,6.9727996873870906
5EBZ,6.9727996873870906
4F9Y,6.9727996873870906
5XDO,6.97279968493812
8QSE,6.9727996873870906
3APD,6.9727996873870906
5VD0,6.9727996873870906
6TN9,6.9727996873870906
6PAY,6.9727996873870906
3NTP,6.9727996873870906
7CP4,6.9727996873870906
7R7R,6.9727996873870906
8FCB,6.9727996873870906
1C1U,6.9727996873870906
4PWL,6.9727996873870906
9C55,6.9727996873870906
1XJ7,6.9727996873870906
7G8N,6.9727996873870906
5JCO,6.9727996873870906
6A5Z,6.9727996873870906
4RH7,6.9727996873870906
2VX1,6.9727996873870906
5SAW,6.9727996873870906
8BQ4,6.9727996873870906
5MPK,6.9727996873870906
5I3X,6.9727996873870906
5ISO,6.9727996873870906
6S75,6.9727996873870906
5DWJ,6.9727996873870906
4WMU,6.9727996873870906
5AA9,6.9727996873870906
2QZK,6.9727996873870906
3QGW,6.9727996873870906
6D20,6.9727996873870906
8C0C,6.9727996873870906
6TN8,6.972799687387086
5FXQ,6.9727996873870906
6VKO,6.9727996873870906
4CMO,6.9727996873870906
5RJO,6.9727996873870906
5LAX,6.9727996873870906
6Q4G,6.9727996873870906
3UU7,6.9727996873870906
4BZB,6.9727996873870906
5L2S,6.9727996873870906
3GCS,6.9727996873870906
6JF0,6.9727996873870906
2XMY,6.9727996873870906
7SUG,6.9727996873870906
8UUD,6.9727996873870906
2CLQ,6.9727996873870906
3B1M,6.9727996873870906
3KVL,6.9727996873870906
5FBQ,6.9727996873870906
4EUU,6.9727996873870906
7AJY,6.9727996873870906
7CP3,6.9727996873870906
2JH5,6.9727996873870906
3BFX,6.9727996873870906
6HK6,6.9727996873870906
3RGF,6.9727996873870906
1FKJ,6.9727996873870906
6ZRD,6.9727996873870906
1Y8Y,6.9727996873870906
6BKU,6.9727996873870906
5XFJ,6.9727996873870906
1X98,6.9727996873870906
5K75,6.9727996873870906
3QIC,6.9727996873870906
3HG5,6.9727996873870906
4NEJ,6.9727996873870906
2A98,6.9727996873870906
8HNN,6.9727996873870906
3H0V,6.9727996873870906
9BRE,6.9727996873870906
9ET2,6.9727996873870906
4CRS,6.9727996873870906
5O9H,6.9727996873870906
7K1F,6.9727996873870906
8FY1,6.9727996873870906
5CEP,6.9727996873870906
6ZZ1,6.9727996873870906
7JHD,6.9727996873870906
4CWS,6.9727996873870906
8UBW,6.9727996873870906
5TOL,6.9727996873870906
7Z61,6.9727996873870906
5KZ0,6.9727996873870906
3SHE,6.9727996873870906
6KZD,6.9727996873870906
6CJE,6.9727996873870906
7G8O,6.9727996873870906
7YL1,6.9727996873870906
8FKF,6.9727996873870906
1B0F,6.9727996873870906
3WQ9,6.9727996873870906
3DCU,6.9727996873870906
2Y1Y,6.9727996873870906
4XO6,6.9727996873870906
6Z57,6.9727996873870906
7VCU,6.9727996873870906
2R3M,6.9727996873870906
5AK0,6.9727996873870906
8BXS,6.9727996873870906
7E5F,6.9727996873870906
8ADM,6.9727996873870906
8BZD,6.9727996873870906
8PTX,6.9727996873870906
5DZ0,6.9727996873870906
8BW4,6.9727996873870906
6FD4,6.9727996873870906
6FMK,6.9727996873870906
8FKD,6.9727996873870906
3LMP,6.9727996873870906
8S0C,6.9727996873870906
7TVA,6.9727996873870906
8UBY,6.9727996873870906
7VCT,6.9727996873870906
3G6X,6.9727996873870906
6VQL,6.9727996873870906
8RCE,6.9727996873870906
6FNB,6.9727996873870906
3MNR,6.9727996873870906
6N3N,6.9727996873870906
2WF3,6.9727996873870906
4G1W,6.9727996873870906
8PUY,6.9727996873870906
5BT3,6.9727996873870906
4IV4,6.9727996873870906
7Y28,6.9727996873870906
3TX7,6.9727996873870906
8W42,6.9727996873870906
8PQL,6.9727996873870906
7ERC,6.9727996873870906
8IO0,6.9727996873870906
5TLT,6.9727996873870906
7AW2,6.9727996873870906
3IN3,6.9727996873870906
8SS3,6.9727996873870906
2H9T,6.9727996873870906
8V6X,6.9727996873870906
5N4X,6.9727996873870906
3H67,6.9727996873870906
5DK9,6.9727996873870906
5LO6,6.9727996873870906
5MAG,6.9727996873870906
7NZN,6.9727996873870906
2YJC,6.9727996873870906
2Q11,6.9727996873870906
8X2L,6.9727996873870906
4USF,6.9727996873870906
4O7A,6.9727996873870906
4RC3,6.9727996873870906
9BPY,6.9727996873870906
3HCO,6.9727996873870906
4ZXY,6.9727996873870906
1W2K,6.9727996873870906
7AM9,6.9727996873870906
6B99,6.9727996873870906
8T45,6.9727996873870906
7R7K,6.9727996873870906
7TVB,6.9727996873870906
5FA6,6.9727996873870906
5T4F,6.9727996873870906
4D2M,6.9727996873870906
6BHV,6.9727996873870906
5IGL,6.9727996873870906
5VD8,6.9727996873870906
5S8L,6.9727996873870906
6UYA,6.9727996873870906
5TNB,6.9727996873870906
1W0Y,6.9727996873870906
6XXJ,6.9727996873870906
7K7O,6.9727996873870906
4EQ1,6.9727996873870906
6OP0,6.9727996873870906
7G0P,6.9727996873870906
5HF9,6.9727996873870906
8RBB,6.9727996873870906
8EV2,6.9727996873870906
4OKW,6.9727996873870906
3ET1,6.9727996873870906
3HZ5,6.9727996873870906
9B4L,6.9727996873870906
4I5C,6.9727996873870906
5S8N,6.9727996873870906
6SQM,6.9727996873870906
5U46,6.9727996873870906
8C1Y,6.9727996873870906
3P70,6.9727996873870906
7VWG,6.9727996873870906
5S7L,6.9727996873870906
5LAV,6.9727996873870906
4DQM,6.9727996873870906
1OZ1,6.9727996873870906
4QXP,6.9727996873870906
5AV3,6.9727996873870906
7E2G,6.9727996873870906
7NMW,6.9727996873870906
4TNX,6.9727996873870906
5ICK,6.9727996873870906
2WA3,6.9727996873870906
5RK7,6.9727996873870906
5F5Z,6.9727996873870906
3FLY,6.9727996873870906
5VCZ,6.9727996873870906
5U42,6.9727996873870906
5S8G,6.9727996873870906
5TN8,6.9727996873870906
6LO2,6.9727996873870906
8P45,6.9727996873870906
7RY1,6.9727996873870906
2QR9,6.9727996873870906
8AGI,6.9727996873870906
3SOC,6.9727996873870906
2VSR,6.9727996873870906
8DUS,6.9727996873870906
8PQH,6.9727996873870906
8BYG,6.9727996873870906
6IZN,6.9727996873870906
6SIN,6.9727996873870906
4U9A,6.9727996873870906
2AH9,6.9727996873870906
7BGR,6.9727996873870906
1XP9,6.9727996873870906
4Q6R,6.9727996873870906
8STE,6.9727996873870906
7Y1G,6.9727996873870906
4FC7,6.9727996873870906
5AOL,6.9727996873870906
3EQR,6.9727996873870906
5CA7,6.9727996873870906
3VRJ,6.9727996873870906
6EO9,6.9727996873870906
7FV0,6.9727996873870906
7UP8,6.9727996873870906
4G55,6.9727996873870906
7FHS,6.9727996873870906
5TLU,6.9727996873870906
6ELP,6.9727996873870906
8PBO,6.9727996873870906
6KAY,6.9727996873870906
6HR2,6.9727996873870906
5DU5,6.9727996873870906
3G9E,6.9727996873870906
5KZ8,6.9727996873870906
7RV0,6.9727996873870906
6THX,6.9727996873870906
3L4Z,6.9727996873870906
3LBL,6.9727996873870906
4FT5,6.9727996873870906
9FFC,6.9727996873870906
2HWR,6.9727996873870906
7VSG,6.9727996873870906
4M15,6.9727996873870906
5EMK,6.9727996873870906
7K6M,6.9727996873870906
2PIW,6.9727996873870906
6QTG,6.9727996873870906
4MG8,6.9727996873870906
3VS2,6.9727996873870906
5U6P,6.9727996873870906
8R4Q,6.9727996873870906
7OAJ,6.9727996873870906
3L4Y,6.9727996873870906
5XFF,6.9727996873870906
6QGJ,6.9727996873870906
7G0Q,6.9727996873870906
8GUA,6.9727996873870906
6KTN,6.9727996873870906
7G1L,6.9727996873870906
5J82,6.9727996873870906
7ZI0,6.9727996873870906
6XBL,6.9727996873870906
8EDW,6.9727996873870906
3OKH,6.9727996873870906
6OSP,6.9727996873870906
4OGT,6.9727996873870906
6UQF,6.9727996873870906
6CCF,6.9727996873870906
5LJJ,6.9727996873870906
8BZP,6.9727996873870906
2VJ0,6.9727996873870906
9CHV,6.9727996873870906
7ULJ,6.9727996873870906
8G1F,6.9727996873870906
5KMC,6.9727996873870906
8ONE,6.9727996873870906
4YT7,6.9727996873870906
8TWY,6.9727996873870906
3H3S,6.9727996873870906
8QCD,6.9727996873870906
1YPJ,6.9727996873870906
3DDS,6.9727996873870906
2HWQ,6.9727996873870906
6MS7,6.9727996873870906
9IOL,6.9727996873870906
8F0J,6.9727996873870906
6F08,6.9727996873870906
5U5T,6.9727996873870906
6FIQ,6.9727996873870906
4L91,6.9727996873870906
3UUA,6.9727996873870906
7AOA,6.9727996873870906
6FQO,6.9727996873870906
3C39,6.9727996873870906
3HLL,6.9727996873870906
5ZQM,6.9727996873870906
3C5N,6.9727996873870906
6SQ0,6.9727996873870906
7FZP,6.9727996873870906
7LGS,6.9727996873870906
4PYP,6.9727996873870906
4W8E,6.9727996873870906
5RJL,6.9727996873870906
8PPC,6.9727996873870906
1QZU,6.9727996873870906
3P7Z,6.9727996873870906
6T41,6.9727996873870906
5UEW,6.9727996873870906
1W9Q,6.9727996873870906
2NZL,6.9727996873870906
4B0P,6.9727996873870906
4K7A,6.9727996873870906
7RS8,6.9727996873870906
3UP2,6.9727996873870906
1R5K,6.9727996873870906
4PMS,6.9727996873870906
5RKG,6.9727996873870906
4WGI,6.9727996873870906
5SAY,6.9727996873870906
3W16,6.9727996873870906
4JGD,6.9727996873870906
7PW7,6.9727996873870906
7BEP,6.9727996873870906
1PY2,6.9727996873870906
7FUV,6.9727996873870906
9F7X,6.9727996873870906
2IWI,6.972799687379343
8V8I,6.9727996873870906
8T50,6.9727996873870906
5SB1,6.9727996873870906
9B0U,6.9727996873870906
7LEL,6.9727996873870906
1GWX,6.9727996873870906
4AFQ,6.9727996873870906
8R4O,6.9727996873870906
8X7O,6.9727996873870906
7N3U,6.9727996873870906
5Q0T,6.9727996873870906
8EFG,6.9727996873870906
5I73,6.9727996873870906
4OQ3,6.9727996873870906
2POB,6.9727996873870906
3FSF,6.9727996873870906
1FFM,6.9727996873870906
3QE2,6.9727996873870906
5CRM,6.9727996873870906
6FQU,6.9727996873870906
7D73,6.9727996873870906
2FO0,6.9727996873870906
5FE1,6.9727996873870906
4R06,6.9727996873870906
3NSH,6.9727996873870906
7G0T,6.9727996873870906
3MJW,6.9727996873870906
8D96,6.9727996873870906
8X7G,6.9727996873870906
7KP9,6.9727996873870906
6YIK,6.9727996873870906
5DZ3,6.9727996873870906
8C2Z,6.9727996873870906
6VPF,6.9727996873870906
7FWH,6.9727996873870906
5QDP,6.9727996873870906
5O3H,6.9727996873870906
5DWR,6.9727996873870906
4ZFI,6.9727996873870906
6V8T,6.9727996873870906
4TNQ,6.9727996873870906
5WMA,6.9727996873870906
7U77,6.9727996873870906
6D09,6.9727996873870906
8QJS,6.9727996873870906
7BIR,6.9727996873870906
7SUF,6.9727996873870906
5U5K,6.9727996873870906
2F57,6.9727996873870906
5KRH,6.9727996873870906
2R6Y,6.9727996873870906
4NR5,6.9727996873870906
8QXJ,6.9727996873870906
7RR9,6.9727996873870906
3VJI,6.9727996873870906
2YJ2,6.9727996873870906
6Z56,6.9727996873870906
3EIO,6.9727996873870906
4QE8,6.9727996873870906
4J7X,6.9727996873870906
9LVX,6.9727996873870906
9EE8,6.9727996873870906
4LWF,6.9727996873870906
7RS0,6.9727996873870906
6K42,6.9727996873870906
5RJR,6.9727996873870906
3RUL,6.9727996873870906
5VXO,6.9727996873870906
5Y9M,6.9727996873870906
2XP5,6.9727996873870906
4X4S,6.9727996873870906
7NA1,6.9727996873870906
7AAX,6.9727996873870906
6U5L,6.9727996873870906
7JIU,6.9727996873870906
7VQG,6.972799687387094
7G98,6.9727996873870906
6EZA,6.9727996873870906
8G0L,6.9727996873870906
7G9D,6.9727996873870906
8OW2,6.9727996873870906
7LD3,6.9727996873870906
9FAW,6.9727996873869165
5XRD,6.9727996873870906
3L4X,6.9727996873870906
5TML,6.9727996873870906
3SI8,6.9727996873870906
4JQ3,6.9727996873870906
7C05,6.9727996873870906
6DM0,6.9727996873870906
7OBT,6.9727996873870906
2CHZ,6.9727996873870906
3KW5,6.9727996873870906
1TN6,6.9727996873870906
7E7O,6.9727996873870906
5WKI,6.9727996873870906
7RA0,6.9727996873870906
1M4A,6.9727996873870906
2Q5G,6.9727996873870906
2C47,6.9727996873870906
8TXZ,6.9727996873870906
5IEY,6.9727996873870906
8JVJ,6.9727996873870906
5QF3,6.9727996873870906
2JFA,6.9727996873870906
6MHD,6.9727996873870906
3SP9,6.9727996873870906
5Z58,6.9727996873870906
4DMA,6.9727996873870906
5RJN,6.9727996873870906
4L6S,6.9727996873870906
3LZ3,6.9727996873870906
5J0D,6.9727996873870906
2I16,6.9727996873870906
2HW7,6.9727996873870906
6DFO,6.9727996873870906
6YKY,6.9727996873870906
6PT3,6.9727996873870906
3KEH,6.9727996873870906
3JY0,6.9727996873870906
2VV0,6.9727996873870906
4R3M,6.9727996873870906
1E3G,6.9727996873870906
2I7N,6.9727996873870906
5EMN,6.9727996873870906
4TWN,6.9727996873870906
5UCJ,6.9727996873870906
1XQ3,6.9727996873870906
7G1H,6.9727996873870906
5O5R,6.9727996873870906
7OVL,6.9727996873870906
7NTC,6.9727996873870906
7G1K,6.9727996873870906
4RXP,6.9727996873870906
6FH5,6.9727996873870906
5TLO,6.9727996873870906
6S24,6.9727996873870906
3TJP,6.9727996873870906
5OMG,6.9727996873870906
3K8S,6.9727996873870906
5RKU,6.9727996873870906
7LFN,6.9727996873870906
7JNI,6.9727996873870906
6MA5,6.9727996873870906
5BQQ,6.9727996873870906
6X7U,6.9727996873870906
5VWZ,6.9727996873870906
5QQK,6.9727996873870906
2XYH,6.9727996873870906
7ZKL,6.9727996873870906
4FKT,6.9727996873870906
8TFA,6.9727996873870906
2Z9Y,6.9727996873870906
7EZP,6.9727996873870906
5M4M,6.9727996873870906
4Z07,6.9727996873870906
6ZOR,6.9727996873870906
6T3B,6.9727996873870906
6SQU,6.9727996873870906
5KCW,6.9727996873870906
7FRO,6.9727996873870906
3AHR,6.9727996873870906
2OMI,6.9727996873870906
1R5L,6.9727996873870906
7XNG,6.9727996873870906
7G8C,6.9727996873870906
2G44,6.9727996873870906
6IGL,6.9727996873870906
3EKO,6.9727996873870906
3H52,6.9727996873870906
6TES,6.9727996873870906
2Q6R,6.9727996873870906
5TM7,6.9727996873870906
3OSW,6.9727996873870906
4A9C,6.9727996873870906
4FTI,6.9727996873870906
6UEL,6.9727996873870906
3GHR,6.9727996873870906
5AIK,6.9727996873870906
8TBT,6.9727996873870906
4ERF,6.9727996873870906
3QFB,6.9727996873870906
6LR9,6.9727996873870906
5TWO,6.9727996873870906
3F9M,6.9727996873870906
3OXT,6.9727996873870906
7KVX,6.9727996873870906
3WE8,6.9727996873870906
5DBM,6.9727996873870906
5AQY,6.9727996873870906
8YH2,6.9727996873870906
6ETJ,6.9727996873870906
8JN8,6.9727996873870906
2YJ9,6.9727996873870906
7DBJ,6.9727996873870906
8XB3,6.9727996873870906
5FE5,6.9727996873870906
9FPX,6.9727996873870906
5FE2,6.9727996873870906
5N67,6.9727996873870906
4O6L,6.9727996873870906
4QXO,6.9727996873870906
5GTR,6.9727996873870906
7FX9,6.9727996873870906
7W9P,6.9727996873870906
7G8S,6.9727996873870906
6SGH,6.9727996873870906
8QNI,6.9727996873870906
7ZI2,6.9727996873870906
6I7K,6.9727996873870906
8BOG,6.9727996873870906
2Q5P,6.9727996873870906
4BF2,6.9727996873870906
7F3G,6.9727996873870906
7C2V,6.9727996873870906
7WSN,6.9727996873870906
2QFO,6.9727996873870906
6U9B,6.9727996873870906
3WE3,6.9727996873870906
2Q59,6.9727996873870906
5QFU,6.9727996873870906
7G9E,6.9727996873870906
6VRE,6.9727996873870906
8HE7,6.9727996873870906
1T49,6.9727996873870906
2ZZU,6.9727996873870906
2E3P,6.9727996873870906
7FSW,6.9727996873870906
2A2X,6.9727996873870906
5CR7,6.9727996873870906
7P3V,6.9727996873870906
7A4S,6.9727996873870906
2FLR,6.9727996873870906
8CPI,6.9727996873870906
6CK3,6.9727996873870906
7ZLO,6.9727996873870906
8EVA,6.9727996873870906
2Z8C,6.9727996873870906
1GJ9,6.9727996873870906
2HFP,6.9727996873870906
8P76,6.9727996873870906
4DZ5,6.9727996873870906
6FNJ,6.9727996873870906
8W4A,6.9727996873870906
6ZV8,6.9727996873870906
7YXN,6.9727996873870906
5H8X,6.9727996873870906
7WLL,6.9727996873870906
5S8K,6.9727996873870906
9EE9,6.9727996873870906
7KX8,6.9727996873870906
3NCL,6.9727996873870906
5TAR,6.9727996873870906
2HRR,6.9727996873870906
5J64,6.9727996873870906
5K72,6.9727996873870906
5KCU,6.9727996873870906
7REM,6.9727996873870906
7SZQ,6.9727996873870906
7OXB,6.9727996873870906
7WMQ,6.9727996873870906
8CNO,6.9727996873870906
6SZM,6.9727996873870906
6NCG,6.9727996873870906
5TLD,6.9727996873870906
5VBR,6.9727996873870906
2V0Z,6.9727996873870906
7EM6,6.9727996873870906
4IV2,6.9727996873870906
7L26,6.9727996873870906
7VCX,6.9727996873870906
5J27,6.9727996873870906
4ISG,6.9727996873870906
3CSF,6.97279968636575
5U28,6.9727996873870906
8V8U,6.9727996873870906
7UDP,6.9727996873870906
7G8H,6.9727996873870906
7AKA,6.9727996873870906
5K5E,6.9727996873870906
7JY4,6.9727996873870906
5AQF,6.9727996873870906
7AYI,6.9727996873870906
1H02,6.9727996873870906
6ITT,6.9727996873870906
7FT6,6.9727996873870906
5AQX,6.9727996873870906
1BYG,6.9727996873870906
7U2Z,6.9727996873870906
5UKF,6.9727996873870906
1Z57,6.9727996873870906
5QQN,6.9727996873870906
5S8S,6.9727996873870906
1XP1,6.9727996873870906
3VHC,6.9727996873870906
8BDO,6.9727996873870906
4OBA,6.9727996873870906
7A1Y,6.9727996873870906
7RYN,6.9727996873870906
5MWB,6.9727996873870906
1US0,6.9727996873870906
8C3Q,6.9727996873870906
2Q70,6.9727996873870906
6I3Y,6.9727996873870906
3PG7,6.9727996873870906
1GMO,6.9727996873870906
2J9H,6.9727996873870906
2G56,6.972799687387106
7Y8G,6.9727996873870906
5U44,6.9727996873870906
8FHF,6.9727996873870906
9FAQ,6.9727996873870906
1HKC,6.9727996873870906
3LEP,6.9727996873870906
6ICZ,6.9727996873870906
7NA2,6.9727996873870906
1WVY,6.9727996873870906
2BUB,6.9727996873870906
5TN1,6.9727996873870906
7ORF,6.9727996873870906
4YJR,6.9727996873870906
8PU0,6.9727996873870906
7NRL,6.9727996873870906
1BMM,6.9727996873870906
3H1V,6.9727996873870906
6XXK,6.9727996873870906
8W5C,6.9727996873870906
3R94,6.9727996873870906
5RK5,6.9727996873870906
5W8H,6.9727996873870906
1O86,6.9727996873870906
6S73,6.9727996873870906
5EQY,6.9727996873870906
5T4S,6.9727996873870906
1LK6,6.9727996873870906
7T47,6.9727996873870906
5U41,6.9727996873870906
6SCM,6.9727996873870906
6ELO,6.9727996873870906
6IL3,6.9727996873870906
6YQZ,6.9727996873870906
7FYO,6.9727996873870906
3VJM,6.9727996873870906
6WM2,6.9727996873870906
8JU6,6.9727996873870906
8PTY,6.9727996873870906
5O2B,6.9727996873870906
6NEC,6.9727996873870906
6TFY,6.9727996873870906
5FQS,6.9727996873870906
6PET,6.9727996873870906
8AQ1,6.9727996873870906
7L9P,6.9727996873870906
8FV4,6.9727996873870906
1YET,6.9727996873870906
6WOK,6.9727996873870906
3SKF,6.9727996873870906
3MTL,6.9727996873870906
6KEG,6.9727996873870906
8S99,6.9727996873870906
8FC8,6.9727996873870906
6O68,6.9727996873870906
5DLX,6.9727996873870906
1DWC,6.9727996873870906
5LSG,6.9727996873870906
3R2F,6.9727996873870906
7OVM,6.9727996873870906
5L2Z,6.9727996873870906
3OKI,6.9727996873870906
7XLQ,6.9727996873870906
5VEF,6.9727996873870906
1DAN,6.9727996873870906
8C8C,6.9727996873870906
4CWR,6.9727996873870906
6TTP,6.9727996873870906
4JVE,6.9727996873870906
8TYV,6.9727996873870906
4ZYC,6.9727996873870906
5TLM,6.9727996873870906
4D9U,6.9727996873870906
7B5O,6.9727996873870906
5VED,6.9727996873870906
4AGO,6.9727996873870906
6ZGO,6.9727996873870906
3O8U,6.9727996873870906
5U3Q,6.9727996873870906
2ZB2,6.9727996873870906
4HEE,6.9727996873870906
6HVJ,6.9727996873870906
8QYT,6.9727996873870906
6N0M,6.9727996873870906
5Q1E,6.9727996873870906
8JU5,6.9727996873870906
1XPC,6.9727996873870906
5RJX,6.9727996873870906
5C9C,6.9727996873870906
1UEJ,6.9727996873870906
2ZNP,6.9727996873870906
7CMU,6.9727996873870906
7RS1,6.9727996873870906
3PE2,6.9727996873870906
2F9N,6.9727996873870906
5XSR,6.9727996873870906
5SC9,6.9727996873870906
2ZNQ,6.9727996873870906
2QXS,6.9727996873870906
5LVR,6.9727996873870906
6WJ3,6.9727996873870906
7Y7W,6.9727996873870906
8UW9,6.9727996873870906
3DZI,6.9727996873870906
3DM6,6.9727996873870906
4X2J,6.9727996873870906
6UAB,6.9727996873870906
7MCE,6.9727996873870906
7S1N,6.9727996873870906
7MGZ,6.9727996873870906
7G1G,6.9727996873870906
8RPS,6.9727996873870906
5KRA,6.9727996873870906
5Q11,6.9727996873870906
5Q10,6.9727996873870906
8U5Q,6.9727996873870906
4UJ1,6.9727996873870906
7FWK,6.9727996873870906
3W10,6.9727996873870906
6KO5,6.9727996873870906
5WVE,6.9727996873870906
7OQU,6.9727996873870906
4UAL,6.9727996873870906
9N0X,6.9727996873870906
3FEC,6.9727996873870906
7KTI,6.9727996873870906
7WET,6.9727996873870906
7DFP,6.9727996873870906
6EL7,6.9727996873870906
5O38,6.9727996873870906
6EIS,6.9727996873870906
5OS7,6.9727996873870906
7KP8,6.9727996873870906
3FMN,6.9727996873870906
8RH8,6.9727996873870906
5RJY,6.9727996873870906
7MLK,6.9727996873870906
5DID,6.9727996873870906
5C1B,6.9727996873870906
7DL6,6.9727996873870906
4IW6,6.9727996873870906
6FDY,6.9727996873870906
6FNM,6.9727996873870906
7N9O,6.9727996873870906
1X7E,6.9727996873870906
8F0Q,6.9727996873870906
8P7L,6.9727996873870906
2AWH,6.9727996873870906
8S5W,6.9727996873870906
5QIT,6.9727996873870906
3ML9,6.9727996873870906
7G9H,6.9727996873870906
4C59,6.9727996873870906
7A53,6.9727996873870906
7SX4,6.9727996873870906
5U3Y,6.9727996873870906
8FLK,6.9727996873870906
7S84,6.9727996873870906
6UKU,6.9727996873870906
7FVI,6.9727996873870906
7UAD,6.9727996873870906
6MHB,6.9727996873870906
2Z7S,6.9727996873870906
6EKJ,6.9727996873870906
4R6E,6.9727996873870906
5YVB,6.9727996873870906
6YTD,6.9727996873870906
3TH3,6.9727996873870906
4O0X,6.9727996873870906
3FXI,6.9727996873870906
2YGQ,6.9727996873870906
1PXH,6.9727996873870906
7OPW,6.9727996873870906
5RKB,6.9727996873870906
4JQL,6.9727996873870906
8T8M,6.9727996873870906
6EIV,6.9727996873870906
6TSZ,6.9727996873870906
7Q8W,6.9727996873870906
5R8I,6.9727996873870906
8X7L,6.9727996873870906
6EYA,6.9727996873870906
7XM7,6.9727996873870906
8W9B,6.9727996873870906
2REW,6.9727996873870906
5EQP,6.9727996873870906
4QSA,6.9727996873870906
8AGL,6.9727996873870906
2YI1,6.9727996873870906
4YKU,6.9727996873870906
7W7E,6.9727996873870906
4M14,6.9727996873870906
5IMX,6.9727996873870906
5DXE,6.9727996873870906
5FE9,6.9727996873870906
3P88,6.9727996873870906
1DKF,6.9727996873870906
5Q1H,6.9727996873870906
4E4Q,6.9727996873870906
5EHJ,6.9727996873870906
4FR4,6.9727996873870906
1P93,6.9727996873870906
7OAI,6.9727996873870906
6EIQ,6.9727996873870906
8II0,6.9727996873870906
4X4O,6.9727996873870906
3IOL,6.9727996873870906
6FCF,6.9727996873870906
5AV2,6.9727996873870906
6EQQ,6.9727996873870906
6CD5,6.9727996873870906
5QIU,6.9727996873870906
8JSR,6.9727996873870906
5LCQ,6.9727996873870906
5DYD,6.9727996873870906
1Z28,6.9727996873870906
7G91,6.9727996873870906
3RLL,6.9727996873870906
5QD7,6.9727996873870906
6RNU,6.9727996873870906
2R3K,6.9727996873870906
7ALE,6.9727996873870906
3V9Y,6.9727996873870906
7K7Q,6.9727996873870906
5U40,6.9727996873870906
5QIH,6.9727996873870906
3QFC,6.9727996873870906
3CIC,6.9727996873870906
8DK4,6.9727996873870906
8R4U,6.9727996873870906
5ANL,6.9727996873870906
2A2D,6.9727996873870906
6GR2,6.9727996873870906
4GQ4,6.9727996873870906
5QID,6.9727996873870906
5EGU,6.9727996873870906
3D5E,6.9727996873870906
7MGK,6.9727996873870906
6SIS,6.9727996873870906
6TA0,6.9727996873870906
17GS,6.9727996873870906
4DES,6.9727996873870906
4IK7,6.9727996873870906
6Y6H,6.9727996873870906
2FJP,6.9727996873870906
2P0D,6.9727996873870906
5D26,6.9727996873870906
2W05,6.9727996873870906
7X2U,6.9727996873870906
3OCP,6.9727996873870906
4BBM,6.9727996873870906
1CB0,6.9727996873870906
4RC4,6.9727996873870906
8GT6,6.9727996873870906
6ZUG,6.9727996873870906
7MXH,6.9727996873870906
8G6T,6.9727996873870906
1UK1,6.9727996873870906
5U45,6.9727996873870906
7ZLN,6.9727996873870906
8GYO,6.9727996873870906
6B1O,6.9727996873870906
7R75,6.9727996873870906
7FV4,6.9727996873870906
8TF9,6.9727996873870906
6AFH,6.9727996873870906
4QD6,6.9727996873870906
3ZU1,6.9727996873870906
5NK4,6.9727996873870906
8FY0,6.9727996873870906
7L25,6.9727996873870906
8DV8,6.9727996873870906
5E1C,6.9727996873870906
5JWK,6.9727996873870906
7G92,6.9727996873870906
7DXL,6.9727996873870906
7JUZ,6.9727996873870906
7QUF,6.9727996873870906
3IIF,6.9727996873870906
8IK3,6.9727996873870906
8CHS,6.9727996873870906
5DI1,6.9727996873870906
7SOL,6.9727996873870906
8BWX,6.9727996873870906
5Q1A,6.9727996873870906
2A2Q,6.9727996873870906
3GN7,6.9727996873870906
5EWE,6.9727996873870906
5COR,6.9727996873870906
3OWB,6.9727996873870906
5S8J,6.9727996873870906
3AN4,6.9727996873870906
4WDW,6.9727996873870906
7FQN,6.9727996873870906
2VV2,6.9727996873870906
5Q0Q,6.9727996873870906
3BL7,6.9727996873870906
7B4E,6.9727996873870906
7GS8,6.9727996873870906
4CUD,6.9727996873870906
5OYF,6.9727996873870906
8WZK,6.9727996873870906
7G0Y,6.9727996873870906
7UJO,6.9727996873870906
5BO7,6.9727996873870906
1C9H,6.9727996873870906
2WOT,6.9727996873870906
8P0F,6.9727996873870906
8A5W,6.9727996873870906
4HXP,6.9727996873870906
1RV1,6.9727996873870906
4ZXX,6.9727996873870906
3B0Q,6.9727996873870906
7FW0,6.9727996873870906
2W2X,6.9727996873870906
5Z6S,6.9727996873870906
1KNU,6.9727996873870906
6YR9,6.9727996873870906
7FVR,6.9727996873870906
8FUG,6.9727996873870906
4LKT,6.9727996873870906
2QP4,6.9727996873870906
5CS5,6.9727996873870906
3HC5,6.9727996873870906
6ILQ,6.9727996873870906
1C4Y,6.9727996873870906
5ENE,6.9727996873870906
8QZ7,6.9727996873870906
8FY2,6.9727996873870906
6W2J,6.9727996873870906
4EZ7,6.9727996873870906
5F9O,6.9727996873870906
4JL4,6.9727996873870906
2H00,6.9727996873870906
2UW4,6.9727996873870906
2VV3,6.9727996873870906
6AFB,6.9727996873870906
3ERT,6.9727996873870906
7NRK,6.9727996873870906
5ZXB,6.9727996873870906
8X90,6.9727996873870906
1XW7,6.9727996873870906
4RPP,6.9727996873870906
5LNY,6.9727996873870906
8U2D,6.9727996873870906
6J7X,6.9727996873870906
5LRL,6.9727996873870906
5V60,6.9727996873870906
4RCH,6.9727996873870906
3T5F,6.9727996873870906
2ACL,6.9727996873870906
3ET2,6.9727996873870906
1O5C,6.9727996873870906
3ZWT,6.9727996873870906
3D6D,6.9727996873870906
4R4L,6.9727996873870906
2I5C,6.9727996873870906
2YJB,6.9727996873870906
5RKK,6.9727996873870906
7UP7,6.9727996873870906
5MUG,6.9727996873870906
8AWG,6.9727996873870906
5Q14,6.9727996873870906
7KT1,6.9727996873870906
7NXK,6.9727996873870906
4RWD,6.9727996873870906
5NKB,6.9727996873870906
7JWZ,6.9727996873870906
8BW2,6.9727996873870906
4RT7,6.9727996873870906
6BXY,6.9727996873870906
6AD9,6.9727996873870906
6LP8,6.9727996873870906
3A60,6.9727996873870906
4CV8,6.9727996873870906
3JVR,6.9727996873870906
6AFE,6.9727996873870906
3BE2,6.9727996873870906
5UFX,6.9727996873870906
5K56,6.9727996873870906
4IDQ,6.9727996873870906
4EMT,6.9727996873870906
7OBH,6.9727996873870906
4GSF,6.9727996873870906
5KMO,6.9727996873870906
7HB5,6.9727996873870906
8WZM,6.9727996873870906
6CIY,6.9727996873870906
2ANM,6.9727996873870906
7PW9,6.9727996873870906
1WTG,6.9727996873870906
5T1Z,6.9727996873870906
3JZK,6.9727996873870906
7JHJ,6.9727996873870906
7G1Y,6.9727996873870906
8ATY,6.9727996873870906
8V71,6.9727996873870906
3X06,6.9727996873870906
7BTT,6.9727996873870906
9FAU,6.9727996873869404
3IN8,6.9727996873870906
6L20,6.9727996873870906
3OWL,6.9727996873870906
7FV6,6.9727996873870906
8BWZ,6.9727996873870906
4X8S,6.9727996873870906
3LDX,6.9727996873870906
3OGJ,6.9727996873870906
5IKW,6.9727996873870906
7U8H,6.9727996873870906
6U99,6.9727996873870906
5Z02,6.9727996873870906
4A55,6.9727996873870906
4XII,6.9727996873870906
9CXG,6.9727996873870906
8SDF,6.9727996873870906
4PMP,6.9727996873870906
8YPZ,6.9727996873870906
4UXU,6.9727996873870906
6IB2,6.9727996873870906
7MSD,6.9727996873870906
4BCP,6.9727996873870906
2FIT,6.9727996873870906
4TTC,6.9727996873870906
5CP5,6.9727996873870906
7AJS,6.9727996873870906
6PYS,6.9727996873870906
3P1C,6.9727996873872975
2YN8,6.9727996873870906
6BU6,6.9727996873870906
6XNO,6.9727996873870906
5OXG,6.9727996873870906
3U6A,6.9727996873870906
6OWC,6.9727996873870906
4COF,6.9727996873870906
1QJ1,6.9727996873870906
6ZCQ,6.9727996873870906
5AZV,6.9727996873870906
6YLK,6.9727996873870906
7SJ3,6.9727996873870906
3GR4,6.9727996873870906
4IWF,6.9727996873870906
5FIT,6.9727996873870906
2EC9,6.9727996873870906
7FVP,6.9727996873870906
5CGD,6.9727996873870906
2ZND,6.9727996873870906
3WEF,6.9727996873870906
5X1W,6.9727996873870906
7MRG,6.9727996873870906
9CT3,6.9727996873870906
9DTQ,6.9727996873870906
6VWC,6.9727996873870906
5LAW,6.9727996873870906
7G8X,6.9727996873870906
5MQG,6.9727996873870906
3ENE,6.9727996873870906
7ZH8,6.9727996873870906
4O04,6.9727996873870906
4ZNV,6.9727996873870906
2JAW,6.9727996873870906
7FT4,6.9727996873870906
5HP2,6.9727996873870906
6J5Z,6.9727996873870906
7UGE,6.9727996873870906
4C3P,6.9727996873870906
1IB1,6.9727996873870906
4YC4,6.9727996873870906
5IPC,6.9727996873870906
6LUQ,6.9727996873870906
6GWR,6.9727996873870906
5C18,6.9727996873870906
7A55,6.9727996873870906
2PIX,6.9727996873870906
6AFG,6.9727996873870906
7OUB,6.9727996873870906
3HEK,6.9727996873870906
7U4R,6.9727996873870906
7FVA,6.9727996873870906
8R8E,6.9727996873870906
5Q1D,6.9727996873870906
3SXR,6.9727996873870906
6F2L,6.9727996873870906
2HI4,6.9727996873870906
4A4W,6.9727996873870906
5M8P,6.9727996873870906
9CBM,6.9727996873870906
4CVA,6.9727996873870906
8T5G,6.9727996873870906
5XR8,6.9727996873870906
6HD1,6.9727996873870906
8FYY,6.9727996873870906
4F9G,6.9727996873870906
1W7G,6.9727996873870906
6W45,6.9727996873870906
3VI8,6.9727996873870906
4CFH,6.9727996873870906
5DY8,6.9727996873870906
2Y1Z,6.9727996873870906
6P68,6.9727996873870906
6MA3,6.9727996873870906
5MRB,6.9727996873870906
3EPF,6.9727996873870906
7FSM,6.9727996873870906
7G07,6.9727996873870906
7NFB,6.9727996873870906
3L3L,6.9727996873870906
7WTB,6.9727996873870906
7JJG,6.9727996873870906
5XHY,6.9727996873870906
4CCU,6.9727996873870906
5VRZ,6.9727996873870906
7G1O,6.9727996873870906
6O9D,6.9727996873870906
7AAD,6.9727996873870906
3G8I,6.9727996873870906
3FME,6.9727996873870906
8F7V,6.9727996873870906
1LQF,6.9727996873870906
6HGH,6.9727996873870906
7FYH,6.9727996873870906
5RJK,6.9727996873870906
4NST,6.9727996873870906
6EIF,6.9727996873870906
9DF1,6.9727996873870906
7WQV,6.9727996873870906
4O0B,6.9727996873870906
5SXF,6.9727996873870906
1UKI,6.9727996873870906
1P5Z,6.9727996873870906
6BQP,6.9727996873870906
7CGP,6.9727996873870906
6MCZ,6.9727996873870906
2XYW,6.9727996873870906
6PC4,6.9727996873870906
6YDB,6.9727996873870906
7DSQ,6.9727996873870906
4D90,6.9727996873870906
7TD3,6.9727996873870906
7G8Z,6.9727996873870906
2R6W,6.9727996873870906
5MOW,6.9727996873870906
7AAY,6.9727996873870906
5NK2,6.9727996873870906
5S9A,6.9727996873870906
3QFR,6.9727996873870906
8IRS,6.9727996873870906
7KPA,6.9727996873870906
3FAA,6.9727996873870906
6AFF,6.9727996873870906
1L5R,6.9727996873870906
2D7I,6.9727996873870906
1XOW,6.9727996873870906
3ZC5,6.9727996873870906
3GCU,6.9727996873870906
2O02,6.9727996873870906
5TWY,6.9727996873870906
7V2J,6.9727996873870906
9CIV,6.9727996873870906
7ZTZ,6.9727996873870906
5XRE,6.9727996873870906
7FTB,6.9727996873870906
7WQS,6.9727996873870906
7S3P,6.9727996873870906
2UW0,6.9727996873870906
5FQT,6.9727996873870906
7UJ8,6.9727996873870906
9D61,6.9727996873870906
5SCF,6.9727996873870906
6RSB,6.9727996873870906
6NTG,6.9727996873870906
3JRX,6.9727996873870906
5DPV,6.9727996873870906
7S1S,6.9727996873870906
6LZL,6.9727996873870906
5DXH,6.9727996873870906
7O1Y,6.9727996873870906
5TET,6.9727996873870906
2XQI,6.9727996873870906
3HU1,6.9727996873870906
6IJR,6.9727996873870906
5HG8,6.9727996873870906
4ZGK,6.9727996873870906
6D3E,6.9727996873870906
6R6E,6.9727996873870906
1TKR,6.9727996873870906
3LQL,6.9727996873870906
5DXT,6.9727996873870906
6JEY,6.9727996873870906
3VW7,6.9727996873870906
4O9R,6.9727996873870906
9B3A,6.9727996873870906
5TQE,6.9727996873870906
3H3R,6.9727996873870906
7M0L,6.9727996873870906
6VMS,6.9727996873870906
8FXO,6.9727996873870906
3QX3,6.9727996873870906
7A4Z,6.9727996873870906
4HY6,6.9727996873870906
7A5L,6.9727996873870906
7KK3,6.9727996873870906
5LR7,6.9727996873870906
8PSY,6.9727996873870906
8DUC,6.9727996873870906
6DGO,6.9727996873870906
1GZR,6.9727996873870906
6D06,6.9727996873870906
1YIN,6.9727996873870906
5HBJ,6.9727996873870906
7AVL,6.9727996873870906
3Q95,6.9727996873870906
9ETB,6.9727996873870906
6R6J,6.9727996873870906
5TM2,6.9727996873870906
9DMC,6.9727996873870906
2G1O,6.9727996873870906
5DFD,6.9727996873870906
5TRF,6.9727996873870906
5W0E,6.9727996873870906
7UC6,6.9727996873870906
3B65,6.9727996873870906
6ZUW,6.9727996873870906
4TN6,6.9727996873870906
7LQ1,6.9727996873870906
6TO7,6.9727996873870906
5NWZ,6.9727996873870906
6DGL,6.9727996873870906
3LM0,6.9727996873870906
3R6I,6.9727996873870906
7G8L,6.9727996873870906
4PES,6.9727996873870906
1QIZ,6.9727996873870906
3BIV,6.9727996873870906
5LNZ,6.9727996873870906
5QCY,6.9727996873870906
3CF6,6.9727996873870906
2XQF,6.9727996873870906
5LPJ,6.9727996873870906
7G0G,6.9727996873870906
8G4A,6.9727996873870906
4UYD,6.9727996873870906
3T03,6.9727996873870906
6Q49,6.9727996873870906
7UHF,6.9727996873870906
7KIE,6.9727996873870906
8PPW,6.9727996873870906
5YVA,6.9727996873870906
5N68,6.9727996873870906
5WR0,6.9727996873870906
6UPF,6.9727996873870906
6YLC,6.9727996873870906
1WAY,6.9727996873870906
3FR0,6.9727996873870906
7E5G,6.9727996873870906
9GJ2,6.9727996873870906
7C7G,6.9727996873870906
2AYR,6.9727996873870906
1T9G,6.9727996873870906
8CDW,6.9727996873870906
7XHE,6.9727996873870906
7JXY,6.9727996873870906
7W5A,6.9727996873870906
4KS8,6.9727996873870906
2P2I,6.9727996873870906
7MH0,6.9727996873870906
2PRG,6.9727996873870906
5FQR,6.9727996873870906
5O4E,6.9727996873870906
5URU,6.9727996873870906
5J6M,6.9727996873870906
5C7G,6.9727996873870906
8W9W,6.9727996873870906
5NXD,6.9727996873870906
3LMY,6.9727996873870906
4AIY,6.9727996873870906
3RH6,6.9727996873870906
6GQ7,6.9727996873870906
6ZQS,6.9727996873870906
4F64,6.9727996873870906
2XJF,6.9727996873870906
7HA0,6.9727996873870906
7YAI,6.9727996873870906
3OS8,6.9727996873870906
3HYY,6.9727996873870906
5UCH,6.9727996873870906
7KAC,6.9727996873870906
5VC3,6.9727996873870906
5Q18,6.9727996873870906
7M0M,6.9727996873870906
3EPD,6.9727996873870906
6BSD,6.9727996873870906
2E5C,6.9727996873870906
6EDS,6.9727996873870906
4GWT,6.9727996873870906
2A2C,6.9727996873870906
8DUK,6.9727996873870906
1YI4,6.9727996873870906
6YB6,6.9727996873870906
8YHW,6.9727996873870906
5L4Q,6.9727996873870906
8PBP,6.9727996873870906
7WOX,6.9727996873870906
3RAW,6.9727996873870906
6SYT,6.9727996873870906
3L38,6.9727996873870906
6OMO,6.9727996873870906
7VFS,6.9727996873870906
3W2T,6.9727996873870906
6MD0,6.9727996873870906
7UJW,6.9727996873870906
7UPG,6.9727996873870906
3TPP,6.9727996873870906
7R4L,6.9727996873870906
8SC4,6.9727996873870906
2OZ7,6.9727996873870906
5KCE,6.9727996873870906
7RL7,6.9727996873870906
6WI2,6.9727996873870906
5QD5,6.9727996873870906
4HXO,6.9727996873870906
6APL,6.9727996873870906
4F9M,6.9727996873870906
4JV7,6.9727996873870906
1TGJ,6.972799687387113
7CCW,6.9727996873870906
3ORZ,6.9727996873870906
8FHD,6.9727996873870906
7YMJ,6.9727996873870906
7R4O,6.9727996873870906
7FYQ,6.9727996873870906
2XYX,6.9727996873870906
8HUN,6.9727996873870906
3SQ6,6.9727996873870906
3CBL,6.9727996873870906
7UJC,6.9727996873870906
7D0S,6.9727996873870906
7ONT,6.9727996873870906
5QEJ,6.9727996873870906
1WVX,6.9727996873870906
6Q8Z,6.9727996873870906
7W7Y,6.9727996873870906
6EI5,6.9727996873870906
4D88,6.9727996873870906
7NIZ,6.9727996873870906
7WQQ,6.9727996873870906
7JYR,6.9727996873870906
6PRT,6.9727996873870906
1DWB,6.9727996873870906
2F8A,6.9727996873870906
4P6W,6.9727996873870906
3HMI,6.9727996873870906
8VYJ,6.9727996873870906
7A4W,6.9727996873870906
8HMT,6.9727996873870906
3C7I,6.9727996873870906
4CV9,6.9727996873870906
4E4L,6.9727996873870906
5S8C,6.9727996873870906
7S9F,6.9727996873870906
8C1E,6.9727996873870906
5HNT,6.9727996873870906
5OWK,6.9727996873870906
5EQG,6.9727996873870906
8XSN,6.9727996873870906
6A94,6.9727996873870906
2AZ5,6.9727996873870906
4QQC,6.9727996873870906
2UZS,6.9727996873870906
4JS3,6.9727996873870906
3HU3,6.9727996873870906
1UVS,6.9727996873870906
6AWP,6.9727996873870906
2G2F,6.9727996873870906
8P6X,6.9727996873870906
4MQF,6.9727996873870906
6DDH,6.9727996873870906
7PWD,6.9727996873870906
7QUE,6.9727996873870906
1FKI,6.9727996873870906
5HYR,6.9727996873870906
7JX0,6.9727996873870906
4L94,6.9727996873870906
3L5B,6.9727996873870906
9D3C,6.9727996873870906
6MQ3,6.9727996873870906
3VUC,6.9727996873870906
7G93,6.9727996873870906
5U2B,6.9727996873870906
5UXH,6.9727996873870906
7VCV,6.9727996873870906
3MY0,6.9727996873870906
5ZYL,6.9727996873870906
8AQG,6.9727996873870906
7NRY,6.9727996873870906
3BLA,6.9727996873870906
5RKJ,6.9727996873870906
5S83,6.9727996873870906
7AKH,6.9727996873870906
7CR7,6.9727996873870906
6CJG,6.9727996873870906
5ABW,6.9727996873870906
4YH4,6.9727996873870906
5UVF,6.9727996873870906
6F7R,6.9727996873870906
2I0J,6.9727996873870906
4JYU,6.9727996873870906
7RP4,6.9727996873870906
5WA8,6.9727996873870906
6Y0A,6.9727996873870906
8TZQ,6.9727996873870906
7NZY,6.9727996873870906
7G85,6.9727996873870906
8AQP,6.9727996873870906
2J9M,6.9727996873870906
8V74,6.9727996873870906
5C1Q,6.9727996873870906
5RKP,6.9727996873870906
8AHG,6.9727996873870906
3ID8,6.9727996873870906
6SAM,6.9727996873870906
2QXW,6.9727996873870906
7KK6,6.9727996873870906
5FE4,6.9727996873870906
5K13,6.9727996873870906
5S9D,6.9727996873870906
7GT2,6.9727996873870906
5U3W,6.9727996873870906
7AKB,6.9727996873870906
5T92,6.9727996873870906
8K14,6.9727996873870906
6OPH,6.9727996873870906
1GFY,6.9727996873870906
4FAD,6.9727996873870906
5BQE,6.9727996873870906
5HQ0,6.9727996873870906
7FVZ,6.9727996873870906
8S8A,6.9727996873870906
5QD2,6.9727996873870906
7E5H,6.9727996873870906
5E0W,6.9727996873870906
6ZC0,6.9727996873870906
6JQR,6.9727996873870906
6Q4E,6.9727996873870906
9CXC,6.9727996873870906
5S9B,6.9727996873870906
5J6S,6.9727996873870906
2WMT,6.9727996873870906
4NG9,6.9727996873870906
7UDQ,6.9727996873870906
5AUT,6.9727996873870906
8DZR,6.9727996873870906
5U3R,6.9727996873870906
4XZ0,6.9727996873870906
3HC6,6.9727996873870906
7OAK,6.9727996873870906
8OUS,6.9727996873870906
4FUL,6.9727996873870906
8S0T,6.9727996873870906
4XI3,6.9727996873870906
5SB0,6.9727996873870906
6Q4D,6.9727996873870906
8YEV,6.9727996873870906
3WJ5,6.9727996873870906
5TI6,6.9727996873870906
5NDZ,6.9727996873870906
2XQJ,6.9727996873870906
8V73,6.9727996873870906
6XE6,6.9727996873870906
1QJ7,6.9727996873870906
6P38,6.9727996873870906
2YIY,6.9727996873870906
8YXB,6.9727996873870906
8T98,6.9727996873870906
4M0E,6.9727996873870906
8GW0,6.9727996873870906
9IYP,6.9727996873870906
6BMW,6.9727996873870906
6UKM,6.9727996873870906
9ET3,6.9727996873870906
7ZTX,6.9727996873870906
8HLR,6.9727996873870906
1NSG,6.9727996873870906
6FNA,6.9727996873870906
4DIJ,6.9727996873870906
4BAM,6.9727996873870906
3TNH,6.9727996873870906
5TDE,6.9727996873870906
5C8W,6.9727996873870906
6YLA,6.9727996873870906
4LWG,6.9727996873870906
7XPY,6.9727996873870906
5CF0,6.9727996873870906
4GZ5,6.9727996873870906
5GWI,6.9727996873870906
6CQH,6.9727996873870906
8PNQ,6.9727996873870906
7UJ7,6.9727996873870906
3FMD,6.9727996873870906
2E3O,6.9727996873870906
8HV9,6.9727996873870906
7G8R,6.9727996873870906
7U8U,6.9727996873870906
6DH9,6.9727996873870906
4PPP,6.9727996873870906
6ID0,6.9727996873870906
5HP3,6.9727996873870906
1ERR,6.9727996873870906
5WR7,6.9727996873870906
2OLZ,6.9727996873870906
5HRQ,6.9727996873870906
4C6D,6.9727996873870906
4I22,6.9727996873870906
1UDW,6.9727996873870906
7KP6,6.9727996873870906
3QCI,6.9727996873870906
7AKE,6.9727996873870906
8BZB,6.9727996873870906
4C5D,6.9727996873870906
2G49,6.972799687387106
8C2F,6.9727996873870906
5VC4,6.9727996873870906
5TLY,6.9727996873870906
1G5Y,6.9727996873870906
3OOK,6.9727996873870906
7BGV,6.9727996873870906
6CUD,6.9727996873870906
1K3A,6.9727996873870906
7Y99,6.9727996873870906
5C1D,6.9727996873870906
5XRA,6.9727996873870906
4L90,6.9727996873870906
1U4D,6.9727996873870906
6YF8,6.9727996873870906
7G96,6.972799685517488
8P74,6.9727996873870906
7RNM,6.9727996873870906
7MM1,6.9727996873870906
5QFV,6.9727996873870906
5QCR,6.9727996873870906
7FUZ,6.9727996873870906
4D0M,6.9727996873870906
5UWG,6.9727996873870906
6J3O,6.9727996873870906
8J81,6.9727996873870906
6NCO,6.9727996873870906
6NV7,6.9727996873870906
3WAL,6.9727996873870906
7AEQ,6.9727996873870906
8VYK,6.9727996873870906
4TNZ,6.9727996873870906
6MD1,6.9727996873870906
2P8S,6.9727996873870906
6ZUH,6.9727996873870906
5MKS,6.9727996873870906
1EFH,6.9727996873870906
9AS8,6.9727996873870906
2CIA,6.9727996873870906
6GJI,6.9727996873870906
5XRB,6.9727996873870906
5VBQ,6.9727996873870906
6RLC,6.9727996873870906
6VFF,6.9727996873870906
7Y8D,6.9727996873870906
6T57,6.9727996873870906
3VN9,6.9727996873870906
1M4B,6.9727996873870906
2ZNK,6.9727996873870906
6CK6,6.9727996873870906
6V8K,6.9727996873870906
8QLT,6.9727996873870906
1X96,6.9727996873870906
5EW9,6.9727996873870906
6WXM,6.9727996873870906
2AR9,6.9727996873870906
3SP8,6.9727996873870906
6TU9,6.9727996873870906
4LL5,6.9727996873870906
5XQE,6.9727996873870906
7ER9,6.9727996873870906
7W9T,6.9727996873870906
4PX2,6.9727996873870906
4QOI,6.9727996873870906
5RK1,6.9727996873870906
7CCV,6.9727996873870906
7EM3,6.9727996873870906
7OLV,6.9727996873870906
3BQD,6.9727996873870906
7RHG,6.9727996873870906
4U97,6.9727996873870906
5M4P,6.9727996873870906
1FAP,6.9727996873870906
8T1F,6.9727996873870906
4QVX,6.9727996873870906
4P36,6.9727996873870906
8TSD,6.9727996873870906
8DZS,6.9727996873870906
7KHL,6.9727996873870906
5G15,6.9727996873870906
6V0X,6.9727996873870906
4RWJ,6.9727996873870906
2Q5S,6.9727996873870906
8SXT,6.9727996873870906
3F68,6.9727996873870906
1FKH,6.9727996873870906
8AHH,6.9727996873870906
4FRA,6.9727996873870906
7MSA,6.9727996873870906
8X62,6.9727996873870906
2CN0,6.9727996873870906
6GU7,6.9727996873870906
6ST3,6.9727996873870906
8OUR,6.9727996873870906
5ORH,6.9727996873870906
7MZK,6.9727996873870906
8WSW,6.9727996873870906
3Q9X,6.9727996873870906
5AM9,6.9727996873870906
6MA2,6.9727996873870906
3S9S,6.9727996873870906
4WDT,6.9727996873870906
4V0U,6.9727996873870906
3X02,6.9727996873870906
4ZYI,6.9727996873870906
5W0Q,6.9727996873870906
7VFW,6.9727996873870906
8YPY,6.9727996873870906
1OSH,6.9727996873870906
5DP0,6.9727996873870906
2P54,6.9727996873870906
6OAC,6.9727996873870906
6CYM,6.9727996873870906
3FGU,6.9727996873870906
2CKE,6.9727996873870906
8C0L,6.9727996873870906
7FSQ,6.9727996873870906
7G8W,6.9727996873870906
3O0I,6.9727996873870906
8T8Q,6.9727996873870906
8BXO,6.9727996873870906
4FSQ,6.9727996873870906
8DVB,6.9727996873870906
7QG2,6.9727996873870906
6G6W,6.9727996873870906
7YNP,6.9727996873870906
3K23,6.9727996873870906
4MPN,6.9727996873870906
9B3C,6.9727996873870906
6THA,6.9727996873870906
6T56,6.9727996873870906
7ER7,6.9727996873870906
5I46,6.9727996873870906
4YHJ,6.9727996873870906
1CJ1,6.9727996873870906
9B7A,6.9727996873870906
8AQN,6.9727996873870906
6DW4,6.9727996873870906
7JRA,6.9727996873870906
3SPF,6.9727996873870906
2PNR,6.9727996873870906
8V6U,6.9727996873870906
1WBG,6.9727996873870906
7BQ3,6.9727996873870906
5E0X,6.9727996873870906
8P75,6.9727996873870906
3BZ3,6.9727996873870906
7KPF,6.9727996873870906
1KI0,6.9727996873870906
5NEI,6.9727996873870906
5SXE,6.9727996873870906
1E8Z,6.9727996873870906
1X7R,6.9727996873870906
5X2F,6.9727996873870906
4HBM,6.9727996873870906
8DHF,6.9727996873870906
6AN1,6.9727996873870906
6K05,6.9727996873870906
7Y7Z,6.9727996873870906
8BJL,6.9727996873870906
7EM4,6.9727996873870906
6O9G,6.9727996873870906
1L7X,6.9727996873870906
7SII,6.9727996873870906
8HF8,6.9727996873870906
1T8T,6.9727996873870906
6YM3,6.9727996873870906
4N7E,6.9727996873870906
4TUH,6.9727996873870906
5WIU,6.9727996873870906
9FAP,6.9727996873870906
3GID,6.9727996873870906
8T2H,6.9727996873870906
6FZP,6.9727996873870906
9AU5,6.9727996873870906
8ZBU,6.9727996873870906
8PQ9,6.9727996873870906
5OC8,6.9727996873870906
4D6Z,6.9727996873870906
3KPV,6.9727996873870906
6QTJ,6.9727996873870906
4ASX,6.9727996873870906
3A0I,6.9727996873870906
1W9O,6.9727996873870906
5OOH,6.9727996873870906
5JCW,6.9727996873870906
2AER,6.9727996873870906
8SGV,6.9727996873870906
3VF3,6.9727996873870906
8C3U,6.9727996873870906
5WRZ,6.9727996873870906
8CWL,6.9727996873870906
5DZI,6.9727996873870906
4CCB,6.9727996873870906
4H2F,6.9727996873870906
4LWH,6.9727996873870906
8PPB,6.9727996873870906
7NA3,6.9727996873870906
6N8X,6.9727996873870906
1QKU,6.9727996873870906
2IOK,6.9727996873870906
4XUM,6.9727996873870906
7DSX,6.9727996873870906
1NHZ,6.9727996873870906
5TM8,6.9727996873870906
7SI4,6.9727996873870906
5EHP,6.9727996873870906
7TUN,6.9727996873870906
4MGB,6.9727996873870906
8ORM,6.9727996873870906
4ISI,6.9727996873870906
1M2Z,6.9727996873870906
7VWE,6.9727996873870906
7SD0,6.9727996873870906
7O7J,6.9727996873870906
4F5D,6.9727996873870906
3DV5,6.9727996873870906
1O5A,6.9727996873870906
7G8J,6.9727996873870906
7SXJ,6.9727996873870906
6ZY6,6.9727996873870906
8PWC,6.9727996873870906
7NJ8,6.9727996873870906
5J31,6.9727996873870906
2H4X,6.9727996873870906
4QG0,6.9727996873870906
7QND,6.9727996873870906
3CDP,6.9727996873870906
7OAL,6.9727996873870906
5WQX,6.9727996873870906
4TQN,6.9727996873870906
7A51,6.9727996873870906
1A5H,6.9727996873870906
4NZW,6.9727996873870906
6VZM,6.9727996873870906
4AP7,6.9727996873870906
7FQI,6.9727996873870906
3DEH,6.9727996873870906
3L4U,6.9727996873870906
6NSL,6.9727996873870906
6GR3,6.9727996873870906
6DGR,6.9727996873870906
8VA6,6.9727996873870906
2OM0,6.9727996873870906
3DD1,6.9727996873870906
7CMV,6.9727996873870906
5LPL,6.9727996873870906
7GSZ,6.9727996873870906
3S7M,6.9727996873870906
8H7B,6.9727996873870906
8Z6H,6.9727996873870906
6TBE,6.9727996873870906
5JHB,6.9727996873870906
6CJ2,6.9727996873870906
6OJQ,6.9727996873870906
5ENI,6.9727996873870906
4PZS,6.9727996873870906
3UQX,6.9727996873870906
3HZ1,6.9727996873870906
2CHL,6.9727996873870906
6W0Y,6.9727996873870906
8CVN,6.9727996873870906
6QTY,6.9727996873870906
8DUD,6.9727996873870906
6Z8X,6.9727996873870906
6WLW,6.9727996873870906
9B0T,6.9727996873870906
7U2P,6.9727996873870906
4MLH,6.9727996873870906
6YP3,6.9727996873870906
5EDU,6.9727996873870906
8V76,6.9727996873870906
3FJO,6.9727996873870906
5LPM,6.9727996873870906
4UMP,6.9727996873870906
8QNG,6.9727996873870906
5J86,6.9727996873870906
3WF3,6.9727996873870906
5UVZ,6.9727996873870906
5DVS,6.9727996873870906
1EMJ,6.9727996873870906
6XED,6.9727996873870906
2RD6,6.9727996873870906
4TNY,6.9727996873870906
4IWC,6.9727996873870906
2AIY,6.9727996873870906
8KF1,6.9727996873870906
3TCZ,6.9727996873870906
7MRH,6.9727996873870906
4CWQ,6.9727996873870906
8B2J,6.9727996873870906
2VQ3,6.9727996873870906
7TYW,6.9727996873870906
5S8T,6.9727996873870906
6JME,6.9727996873870906
6RSC,6.9727996873870906
8R4V,6.9727996873870906
8JL1,6.9727996873870906
8WYW,6.9727996873870906
7QAA,6.9727996873870906
4A5S,6.9727996873870906
6DMJ,6.9727996873870906
4Z77,6.9727996873870906
2VST,6.9727996873870906
6NTU,6.9727996873870906
5DYB,6.9727996873870906
6GVG,6.9727996873870906
7OQ7,6.9727996873870906
4YT1,6.9727996873870906
2C6T,6.9727996873870906
4USD,6.9727996873870906
6FXI,6.9727996873870906
6NCN,6.9727996873870906
1YXV,6.9727996873870906
3NVN,6.9727996873870906
6THZ,6.9727996873870906
3CEH,6.9727996873870906
6DWS,6.9727996873870906
1QHR,6.9727996873870906
7B30,6.9727996873870906
8P81,6.9727996873870906
5KMK,6.9727996873870906
6VRU,6.9727996873870906
2F3E,6.9727996873870906
5CYI,6.9727996873870906
7UYW,6.9727996873870906
6LN1,6.9727996873870906
5DKB,6.9727996873870906
2F90,6.9727996873870906
7MRD,6.9727996873870906
6T8X,6.9727996873870906
5YA5,6.9727996873870906
7YNO,6.9727996873870906
5RK0,6.9727996873870906
7ZWL,6.9727996873870906
7FWW,6.9727996873870906
9QB5,6.9727996873870906
4GB9,6.9727996873870906
6JOK,6.9727996873870906
8FF8,6.9727996873870906
2ZNO,6.9727996873870906
7FUY,6.9727996873870906
3D49,6.9727996873870906
5VAL,6.9727996873870906
8DSY,6.9727996873870906
7YAZ,6.9727996873870906
4IKI,6.9727996873870906
6UWY,6.9727996873870906
7G8M,6.9727996873870906
3OW6,6.9727996873870906
6IQN,6.9727996873870906
3ZK6,6.9727996873870906
6L14,6.9727996873870906
5BTR,6.9727996873870906
3Q9Y,6.9727996873870906
6HL1,6.9727996873870906
1UK0,6.9727996873870906
8DHH,6.9727996873870906
6GNQ,6.9727996873870906
6V0P,6.9727996873870906
7FXU,6.9727996873870906
5HU1,6.9727996873870906
7VFV,6.9727996873870906
3B25,6.9727996873870906
4M6L,6.9727996873870906
6GHK,6.9727996873870906
4ZNS,6.9727996873870906
6QBA,6.9727996873870906
6QJU,6.9727996873870906
6LKN,6.9727996873870906
5QIS,6.9727996873870906
6XNP,6.9727996873870906
4P10,6.9727996873870906
7LJE,6.9727996873870906
2O0U,6.9727996873870906
7LB0,6.9727996873870906
3GOI,6.9727996873870906
2RG3,6.9727996873870906
3LBO,6.9727996873870906
8PIQ,6.9727996873870906
4XLV,6.9727996873870906
5NRW,6.9727996873870906
7CCU,6.9727996873870906
2PUQ,6.9727996873870906
5UU3,6.9727996873870906
7V3Z,6.9727996873870906
7Q1N,6.9727996873870906
7BEN,6.9727996873870906
7G89,6.9727996873870906
1BMN,6.9727996873870906
6AH0,6.9727996873870906
8BDN,6.9727996873870906
6XF3,6.9727996873870906
5W0O,6.9727996873870906
5HNB,6.9727996873870906
7UAH,6.9727996873870906
9CTF,6.9727996873870906
6U8R,6.9727996873870906
6HLO,6.9727996873870906
5QIZ,6.9727996873870906
6C42,6.9727996873870906
4HLE,6.9727996873870906
1HDO,6.9727996873870906
4PMT,6.9727996873870906
8TDU,6.9727996873870906
5EM8,6.9727996873870906
6SBO,6.9727996873870906
3SVF,6.9727996873870906
6Q9H,6.9727996873870906
7W59,6.9727996873870906
5BX6,6.9727996873870906
5S9R,6.9727996873870906
1RV6,6.9727996873870906
4ZGM,6.9727996873870906
7NVQ,6.9727996873870906
5U5L,6.9727996873870906
8PLZ,6.9727996873870906
2P15,6.9727996873870906
3Q8S,6.9727996873870906
4P5Z,6.9727996873870906
4YJ5,6.9727996873870906
6FN9,6.9727996873870906
1CEB,6.9727996873870906
3UG8,6.9727996873870906
7MGJ,6.9727996873870906
6X82,6.9727996873870906
7AFW,6.9727996873870906
3HCP,6.9727996873870906
5TIO,6.9727996873870906
7B5Q,6.9727996873870906
8EXO,6.9727996873870906
6YTE,6.9727996873870906
1RDT,6.9727996873870906
3MIY,6.9727996873870906
4JDD,6.9727996873870906
6X3O,6.9727996873870906
7LD4,6.9727996873870906
6I44,6.9727996873870906
1HE5,6.9727996873870906
6AUI,6.9727996873870906
7JVR,6.9727996873870906
2BJ4,6.9727996873870906
7F83,6.9727996873870906
5HFA,6.9727996873870906
6GQO,6.9727996873870906
5S8M,6.9727996873870906
7LLA,6.9727996873870906
9FAS,6.972799687387019
4X4V,6.9727996873870906
3L5E,6.9727996873870906
5GTN,6.9727996873870906
2ZDU,6.9727996873870906
3S95,6.9727996873870906
6B73,6.9727996873870906
6ZX0,6.9727996873870906
6SLX,6.9727996873870906
2VGB,6.9727996873870906
5Q15,6.9727996873870906
3GVU,6.9727996873870906
7KK4,6.9727996873870906
8GUD,6.9727996873870906
4GFM,6.9727996873870906
5QFZ,6.9727996873870906
3CD8,6.9727996873870906
8EX0,6.9727996873870906
5S9J,6.9727996873870906
6VXU,6.9727996873870906
8W8K,6.9727996873870906
5M4N,6.9727996873870906
2C95,6.9727996873870906
6FZF,6.9727996873870906
8FHG,6.9727996873870906
7FSL,6.9727996873870906
7VDQ,6.9727996873870906
7WI6,6.9727996873870906
8JTS,6.9727996873870906
3UTU,6.9727996873870906
3LD5,6.9727996873870906
7BSP,6.9727996873870906
7SED,6.9727996873870906
5S8U,6.9727996873870906
8P6Z,6.9727996873870906
6WPP,6.9727996873870906
5CFB,6.9727996873870906
6BQQ,6.9727996873870906
3KDU,6.9727996873870906
6WBG,6.9727996873870906
8B87,6.9727996873870906
7U9A,6.9727996873870906
6RLQ,6.9727996873870906
7KTR,6.9727996873870906
6P3A,6.9727996873870906
5SAV,6.9727996873870906
3EDZ,6.9727996873870906
8BA3,6.9727996873870906
1V4S,6.9727996873870906
8A92,6.9727996873870906
9CFM,6.972799686884236
9GFE,6.9727996873870906
6U1N,6.9727996873870906
5Q0I,6.9727996873870906
2Y23,6.9727996865479085
5TN4,6.9727996873870906
5FHZ,6.9727996873870906
7DHV,6.9727996873870906
7FV7,6.9727996873870906
7LQD,6.9727996873870906
7UXV,6.9727996873870906
8DMQ,6.9727996873870906
3DCT,6.9727996873870906
3EQ0,6.9727996873870906
1NYX,6.9727996873870906
2J14,6.9727996873870906
4FME,6.9727996873870906
8QTG,6.9727996873870906
7G88,6.9727996873870906
1KTT,6.9727996873870906
5NK5,6.9727996873870906
7FCG,6.9727996873870906
8GOF,6.9727996873870906
5MXD,6.9727996873870906
8U5C,6.9727996873870906
7F9Y,6.9727996873870906
7AO9,6.9727996873870906
6CCY,6.9727996873870906
6VRV,6.9727996873870906
1MU6,6.9727996873870906
6GVI,6.9727996873870906
7DVQ,6.9727996873870906
5BVW,6.9727996873870906
3R1N,6.9727996873870906
6Y9H,6.9727996873870906
3V9V,6.9727996873870906
9AU9,6.9727996873870906
6YVS,6.9727996873870906
8EUC,6.9727996873870906
6I0M,6.9727996873870906
2W7O,6.9727996873870906
2XYJ,6.9727996873870906
5OWQ,6.9727996873870906
1LHF,6.9727996873870906
4UYH,6.9727996873870906
4NTJ,6.9727996873870906
4F7S,6.9727996873870906
4FMB,6.9727996873870906
8V6W,6.9727996873870906
2GTK,6.9727996873870906
4N6Z,6.9727996873870906
5TMR,6.9727996873870906
7WQR,6.9727996873870906
3W69,6.9727996873870906
6MOA,6.9727996873870906
8STI,6.9727996873870906
7T4I,6.9727996873870906
5WU2,6.9727996873870906
7JOU,6.9727996873870906
4TO5,6.9727996873870906
5DUG,6.9727996873870906
5MME,6.9727996873870906
8ARJ,6.9727996873870906
8DU6,6.9727996873870906
8BZI,6.9727996873870906
3TU7,6.9727996873870906
4GS8,6.9727996873870906
3ZDU,6.9727996873870906
8E8D,6.9727996873870906
4MLE,6.9727996873870906
9EEA,6.9727996873870906
2Q61,6.9727996873870906
7G8G,6.9727996873870906
5RK4,6.9727996873870906
4MNE,6.9727996873870906
2LRR,6.9727996873870906
2YI7,6.9727996873870906
7MFF,6.9727996873870906
9FZQ,6.9727996873870906
3KMZ,6.9727996873870906
9JBH,6.9727996873870906
2VGI,6.9727996873870906
2QA8,6.9727996873870906
8IPZ,6.9727996873870906
4CI5,6.9727996873870906
3H9R,6.9727996873870906
7FUX,6.9727996873870906
6TOS,6.9727996873870906
5KRL,6.9727996873870906
5T97,6.9727996873870906
8AM2,6.9727996873870906
5Z90,6.9727996873870906
6X3D,6.9727996873870906
7RS4,6.9727996873870906
5UC3,6.9727996873870906
5QFB,6.9727996873870906
6IIQ,6.9727996873870906
6UV5,6.9727996873870906
7MYJ,6.9727996873870906
2ZK3,6.9727996873870906
8QLS,6.9727996873870906
3R6N,6.9727996873870906
7KT4,6.9727996873870906
3FI4,6.9727996873870906
6TUC,6.9727996873870906
5N4Y,6.9727996873870906
5ZF8,6.9727996873870906
7D0P,6.9727996873870906
3ONB,6.9727996873870906
2XB7,6.9727996873870906
6PDN,6.9727996873870906
6YF3,6.9727996873870906
6L17,6.9727996873870906
2C9Y,6.9727996873870906
3SXE,6.9727996873870906
2ZWL,6.9727996873870906
3F98,6.9727996873870906
8ASF,6.9727996873870906
8R9O,6.9727996873870906
6BYY,6.9727996873870906
6VEZ,6.9727996873870906
3IXK,6.9727996873870906
7G0L,6.9727996873870906
3KVF,6.9727996873870906
4OGV,6.9727996873870906
4PX5,6.9727996873870906
4IO8,6.9727996873870906
4AOT,6.9727996873870906
3SMM,6.9727996873870906
5DL4,6.9727996873870906
8PPI,6.9727996873870906
5U43,6.9727996873870906
7O7K,6.9727996873870906
5RKC,6.9727996873870906
7O1W,6.9727996873870906
5TMT,6.9727996873870906
4RSY,6.9727996873870906
4PRG,6.9727996873870906
5S8V,6.9727996873870906
7FV3,6.9727996873870906
4NGS,6.9727996873870906
8BYF,6.9727996873870906
3DEI,6.9727996873870906
1RRJ,6.9727996873870906
5MZA,6.9727996873870906
8HUK,6.9727996873870906
8QSK,6.9727996873870906
8XWD,6.9727996873870906
7MH1,6.9727996873870906
8E5B,6.9727996873870906
2VIZ,6.9727996873870906
1T4V,6.9727996873870906
3KAB,6.9727996873870906
6JUU,6.9727996873870906
3EJ8,6.9727996873870906
5QDL,6.9727996873870906
5H24,6.9727996873870906
6T3C,6.9727996873870906
8FKE,6.9727996873870906
5W55,6.9727996873870906
6QST,6.9727996873870906
4JYV,6.9727996873870906
5KRM,6.9727996873870906
4QUH,6.9727996873870906
7AVU,6.9727996873870906
5YCP,6.9727996873870906
1QJ6,6.9727996873870906
6Z88,6.9727996873870906
4IBL,6.9727996873870906
3P17,6.9727996873870906
3R8A,6.9727996873870906
5JLZ,6.9727996873870906
8Y8B,6.9727996873870906
6Q9L,6.9727996873870906
5Z12,6.9727996873870906
6J65,6.9727996873870906
5KO1,6.9727996873870906
7G82,6.9727996873870906
6YIL,6.9727996873870906
6FCX,6.9727996873870906
5VO1,6.9727996873870906
5TN9,6.9727996873870906
3VJL,6.9727996873870906
3GI3,6.9727996873870906
6MC1,6.9727996873870906
4CLJ,6.9727996873870906
5ZKP,6.9727996873870906
5UF0,6.9727996873870906
1W9E,6.9727996873870906
6CNJ,6.9727996873870906
1PCG,6.9727996873870906
6G0E,6.9727996873870906
6MH7,6.9727996873870906
2ZI7,6.9727996873870906
5DXG,6.9727996873870906
1GS4,6.9727996873870906
7BJD,6.9727996873870906
5Y2T,6.9727996873870906
7RUW,6.9727996873870906
1ZEH,6.9727996873870906
4LOH,6.9727996873870906
8CNP,6.9727996873870906
7H9U,6.9727996873870906
7Z6L,6.9727996873870906
3UWJ,6.9727996873870906
5Z5U,6.9727996873870906
4KS7,6.9727996873870906
4N6H,6.9727996873870906
7G1V,6.9727996873870906
5UAB,6.9727996873870906
6T1V,6.9727996873870906
4XIP,6.9727996873870906
5BXC,6.9727996873870906
7RKE,6.9727996873870906
4D2R,6.9727996873870906
7C7B,6.9727996873870906
6R8J,6.9727996873870906
6L6N,6.9727996873870906
7G1C,6.9727996873870906
9LVC,6.9727996873870906
6SFR,6.9727996873870906
5JMM,6.9727996873870906
2QU3,6.9727996873870906
8DMS,6.9727996873870906
4IVC,6.9727996873870906
7OY5,6.9727996873870906
3QCL,6.9727996873870906
8PQ0,6.9727996873870906
3PGF,6.9727996873870906
4KE0,6.9727996873870906
7E5I,6.9727996873870906
6DWK,6.9727996873870906
7E2H,6.9727996873870906
5KCD,6.9727996873870906
7R7S,6.9727996873870906
3BCJ,6.9727996873870906
4X4R,6.9727996873870906
7NRB,6.9727996873870906
2D06,6.9727996873870906
2BXU,6.9727996873870906
4CTB,6.9727996873870906
2G47,6.972799687387107
1T5Z,6.9727996873870906
8EOI,6.9727996873870906
6ILZ,6.9727996873870906
8K78,6.9727996873870906
7FST,6.9727996873870906
3BC5,6.9727996873870906
5VCW,6.9727996873870906
3BGQ,6.9727996873870906
6LQX,6.9727996873870906
9AS4,6.9727996873870906
2OJ9,6.9727996873870906
2V4L,6.9727996873870906
7QHG,6.9727996873870906
4BC4,6.9727996873870906
5U2E,6.9727996873870906
5HZE,6.9727996873870906
3D0B,6.9727996873870906
6PMB,6.9727996873870906
8TK3,6.9727996873870906
8X7R,6.9727996873870906
6WY5,6.9727996873870906
6DI9,6.9727996873870906
7MSR,6.9727996873870906
4DJH,6.9727996873870906
7KX6,6.9727996873870906
8E2M,6.9727996873870906
8JFL,6.9727996873870906
6QBH,6.9727996873870906
4N9E,6.9727996873870906
2WIJ,6.9727996873870906
8UC9,6.9727996873870906
3VRI,6.9727996873870906
5HKG,6.9727996873870906
4TO0,6.9727996873870906
8OTT,6.972799685327779
7SCD,6.9727996873870906
4WHU,6.9727996873870906
5DIG,6.9727996873870906
5QDZ,6.9727996873870906
7RXV,6.9727996873870906
7M43,6.9727996873870906
7RAN,6.9727996873870906
7OLX,6.9727996873870906
7G19,6.9727996873870906
6IJS,6.9727996873870906
3RNJ,6.9727996873870906
8P7J,6.9727996873870906
6HMR,6.9727996873870906
3AQA,6.9727996873870906
6UKX,6.9727996873870906
7ZUN,6.9727996873870906
6WNH,6.9727996873870906
3TU1,6.9727996873870906
5QEQ,6.9727996873870906
6SQE,6.9727996873870906
6DXK,6.9727996873870906
4AWO,6.9727996873870906
7G8I,6.9727996873870906
8PO4,6.9727996873870906
7G8A,6.9727996873870906
4POK,6.9727996873870906
1O5D,6.9727996873870906
8CIJ,6.9727996873870906
5UUI,6.9727996873870906
3VBG,6.9727996873870906
6VUM,6.9727996873870906
5IN4,6.9727996873870906
8W03,6.9727996873870906
4RZV,6.9727996873870906
5EG3,6.9727996873870906
9DNM,6.9727996873870906
7VBT,6.9727996873870906
4GWK,6.9727996873870906
5Q1F,6.9727996873870906
4FRD,6.9727996873870906
8DUG,6.9727996873870906
6S89,6.9727996873870906
4AGC,6.9727996873870906
6MXE,6.9727996873870906
7FZ3,6.9727996873870906
6VGH,6.9727996873870906
4L2Y,6.9727996873870906
5W8J,6.9727996873870906
6Q7F,6.9727996873870906
1FA9,6.9727996873870906
7REK,6.9727996873870906
1RY0,6.9727996873870906
7B8W,6.9727996873870906
4HHY,6.9727996873870906
4L44,6.9727996873870906
6UQG,6.9727996873870906
5DMF,6.9727996873870906
2C0I,6.9727996873870906
4QXQ,6.9727996873870906
4ZWG,6.9727996873870906
7QVJ,6.9727996873870906
6CD4,6.9727996873870906
8AQC,6.9727996873870906
8BWJ,6.9727996873870906
4TO4,6.9727996873870906
3DZQ,6.9727996873870906
8X7Q,6.9727996873870906
8G0H,6.9727996873870906
7MU7,6.9727996873870906
2YIX,6.9727996873870906
4BTK,6.9727996873870906
6FZG,6.9727996873870906
7MHZ,6.9727996873870906
5XST,6.9727996873870906
8CQK,6.9727996873870906
5FI4,6.9727996873870906
7G84,6.9727996873870906
2ZP0,6.9727996873870906
4WV7,6.9727996873870906
5TMO,6.9727996873870906
3SP6,6.9727996873870906
3B27,6.9727996873870906
3B3K,6.9727996873870906
2ANK,6.9727996873870906
2YJ8,6.9727996873870906
3QJZ,6.9727996873870906
6T90,6.972799684234815
2WID,6.9727996873870906
7AK3,6.9727996873870906
7WGN,6.9727996873870906
7F80,6.9727996873870906
8EXU,6.9727996873870906
4WDU,6.9727996873870906
3HNG,6.9727996873870906
4YBT,6.9727996873870906
5W9C,6.9727996873870906
2QGW,6.9727996873870906
7VPI,6.9727996873870906
2OCP,6.9727996873870906
4MR9,6.9727996873870906
2B8O,6.9727996873870906
8P72,6.9727996873870906
3WC9,6.9727996873870906
3AHQ,6.9727996873870906
3EE5,6.9727996873870906
5AOJ,6.9727996873870906
8B66,6.9727996873870906
1Q1M,6.9727996873870906
7FVC,6.9727996873870906
4ASE,6.9727996873870906
3HLV,6.9727996873870906
7EJV,6.9727996873870906
8SO1,6.9727996873870906
9EY2,6.9727996873870906
4FMD,6.9727996873870906
7XN5,6.9727996873870906
8B3R,6.9727996873870906
2YLO,6.9727996873870906
8C3G,6.9727996873870906
7RS7,6.9727996873870906
7G8F,6.9727996873870906
7UUU,6.9727996873870906
7AW4,6.9727996873870906
2HVC,6.9727996873870906
8BW3,6.9727996873870906
6CQU,6.9727996873870906
2QCT,6.9727996873870906
3R4M,6.9727996873870906
7L0G,6.9727996873870906
4JTQ,6.9727996873870906
5KZ7,6.9727996873870906
5QD1,6.9727996873870906
8PQF,6.9727996873870906
3UIV,6.9727996873870906
7M3J,6.9727996873870906
7VD9,6.9727996873870906
4Z1V,6.9727996873870906
5HF6,6.9727996873870906
1G30,6.9727996873870906
3PDF,6.9727996873870906
6B2E,6.9727996873870906
4NEM,6.9727996873870906
3O23,6.9727996873870906
7KBS,6.9727996873870906
8RB6,6.9727996873870906
4XUF,6.9727996873870906
6EL5,6.9727996873870906
8JD0,6.9727996873870906
4ZYF,6.9727996873870906
7G8T,6.9727996873870906
6NW2,6.9727996873870906
8PWK,6.9727996873870906
4CWP,6.9727996873870906
7FUU,6.9727996873870906
2VV1,6.9727996873870906
8BZJ,6.9727996873870906
6X40,6.9727996873870906
5TBM,6.9727996873870906
3NZ0,6.9727996873870906
6QAV,6.9727996873870906
7FUS,6.9727996873870906
2CF8,6.9727996873870906
5Y2O,6.9727996873870906
4BB9,6.9727996873870906
5Q1C,6.9727996873870906
3OTB,6.9727996873870906
5WGD,6.9727996873870906
2WBI,6.9727996873870906
1H1B,6.9727996873870906
7A1B,6.9727996873870906
3VWK,6.9727996873870906
6ZY5,6.9727996873870906
8HNC,6.9727996873870906
7OB3,6.9727996873870906
8V77,6.9727996873870906
8CHF,6.9727996873870906
6TD3,6.9727996873870906
8GMC,6.9727996873870906
8I0C,6.9727996873870906
9C18,6.9727996873870906
7ATU,6.9727996873870906
7PRX,6.9727996873870906
5S8W,6.9727996873870906
6XIH,6.9727996873870906
6I99,6.9727996873870906
7S99,6.9727996873870906
6Q4C,6.9727996873870906
2QSE,6.9727996873870906
3OPM,6.9727996873870906
2H6H,6.9727996873870906
6BMY,6.9727996873870906
5WA5,6.9727996873870906
7DPO,6.9727996873870906
7AKF,6.9727996873870906
4KNB,6.9727996873870906
7EFQ,6.9727996873870906
6BJO,6.9727996873870906
7DH9,6.9727996873870906
5AQW,6.9727996873870906
4FTK,6.9727996873870906
6AF9,6.9727996873870906
8PVD,6.9727996873870906
4JVG,6.9727996873870906
8BX0,6.9727996873870906
3DT0,6.9727996873870906
6GMR,6.9727996873870906
6FYR,6.9727996873870906
7AJ8,6.9727996873870906
5DWG,6.9727996873870906
8CSR,6.9727996873870906
7Q13,6.9727996873870906
3LXN,6.9727996873870906
5DRJ,6.9727996873870906
7CHN,6.9727996873870906
5HMH,6.9727996873870906
1ZQ5,6.9727996873870906
6DZW,6.9727996873870906
3I81,6.9727996873870906
7YAJ,6.9727996873870906
5UCI,6.9727996873870906
5D24,6.9727996873870906
5TLF,6.9727996873870906
6PIT,6.9727996873870906
2E2X,6.9727996873870906
3D5F,6.9727996873870906
7FVK,6.9727996873870906
3OMK,6.9727996873870906
7FVD,6.9727996873870906
6FR0,6.9727996873870906
5HNI,6.9727996873870906
5S93,6.9727996873870906
4GJ7,6.9727996873870906
2YHW,6.9727996873870906
5EI1,6.9727996873870906
2B7D,6.9727996873870906
5DXB,6.9727996873870906
5CS8,6.9727996873870906
8V1F,6.9727996873870906
9CFZ,6.972799686865584
6EEB,6.9727996873870906
7R9N,6.9727996873870906
6JJ3,6.9727996873870906
5EXA,6.9727996873870906
1IMX,6.9727996873870906
7HAP,6.9727996873870906
4U41,6.9727996873870906
7X3O,6.9727996873870906
4ODF,6.9727996873870906
3T9F,6.9727996873870906
2O28,6.9727996873870906
2YFX,6.9727996873870906
7T9N,6.9727996873870906
2R3H,6.9727996873870906
5DKS,6.9727996873870906
1J9C,6.9727996873870906
6XRM,6.9727996873870906
9GEK,6.9727996873870906
4YLW,6.9727996873870906
1GWQ,6.9727996873870906
5AK2,6.9727996873870906
4V24,6.9727996873870906
3BV2,6.9727996873870906
8IMY,6.9727996873870906
8FEC,6.9727996873870906
5URV,6.9727996873870906
5URY,6.9727996873870906
2JC6,6.9727996873870906
7AVY,6.9727996873870906
6NFY,6.9727996873870906
3CLY,6.9727996873870906
2E3N,6.9727996873870906
8ZMY,6.9727996873870906
6WZV,6.9727996873870906
8IVG,6.9727996873870906
4O38,6.9727996873870906
7EM7,6.9727996873870906
6J0O,6.9727996873870906
7CHM,6.9727996873870906
5S8Z,6.9727996873870906
7PJN,6.9727996873870906
5TM1,6.9727996873870906
7NN2,6.9727996873870906
7M0T,6.9727996873870906
8T3R,6.9727996873870906
2D4Q,6.9727996873870906
2V4M,6.9727996873870906
5ACL,6.9727996873870906
5X79,6.9727996873870906
3HCN,6.9727996873870906
1SSP,6.9727996873870906
7JXH,6.9727996873870906
7VWF,6.9727996873870906
4CWT,6.9727996873870906
7AB2,6.9727996873870906
6BRC,6.9727996873870906
9B3N,6.9727996873870906
8C6M,6.9727996873870906
5RKE,6.9727996873870906
3ML8,6.9727996873870906
8JCX,6.9727996873870906
8YGW,6.9727996873870906
4QFY,6.9727996873870906
6Q9O,6.9727996873870906
8BZF,6.9727996873870906
7G9G,6.9727996873870906
7UP5,6.9727996873870906
7DHO,6.9727996873870906
7O9Y,6.9727996873870906
6RQ7,6.9727996873870906
6N7D,6.9727996873870906
5C50,6.9727996873870906
8X5K,6.9727996873870906
3ZLR,6.9727996873870906
3B5R,6.9727996873870906
8A62,6.9727996873870906
6EIJ,6.9727996873870906
4OTQ,6.9727996873870906
6L1Z,6.9727996873870906
4ZW1,6.9727996873870906
1NZQ,6.9727996873870906
2VJ6,6.9727996873870906
3DUX,6.9727996873870906
4ZI1,6.9727996873870906
5DUH,6.9727996873870906
4WDX,6.9727996873870906
3R8H,6.9727996873870906
8V78,6.9727996873870906
5CJ7,6.9727996873870906
8DUI,6.9727996873870906
7N7L,6.9727996873870906
1LHE,6.9727996873870906
3ZLN,6.9727996873870906
4RXR,6.9727996873870906
2LZG,6.9727996873870906
4U42,6.9727996873870906
5S8X,6.9727996873870906
2QE4,6.9727996873870906
7OVJ,6.9727996873870906
7G8B,6.9727996873870906
5M4H,6.9727996873870906
4QG1,6.9727996873870906
7K6O,6.9727996873870906
9C57,6.9727996873870906
7LOT,6.9727996873870906
5S8F,6.9727996873870906
5DWE,6.9727996873870906
4DWK,6.9727996873870906
5IPJ,6.9727996873870906
6PDO,6.9727996873870906
4KO8,6.9727996873870906
2WF1,6.9727996873870906
2Q6S,6.9727996873870906
6U9A,6.9727996873870906
4ZTH,6.9727996873870906
6M4U,6.9727996873870906
7ULL,6.9727996873870906
3JYA,6.9727996873870906
4X8U,6.9727996873870906
5DWI,6.9727996873870906
1XBO,6.9727996873870906
5RJP,6.9727996873870906
8TBS,6.9727996873870906
8D6F,6.9727996873870906
5OWR,6.9727996873870906
3GJR,6.9727996873870906
5KPQ,6.9727996873870906
5FDX,6.9727996873870906
2YFE,6.9727996873870906
5AZT,6.9727996873870906
6H3E,6.9727996873870906
4YQU,6.9727996873870906
5T4H,6.9727996873870906
1AWH,6.9727996873870906
9BQE,6.9727996873870906
6UKV,6.9727996873870906
6UIP,6.9727996873870906
2VX3,6.9727996873870906
4MG6,6.9727996873870906
2XE8,6.9727996873870906
6CPG,6.9727996873870906
3KTM,6.972799687387078
5LAZ,6.9727996873870906
5HOX,6.9727996873870906
7FZO,6.9727996873870906
7G8V,6.9727996873870906
6MD9,6.9727996873870906
2KQD,6.9727996873870906
5AEN,6.9727996873870906
5I3O,6.9727996873870906
5IH9,6.9727996873870906
2IZS,6.9727996873870906
8UOJ,6.9727996873870906
7O2V,6.9727996873870906
7RRX,6.9727996873870906
5EHO,6.9727996873870906
6HWV,6.9727996873870906
9AXF,6.9727996873870906
3CKX,6.9727996873870906
8X73,6.9727996873870906
6HMU,6.9727996873870906
7WQM,6.9727996873870906
4AYY,6.9727996873870906
5ZYK,6.9727996873870906
7UJY,6.9727996873870906
7O9X,6.9727996873870906
7UG1,6.9727996873870906
4EQU,6.9727996873870906
5U2D,6.9727996873870906
3HUB,6.9727996873870906
3VJK,6.9727996873870906
3RLJ,6.9727996873870906
2JF9,6.9727996873870906
4ERE,6.9727996873870906
8YF1,6.9727996873870906
1FIT,6.9727996873870906
3MDY,6.9727996873870906
6Z2V,6.9727996873870906
5MPN,6.9727996873870906
6ZPT,6.9727996873870906
1H8I,6.9727996873870906
7M2K,6.9727996873870906
2CMW,6.9727996873870906
2POG,6.9727996873870906
4MH0,6.9727996873870906
7RS2,6.9727996873870906
7R9V,6.9727996873870906
4HLW,6.9727996873870906
5NWD,6.9727996873870906
7MXG,6.9727996873870906
2CHW,6.9727996873870906
9C56,6.9727996873870906
7NMX,6.9727996873870906
7NPB,6.9727996873870906
6RP6,6.9727996873870906
6DO2,6.9727996873870906
7OVN,6.9727996873870906
7SU0,6.9727996873870906
6VZL,6.9727996873870906
5X28,6.9727996873870906
6YT6,6.9727996873870906
4MXZ,6.9727996873870906
1LD7,6.9727996873870906
8FLM,6.9727996873870906
4K0Y,6.9727996873870906
4OJB,6.9727996873870906
5GWJ,6.9727996873870906
4GK3,6.9727996873870906
1WSS,6.9727996873870906
2I4J,6.9727996873870906
7FVL,6.9727996873870906
3T8M,6.9727996873870906
7R9Y,6.9727996873870906
3TH4,6.9727996873870906
2FVJ,6.9727996873870906
3GHS,6.9727996873870906
7RLJ,6.9727996873870906
3MB3,6.9727996873870906
7AJV,6.9727996873870906
3KWF,6.9727996873870906
2VGG,6.9727996873870906
4HGE,6.9727996873870906
4DJX,6.9727996873870906
5UWD,6.9727996873870906
7D0E,6.9727996873870906
4JQ4,6.9727996873870906
6HHJ,6.9727996873870906
2BKA,6.9727996873870906
5N4N,6.9727996873870906
5RJS,6.9727996873870906
4TUZ,6.9727996873870906
5IA5,6.9727996873870906
5RKA,6.9727996873870906
8BYB,6.9727996873870906
1G50,6.9727996873870906
2QA6,6.9727996873870906
6F8O,6.9727996873870906
3LFD,6.9727996873870906
7PVS,6.9727996873870906
5UU4,6.9727996873870906
6X81,6.9727996873870906
7P6T,6.9727996873870906
6DW7,6.9727996873870906
6ALC,6.9727996873870906
3GU8,6.9727996873870906
3U6J,6.9727996873870906
4JQ2,6.9727996873870906
6WXN,6.9727996873870906
8UAP,6.9727996873870906
2V3H,6.9727996873870906
3ADS,6.9727996873870906
7KHH,6.9727996873870906
4C6F,6.9727996873870906
5H19,6.9727996873870906
3BHH,6.9727996873870906
8WTA,6.9727996873870906
7FVY,6.9727996873870906
5CGP,6.9727996873870906
5T8F,6.9727996873870906
3Q8R,6.9727996873870906
1WQV,6.9727996873870906
1M17,6.9727996873870906
6YF2,6.9727996873870906
7FVN,6.9727996873870906
6BQL,6.9727996873870906
8HNH,6.9727996873870906
3GHU,6.9727996873870906
4OFU,6.9727996873870906
6LP7,6.9727996873870906
1JCQ,6.9727996873870906
5JFX,6.9727996873870906
3QI1,6.9727996873870906
5RJW,6.9727996873870906
6W89,6.9727996873870906
2ZK4,6.9727996873870906
5NYH,6.9727996873870906
5Q0M,6.9727996873870906
8EL9,6.9727996873870906
6EO6,6.9727996873870906
5TN3,6.9727996873870906
2C3I,6.9727996873870906
4LWI,6.9727996873870906
5WS1,6.9727996873870906
3OZ0,6.9727996873870906
6GVA,6.9727996873870906
5S94,6.9727996873870906
7UAF,6.9727996873870906
5HE3,6.9727996873870906
2F0Y,6.9727996873870906
8GJX,6.9727996873870906
4DI2,6.9727996873870906
8BX4,6.9727996873870906
2W4O,6.9727996873870906
4BAK,6.9727996873870906
7Q7K,6.9727996873870906
3UG2,6.9727996873870906
2L84,6.9727996873870906
5J95,6.9727996873870906
5DYW,6.9727996873870906
5U3X,6.9727996873870906
6PFM,6.9727996873870906
1J96,6.9727996873870906
8AAO,6.9727996873870906
7QQG,6.9727996873870906
5NN4,6.9727996873870906
7AW1,6.9727996873870906
5UEU,6.9727996873870906
8FCA,6.9727996873870906
6G73,6.9727996873870906
7L99,6.9727996873870906
7QJG,6.9727996873870906
7B32,6.9727996873870906
7Q7I,6.9727996873870906
5QIW,6.9727996873870906
6HDP,6.9727996873870906
2NPA,6.9727996873870906
6LCB,6.9727996873870906
6AFD,6.9727996873870906
4P5Q,6.9727996873870906
7RBE,6.9727996873870906
1GWR,6.9727996873870906
6ZPQ,6.9727996873870906
7FVQ,6.9727996873870906
5N4Z,6.9727996873870906
7FZL,6.9727996873870906
4TV1,6.9727996873870906
6KHD,6.9727996873870906
3QFA,6.9727996873870906
6LX5,6.9727996873870906
7RRZ,6.9727996873870906
7C9W,6.9727996873870906
5ZYM,6.9727996873870906
2FAI,6.9727996873870906
5UI4,6.9727996873870906
3FJL,6.9727996873870906
8FD8,6.9727996873870906
7YIT,6.9727996873870906
5O13,6.9727996873870906
3PEQ,6.9727996873870906
8U57,6.9727996873870906
7RTK,6.9727996873870906
5VCJ,6.9727996873870906
6J81,6.9727996873870906
4WMT,6.9727996873870906
3LW0,6.9727996873870906
4EMA,6.9727996873870906
5YXD,6.9727996873870906
8X71,6.9727996873870906
8U02,6.9727996873870906
3AN3,6.9727996873870906
5KCT,6.9727996873870906
1C88,6.9727996873870906
5ACB,6.9727996873870906
6OVA,6.9727996873870906
4QTC,6.9727996873870906
4CD0,6.9727996873870906
3GD2,6.9727996873870906
5HGZ,6.9727996873870906
4FGY,6.9727996873870906
6CQX,6.9727996873870906
5QEZ,6.9727996873870906
5HYK,6.9727996873870906
2WI4,6.9727996873870906
8UBZ,6.9727996873870906
6IF0,6.9727996873870906
4V3D,6.9727996873870906
6TDC,6.9727996873870906
7VJL,6.9727996873870906
5Z5S,6.9727996873870906
6DWN,6.9727996873870906
3A9E,6.9727996873870906
3PBA,6.9727996873870906
6CPF,6.9727996873870906
3X08,6.9727996873870906
5NK0,6.9727996873870906
6NRG,6.9727996873870906
4I24,6.9727996873870906
7G90,6.9727996873870906
7JWN,6.9727996873870906
8Q7R,6.9727996873870906
8TYQ,6.9727996873870906
2BAW,6.9727996873870906
3P89,6.9727996873870906
6Q4F,6.9727996873870906
9LIZ,6.9727996873870906
1WM0,6.9727996873870906
4PY0,6.9727996873870906
5Y44,6.9727996873870906
3I0F,6.9727996873870906
5KM6,6.9727996873870906
1FHI,6.9727996873870906
7FRK,6.9727996873870906
8BD8,6.9727996873870906
3H3Q,6.9727996873870906
2BVS,6.9727996873870906
5CJ6,6.9727996873870906
5RKH,6.9727996873870906
7SIU,6.9727996873870906
5LQ9,6.9727996873870906
7L24,6.9727996873870906
2VZ6,6.9727996873870906
7CHT,6.9727996873870906
5UOO,6.9727996873870906
5N64,6.9727996873870906
2Y7J,6.9727996873870906
5HBH,6.9727996873870906
4OEA,6.9727996873870906
7BU4,6.9727996873870906
5EQI,6.9727996873870906
5EQE,6.9727996873870906
7H9W,6.9727996873870906
7XHY,6.9727996873870906
5LO0,6.9727996873870906
4F70,6.9727996873870906
3W3M,6.9727996873870906
7WGO,6.9727996873870906
3R92,6.9727996873870906
6VI4,6.9727996873870906
3UGR,6.9727996873870906
2YDO,6.9727996873870906
5UES,6.9727996873870906
7HB6,6.9727996873870906
6GGA,6.9727996873870906
7VXG,6.9727996873870906
5W0F,6.9727996873870906
8TX8,6.9727996873870906
6M93,6.9727996873870906
7FUT,6.9727996873870906
3VSP,6.9727996873870906
7JWE,6.9727996873870906
1QPF,6.9727996873870906
4NKG,6.9727996873870906
8Q6R,6.9727996873870906
4F7L,6.9727996873870906
5S98,6.9727996873870906
5HMI,6.9727996873870906
5QE4,6.9727996873870906
1YUK,6.9727996873870906
3VSO,6.9727996873870906
3FAL,6.9727996873870906
5VDA,6.9727996873870906
6TNC,6.9727996873870906
4CI4,6.9727996873870906
7THS,6.9727996873870906
9IJP,6.9727996873870906
1FF7,6.9727996873870906
4JWR,6.9727996873870906
5W5Q,6.9727996873870906
5Q0X,6.9727996873870906
6VXR,6.9727996873870906
8X7P,6.9727996873870906
8P73,6.9727996873870906
8Z7W,6.9727996873870906
2PRM,6.9727996873870906
5DDD,6.9727996873870906
5BYB,6.9727996873870906
7R60,6.9727996873870906
4B77,6.9727996873870906
5FXR,6.9727996873870906
6VP0,6.9727996873870906
9AS7,6.9727996873870906
7ONR,6.9727996873870906
4P6X,6.9727996873870906
5S91,6.9727996873870906
1L2I,6.9727996873870906
4I41,6.9727996873870906
6V1K,6.9727996873870906
4NYV,6.9727996873870906
6FDZ,6.9727996873870906
8JL4,6.9727996873870906
2IOG,6.9727996873870906
5HZI,6.9727996873870906
2ZVT,6.9727996873870906
6ZMJ,6.9727996873870906
2A0Q,6.9727996873870906
9JD3,6.9727996873870906
1T4E,6.9727996873870906
5UYJ,6.9727996873870906
4F6U,6.9727996873870906
2WMS,6.9727996873870906
5HBE,6.9727996873870906
2YEG,6.9727996873870906
1WV7,6.9727996873870906
7FHT,6.9727996873870906
8AUU,6.9727996873870906
4Z2W,6.9727996873870906
6EO8,6.9727996873870906
5RKF,6.9727996873870906
2M9S,6.9727996873870906
5DXQ,6.9727996873870906
6KHF,6.9727996873870906
5BN9,6.9727996873870906
5DX3,6.9727996873870906
4YZC,6.9727996873870906
6OAV,6.9727996873870906
4MTA,6.9727996873870906
3KMX,6.9727996873870906
7SZD,6.9727996873870906
4G2F,6.9727996873870906
8WZJ,6.9727996873870906
3F3Y,6.9727996873870906
8CK8,6.9727996873870906
6LS5,6.9727996873870906
7G11,6.9727996873870906
8IT6,6.9727996873870906
5DDC,6.9727996873870906
5H2Z,6.9727996873870906
7AVZ,6.9727996873870906
6TGU,6.9727996873870906
7YMK,6.9727996873870906
8FP1,6.9727996873870906
5OAI,6.9727996873870906
7FZB,6.9727996873870906
6XE8,6.9727996873870906
5NK1,6.9727996873870906
3R5N,6.9727996873870906
6D8X,6.9727996873870906
4HXN,6.9727996873870906
1DGB,6.9727996873870906
4EM9,6.9727996873870906
7KTH,6.9727996873870906
6OD6,6.9727996873870906
9C42,6.9727996873870906
7BAC,6.9727996873870906
5J6L,6.9727996873870906
3SML,6.9727996873870906
2H6F,6.9727996873870906
5Z0S,6.9727996873870906
7FVW,6.9727996873870906
7A7H,6.9727996873870906
8BIK,6.9727996873870906
5RKN,6.9727996873870906
1RHR,6.9727996873870906
2JDR,6.9727996873870906
8EXV,6.9727996873870906
8CZA,6.9727996873870906
3S5Z,6.9727996873870906
5CXY,6.9727996873870906
7S2Y,6.9727996873870906
5Q0P,6.9727996873870906
8BYY,6.9727996873870906
7BQ4,6.9727996873870906
7QGB,6.9727996873870906
6BQ8,6.9727996873870906
4M12,6.9727996873870906
5LLH,6.9727996873870906
6GYO,6.9727996873870906
3X0C,6.9727996873870906
8FKC,6.9727996873870906
7TJ9,6.9727996873870906
2ACS,6.9727996873870906
8UAQ,6.9727996873870906
1JUJ,6.9727996873870906
5S7C,6.9727996873870906
7PGU,6.9727996873870906
6ZUN,6.9727996873870906
8X7H,6.9727996873870906
5TLL,6.9727996873870906
6Q1U,6.9727996873870906
6NO8,6.9727996873870906
7S9X,6.9727996873870906
5AV4,6.9727996873870906
6JJU,6.9727996873870906
4XX5,6.9727996873870906
6Z50,6.9727996873870906
5N93,6.9727996873870906
5ENG,6.9727996873870906
7G8E,6.9727996873870906
5RKY,6.9727996873870906
7JGW,6.9727996873870906
4HXM,6.9727996873870906
5KCF,6.9727996873870906
8BYN,6.9727996873870906
4JZD,6.9727996873870906
6Z8W,6.9727996873870906
6ZPD,6.9727996873870906
8UN3,6.9727996873870906
4X2K,6.9727996873870906
3DEJ,6.9727996873870906
2Q6J,6.9727996873870906
8UOL,6.9727996873870906
6EGD,6.9727996873870906
4BG6,6.9727996873870906
3CGO,6.9727996873870906
6Y1P,6.9727996873870906
1YC3,6.9727996873870906
7SR6,6.9727996873870906
3K22,6.9727996873870906
3EPB,6.97279968738709
7KTD,6.9727996873870906
8U0H,6.9727996873870906
9LJ1,6.9727996873870906
8TUC,6.9727996873870906
4GK4,6.9727996873870906
7JUO,6.9727996873870906
7UP6,6.9727996873870906
3TN8,6.9727996873870906
6M3I,6.9727996873870906
4CYG,6.9727996873870906
5S9E,6.9727996873870906
2F9P,6.9727996873870906
5TMW,6.9727996873870906
1FKB,6.9727996873870906
1SNU,6.9727996873870906
4PPS,6.9727996873870906
6HP9,6.9727996873870906
5C91,6.9727996873870906
7FQH,6.9727996873870906
7QRB,6.9727996873870906
7H9P,6.9727996873870906
5N1X,6.9727996873870906
4M13,6.9727996873870906
6XBM,6.9727996873870906
2VAG,6.9727996873870906
2ZNN,6.9727996873870906
6DW5,6.9727996873870906
6WNY,6.9727996873870906
9BMH,6.9727996873870906
3WZE,6.9727996873870906
6RJL,6.9727996873870906
3SVH,6.9727996873870906
5RKT,6.9727996873870906
8DV7,6.9727996873870906
2R3J,6.9727996873870906
8DC8,6.9727996873870906
5KJ2,6.9727996873870906
4OCC,6.9727996873870906
5KM3,6.9727996873870906
2I4Z,6.9727996873870906
5JFS,6.9727996873870906
2P4Y,6.9727996873870906
8TBU,6.9727996873870906
6Q96,6.9727996873870906
7K15,6.9727996873870906
7YI7,6.9727996873870906
4YKQ,6.9727996873870906
3N8I,6.9727996873870906
1LHD,6.9727996873870906
7TE7,6.9727996873870906
7QVL,6.9727996873870906
4TO2,6.9727996873870906
3H44,6.972799687387093
7JYS,6.9727996873870906
4G8L,6.9727996873870906
7BR3,6.9727996873870906
6KUW,6.9727996873870906
8T99,6.9727996873870906
5UVW,6.9727996873870906
1EV3,6.9727996873870906
4XCT,6.9727996873870906
8Q9S,6.9727996873870906
8WM9,6.9727996873870906
6ZFH,6.9727996873870906
7AJ5,6.9727996873870906
7FRZ,6.9727996873870906
8OG9,6.9727996873870906
2QD1,6.9727996873870906
6CBZ,6.9727996873870906
5RK8,6.9727996873870906
4RER,6.9727996873870906
5Q0L,6.9727996873870906
5QIP,6.9727996873870906
6Y99,6.9727996873870906
5SAU,6.9727996873870906
9B14,6.9727996873870906
2BRM,6.9727996873870906
8X7M,6.9727996873870906
5I9V,6.9727996873870906
6CZ5,6.9727996873870906
2ACU,6.9727996873870906
8PA6,6.9727996873870906
1E2E,6.9727996873870906
6KBA,6.9727996873870906
2IZT,6.9727996873870906
6E5A,6.9727996873870906
6BFD,6.9727996873870906
1HE4,6.9727996873870906
5KTW,6.9727996873870906
6SUO,6.9727996873870906
7AO8,6.9727996873870906
2XCV,6.9727996873870906
5TVT,6.9727996873870906
8HND,6.9727996873870906
8T47,6.9727996873870906
3QDD,6.9727996873870906
3POO,6.9727996873870906
7GSF,6.9727996873870906
4WMX,6.9727996873870906
4TNR,6.9727996873870906
8BYE,6.9727996873870906
4TNB,6.9727996873870906
5TEL,6.9727996873870906
2JFL,6.9727996873870906
7OQW,6.9727996873870906
4RN0,6.9727996873870906
3L4W,6.9727996873870906
5ACC,6.9727996873870906
2R2J,6.9727996873870906
8W6C,6.9727996873870906
8TRW,6.9727996873870906
7SQL,6.9727996873870906
7YNQ,6.9727996873870906
3HG4,6.9727996873870906
4KXB,6.9727996873870906
8EBT,6.9727996873870906
9ESZ,6.9727996873870906
4GJ3,6.9727996873870906
6QXK,6.9727996873870906
3FC6,6.9727996873870906
2D7R,6.9727996873870906
3X1I,6.9727996873870906
6A4I,6.9727996873870906
3BL9,6.9727996873870906
6YVK,6.9727996873870906
7YXR,6.9727996873870906
5Y49,6.9727996873870906
6QCD,6.9727996873870906
6WFK,6.9727996873870906
3SP5,6.9727996873870906
7LAZ,6.9727996873870906
5TF8,6.9727996873870906
4ZNH,6.9727996873870906
6JWA,6.9727996873870906
8G1U,6.9727996873870906
5AQZ,6.9727996873870906
6FW2,6.9727996873870906
2VUW,6.9727996873870906
7MIH,6.9727996873870906
1DGH,6.9727996873870906
7B4C,6.9727996873870906
6AY3,6.9727996873870906
3A7I,6.9727996873870906
2V7A,6.9727996873870906
5RK3,6.9727996873870906
6WH4,6.9727996873870906
7BG3,6.9727996873870906
5DXR,6.9727996873870906
3DKO,6.9727996873870906
6IZM,6.9727996873870906
5Q1I,6.9727996873870906
5ENH,6.9727996873870906
4RWA,6.9727996873870906
5U3S,6.9727996873870906
7WTC,6.9727996873870906
6RQ4,6.9727996873870906
6EYB,6.9727996873870906
2FJM,6.9727996873870906
8HUL,6.9727996873870906
5KTX,6.9727996873870906
6CM4,6.9727996873870906
3WZJ,6.9727996873870906
7M5Z,6.9727996873870906
6LIL,6.9727996873870906
8G5D,6.9727996873870906
6S39,6.9727996873870906
7R4M,6.9727996873870906
2JBU,6.972799687387107
6LKM,6.9727996873870906
7PW8,6.9727996873870906
7RUX,6.9727996873870906
5VDH,6.9727996873870906
7AB1,6.9727996873870906
5K7G,6.9727996873870906
4X8T,6.9727996873870906
5TN7,6.9727996873870906
4JOC,6.9727996873870906
7NKE,6.9727996873870906
8HUO,6.9727996873870906
5AAU,6.9727996873870906
6N79,6.9727996873870906
6LP6,6.9727996873870906
3QCF,6.9727996873870906
6SQF,6.9727996873870906
6L13,6.9727996873870906
6N8G,6.9727996873870906
5S97,6.9727996873870906
5OLG,6.9727996873870906
7UGL,6.9727996873870906
7UJM,6.9727996873870906
8G67,6.9727996873870906
1T84,6.9727996873870906
3FT8,6.9727996873870906
3FVU,6.9727996873870906
8PM3,6.9727996873870906
6Y9R,6.9727996873870906
5TM9,6.9727996873870906
3ZSI,6.9727996873870906
5I3R,6.9727996873870906
7G99,6.9727996873870906
8S88,6.9727996873870906
5EQH,6.9727996873870906
1OIP,6.9727996873870906
3QCJ,6.9727996873870906
9FSH,6.9727996873870906
4G0V,6.9727996873870906
6C99,6.9727996873870906
5WU3,6.9727996873870906
5ZXF,6.9727996873870906
7FYF,6.9727996873870906
5O8V,6.9727996873870906
6R6X,6.9727996873870906
6GVH,6.9727996873870906
9CTV,6.9727996873870906
3FEI,6.9727996873870906
5U2C,6.9727996873870906
7LAK,6.9727996873870906
5TM3,6.9727996873870906
2YE5,6.9727996873870906
8HLP,6.9727996873870906
7FVF,6.9727996873870906
7KK5,6.9727996873870906
3U10,6.9727996873870906
6SMA,6.9727996873870906
5U3T,6.9727996873870906
8JEW,6.9727996873870906
5OCI,6.9727996873870906
7S1R,6.9727996873870906
8AKA,6.9727996873870906
6ZOQ,6.9727996873870906
5XQD,6.9727996873870906
6NUB,6.9727996873870906
4M0Y,6.9727996873870906
7BSU,6.9727996873870906
7X3M,6.9727996873870906
3OP5,6.9727996873870906
7ATS,6.9727996873870906
7DHN,6.9727996873870906
7YBP,6.9727996873870906
2BVX,6.9727996873870906
5S8I,6.9727996873870906
6ZGV,6.9727996873870906
2V3O,6.9727996873870906
2QZL,6.9727996873870906
4UDW,6.9727996873870906
2H55,6.9727996873870906
2JH0,6.9727996873870906
9FET,6.9727996873870906
6HMP,6.9727996873870906
7FSV,6.9727996873870906
7FS1,6.9727996873870906
5ENB,6.9727996873870906
7AVT,6.9727996873870906
6ZMK,6.9727996873870906
5FTO,6.9727996873870906
6L15,6.9727996873870906
6FBO,6.9727996873870906
3GOK,6.9727996873870906
5O0Y,6.9727996873870906
8UO9,6.9727996873870906
1M48,6.9727996873870906
8DHG,6.9727996873870906
6NF1,6.9727996873870906
5KPP,6.9727996873870906
6B0F,6.9727996873870906
8E8C,6.9727996873870906
6WFV,6.9727996873870906
5ZGG,6.9727996873870906
3KMR,6.9727996873870906
8REJ,6.9727996873870906
5H15,6.9727996873870906
6F3I,6.9727996873870906
2XJ2,6.9727996873870906
8T82,6.9727996873870906
2UVZ,6.9727996873870906
6YVL,6.9727996873870906
6F84,6.9727996873870906
5WGQ,6.9727996873870906
3Q6E,6.9727996873870906
5Y3O,6.9727996873870906
5HF5,6.9727996873870906
5FGK,6.9727996873870906
7Z6H,6.9727996873870906
8R1A,6.9727996873870906
7G95,6.9727996873870906
5Q1G,6.9727996873870906
7BQ2,6.9727996873870906
1ZKY,6.9727996873870906
4B99,6.9727996873870906
5N5M,6.9727996873870906
5EGV,6.9727996873870906
1I0Z,6.9727996873870906
3QCG,6.9727996873870906
2I17,6.9727996873870906
3OTF,6.9727996873870906
5RKX,6.9727996873870906
3RT3,6.9727996873870906
1LHG,6.9727996873870906
5A1I,6.9727996873870906
2BZ6,6.9727996873870906
8X92,6.9727996873870906
1AI8,6.9727996873870906
8XY7,6.9727996873870906
6MH1,6.9727996873870906
2PKL,6.9727996873870906
6MXZ,6.9727996873870906
7FVB,6.9727996873870906
5WRY,6.9727996873870906
2XJC,6.9727996873870906
7AQT,6.9727996873870906
7FVJ,6.9727996873870906
3O8X,6.9727996873870906
2BIL,6.9727996873870906
2RKZ,6.9727996873870906
6S86,6.9727996873870906
1PYN,6.9727996873870906
7ZI3,6.9727996873870906
8DSZ,6.9727996873870906
7SZC,6.9727996873870906
8D0Q,6.9727996873870906
5EXW,6.9727996873870906
6IAR,6.9727996873870906
4NYX,6.9727996873870906
5U6J,6.9727996873870906
5U2F,6.9727996873870906
2BXT,6.9727996873870906
3IFW,6.9727996873870906
5QD0,6.9727996873870906
8OP9,6.9727996873870906
9BU7,6.9727996873870906
6PSJ,6.9727996873870906
1XK5,6.9727996873870906
2HZQ,6.9727996873870906
7KKE,6.9727996873870906
7G9I,6.9727996873870906
9F7W,6.9727996873870906
3I25,6.9727996873870906
3ZS2,6.9727996873870906
8XSM,6.9727996873870906
4ZNT,6.9727996873870906
3V49,6.9727996873870906
9ET7,6.9727996873870906
6JJ5,6.9727996873870906
8JCV,6.9727996873870906
7MTB,6.9727996873870906
8BX9,6.9727996873870906
1MU8,6.9727996873870906
5RJZ,6.9727996873870906
3PO9,6.9727996873870906
5TLV,6.9727996873870906
4ZNW,6.9727996873870906
5C5A,6.9727996873870906
6FQT,6.9727996873870906
6ITM,6.9727996873870906
6QE1,6.9727996873870906
5Q16,6.9727996873870906
7DH3,6.9727996873870906
8T5K,6.9727996873870906
7ERA,6.9727996873870906
6Q4A,6.9727996873870906
8E8B,6.9727996873870906
1CBS,6.9727996873870906
7ONS,6.9727996873870906
1H8D,6.9727996873870906
2VSL,6.972799686557585
7O20,6.9727996873870906
6AWO,6.9727996873870906
9INV,6.9727996873870906
2FWZ,6.9727996873870906
4JXF,6.9727996873870906
9LJ5,6.9727996873870906
6UKW,6.9727996873870906
7ZU2,6.9727996873870906
3O8T,6.9727996873870906
2DOH,6.972799687387089
1A3B,6.9727996873870906
6G34,6.9727996873870906
1GCQ,6.9727996873870906
3KDT,6.9727996873870906
4N3B,6.9727996873870906
7O70,6.9727996873870906
2VO7,6.9727996873870906
5WIJ,6.9727996873870906
2RJ8,6.9727996873870906
7B1Q,6.9727996873870906
4FSN,6.9727996873870906
4WZV,6.9727996873870906
6L11,6.9727996873870906
7N3R,6.9727996873870906
7AEI,6.9727996873870906
8PAU,6.9727996873870906
6M2B,6.9727996873870906
3KA0,6.9727996873870906
4V26,6.9727996873870906
6C5T,6.9727996873870906
6XEE,6.9727996873870906
5Q0S,6.9727996873870906
6NJA,6.9727996873870906
1O0D,6.9727996873870906
4FV1,6.9727996873870906
6CJF,6.9727996873870906
4XZ4,6.9727996873870906
8HL7,6.9727996873870906
8HCK,6.9727996873870906
5AND,6.9727996873870906
6TND,6.9727996873870906
8BYD,6.9727996873870906
6UO8,6.9727996873870906
1YND,6.9727996873870906
5Q12,6.9727996873870906
5QQM,6.9727996873870906
5ED2,6.9727996873870906
2WIK,6.9727996873870906
7KT3,6.9727996873870906
1QKM,6.9727996873870906
2RCW,6.9727996873870906
4HG7,6.9727996873870906
5NLK,6.9727996873870906
5J3J,6.9727996873870906
8AAP,6.9727996873870906
3E3E,6.9727996873870906
1K22,6.9727996873870906
4W8D,6.9727996873870906
4O0Y,6.9727996873870906
1NMQ,6.9727996873870906
5W0L,6.9727996873870906
4R07,6.9727996873870906
8JNZ,6.9727996873870906
5VD3,6.9727996873870906
9BC7,6.9727996873870906
5S7V,6.9727996873870906
6XLO,6.9727996873870906
9CGB,6.972799686845505
1FAK,6.9727996873870906
3TO4,6.9727996873870906
2FES,6.9727996873870906
1XJD,6.9727996873870906
7LU5,6.9727996873870906
4RXS,6.9727996873870906
7P4E,6.9727996873870906
2ZO3,6.9727996873870906
5AFZ,6.9727996873870906
6HMC,6.9727996873870906
3FD5,6.9727996873870906
5Z1R,6.9727996873870906
5DTV,6.9727996873870906
5T1W,6.9727996873870906
4ISH,6.9727996873870906
7GTR,6.9727996873870906
7E0G,6.9727996873870906
4CTC,6.9727996873870906
5DIE,6.9727996873870906
4IW8,6.9727996873870906
8QTH,6.9727996873870906
6ENQ,6.9727996873870906
6W44,6.9727996873870906
5BO6,6.9727996873870906
7LH7,6.9727996873870906
8FVF,6.9727996873870906
6P3D,6.9727996873870906
6AF5,6.9727996873870906
5I88,6.9727996873870906
5DKE,6.9727996873870906
7CD9,6.9727996873870906
3CDS,6.9727996873870906
5QE3,6.9727996873870906
7SFL,6.9727996873870906
7NWK,6.9727996873870906
3LZ5,6.9727996873870906
6UKY,6.9727996873870906
6WUZ,6.9727996873870906
2XKW,6.9727996873870906
3X1H,6.9727996873870906
6F2U,6.9727996873870906
4AYT,6.9727996873870906
4A4V,6.9727996873870906
5HNU,6.9727996873870906
9CQC,6.9727996873870906
7XYH,6.9727996873870906
2IL2,6.9727996873870906
8KEI,6.9727996873870906
7APO,6.9727996873870906
1ERE,6.9727996873870906
6SLW,6.9727996873870906
5RKO,6.9727996873870906
6HXF,6.9727996873870906
8P71,6.9727996873870906
3FEJ,6.9727996873870906
3SW4,6.9727996873870906
7NEL,6.9727996873870906
7ERB,6.9727996873870906
2ZK1,6.9727996873870906
3HMP,6.9727996873870906
6AFA,6.9727996873870906
8V72,6.9727996873870906
9IWO,6.9727996873870906
5Y93,6.9727996873870906
5S76,6.9727996873870906
4QXR,6.9727996873870906
5KPZ,6.9727996873870906
7G1R,6.9727996873870906
4PNZ,6.9727996873870906
4RFM,6.9727996873870906
3BHT,6.9727996873870906
6DCU,6.9727996873870906
3U6H,6.9727996873870906
5O8U,6.9727996873870906
1BHX,6.9727996873870906
4V3E,6.9727996873870906
8DV5,6.9727996873870906
6YIJ,6.9727996873870906
7C2Z,6.9727996873870906
4TO1,6.9727996873870906
2VEY,6.9727996873870906
4Z6A,6.9727996873870906
9GR0,6.9727996873870906
6X1M,6.9727996873870906
7G9B,6.9727996873870906
6BTY,6.9727996873870906
5S8E,6.9727996873870906
5G6V,6.9727996873870906
3EB1,6.9727996873870906
4XVD,6.9727996873870906
4BC6,6.9727996873870906
5TMS,6.9727996873870906
1UZE,6.9727996873870906
8JPF,6.9727996873870906
8REV,6.9727996873870906
5DV2,6.9727996873870906
3JYJ,6.9727996873870906
4MPV,6.9727996873870906
8RHG,6.9727996873870906
2WF2,6.9727996873870906
6IEZ,6.9727996873870906
7LA9,6.9727996873870906
5MQK,6.9727996873870906
7UN7,6.9727996873870906
8OV6,6.9727996873870906
4IAA,6.9727996873870906
2NRY,6.9727996873870906
6OQA,6.9727996873870906
6NTN,6.9727996873870906
1GZY,6.9727996873870906
3VEY,6.9727996873870906
2A9J,6.9727996873870906
5QIG,6.9727996873870906
8OME,6.9727996873870906
2PX6,6.9727996873870906
2VGL,6.9727996873870906
3L3M,6.9727996873870906
6CZ1,6.9727996873870906
1PKD,6.9727996873870906
2QAB,6.9727996873870906
7VWH,6.9727996873870906
3T42,6.9727996873870906
5JJM,6.9727996873870906
7HB1,6.9727996873870906
6IN1,6.9727996873870906
7D3E,6.9727996873870906
8AOY,6.9727996873870906
4PP6,6.9727996873870906
8SS7,6.9727996873870906
9KRH,6.9727996873870906
5XF1,6.9727996873870906
6UX9,6.9727996873870906
3LXP,6.9727996873870906
7K71,6.9727996873870906
5TES,6.9727996873870906
8JL3,6.9727996873870906
2H52,6.9727996873870906
7G8P,6.9727996873870906
6YMO,6.9727996873870906
7ZVT,6.9727996873870906
8TSB,6.9727996873870906
4IU7,6.9727996873870906
4LSJ,6.9727996873870906
2FHI,6.9727996873870906
5DXM,6.9727996873870906
5H1U,6.9727996873870906
6NN4,6.9727996873870906
6W2L,6.9727996873870906
8UQ7,6.9727996873870906
2HRQ,6.9727996873870906
5RKI,6.9727996873870906
6Y6F,6.9727996873870906
5TLX,6.9727996873870906
3SOA,6.9727996873870906
4KIK,6.9727996873870906
4IVY,6.9727996873870906
5LO1,6.9727996873870906
3ADT,6.9727996873870906
6V87,6.9727996873870906
6PZP,6.9727996873870906
7AAC,6.9727996873870906
2X7F,6.9727996873870906
6X85,6.9727996873870906
8U56,6.9727996873870906
6FNC,6.9727996873870906
3OQF,6.9727996873870906
7OBL,6.9727996873870906
3HO0,6.9727996873870906
3QPV,6.9727996873870906
6AFC,6.9727996873870906
6YTG,6.9727996873870906
2BU7,6.9727996873870906
8QNH,6.9727996873870906
9JD9,6.9727996873870906
1BCU,6.9727996873870906
3I4B,6.9727996873870906
5IA4,6.9727996873870906
4A9F,6.9727996873870906
4W7T,6.9727996873870906
8WEJ,6.9727996873870906
4K33,6.9727996873870906
5TMQ,6.9727996873870906
5TMZ,6.9727996873870906
7NFY,6.9727996873870906
5QCX,6.9727996873870906
5Q0V,6.9727996873870906
6ZOS,6.9727996873870906
6HLP,6.9727996873870906
3R58,6.9727996873870906
7DG4,6.9727996873870906
8HHP,6.9727996873870906
3GZ9,6.9727996873870906
5YV9,6.9727996873870906
6EIR,6.9727996873870906
8X2A,6.9727996873870906
5DLR,6.9727996873870906
7FVO,6.9727996873870906
8BY9,6.9727996873870906
4Q93,6.9727996873870906
3HOD,6.9727996873870906
3VZV,6.9727996873870906
6WGT,6.9727996873870906
6YIM,6.9727996873870906
5Y1J,6.9727996873870906
6TLP,6.9727996873870906
6ZUU,6.9727996873870906
7DPN,6.9727996873870906
6V0U,6.9727996873870906
3HU2,6.9727996873870906
4E5W,6.9727996873870906
3F8S,6.9727996873870906
7FQO,6.9727996873870906
7TRB,6.9727996873870906
2BIK,6.9727996873870906
8BDM,6.9727996873870906
7JGV,6.9727996873870906
3LS8,6.9727996873870906
5UR1,6.9727996873870906
7NV1,6.9727996873870906
5H25,6.9727996873870906
1KV1,6.9727996873870906
5KRO,6.9727996873870906
4BJX,6.9727996873870906
5DZ1,6.9727996873870906
7JP3,6.9727996873870906
9EWY,6.9727996873870906
5TM4,6.9727996873870906
4R95,6.9727996873870906
5Z8R,6.9727996873870906
8DGS,6.9727996873870906
7R4P,6.9727996873870906
7W7X,6.9727996873870906
1AIX,6.9727996873870906
6VKQ,6.9727996873870906
8IJR,6.9727996873870906
7KSJ,6.9727996873870906
7FJF,6.9727996873870906
2OUZ,6.9727996873870906
8VNX,6.9727996873870906
5FBX,6.9727996873870906
4F7J,6.9727996873870906
6QCN,6.9727996873870906
8J03,6.9727996873870906
6DWJ,6.9727996873870906
6KXX,6.9727996873870906
2FKE,6.9727996873870906
7MR5,6.9727996873870906
5Q0W,6.9727996873870906
6CNX,6.9727996873870906
5TMU,6.9727996873870906
1O7S,6.9727996873870906
7FIC,6.9727996873870906
5S90,6.9727996873870906
7RS9,6.9727996873870906
3WMH,6.9727996873870906
5S8R,6.9727996873870906
7UKZ,6.9727996873870906
7U99,6.9727996873870906
7NEZ,6.9727996873870906
5AM7,6.9727996873870906
7Z5X,6.9727996873870906
4TQB,6.9727996873870906
2VWX,6.9727996873870906
6P0M,6.9727996873870906
4JVS,6.9727996873870906
3GBK,6.9727996873870906
4PVU,6.9727996873870906
5GSA,6.9727996873870906
5RJJ,6.9727996873870906
6F7Q,6.9727996873870906
4AGL,6.9727996873870906
5LRZ,6.9727996873870906
6F81,6.9727996873870906
7G81,6.9727996873870906
7FT0,6.9727996873870906
7TD4,6.9727996873870906
6VKK,6.9727996873870906
4IUI,6.9727996873870906
6GGN,6.9727996873870906
3OWD,6.9727996873870906
4MS1,6.9727996873870906
2VEV,6.9727996873870906
6NQ2,6.9727996873870906
6L12,6.9727996873870906
6KZI,6.9727996873870906
4GSS,6.9727996873870906
5DKG,6.9727996873870906
5SCD,6.9727996873870906
5U3V,6.9727996873870906
6WI3,6.9727996873870906
6L96,6.9727996873870906
4XI9,6.9727996873870906
4OIV,6.9727996873870906
7V3S,6.9727996873870906
3CST,6.9727996873870906
4OFR,6.9727996873870906
7U8D,6.9727996873870906
3BUH,6.9727996873870906
2WIG,6.9727996873870906
5UVX,6.9727996873870906
5UEP,6.9727996873870906
5MMG,6.9727996873870906
5DYX,6.9727996873870906
6OPI,6.9727996873870906
7CR4,6.9727996873870906
7ZRB,6.9727996873870906
5F9B,6.9727996873870906
7WEU,6.9727996873870906
5RKQ,6.9727996873870906
3V2W,6.9727996873870906
2YJA,6.9727996873870906
6ZCD,6.9727996873870906
6DWD,6.9727996873870906
5H1V,6.9727996873870906
4CRL,6.9727996873870906
8BDX,6.9727996873870906
4AGM,6.9727996873870906
1QKT,6.9727996873870906
8ARW,6.9727996873870906
4MGK,6.9727996873870906
5EP7,6.9727996873870906
3G2S,6.9727996873870906
5J2X,6.9727996873870906
5WUU,6.9727996873870906
6MDB,6.9727996873870906
7D3Y,6.9727996873870906
8HLT,6.9727996873870906
5MO3,6.9727996873870906
8F7U,6.9727996873870906
6CJH,6.9727996873870906
5H85,6.9727996873870906
7AVS,6.9727996873870906
4Y03,6.9727996873870906
4ZNU,6.9727996873870906
5VO4,6.9727996873870906
3JS2,6.9727996873870906
6DF6,6.9727996873870906
4GK2,6.9727996873870906
4H3J,6.9727996873870906
7BDI,6.9727996873870906
3EJ1,6.9727996873870906
8ENJ,6.9727996873870906
7AOS,6.9727996873870906
7CQE,6.9727996873870906
8DBE,6.9727996873870906
2RDU,6.9727996873870906
3OS9,6.9727996873870906
1V1T,6.9727996873870906
5JFV,6.9727996873870906
7N3N,6.9727996873870906
2NO6,6.9727996873870906
7G9J,6.9727996873870906
2VGF,6.9727996873870906
7LM2,6.9727996873870906
5VD7,6.9727996873870906
8BFF,6.9727996873870906
4QIM,6.9727996873870906
5TN5,6.9727996873870906
1W8C,6.9727996873870906
6T6F,6.9727996873870906
6GQQ,6.9727996873870906
7DHK,6.9727996873870906
8V70,6.9727996873870906
7KHJ,6.9727996873870906
3TNW,6.9727996873870906
5Y94,6.9727996873870906
6Z5B,6.9727996873870906
7R62,6.9727996873870906
7YAW,6.9727996873870906
7XI0,6.9727996873870906
7ZLP,6.9727996873870906
7W0G,6.9727996873870906
7FXF,6.9727996873870906
7P1L,6.9727996873870906
4U6Q,6.9727996873870906
6MA1,6.9727996873870906
2VD5,6.9727996873870906
7SHP,6.9727996873870906
8UH0,6.9727996873870906
2G94,6.9727996873870906
6Y3U,6.9727996873870906
7T0Q,6.9727996873870906
7KW1,6.9727996873870906
6BRJ,6.9727996873870906
8K6L,6.9727996873870906
8BI5,6.9727996873870906
5AAV,6.9727996873870906
8F5X,6.9727996873870906
7C7F,6.9727996873870906
3ADW,6.9727996873870906
7ERE,6.9727996873870906
6TJM,6.9727996873870906
6A5W,6.9727996873870906
7OTP,6.9727996873870906
1RW8,6.9727996873870906
6FCJ,6.9727996873870906
1XU9,6.9727996873870906
7BZT,6.9727996873870906
8BXQ,6.9727996873870906
2BU6,6.9727996873870906
4HBN,6.9727996873870906
9FGC,6.9727996873870906
8WGB,6.9727996873870906
5QE9,6.9727996873870906
5S95,6.9727996873870906
8BF2,6.9727996873870906
8U27,6.9727996873870906
3LBK,6.9727996873870906
3W33,6.9727996873870906
3NPC,6.9727996873870906
1UEI,6.9727996873870906
1ZNJ,6.9727996873870906
6X4H,6.9727996873870906
4L1X,6.9727996873870906
4N3C,6.9727996873870906
1WUN,6.9727996873870906
7BDP,6.9727996873870906
5U98,6.9727996873870906
3R91,6.9727996873870906
6G38,6.9727996873870906
9CTG,6.9727996873870906
6X5P,6.9727996873870906
6FNI,6.9727996873870906
5YAK,6.9727996873870906
6LLE,6.9727996873870906
6X86,6.9727996873870906
3NAY,6.9727996873870906
5MPZ,6.9727996873870906
7M3G,6.9727996873870906
7QFO,6.9727996873870906
4O7C,6.9727996873870906
3EPA,6.97279968738709
3UWE,6.9727996873870906
6N3Y,6.9727996873870906
5TGZ,6.9727996873870906
7CLH,6.9727996873870906
6OLX,6.9727996873870906
5TN6,6.9727996873870906
2AOA,6.9727996873870906
5LRQ,6.9727996873870906
6NPN,6.9727996873870906
6PDI,6.9727996873870906
7OQG,6.9727996873870906
6O67,6.9727996873870906
7EM2,6.9727996873870906
6AXQ,6.9727996873870906
2ZMF,6.9727996873870906
2PQF,6.9727996873870906
4LZ1,6.9727996873870906
7EM8,6.9727996873870906
3RDH,6.9727996873870906
5HDU,6.9727996873870906
5U3Z,6.9727996873870906
3PRE,6.9727996873870906
4FM8,6.9727996873870906
2RFS,6.9727996873870906
5OKO,6.9727996873870906
7G8K,6.9727996873870906
7SQB,6.9727996873870906
4QOF,6.9727996873870906
8OFA,6.9727996873870906
7AJM,6.9727996873870906
1YIM,6.9727996873870906
8BOX,6.9727996873870906
5Q13,6.9727996873870906
4X93,6.9727996873870906
2XYD,6.9727996873870906
3OMM,6.9727996873870906
4AZ2,6.9727996873870906
3U9Q,6.9727996873870906
3U11,6.9727996873870906
1PXO,6.9727996873870906
2QH6,6.9727996873870906
7N2M,6.9727996873870906
7FV8,6.9727996873870906
1T2A,6.9727996873870906
3IA6,6.9727996873870906
6C1B,6.9727996873870906
5N5L,6.9727996873870906
1UNQ,6.9727996873870906
4EUT,6.9727996873870906
5C27,6.9727996873870906
4US0,6.9727996873870906
3R8I,6.9727996873870906
6IO0,6.9727996873870906
7Q7L,6.9727996873870906
7G97,6.9727996873870906
8ADF,6.9727996873870906
5MAF,6.9727996873870906
7AJ7,6.9727996873870906
2RDT,6.9727996873870906
5RKW,6.9727996873870906
8BXN,6.9727996873870906
5RJV,6.9727996873870906
4L8Z,6.9727996873870906
7G9A,6.9727996873870906
5RKV,6.9727996873870906
5I8A,6.9727996873870906
5BV6,6.9727996873870906
4X3J,6.9727996873870906
4XUD,6.9727996873870906
5RKR,6.9727996873870906
8FJZ,6.9727996873870906
6W4C,6.9727996873870906
2VJ9,6.9727996873870906
6K0T,6.9727996873870906
8F1Z,6.9727996873870906
6OPL,6.9727996873870906
7XYD,6.9727996873870906
4RKA,6.9727996873870906
3DHK,6.9727996873870906
4HMN,6.9727996873870906
5MRH,6.9727996873870906
1HTI,6.9727996873870906
5TBE,6.9727996873870906
7RCL,6.9727996873870906
3ET3,6.9727996873870906
7FX8,6.9727996873870906
7SSE,6.9727996873870906
8PT9,6.9727996873870906
3F2N,6.9727996873870906
8PTZ,6.9727996873870906
5QDR,6.9727996873870906
4OLM,6.9727996873870906
9CBL,6.9727996873870906
6M91,6.9727996873870906
4KLR,6.9727996873870906
6G36,6.9727996873870906
6EL9,6.9727996873870906
6XDB,6.9727996873870906
6TEC,6.9727996873870906
4JKV,6.9727996873870906
8C1K,6.9727996873870906
5TDF,6.9727996873870906
4ZMA,6.9727996873870906
4JQA,6.9727996873870906
8T4Y,6.9727996873870906
4GV7,6.9727996873870906
6R3D,6.9727996873870906
7PGQ,6.9727996873870906
7FXR,6.9727996873870906
1A52,6.9727996873870906
2Q7I,6.9727996873870906
6MOM,6.9727996873870906
4AS0,6.9727996873870906
3EPC,6.9727996873870906
3DKJ,6.9727996873870906
4YJQ,6.9727996873870906
6GTT,6.9727996873870906
8BEM,6.9727996873870906
4QIA,6.9727996873870906
5S8H,6.9727996873870906
8ILR,6.9727996873870906
7AJW,6.9727996873870906
8GVZ,6.9727996873870906
4EHZ,6.9727996873870906
5UGM,6.9727996873870906
5KRF,6.9727996873870906
4ISF,6.9727996873870906
5I2E,6.9727996873870906
8JTV,6.9727996873870906
4PXZ,6.9727996873870906
7UGI,6.9727996873870906
3LM5,6.9727996873870906
7FY5,6.9727996873870906
7EAT,6.9727996873870906
6UBW,6.9727996873870906
8GVX,6.9727996873870906
4BB4,6.9727996873870906
5HOY,6.9727996873870906
7BJ6,6.9727996873870906
6A5X,6.9727996873870906
5KRJ,6.9727996873870906
5Q1B,6.9727996873870906
6GIN,6.9727996873870906
