PDB_CODE,Predicted_Value
4CWF,8.282049303303149
6ZRC,7.4853590024769145
1L5Q,7.5408731076794835
5RK9,8.142167014670177
8CPH,8.167495396495672
4MGI,8.148879610730326
7ER8,8.062622109442154
3FUR,7.91304496903214
8EYO,8.017240344302161
5LO5,7.903995889276087
6NWK,7.456350766602363
6B1U,8.104618704752323
3NOX,8.238045292658645
4O76,9.200021637033368
7B31,8.463720282834183
5IAW,7.685317813986266
8U4W,7.121435121281876
3BGP,8.3984240480138
5TM6,7.7100602161442895
5P9J,8.442870805789939
4MGA,8.324897367906352
6JOJ,8.68913893829202
7R4K,7.761077286619137
3BF6,8.019442612403964
3U2C,7.959929578572634
7UBO,9.150023648302755
3W3K,8.19726052682638
6YOJ,7.461027352355478
4MG7,8.028225258871187
6I2Y,8.55224260648458
8A31,7.0614768104230565
5N5N,7.439328612225561
5NK8,8.429190588496617
6XRL,8.293746648795992
4L98,7.443250967575901
2ZIQ,8.628648487209498
3SMO,7.784105006516038
6WHA,8.093663073906278
4O75,8.602875767112463
3K65,7.716128708775124
3GWX,7.0553427784242215
5RK2,7.65215571127134
9AS3,8.189029634434455
5WIN,8.855575941871855
5J7F,8.682461092968262
7R9L,8.521102176736425
2RAK,7.218669134320664
7AW3,8.482544191385088
5KRK,7.199749148530361
5TB6,7.785197229293615
6YB8,7.397556173650809
6YV4,7.7804945760576585
4RC2,7.681357075215334
5DXP,8.145891580200653
2QGT,7.881199640141638
2FLB,8.971680971255433
5R8K,8.56531988854904
1AZ2,7.966757981036958
1X7J,7.909811433294711
7VUE,7.325417292511352
2YKB,7.8751756287856685
5MKR,7.086741077004052
7R9W,7.59666466864179
6PKC,7.200631447459161
7ZLR,7.101031956087552
4D9T,8.4925873323519
6DXL,8.547525408599897
1T4U,7.914145918818594
2XQK,7.762329832239738
7G14,7.789310892269968
5DEY,9.261640134270719
7CKF,8.168844808221024
4OJ4,7.893758896387879
7RLF,7.770603352960492
8DU9,7.1541450960907795
5JZY,8.914598729021375
4ZN9,7.84394710853639
6A6P,8.223785592144601
8V6Y,7.848635461792928
3NOA,7.78389162315794
6NJS,8.101844280756477
6HCY,7.632677926731667
9CHU,7.06591969172025
4LXA,8.289350460634706
6DFM,8.036248936429764
8SS6,9.169334360085905
8EV1,7.639096319606773
4FMC,7.365855528308705
3QCE,7.042651840974826
6DW3,7.462886846183565
6KHE,8.912464430195948
5XMX,7.858410964339293
6BMU,8.867188136777834
5S96,7.589556648465733
8GZ3,7.387824510686653
5S8Y,8.50767931669026
1NM6,7.773503335292099
4FA6,8.407893503807058
8IMX,7.762414157211823
1TOM,8.736127986857873
7RUZ,7.428611218568822
5TM5,7.722345275046538
3IMX,7.485022810726779
4XVE,7.98062732355015
7DBK,7.7363919716658875
8TU9,8.02872889628665
7MRC,8.740371083906119
5TB5,6.9932129755604615
3FT5,8.818789150363068
7X9D,7.857279389289899
4CIK,7.212696252427276
7FT7,8.303014482860528
5WS0,8.524064602773429
3CLD,7.789748102024978
7FV2,7.031933740055093
7M44,7.681634254688443
5MVC,7.58935089994646
4USE,8.71877432357591
4PYX,8.294286028930896
7BGQ,8.87441444529177
3H0W,8.315335326966402
7WGP,7.879840443193884
3ELA,8.345400760339643
4C67,8.65815359813979
5VD1,8.316100127516957
5XGN,8.040790159214543
5UGB,8.025448802359216
2Y48,7.874510645901642
4EY6,7.915567766099531
4G9R,8.836135230243702
5QIE,7.26767471468878
6ZC9,7.674712007805134
7FQL,7.558518515231926
4CWN,8.375298490603598
4ODR,8.441902115244236
5RKL,9.003612363489484
7WMM,7.2679555969361775
7WNV,7.126995222188958
5VD5,7.24019139823428
4NGA,8.39282737779815
4IM2,8.307100517269902
7FVE,7.196701837622758
8YP5,7.869249274267066
6TFV,7.856578895233261
3DT3,8.125606413350885
5U3U,7.666267232903844
7EVJ,7.995093492988826
3ZXT,7.911995606997809
3ZLO,8.052308025169483
5IN5,8.22442355136293
4BQG,7.264894219170138
1Q3F,8.173820929529809
1DWD,8.911627367099594
9JD4,7.929416814412061
3FMJ,8.549811439996683
7ZXB,7.7769410053999835
4APD,7.273799767730074
8T4M,7.847850958271954
5NMM,8.214277887409596
1WOK,8.634308499978104
5L2Y,8.984350892639345
5WUK,7.826034974526539
3M4H,7.959929578572634
6X83,7.520775136455909
1EVR,7.525158363368987
6QZR,8.082562859040639
7VNQ,8.473677161233232
7QJU,7.549539221931836
1M49,8.785337897171111
3F66,7.385352380518995
1GIH,8.269390696621782
7CBX,8.76717454458924
5QIX,8.752918698623478
7P3B,7.684580224205455
7FV1,7.17050079900363
5IZQ,7.531149406300985
8JTT,8.313205300894543
7VNR,8.425309551657818
6KXY,7.88932142945185
1T65,8.169609240643432
5HM0,8.91021804307831
6TR5,8.182332929045433
1KTS,7.934250694624702
4QFZ,7.597413585122359
2QZO,7.604462144019881
6T2D,7.842758448596882
6SNW,7.801722749833189
2JG4,8.527519965674077
6H22,8.289485974117778
7AAZ,8.0394060251063
5Q0J,8.679548357251218
4FSM,7.474432339590307
4ODE,8.110644591238884
7EM5,7.510352670576305
5DRM,7.4378946390526215
8U2E,7.7185823806091545
8OKU,7.478375808095041
5IA3,8.311361125256047
7AVX,8.698808367731733
8J61,7.088750970818449
6TW2,8.734943257284861
5S80,8.465046897767564
5KR9,7.992804962760427
7M0K,8.119660356794538
7EZF,7.117082917265148
5Z8Z,7.70755065984003
5UC4,6.687100457506774
5DDB,7.411987957143354
4RBL,8.307853558428722
6DHC,8.28663699239315
4ZN7,7.843688415238519
4MGD,8.049462992272561
6LG8,8.346283154612394
7M45,7.438626544824219
8P77,7.516151254578497
3CGF,8.148027439511079
3Q4T,7.76131652054251
7A2H,7.846347470724495
6TI8,8.7488370057865
7G87,7.537540683808617
7R9T,7.52721888106277
5KOT,8.308774312036759
5SCJ,7.553254833525149
5IA0,8.936266522503175
4OAS,8.315434390464617
4U43,8.348564712124926
4BAO,9.031541551864978
9L3T,7.655689077857657
5GTY,7.990692504068585
1ND5,7.966242019007284
4JV9,7.462606543290185
7MIG,8.509612995596473
8P70,7.8014581280652395
5TYV,7.80475989526613
8DZQ,8.132709646169047
3O64,7.181494598419318
6YLL,7.990120250556972
8A9G,8.042050891136533
5UU1,7.169660267101933
4XXS,8.597999569835835
3V9T,7.12481143390014
4XUC,7.692630223380168
2CDZ,7.66165622953387
9CHX,8.07212393343485
6O8C,8.195785968274919
7VFU,7.924538849325554
3DDQ,7.6940109947806015
6S1B,8.484966215470104
3L1B,8.580462466164596
8CQL,7.249423448224412
2BAK,8.528483573476604
6I3S,8.505577017046422
5RK6,8.916184710135047
7LTT,7.589068594481086
4LWE,6.800876566187021
3X0A,8.244357451855933
7UL3,7.775687776438569
5JWL,7.686848916914931
8Q6G,8.010610370125596
8DUB,7.911477655524688
6YXI,8.652839719831931
6MWR,7.2741486398878115
8RBC,8.04857914865488
5LS1,8.888679434412731
3DZY,7.422309679508057
6YEA,7.2196750283632385
7U8V,7.758970085649812
3EAX,8.279121494485093
6X3Y,9.153332354798362
5KRC,7.894819002437131
7L9A,8.358763786828277
4FCR,7.8920017382618965
6XD3,8.130366429828648
5Q0R,8.845268273557283
4GZM,7.160805736110914
6PNX,7.77498033757426
4ZWE,8.22746822044096
5L30,8.838420661410687
1YXX,7.333429569480242
7QK4,8.380362493681917
8J5W,7.1135347059407135
5RJU,7.44321586745912
3G6Z,7.612911257787571
8GMD,7.761827569470732
4UYA,7.277728180667426
6JX0,7.888277117085482
7KVZ,7.936223305829845
3BEG,7.608791470102078
8VO4,6.845615478424191
9BCV,7.653107258031664
5FQV,7.587582812668121
2WTV,8.927183928593402
8C13,7.488728701859674
1LQ8,7.594219360605345
8QHQ,8.296778448673729
5ED1,8.347439067693534
5TLG,7.552567697693196
6QY9,8.72578976876995
5DEU,7.212681720225836
1AWF,8.058686685031883
4ANS,8.15182430771499
4XBM,7.525606329970927
2Q8S,7.4119931362187375
3QGY,8.086203544949235
7AW0,8.37571615387651
8CSG,8.291677324089449
3QTF,8.565670645186694
5KHM,7.296415756412371
7HBL,8.590636761194476
5S7Q,8.39297320825363
6FRF,8.749161065407149
3C0G,7.637860295006051
6I29,8.425589896614808
7KTB,8.031591440896097
7T4V,7.931781598579789
7MDP,7.832953598283903
6VQM,8.443004127252362
8PO1,8.045870424246116
5ZYJ,7.58385859350758
4YKT,6.304606640704773
6TEZ,8.073266790717469
7M05,7.888879916155269
6N0Q,8.827297939129622
8TSA,6.693071814856759
8XB1,7.069607240280693
4OD9,8.194785730818765
5QIF,7.4035504581249
4EGI,8.487687051327482
6K3E,8.495528853043604
8J3W,7.27901843556014
6VF2,8.22243962513169
7UL2,8.354402819864664
3HY8,7.6520592141839545
5WTC,8.430305000941232
3UUC,7.92973013772059
8B34,7.959929578572634
3QT0,7.763027873582774
3L4V,6.811725784045814
7GTF,8.223072732739148
3TKM,8.596974252404111
3QCH,7.769057307708103
5DZH,7.921088452033004
3QQU,8.509586305128492
8EWV,7.178830359623196
7T2X,8.283790174312161
5Q19,8.692643719147934
5TTO,8.979351403598121
7OVI,8.266282585456066
4EK5,8.076845341726271
9NC2,8.33754038475856
6CZN,8.07138184169667
2FIR,7.429771274143867
2VWZ,8.406929026224603
4SKN,7.8268311092597775
6S8X,8.112024894804359
4UBA,8.016080028903202
6RL6,8.462782456113858
5HIE,9.169169133447355
1GI7,8.590595766696483
6AFI,7.863767427162109
7NM9,8.448257762472535
7X0T,8.303489464877513
5QDQ,7.747367726788912
6A1G,8.852958112885934
5ZYG,7.886765590217743
6WK0,7.17798915712303
2QXM,8.15859594814032
5OOR,8.354845903999149
4NR6,8.374180951770459
7R04,6.874892754278335
4KSY,7.140386016392643
8P4Z,7.4130574461372705
5YCN,6.994072852585348
3RML,7.859766888208057
6PCW,7.96076248096497
9D5J,7.949828794825723
3C27,8.680652386021745
5FEQ,7.7935835377727605
7N9G,8.280906660900788
6FIT,7.578536964932137
5PAT,8.523128009286609
4OKT,7.8391397071480045
5UVU,8.01175787937868
5UG9,7.222728885274909
7MXC,8.100502957543366
7BDT,8.887422798685925
7D42,8.109612750873605
4FM7,8.008884602000876
5ULW,8.13853348601942
4DCH,7.071206238087958
6CHW,7.4620908629484095
4FKG,7.719145961982347
9JDG,7.815249326742398
4C52,8.377711065363808
7T0P,7.372141712381658
3ZEW,8.179913308388398
4Y16,7.636857395012863
5S9C,8.326730517702735
5TQF,8.280915306155707
2G1R,7.948140748557457
7ORT,8.907612496999239
7HB7,8.387916338034769
4OAV,7.8019889019695725
5ENJ,7.662678686979777
6V8B,8.089185000840295
5YQZ,7.994146613004666
5QIY,8.074054340553742
5WNG,7.622846431432836
4YK0,7.945570093418591
4Q50,7.48599430073712
1G1Q,7.881210449351874
8FXE,8.015072938701847
7EFJ,8.011077243843115
3NUP,8.32084884211374
8R58,7.68327381748123
1WUU,7.808961401813699
7Z77,7.384564215609629
8JVI,7.736073371555842
7K6N,8.951518862707472
7LW1,7.210300652619104
3GHT,7.722732910079278
1XQC,7.256386885448716
4QFX,7.5445807272617795
5AOM,8.166510400945894
6XDS,7.525392065107796
8EXL,8.743308130886215
3OSA,7.850616735656561
1GZZ,7.348522182237751
7Y7Y,8.129676703512565
8CYI,7.3503372733681855
2ZM3,7.891597403027632
8CD0,8.109223130523546
7UP4,7.915190920188786
5CP9,8.484355677985365
3NC2,8.254735313627064
5NU3,8.322339470930388
8WF6,7.339305930471731
5RJT,8.462797870650355
4JVR,8.482961747457981
7AAB,7.756852057322358
2X4F,8.375000555104796
5OD7,8.394133678460616
6YWB,7.535070679915096
7REC,6.675185154788728
6CYG,7.960339696638716
1D8E,6.500323198832737
8B4W,8.009463879232063
7N7N,7.578316481257872
7YNL,7.819383474138257
6D0F,8.447295799418587
6HEV,9.257177759216248
7SCE,7.53797093570928
6V80,7.594987705831188
6T2F,8.313030871359386
1HE2,8.386289122536027
7F29,7.68581783212978
9BLH,7.916751030534361
4IVW,7.175911609093731
5J7G,8.7898587141395
4J51,8.257029960751025
8PQI,7.2423521142785
5TMM,8.489013548047282
5LR1,8.252627257364614
9EK7,7.685132415930769
5UBR,8.119605274097333
7R9Z,8.505519665069144
5NDD,8.183966406978694
5ZYH,7.647006836638377
5MQE,7.704684620652804
8STH,7.927984068396031
6RJQ,8.505088596860341
3C3A,7.417591992773391
7X3L,8.170154156274476
9CGA,6.895222640492579
6FVG,8.650580184910861
5EYM,8.510257343865177
3F1Q,7.58935089994646
8IRT,7.4684324019057815
5MO6,7.537513409583227
4QSB,8.427487370096745
5S9G,8.296631990244201
1HE3,8.125921222190426
2QLU,7.783304252039733
4AQD,7.473377843542019
7FSO,7.985285176323299
7EL4,8.634538981457855
5N4U,7.523757304614892
1S2A,7.7860815906920235
4UZL,7.00554398140796
5DVV,8.0321532933389
8DUH,7.038393600586735
7M5L,6.729096584286528
4MDD,8.332592953463502
8GLI,7.951932093264239
7F7W,8.59664736048808
2P4I,8.609935765483385
7Z4V,8.137230035806539
6N7B,8.16577661055045
7M18,8.16927219643288
7WX2,7.773133854150695
4AYX,8.005077523536068
5NOT,7.902274850610445
2FAP,8.311712104861845
7R9P,8.500662331714386
7BGC,7.835583846218187
5KAE,9.057993787483554
6HDR,6.967456158623175
9FRE,8.23107367200785
7CIL,8.2736802798854
5KTU,8.288326719398015
6A60,6.997009304261753
6UF0,6.641267058295855
9FS4,8.534356698866791
4NFN,7.567747916268844
3UUD,7.845412261669192
3OFM,7.163827203329524
2L85,7.675124247671093
3GV7,7.252703587507885
1RY8,7.773687163235963
8FP3,8.7513093386275
6T7Q,7.934220818201274
7DUA,8.73215308514909
7Q8V,7.817248431080297
1ZGY,7.3686592207234725
5W9D,7.488113757029339
4GZ6,7.420554604697283
7EJA,8.61200427630619
7UKW,8.019134490833533
5LPK,8.42551126707141
5RJQ,7.591296853271495
6OOY,8.265578771738275
4NA9,8.77485762824915
1UOM,8.531586484842391
6DHA,8.032372860185921
5ZXI,8.54635674255366
6YID,8.099155945791521
1LHC,8.451576977739428
6PCK,7.867167892979185
6Z59,8.510776855967187
7T4T,7.835224973260693
6WW8,8.023832523332825
8PAS,6.975936983012351
5DXK,8.194998737700985
8C1G,7.681196506837389
6TLW,8.254647589517928
5D3F,7.199866344093297
4YKZ,7.709080071832226
5ANE,7.7330064648120995
8HUP,8.075251999120402
6A5Y,8.433240091928447
5A7C,7.501705371043697
7QGP,8.274450702464788
3IW6,8.336114714195379
6AAR,7.620348550607471
5DMC,8.312630141555944
3U3O,8.618265791089254
4GFG,9.107697264384106
7FVH,7.477098437705223
2V7O,7.629598754255327
6EJ3,9.389465910413854
5QFK,7.978223507468316
2OHF,7.93447713409608
2CNI,7.605269868891709
8AEU,7.75306656966771
1SJ0,7.085576697754459
6SYW,7.959929578572634
5CEQ,8.625501757185242
8SO2,8.389678029411181
6YG5,8.185123206882217
4ZHX,7.299242033562367
4TWO,8.933417069181795
4B8W,7.999690104035388
4AAA,8.223692499450264
6DNK,7.457461676158327
5RKM,7.606914312299993
7FTD,7.852212022231983
6NTM,7.866863897113443
5UFW,7.631173892665871
8V79,8.217608841654684
5TE1,7.389135735470653
3INW,6.543386182306938
7YNF,7.857731877418019
3BGZ,8.308479090299793
7Y0A,8.149545776328088
4AOJ,8.756415628895363
7M0A,7.6627289865752575
7AK2,9.67347701266759
7FT5,7.173013088038491
4PXM,7.716608002552873
3OD0,7.824924496298487
4TO3,7.651535239939753
6LN5,7.868938562801394
7X6I,6.620676942344924
3FLI,8.308824192443138
6NUQ,8.087803140831886
2YKJ,8.401984288047737
2LP8,7.977447024356782
7OY6,7.1173837346975075
8X8Z,7.6503784670177755
7WGQ,7.806527204615948
6TE2,7.842432989766129
4L7S,8.472869689135493
8P6V,7.179552782766678
4LXK,8.167557714813448
2E3R,7.332820722738523
5S92,8.177653720580082
4E4K,6.786484627785087
5Q0U,7.603370083606099
6CIS,7.872072948678857
7DHC,8.610209244152248
4US2,8.14920588586241
6Q3F,7.994025643757822
6UWV,8.29253562710087
1P4F,8.582948610714597
6V2E,7.764027739284427
6GVF,8.192334702374106
8G8O,7.883194341674782
5KMB,8.447924685078474
5QIC,7.4035504581249
9BGH,8.286394737705637
6PJJ,8.392406127585248
4QPL,8.031972961277116
8AXZ,7.541632599976745
7GS7,7.879627265208885
5J1X,7.712533479880266
2XVD,7.5681574354203525
8HDP,8.386170532392468
7FH2,8.214865845186933
2XE7,7.303771865934803
2EVA,8.7159085696511
4FZF,9.045275077387064
6AFL,8.440126446084493
2VJ7,7.788782332056914
7B87,7.740250697588541
7MFC,9.509011631452777
9CJ4,8.937915746218371
2PIU,8.169609240643432
3MQL,8.297441616750524
8XV9,8.550518603363487
4B0O,7.529656181801178
7BCM,7.9642457341845265
7SSM,7.0889211363120035
1G32,8.18843951396493
7M2O,7.4035504581249
7W9M,7.791284289036767
5BNW,7.495762029296492
2WAL,6.847840085140871
4MGY,8.646818883517692
7KSK,8.055018079252134
7B35,8.541471112446919
8ARX,7.657519847648268
4YJP,7.6508418347517155
3U3K,8.09668959622266
3V4A,7.253619493579252
4QOC,8.754260683550537
4XUS,7.585428519827669
9DUQ,7.401388800434966
8T1B,7.118313847905783
5USS,7.659541954583958
8C44,7.779710992614059
8R9U,7.438199127468472
3SXS,8.351647235475387
1JVQ,6.821204166562985
5FE0,7.384663379526798
8FKO,8.599724991710369
6RA5,9.339985498233204
6FNK,8.20202709006078
5Q0N,8.14784719080013
5RKS,7.760919396469026
5J6N,7.104176524271908
7G86,8.324962226784201
7Z5N,8.888559464002613
5SWP,7.701723465040729
7JYT,8.47374709040826
6I6R,7.425500598151012
3KMG,8.43900145551384
3ONC,7.959929578572634
8AAI,7.518969842826833
7OPG,7.791542073770608
6DLZ,8.331244036636422
7RN6,8.004177926917007
3R7M,8.114632604786463
4QIN,8.34152918263899
9CFI,6.969292842498429
8UTB,8.112116515279132
8P04,7.361093041840144
5XR9,6.981878718434469
5P9M,8.766128223153935
3FEP,7.666737166067467
5VD2,7.2891972618716325
7BA7,7.568080675761013
5TMV,8.514079492210646
3VJH,8.490109164755522
6GWE,7.947613889727186
3ORX,8.413013602853257
5KRI,7.942162631381665
8UWL,7.7700414366462365
7NXJ,8.040757726832176
7RS3,6.969910900895046
7NA4,8.724134869315657
5ZJW,7.583521002886781
7KXQ,8.39323710915989
5GRN,9.31204579565098
8B3N,7.959929578572634
2VWY,8.449860554437615
6VIW,7.987638399588568
1G3M,8.066986522077439
2G0H,8.844964795876995
4EFT,7.747440316124558
2B1Z,8.168891268880623
7BPY,7.991979717403731
7Q9O,7.384586479535771
7ZVU,7.879033553411509
4AGQ,8.073271746622208
2RFN,7.391836314527287
7ZU1,8.045341101996078
5TLP,8.348133594021355
6D9H,8.102628022694415
4OVV,7.560907744511649
5KCC,8.30869513449903
8EQ5,7.686288770771722
8S0E,7.052055647676245
8AHI,8.243792170414443
5RKD,7.534795622144336
3ADU,7.628434376485859
6S26,8.217347920143267
5VD9,6.8513470177907925
7ZVK,7.750246470462081
4TNP,7.665327658560137
3Q3T,8.705097623773135
2B1V,7.620259497994165
4ZP5,8.471062555057415
3OSI,7.99408813888428
2G0G,9.072483166499723
8DEG,7.436567413576336
6DM1,8.331244036636422
2J7Y,7.984375984589093
6L16,8.280589527606264
7FXZ,7.198808087805939
4GBP,7.765686497076837
6Z4B,8.069410207780015
8P6Y,8.147604665074782
4IG7,7.550887476353519
3D7T,8.01842828864098
5O12,7.952818191769364
2BBW,8.267916163570476
1QFK,7.8616284793158515
5T21,9.074750934825538
5JIZ,7.990441373407522
8HID,7.453026865645664
4LQM,8.259561675235433
1YC4,6.80193915195153
5A00,8.741147799811733
2ZMD,8.265233731755282
7G8Y,7.996451618290789
6TLL,7.9859813657275796
4N4W,8.719155378037788
6IGK,6.842882625159327
7CJA,8.522653299926493
9FL8,7.889303138498838
1ZEO,7.547189192955593
7JXI,7.39698962360395
5Q0Y,8.58289540118596
6R7S,7.177595237585262
4AKJ,7.659541954583958
8R9S,8.098886910136029
5W4X,8.388272142616277
8FXN,8.09126182492057
5DS3,7.897499107668205
8DJE,7.103014690253691
6NKP,7.42709360324856
5VJA,7.731414803760469
4KKH,7.859735731281
7WSM,8.429747793218445
5ICN,7.569504289134434
8P6W,7.938727276354201
6CHZ,7.1582008451919314
2OO8,8.445663275759205
3SGP,8.00739368798127
6CQV,7.915567766099531
4FKW,7.779124113264485
1YC1,6.8795560193960075
7MII,8.56878663963793
4FAL,7.84160314218004
5MKX,7.9426859519775785
3E7C,7.812689158126406
6LTI,6.67253612503755
3CTH,8.629438558382274
1NXK,8.099743768517289
5LBZ,7.856322800637179
7ER6,8.331469237494959
2IZR,7.557117798709224
5WZX,8.826625373578876
5XR5,7.895673034974243
2G5O,7.456682974015994
3GJW,7.764308672557794
9EVJ,7.977231482312979
5HMK,8.02657553271305
9DME,8.786941123786917
6QY8,8.180655227607692
7C7H,7.840109855162457
8CTG,7.596094906493861
5MJT,8.343912741337181
4QDV,8.208209495858302
3OLF,7.904402281343522
5Q17,7.09107206336131
7NNE,6.68646843393267
7YL2,7.290809605071214
5EHL,8.757079566274625
6CM2,7.534496615389292
3DBS,7.559303070963357
3T10,8.393479891958496
5DN2,8.582099017296942
7O1U,9.385930300804603
6DGQ,7.413166334890428
1I7I,7.212723115210204
8AGJ,7.129079957381507
5DI7,8.272222722856863
5FQP,7.40954933279923
2A1T,7.835476296079686
5J6A,6.927157484564802
1UYI,8.32042846601218
4PFC,8.366059099219775
6NRH,6.955810117985014
5J20,7.943085542608096
4JPG,7.526135568963323
4F7N,8.452320926329499
6XRN,7.712924534307982
6EO7,7.850891173337825
4M5S,8.239627626804273
7FSH,8.250945554797187
3HCR,7.296980798855556
2Z9Z,6.887614665272741
6ZUX,8.055725876646724
6Z8V,8.209156403151377
3EGK,8.146038774368408
5FE3,8.217196512492523
5A1P,8.62994298938984
5EIT,8.306994366394001
8AV4,7.5694393477679185
6RWU,8.325806830917049
4MRM,8.098710160077943
3OOF,8.146418808849035
7B3V,8.48249987162412
5HQ5,8.767049525386815
4BUZ,8.694453159751427
6K0J,8.417385948733132
7A4R,8.171948975673727
8BM2,7.895545001751154
4FPA,7.328921984139216
6F0X,7.077037468530127
5NYI,6.496810408054383
4PF9,8.155618792836309
6W7G,8.4351143134921
6NQ0,7.106015293112906
7BDH,8.787825864850568
4EY5,7.915567766099531
7FWE,7.516528248994089
2BVR,8.376743327040415
6VF6,8.098190263524103
6PJX,7.622073126222883
5AFG,8.179516747450135
6FFG,8.704689123916586
4OK1,7.968821272061788
5DB2,7.952231781369244
2WH5,7.514565738817943
8FUP,7.638702080175436
5N84,8.695342391961345
4PZT,7.147477082228911
7UJF,7.661626862986259
7JQG,7.492807714292076
7FY6,8.246344295488008
4NH8,9.344878950327082
5HZC,7.255850756121341
3TY0,7.678160094191097
6TEW,7.612193142738618
6RSD,8.065137555832816
6DUV,8.67711356520383
4X8V,8.068201341614085
5S7A,8.465046897767564
7RLC,7.382670161658874
7RLH,7.770603352960492
7XH6,8.216346872331547
5TMK,8.23978765486922
7DHH,7.798687168711062
7P2L,8.26000305806534
6F82,7.959929578572634
7ERK,8.502692854566797
8WZH,8.078781109533375
2UVX,8.15386941194029
9B83,8.388184815914832
5KD9,8.232026335193627
8JP1,7.84160314218004
3FXV,8.275854659988278
1YSG,8.824925644125159
5M8M,7.521061736958649
7G8U,8.10250381990003
4FT0,7.857367212215395
4O7F,7.935027143668425
2R2M,8.192386431484941
7ERD,8.220683380528321
6GXK,7.98062732355015
7CMB,8.944586073179853
2FWY,8.155229705187091
7CMW,8.523372135346625
1YPK,8.004472963971807
2Z7Q,7.637941895369328
3NR9,8.251983597908916
6Y6N,7.721807089183357
3J9F,7.8252652748675295
8P08,7.198749113179974
6JMD,7.58935089994646
6Q3W,7.694825309309184
8JFK,7.465760959906614
5S8D,8.539017549055073
2E3Q,7.310636850566924
7B4B,8.386207769735861
8JF1,7.225725174673333
3RHX,7.7051860728957005
6M92,8.283783851998114
7FSJ,7.520481808599843
7L9L,6.639190338125693
6A93,7.998080211403535
8P01,7.709684126921597
3TH2,7.591264359047064
5W8K,7.686021487827117
4L96,7.421623396086327
3HA8,8.250293614909296
2VX0,8.416377661852435
5H17,8.32798504183776
5UAD,7.864117345629884
7QPN,7.389261828294815
6VGG,7.6004146993781845
4QO4,7.456720393275193
7G0V,7.676033546707173
8V6Z,7.998937330949229
4ID7,8.013055566582189
7FVG,7.690302011875827
6YVM,7.6826488035228895
7FUW,7.3440251804342545
6FYO,8.891664809132955
2WQO,7.940877446275351
3L4T,6.826154075894456
5WRQ,8.416605633450102
1XP6,7.299309315686433
5S99,8.125985369319968
5A1G,7.487897405861509
7FSN,7.861677030120203
3P2B,8.155027210376716
9AUC,7.968014922716387
7DDZ,8.059058601684923
6X28,7.374570372014926
4NR4,8.171238703990914
7AJ2,8.399756942050505
6JOI,8.473831207418437
6JUT,8.304889122534185
8Q1Z,7.588401682207025
7G94,7.739751128014902
7FSX,7.996462130041884
5I1Q,7.705819755618914
5AJZ,7.450254557228255
5Q0Z,7.858140060986536
5AJQ,8.636239452428816
2FL5,8.133513275074893
7FZ1,7.42748632965598
7FVM,7.539124516516587
5ENN,7.56187326244672
2YEK,7.841606953740114
2FEQ,8.159963568339135
2ATH,6.738316461060958
8XU4,7.1120926069497825
2XZO,7.666113275745752
3HM1,7.716119247195525
6YVO,7.6826488035228895
7U36,7.9316552877801
5VCY,8.20230537366028
7RUY,7.64082804106825
7VRI,8.05150541228686
3VN2,8.094709111282096
6FIO,8.50122795323609
6Z2J,6.915108270415735
2WIL,7.340282652604096
6R3S,8.167087050554814
7FV5,7.392886840233546
4JS8,7.444134531926784
8ZLO,7.001983340603495
5LN2,8.74326226421744
7LEM,8.452855694333383
8B4V,8.378581297980558
4NO7,7.485022810726779
1DGG,8.292309404220966
4DM8,7.825887553793154
6FFI,7.46084158881738
6VJD,6.9087676394651965
1OSF,7.4799631905734225
5RJM,7.845922264278078
1GIJ,8.271170496615092
8PT3,8.011322712915005
5WRI,7.641612924700821
3IDH,7.485022810726779
5DUE,7.8747919121383845
7YAH,7.836704598023024
7KSI,8.507001765547967
7KFN,8.063543148122642
7NIG,8.44098061770018
8C3R,7.4648156888179065
7BIQ,8.669473418564976
7FV9,7.297896700182912
5SY3,7.9885954640064005
4TTB,7.9675620180853235
7A1Z,8.520089852881819
3UFL,8.359746132581478
5CU0,7.7449465348797695
4CWO,7.085184709236095
4MG9,7.553171263008256
3H3T,6.788409461642194
7EPB,8.272077838694983
6SNY,7.131349075505084
6T6B,7.43999653380233
7A5B,7.932098511764407
1LD8,7.653741245719314
6AY5,7.738159349899587
7SFO,8.31827491174624
6TNB,8.459425890809056
6V5N,7.246057693670171
7TYX,7.875253793957331
2VV4,6.37372990428168
6W1D,7.805885630988591
1AHT,8.237567991218704
7MIF,7.937566682498939
8CQE,7.255364050463384
3GUB,7.291993847309316
6UL0,8.142442011569553
3A61,8.380587278843503
4EY7,7.855418983702504
2QL6,8.163580059251345
6AAM,8.603467601116407
8UCB,7.82841424121867
3EQP,8.693804824500738
1TF0,6.748101188033208
6UKZ,7.730518553426004
7K2U,7.62810826963686
7URF,7.173771480312617
4KLN,7.300594264868661
3LDP,8.177366841884034
6EQP,8.050861606175035
3DEK,7.756701352771185
4F6W,9.006476896259533
5ZYI,7.58385859350758
4XUH,7.7518531453561375
8T1D,8.004529599242383
3UQW,7.112930515704108
5UY6,8.137128405936998
7SIN,7.567462824555042
8TU3,7.819747769193654
5KKN,8.548898103093247
7EM1,8.187576226704884
7NPG,8.443375069281569
8HV2,7.2364218256656
1IHI,8.054851834697276
2M9R,7.777167497059059
2I4P,7.456094775379538
7EHY,8.114343344268473
7QDN,7.393384429799475
6LTK,8.712269766172742
7EVY,7.86532100527087
6YOV,7.773299825548189
4AGU,8.545732602841014
5MAI,8.398219195180376
6Y4Q,8.625092211153103
1DVS,7.467756737529005
7F1Z,6.710701660465715
6VNE,8.644517401668056
6CWA,7.212685009532736
8G2E,7.646210121339343
7LF9,7.51147071544694
3HMO,8.538536455812219
7Z5W,8.878355974220636
8GVJ,6.9509441278243855
7XIJ,8.191501313973315
2IZU,8.343127474097749
1DVA,7.588373477791534
6X3U,7.574454317706805
4PUW,8.116393875795454
8BJU,7.143626690375024
5JUY,8.34506560254189
7DJO,7.8602092747512575
6NRJ,8.31262004931994
6JLR,8.51125891271875
3KJN,7.854359610660553
7KT7,8.240077156291145
5EBZ,7.6254956202114075
4F9Y,8.723061802326653
5XDO,7.916544157424871
8QSE,6.765937822078476
3APD,8.725645480987426
5VD0,6.531435941039128
6TN9,8.431359874982574
6PAY,7.371850913994047
3NTP,7.216701952788734
7CP4,8.554931086288653
7R7R,7.654401199396381
8FCB,7.02981397043534
1C1U,8.728544661144912
4PWL,7.267905735474858
9C55,7.685384897855678
1XJ7,8.169609240643432
7G8N,7.8659967498633
5JCO,6.730550792368506
6A5Z,8.282843793040954
4RH7,7.535448593162574
2VX1,8.473991809660346
5SAW,9.078513504402338
8BQ4,7.559755806593513
5MPK,7.913773764871395
5I3X,8.662287115961373
5ISO,8.365803729578461
6S75,8.402588428283241
5DWJ,8.257618119120176
4WMU,7.764027739284427
5AA9,8.380223821686052
2QZK,8.703952598259592
3QGW,8.086203544949235
6D20,8.97730408199056
8C0C,7.307054159823721
6TN8,8.694064348686801
5FXQ,9.471497415975454
6VKO,8.771597979464419
4CMO,8.60214954253029
5RJO,8.427571796780198
5LAX,6.747631745685002
6Q4G,6.856077888053437
3UU7,8.314554970614385
4BZB,7.466588236768323
5L2S,8.383293143817278
3GCS,8.302626398536844
6JF0,7.666331636236274
2XMY,8.495078282382332
7SUG,8.528286287956846
8UUD,7.587444687479265
2CLQ,8.482433220138923
3B1M,7.3321466342192565
3KVL,7.58935089994646
5FBQ,8.03885087530249
4EUU,8.346949122243377
7AJY,9.627087078263758
7CP3,8.808641968970665
2JH5,7.974367329840621
3BFX,8.13182969532427
6HK6,8.373933353713436
3RGF,8.79395015499503
1FKJ,7.875554550604159
6ZRD,7.531154981902963
1Y8Y,7.503028697474293
6BKU,7.663167237449226
5XFJ,7.485028415301154
1X98,7.959929578572634
5K75,8.14363152201137
3QIC,7.485022810726779
3HG5,7.414143309267577
4NEJ,8.548615066697957
2A98,7.279988302383467
8HNN,7.258563806626404
3H0V,8.315335326966402
9BRE,7.484969240252521
9ET2,7.238472422215214
4CRS,7.736751362018297
5O9H,8.282922072678154
7K1F,7.5515268441612085
8FY1,7.137288127300515
5CEP,8.059899028495796
6ZZ1,7.929478229909573
7JHD,8.466266057288218
4CWS,8.044747235095635
8UBW,8.465477949529642
5TOL,8.95044374332123
7Z61,8.975495441132022
5KZ0,8.623117795918047
3SHE,8.216168227267406
6KZD,8.781352495348182
6CJE,8.657609392802593
7G8O,8.400175007248679
7YL1,6.3487498798509705
8FKF,7.367004570149557
1B0F,7.610380319842709
3WQ9,8.674429819857327
3DCU,7.997569457956571
2Y1Y,7.805800483605614
4XO6,7.827730709769733
6Z57,8.114240504248865
7VCU,7.60924176931055
2R3M,8.906760148573508
5AK0,7.450254557228255
8BXS,8.235255443442675
7E5F,7.365447654977361
8ADM,7.260829071929834
8BZD,7.610424416869898
8PTX,8.077603707192635
5DZ0,8.363481787154875
8BW4,8.45812213183696
6FD4,7.322748358833665
6FMK,8.051000406907201
8FKD,7.052460305847295
3LMP,7.179057182589634
8S0C,7.569139006436373
7TVA,6.989855805818749
8UBY,8.582292892083622
7VCT,7.645201078151418
3G6X,8.067382315856998
6VQL,7.404483004660977
8RCE,7.460755835746829
6FNB,8.4890967435405
3MNR,9.211070220307546
6N3N,8.368451592402083
2WF3,7.328598402900177
4G1W,7.639585325096029
8PUY,7.627764204927572
5BT3,8.089555087780283
4IV4,7.837994206060566
7Y28,7.0075961307449015
3TX7,7.214568302466154
8W42,7.36497945939462
8PQL,7.634669260553479
7ERC,7.981616691956779
8IO0,7.90130376262336
5TLT,7.901598736322389
7AW2,8.195811531768511
3IN3,8.627138221120173
8SS3,7.370627571817016
2H9T,7.9867052443682
8V6X,7.847403152236663
5N4X,8.502091987491635
3H67,7.476415043506871
5DK9,7.982427697766216
5LO6,6.932167852958841
5MAG,8.391668367265625
7NZN,7.557720406601154
2YJC,7.530353351355902
2Q11,7.442434955821988
8X2L,7.388229215048736
4USF,8.329755024893494
4O7A,7.363617640129105
4RC3,7.358110296889675
9BPY,7.778208813129782
3HCO,8.222153311901957
4ZXY,8.97217122194678
1W2K,8.739934694354671
7AM9,7.6826488035228895
6B99,8.059437664173556
8T45,7.337308335772364
7R7K,8.173613558884442
7TVB,7.348658619437981
5FA6,7.342911768736869
5T4F,7.878958552004587
4D2M,7.843885020312681
6BHV,7.558111739167797
5IGL,7.809165844243075
5VD8,7.122409447997424
5S8L,8.260620714150779
6UYA,7.425865997136219
5TNB,7.642711659295123
1W0Y,8.359153918943884
6XXJ,7.401842822655891
7K7O,7.924103980049213
4EQ1,8.417821297797552
6OP0,7.908956905894509
7G0P,6.542682876864041
5HF9,7.915567766099531
8RBB,7.788414949445842
8EV2,8.162100015900291
4OKW,8.04679496643797
3ET1,7.462154876320094
3HZ5,7.415037877342952
9B4L,8.215170899290795
4I5C,8.30290289271723
5S8N,8.153774531657037
6SQM,8.92866341667327
5U46,6.921500927017536
8C1Y,7.46594873948211
3P70,8.427626772305588
7VWG,6.739464305396909
5S7L,8.34298693669142
5LAV,8.495408042533015
4DQM,7.779174730964921
1OZ1,9.270228122525658
4QXP,8.553943653545932
5AV3,7.801399619706104
7E2G,8.034186586902193
7NMW,8.456793954103382
4TNX,7.694838708036677
5ICK,7.808296584918311
2WA3,6.837248160077259
5RK7,8.296350264670778
5F5Z,8.479738908562792
3FLY,8.688436203132929
5VCZ,8.32983512316761
5U42,6.794538400524659
5S8G,8.423003260248734
5TN8,7.728689321785903
6LO2,8.23691184724668
8P45,7.544939240455313
7RY1,7.534717752651853
2QR9,8.118461832358458
8AGI,7.260986566548174
3SOC,8.03056569619364
2VSR,6.965019573821946
8DUS,7.471919788603186
8PQH,8.05554509689245
8BYG,8.088329987303434
6IZN,9.007960171065786
6SIN,8.870624448745165
4U9A,8.243557063778665
2AH9,6.963261358126548
7BGR,8.827034814039544
1XP9,7.293979927969866
4Q6R,7.5143685768051585
8STE,7.3115442199259375
7Y1G,7.9283568414115715
4FC7,7.716912704797565
5AOL,7.888377891746412
3EQR,8.419496649008215
5CA7,7.113303114383023
3VRJ,7.970814650481634
6EO9,8.158807402766882
7FV0,7.19174784567581
7UP8,7.854895160205454
4G55,7.859179306923552
7FHS,7.12284951785067
5TLU,8.002811361496052
6ELP,7.039983248353872
8PBO,7.154173026451342
6KAY,8.492119044084493
6HR2,7.3341563678924455
5DU5,7.138765421709378
3G9E,7.990088007611538
5KZ8,7.9409569782469775
7RV0,7.04333330619495
6THX,8.721079620092084
3L4Z,6.785103965526305
3LBL,8.19436809632489
4FT5,8.930838224591312
9FFC,6.898406144631199
2HWR,8.186854360763
7VSG,6.759046880530789
4M15,8.250313220461585
5EMK,7.47948803917537
7K6M,8.388157789408352
2PIW,8.180771425357728
6QTG,8.070855513084602
4MG8,7.319267661196948
3VS2,7.162911236530825
5U6P,8.030778664533488
8R4Q,8.088040466193439
7OAJ,7.958896285951425
3L4Y,6.7820493103942505
5XFF,7.248026562141502
6QGJ,6.848505400627236
7G0Q,7.457932119518832
8GUA,9.044146009231598
6KTN,8.892218425739195
7G1L,7.698358421742597
5J82,7.4243374846644485
7ZI0,7.566652613479004
6XBL,7.398864471690594
8EDW,7.8216370669342075
3OKH,8.298361063943867
6OSP,7.820480397074272
4OGT,8.098115290190266
6UQF,7.971942339415408
6CCF,7.760087991098785
5LJJ,7.526810151934948
8BZP,7.941606967334028
2VJ0,8.51912631444504
9CHV,8.003543071024401
7ULJ,7.89472288300756
8G1F,8.033434856358658
5KMC,7.334312384209307
8ONE,8.105337134249766
4YT7,8.408477491997209
8TWY,8.105395738920977
3H3S,6.816531391535483
8QCD,7.849469344366852
1YPJ,8.790125926135236
3DDS,7.611734295447136
2HWQ,6.816859262505968
6MS7,6.939065824945081
9IOL,7.1372157103733045
8F0J,6.570627433723707
6F08,7.375627814282386
5U5T,8.713438105048485
6FIQ,8.012214773059286
4L91,7.653354763082465
3UUA,7.61043127193667
7AOA,7.301089257377989
6FQO,8.487404663426718
3C39,7.457549782950321
3HLL,8.370253130032435
5ZQM,7.5320468751768415
3C5N,7.004954058169743
6SQ0,8.47662242397227
7FZP,7.432688932648362
7LGS,8.224228088643972
4PYP,6.6741300662687015
4W8E,8.57000230600078
5RJL,7.3904305203512175
8PPC,7.322589417979962
1QZU,7.0796478578540505
3P7Z,6.964376808506882
6T41,8.620825126455628
5UEW,7.846142136976979
1W9Q,8.494136299762959
2NZL,7.26767471468878
4B0P,7.51696931105278
4K7A,8.169609240643432
7RS8,7.506757244976303
3UP2,8.06248129093427
1R5K,7.251493441971908
4PMS,8.220137848754543
5RKG,7.761284739325542
4WGI,7.764027739284427
5SAY,7.759499689881674
3W16,8.779393747314069
4JGD,7.58935089994646
7PW7,7.355398054342584
7BEP,7.788438887923143
1PY2,7.7034927808810805
7FUV,7.318690310339929
9F7X,7.675679601557615
2IWI,7.906458180308403
8V8I,7.7218171675827945
8T50,8.203942645960652
5SB1,7.368833400153097
9B0U,6.932416979686658
7LEL,8.055639410562334
1GWX,7.90183239857263
4AFQ,7.835237064071289
8R4O,7.650509611341418
8X7O,7.655146093419769
7N3U,6.924479441480984
5Q0T,7.893027640727526
8EFG,7.5344587423381535
5I73,8.379628414904
4OQ3,8.975133434508152
2POB,8.474509956897217
3FSF,7.629806005771986
1FFM,8.136946004962592
3QE2,8.645537514833162
5CRM,8.308444857530889
6FQU,7.391870610053752
7D73,8.17062526267633
2FO0,7.45909483785042
5FE1,8.24909844379713
4R06,7.634362069960991
3NSH,7.9498682254482596
7G0T,7.646463435246767
3MJW,7.64140911490442
8D96,7.482379540086733
8X7G,7.031664095010104
7KP9,8.198675106970033
6YIK,7.984516415860842
5DZ3,7.984881969554014
8C2Z,7.977111192830222
6VPF,8.147502717610342
7FWH,7.828440414506849
5QDP,8.631149847311752
5O3H,7.524911760976107
5DWR,10.117497723505819
4ZFI,7.315986269343323
6V8T,7.630795746640142
4TNQ,8.584210597734181
5WMA,8.29927412466304
7U77,6.839006476142804
6D09,7.719153831446545
8QJS,7.313689843262931
7BIR,7.722990770893057
7SUF,8.528286287956846
5U5K,8.553385756028819
2F57,7.65276538856011
5KRH,7.8502221543118065
2R6Y,7.731908307579963
4NR5,7.9915440052920586
8QXJ,7.738199375519741
7RR9,7.957009803092199
3VJI,7.527148640603762
2YJ2,7.581733802120476
6Z56,7.732380864432064
3EIO,8.681443348850733
4QE8,7.304901153252899
4J7X,7.68497844848711
9LVX,7.3645045919124215
9EE8,7.9142233597535245
4LWF,7.669985405944139
7RS0,8.47496501671283
6K42,8.686404758515787
5RJR,7.872017199692273
3RUL,7.860520758580721
5VXO,7.9758207250941595
5Y9M,8.380444510537128
2XP5,8.205522893564128
4X4S,6.869242416671909
7NA1,8.499451301089643
7AAX,8.422819153319866
6U5L,7.65411082708334
7JIU,8.102200466699447
7VQG,8.8402686518538
7G98,8.090562016536092
6EZA,7.5908374013059206
8G0L,7.794741074414772
7G9D,8.197528746969242
8OW2,7.288245271123756
7LD3,8.37608220170998
9FAW,8.062703374078287
5XRD,7.292468796088543
3L4X,6.811725784045814
5TML,8.193365993482196
3SI8,8.420986834148977
4JQ3,8.298385319268224
7C05,8.82686402247549
6DM0,8.331244036636422
7OBT,7.618524167047544
2CHZ,7.942485971007313
3KW5,7.775208417393222
1TN6,7.66224167963388
7E7O,6.809746415418137
5WKI,7.951932093264239
7RA0,8.313881595645693
1M4A,8.321985227047556
2Q5G,7.994028686188295
2C47,7.648971909192858
8TXZ,8.301941494903971
5IEY,7.991057094476605
8JVJ,7.595563283494718
5QF3,8.057164101016923
2JFA,7.474489106022017
6MHD,8.445039450502748
3SP9,7.718389576528503
5Z58,7.029425047606631
4DMA,7.319316266263505
5RJN,7.67273760453297
4L6S,7.450434180354086
3LZ3,7.959929578572634
5J0D,8.50910702963074
2I16,7.722732910079278
2HW7,8.004420889638615
6DFO,7.667606181864057
6YKY,7.954457035308803
6PT3,6.536974351743768
3KEH,7.531893446308406
3JY0,7.582520760128799
2VV0,7.26237216265994
4R3M,8.153607386654535
1E3G,8.071617558261094
2I7N,7.031492286684046
5EMN,7.315739625808991
4TWN,8.863988134775203
5UCJ,7.578628227411429
1XQ3,8.123988171452412
7G1H,8.051226661905861
5O5R,7.819238453279352
7OVL,8.125389012800639
7NTC,8.054717537747823
7G1K,6.753685903438143
4RXP,8.056562338463694
6FH5,9.25402341326141
5TLO,7.8320673991051395
6S24,7.8670139035102755
3TJP,8.620893728670977
5OMG,8.253028099467004
3K8S,8.020121967086451
5RKU,8.56439506044435
7LFN,7.848550096954748
7JNI,7.157519170429816
6MA5,7.649251020090274
5BQQ,7.7426079042871
6X7U,8.344048943305193
5VWZ,8.029906073440547
5QQK,8.6578472060212
2XYH,7.22359464084315
7ZKL,7.360141419181929
4FKT,6.904884040043586
8TFA,7.816017347914509
2Z9Y,7.343398339074445
7EZP,7.40448495747126
5M4M,7.018760187265706
4Z07,7.85672573753872
6ZOR,7.158236573342296
6T3B,8.840547495620068
6SQU,7.119260413237805
5KCW,7.729367162912747
7FRO,7.983579083478632
3AHR,8.216235263415522
2OMI,7.525158363368987
1R5L,7.522016856523229
7XNG,7.119273281551303
7G8C,8.100885581893694
2G44,8.005555382675125
6IGL,8.588139629932781
3EKO,7.8794076719058
3H52,7.940333151951829
6TES,8.191415854437398
2Q6R,7.206834242660772
5TM7,7.4175477792391336
3OSW,7.562466322583581
4A9C,7.742112418031191
4FTI,7.7749634371759
6UEL,8.334918682638126
3GHR,7.722732910079278
5AIK,7.956737296223094
8TBT,7.393384429799475
4ERF,8.73195163018061
3QFB,7.0470447711786255
6LR9,9.0133464875222
5TWO,8.608208321299593
3F9M,7.485022810726779
3OXT,7.671215125081244
7KVX,8.344467525106095
3WE8,9.043684154315546
5DBM,7.859318070472446
5AQY,7.952159686874825
8YH2,7.779657715633129
6ETJ,7.45875499114282
8JN8,7.044452938440173
2YJ9,7.4608995790624855
7DBJ,7.687413400936538
8XB3,8.048107330926133
5FE5,7.555833778686325
9FPX,7.093858912407507
5FE2,8.13006024474201
5N67,8.350613682349728
4O6L,8.123839839846324
4QXO,8.550606868119003
5GTR,7.655861972051965
7FX9,7.559526547149188
7W9P,6.9540982710404595
7G8S,7.09879600704242
6SGH,8.341754667819949
8QNI,7.544663494234954
7ZI2,8.335222195491816
6I7K,7.764390628213288
8BOG,7.1357718930191965
2Q5P,8.02445884203835
4BF2,8.185468011167039
7F3G,8.619164139468593
7C2V,8.205450551628667
7WSN,7.967870662051199
2QFO,8.077740928816391
6U9B,8.936858813379278
3WE3,7.1906616792135605
2Q59,8.345483065665299
5QFU,7.722775549203608
7G9E,7.252935953838161
6VRE,8.223413707075496
8HE7,6.708049289538367
1T49,7.572959034356992
2ZZU,7.881543893606187
2E3P,7.254434120903023
7FSW,7.911601895944157
2A2X,8.153142953404448
5CR7,7.79718692565122
7P3V,8.943066370412481
7A4S,7.82878026421014
2FLR,8.373982541208818
8CPI,8.464359245739074
6CK3,8.269880652894347
7ZLO,7.363823573169506
8EVA,7.505907572438081
2Z8C,8.38359597971294
1GJ9,8.25572016360006
2HFP,7.789228271310145
8P76,7.771969609565398
4DZ5,7.98062732355015
6FNJ,8.71958421585021
8W4A,7.94074151714491
6ZV8,7.186376933522253
7YXN,7.53561712598361
5H8X,6.85434876471203
7WLL,8.872642179874706
5S8K,8.054684932884681
9EE9,8.294720608691886
7KX8,8.372919705447867
3NCL,8.41593864906872
5TAR,7.395461232661609
2HRR,7.027610249595352
5J64,8.00418743673337
5K72,7.983315127121552
5KCU,7.7334667722168335
7REM,8.344369842128662
7SZQ,7.665304501199239
7OXB,6.968482487713829
7WMQ,8.069849997317476
8CNO,7.38273418399192
6SZM,8.503585805804759
6NCG,8.011091631080278
5TLD,8.033883184175398
5VBR,7.886601841992466
2V0Z,7.844144756431047
7EM6,8.082512848235035
4IV2,8.158976927979342
7L26,9.170428532774377
7VCX,7.703594735580925
5J27,7.20429273108576
4ISG,7.071206238087958
3CSF,8.13228519654239
5U28,7.843583920728114
8V8U,9.160831796984986
7UDP,7.976135237195315
7G8H,7.518509945602527
7AKA,9.53477097758374
5K5E,8.271463276835254
7JY4,8.304057863062102
5AQF,7.672326123874084
7AYI,8.777146223329332
1H02,7.123544627718662
6ITT,7.8591704517446175
7FT6,7.747172258802559
5AQX,8.26449394526592
1BYG,8.116367790002393
7U2Z,8.613673030752102
5UKF,8.704913709348112
1Z57,8.748084714073089
5QQN,8.73332615796694
5S8S,9.005251204245821
1XP1,7.128691128984688
3VHC,8.521991981137326
8BDO,8.18234705572363
4OBA,8.711866941197483
7A1Y,8.471630571247575
7RYN,6.794960934925
5MWB,7.832961062382295
1US0,7.722732910079278
8C3Q,7.5333774774521425
2Q70,8.20528422274269
6I3Y,7.069156408788421
3PG7,7.178222964675459
1GMO,7.665916679526367
2J9H,7.050081132844936
2G56,8.512896164174375
7Y8G,7.479926267608941
5U44,6.704596837377429
8FHF,6.65202494232439
9FAQ,7.465896741918036
1HKC,7.485022810726779
3LEP,7.959929578572634
6ICZ,7.0165625206942845
7NA2,8.31852471317856
1WVY,8.175261250379696
2BUB,8.73236440776908
5TN1,7.9430860694809
7ORF,8.676378279361362
4YJR,8.21880383135496
8PU0,7.825069987786775
7NRL,8.765240822212753
1BMM,8.38165892560671
3H1V,7.485022810726779
6XXK,8.238676413807715
8W5C,7.479547879066688
3R94,7.98062732355015
5RK5,6.6755573069698295
5W8H,7.787873408638971
1O86,7.130564783464206
6S73,8.09823488212402
5EQY,8.444906456974728
5T4S,8.012980875383306
1LK6,6.902346049439896
7T47,6.629502066198978
5U41,7.683301877595833
6SCM,8.633945203335562
6ELO,7.5426457731165
6IL3,9.257632511345129
6YQZ,8.064405599080473
7FYO,7.3089172867250225
3VJM,8.188294872090712
6WM2,7.021618277886893
8JU6,7.56377138540382
8PTY,7.957523809684629
5O2B,8.065335494092926
6NEC,7.949242436254052
6TFY,7.910532185335284
5FQS,7.699700035430681
6PET,8.347211226532817
8AQ1,7.591932921683112
7L9P,6.9917708236118425
8FV4,7.656560165965165
1YET,7.802481852727788
6WOK,8.372406105525496
3SKF,7.980983308984781
3MTL,7.897366409825333
6KEG,8.663170825604407
8S99,7.510841892754484
8FC8,7.02981397043534
6O68,8.463614025247354
5DLX,8.015565894416742
1DWC,8.737297767831153
5LSG,8.232413204456522
3R2F,8.387726126511723
7OVM,7.7027217126220995
5L2Z,8.682372670092894
3OKI,8.759252183611894
7XLQ,8.21049458862994
5VEF,8.671296722203948
1DAN,7.582156757246454
8C8C,8.37575886623666
4CWR,8.480423853491592
6TTP,8.001970212370846
4JVE,7.594419981012087
8TYV,7.810767221981112
4ZYC,8.50010902011928
5TLM,8.27091882134495
4D9U,8.317669665934886
7B5O,7.4676873014273175
5VED,8.301614696032834
4AGO,8.268086097057797
6ZGO,8.1180891582139
3O8U,9.167758124310497
5U3Q,7.154941848277299
2ZB2,7.61379291248834
4HEE,7.095038206068831
6HVJ,8.920666395106869
8QYT,7.522838230242894
6N0M,6.840764297030689
5Q1E,7.361813695444372
8JU5,7.83459018427869
1XPC,7.364672565666331
5RJX,7.821178343648555
5C9C,8.482665928735212
1UEJ,7.5540568522154725
2ZNP,6.764496747641045
7CMU,7.071792687766818
7RS1,7.094917723371748
3PE2,8.82358371191388
2F9N,7.8616284793158515
5XSR,8.467776233945497
5SC9,7.394712325236556
2ZNQ,6.891488848663161
2QXS,7.498877486000462
5LVR,8.250191417470026
6WJ3,7.452996291253235
7Y7W,7.61326810368626
8UW9,6.759423668348257
3DZI,7.698627562339376
3DM6,7.308798232545917
4X2J,8.199445560978015
6UAB,8.473299839615803
7MCE,8.335775003046608
7S1N,8.439944891856639
7MGZ,8.436869800167077
7G1G,7.735634548059311
8RPS,7.812754924143297
5KRA,8.346659607950336
5Q11,8.619549533879196
5Q10,8.308522690281935
8U5Q,8.17962376885527
4UJ1,8.427542424764418
7FWK,7.45994991070279
3W10,8.199275632394242
6KO5,8.344686787081303
5WVE,8.031118655230854
7OQU,7.945639532411881
4UAL,8.157689506829662
9N0X,6.966624311403924
3FEC,7.364748852594096
7KTI,8.06205388758503
7WET,8.201789734825129
7DFP,8.704745092736154
6EL7,8.454755569074354
5O38,7.793400265451906
6EIS,8.984262363472771
5OS7,7.776716738834378
7KP8,8.495723697715334
3FMN,8.520966841357286
8RH8,7.6803980646517
5RJY,8.736742117746529
7MLK,8.623682842848023
5DID,7.967743584641736
5C1B,7.761846513072857
7DL6,7.9047790528300705
4IW6,7.083126336322929
6FDY,8.797152084410484
6FNM,8.839192411124055
7N9O,7.303992903857948
1X7E,7.939719648283377
8F0Q,6.542440073131231
8P7L,7.555616370701584
2AWH,6.723986918777646
8S5W,8.793127248536981
5QIT,9.238650188530823
3ML9,8.90915405437844
7G9H,7.66108111845273
4C59,7.617949518484717
7A53,8.760837665305097
7SX4,7.400606677326033
5U3Y,6.921500927017536
8FLK,8.450382461946852
7S84,7.551500645457213
6UKU,7.50235141691685
7FVI,7.7354482094415085
7UAD,7.104892557752612
6MHB,7.744670532066452
2Z7S,8.794479666535572
6EKJ,7.18172367556527
4R6E,8.090811410522397
5YVB,8.294392886790487
6YTD,7.691263114199194
3TH3,7.7884732549793485
4O0X,9.029454783179204
3FXI,7.524310933356946
2YGQ,7.694035347220662
1PXH,7.700834771180607
7OPW,8.817433185117777
5RKB,7.164269443178311
4JQL,8.69903410302368
8T8M,7.582323700297467
6EIV,7.4040671416411685
6TSZ,7.857056313092224
7Q8W,7.55281885292618
5R8I,7.927731578137227
8X7L,8.025004253726076
6EYA,7.350789533340599
7XM7,8.55695310787826
8W9B,7.839909704138479
2REW,7.518300160984523
5EQP,8.204465876020578
4QSA,8.256192535322386
8AGL,7.079487689027833
2YI1,7.456074007642546
4YKU,8.429858905453555
7W7E,8.266818535550225
4M14,8.403061434465743
5IMX,8.373055241094907
5DXE,7.716608002552873
5FE9,8.096375095637558
3P88,8.456584198310313
1DKF,7.278254972234
5Q1H,8.518620609209298
4E4Q,6.954262668479131
5EHJ,8.326226205921083
4FR4,8.156757368371819
1P93,7.534970478883422
7OAI,8.116699301529488
6EIQ,7.478458771059644
8II0,8.150377313324848
4X4O,7.1631845378463606
3IOL,7.332963548272479
6FCF,8.524749549930467
5AV2,7.801399619706104
6EQQ,7.868622130498594
6CD5,7.834650583145512
5QIU,8.16791635698887
8JSR,6.8501051144905425
5LCQ,7.978000322812039
5DYD,7.470350358453243
1Z28,8.080307879421786
7G91,7.793331018786044
3RLL,8.423061429328554
5QD7,7.891700541968894
6RNU,8.38539400232693
2R3K,8.170668134323915
7ALE,8.251850943106287
3V9Y,6.659977465093599
7K7Q,8.055858512807932
5U40,7.956988932101887
5QIH,7.752759266645362
3QFC,8.645537514833162
3CIC,7.582983899976404
8DK4,6.868458596839416
8R4U,7.7865528470031435
5ANL,7.944074524201535
2A2D,6.733713760746265
6GR2,7.977105607674229
4GQ4,6.971116655457988
5QID,7.4035504581249
5EGU,7.6586301946956
3D5E,8.098862013275221
7MGK,7.948305518110695
6SIS,8.003055319479147
6TA0,7.207385549127228
17GS,6.837026734044532
4DES,7.51278929495331
4IK7,8.506376431637301
6Y6H,7.464487941370528
2FJP,8.276402187948571
2P0D,7.19169522154377
5D26,8.824631935584796
2W05,8.360586071003306
7X2U,7.2582174380726
3OCP,7.692256457425671
4BBM,7.091443086953334
1CB0,8.045397873332854
4RC4,8.409172170398174
8GT6,7.153765554117722
6ZUG,8.322036984885951
7MXH,7.246451887186513
8G6T,7.6738521461541405
1UK1,8.342528537987548
5U45,6.729658854150804
7ZLN,7.1254101309310505
8GYO,7.8778993416344365
6B1O,7.939339989989633
7R75,8.232665796289416
7FV4,7.587821521876355
8TF9,7.8883183362533265
6AFH,8.121012344244962
4QD6,7.3971054988064004
3ZU1,7.483207459810402
5NK4,8.789793533538438
8FY0,7.216534860954085
7L25,8.923288803520004
8DV8,7.325330939669293
5E1C,7.8854172824636395
5JWK,7.598246254780217
7G92,8.766312386939317
7DXL,8.93660514981393
7JUZ,7.620436582753199
7QUF,8.29728925592827
3IIF,8.213488207378886
8IK3,8.451875748964435
8CHS,8.4465249686555
5DI1,7.634466956688836
7SOL,6.930637236406443
8BWX,8.10312127537633
5Q1A,8.883645275691693
2A2Q,7.524367607655147
3GN7,8.855924755409983
5EWE,6.9338808112224255
5COR,7.87693767541171
3OWB,7.7051947966088425
5S8J,8.125012268081255
3AN4,6.933434875731338
4WDW,7.98062732355015
7FQN,7.782036386930204
2VV2,7.169112603534989
5Q0Q,7.750602934552805
3BL7,8.671697920306912
7B4E,8.897781392085497
7GS8,8.224185941906802
4CUD,8.310041273784423
5OYF,8.004013034250722
8WZK,7.916730679954343
7G0Y,7.818416806228607
7UJO,7.338990675617434
5BO7,7.847608912029184
1C9H,7.991018355616008
2WOT,9.50322457490183
8P0F,7.072943856474273
8A5W,7.813074863372171
4HXP,7.863418580925825
1RV1,8.51544616808926
4ZXX,8.281628974540505
3B0Q,8.764906359387876
7FW0,7.727708397630795
2W2X,7.130990510022293
5Z6S,8.350010137586953
1KNU,7.838340157853994
6YR9,7.583471649662118
7FVR,6.677128565657014
8FUG,8.39604641706838
4LKT,7.307297733612761
2QP4,8.52649055082143
5CS5,7.558249589085505
3HC5,8.025206410669947
6ILQ,7.920439409968346
1C4Y,7.269094688210153
5ENE,7.971881278779612
8QZ7,7.269982732830938
8FY2,7.473870652660362
6W2J,8.59418923631668
4EZ7,8.234883238345287
5F9O,7.996013351749911
4JL4,7.813833121004648
2H00,7.757795896462409
2UW4,8.239938957236523
2VV3,7.062174201152101
6AFB,8.620942260368974
3ERT,7.2739370637069545
7NRK,8.260878964813493
5ZXB,8.856606213665225
8X90,7.391357311889483
1XW7,7.659541954583958
4RPP,7.381647665418736
5LNY,7.3294762037139085
8U2D,7.569396321618098
6J7X,7.158576196341346
5LRL,7.837617705305428
5V60,8.041033902340374
4RCH,7.485022810726779
3T5F,7.971543127436428
2ACL,7.18681165641372
3ET2,7.858522131073232
1O5C,7.998405070847895
3ZWT,7.5452889689798734
3D6D,7.499719717937478
4R4L,8.084848414871283
2I5C,6.808614904454287
2YJB,7.314163624178945
5RKK,8.19807195151822
7UP7,7.480440934591807
5MUG,7.502862155168121
8AWG,7.666323463948125
5Q14,7.914846239756647
7KT1,8.078600570573126
7NXK,7.892235567066532
4RWD,7.5478245742720125
5NKB,8.828493420019411
7JWZ,8.204821594288479
8BW2,7.321530094580524
4RT7,8.05633049342837
6BXY,7.717519387889924
6AD9,7.9042067186102285
6LP8,7.58935089994646
3A60,8.379555732329319
4CV8,8.192439586567783
3JVR,8.493834623095278
6AFE,7.942280550938162
3BE2,8.163355669288066
5UFX,7.843917466259801
5K56,7.4937861402960975
4IDQ,7.641275700675882
4EMT,8.125232010244613
7OBH,7.33254942993882
4GSF,7.780938087784488
5KMO,9.119776911384584
7HB5,8.288303739265176
8WZM,8.119655147198321
6CIY,7.7344829572982405
2ANM,8.650073262628615
7PW9,7.55660068325502
1WTG,7.745839510043519
5T1Z,7.796387751369748
3JZK,8.398414595277044
7JHJ,7.879632765142009
7G1Y,7.154492694037101
8ATY,7.273792549476217
8V71,8.412536442982383
3X06,7.224312759655621
7BTT,7.707615564126878
9FAU,7.960432814419802
3IN8,8.180875532132706
6L20,7.488330168273993
3OWL,8.544035988885613
7FV6,7.012792140124327
8BWZ,7.361752720690234
4X8S,7.86557760592484
3LDX,8.494200426188707
3OGJ,7.846012063600223
5IKW,8.524319595028407
7U8H,7.940255994311011
6U99,8.828291168521496
5Z02,8.607794077981337
4A55,8.338639815124244
4XII,7.4882149227052
9CXG,8.24064375319816
8SDF,7.807572074927766
4PMP,8.064952516239792
8YPZ,8.222170608284365
4UXU,8.927326176169897
6IB2,8.041232505845759
7MSD,8.52463694089416
4BCP,8.725507466179451
2FIT,7.361161950567501
4TTC,7.391287301189938
5CP5,8.663718906942428
7AJS,9.416374979730444
6PYS,8.086153102162164
3P1C,7.688154602629195
2YN8,8.249476813832498
6BU6,8.776069026785452
6XNO,6.90057403457762
5OXG,8.145687685994094
3U6A,8.072423167836904
6OWC,7.483692962154126
4COF,8.611238509289207
1QJ1,7.376865060798578
6ZCQ,8.55974137018944
5AZV,7.009536511240566
6YLK,8.2936126351004
7SJ3,8.319366264997065
3GR4,7.526135568963323
4IWF,8.111887729892166
5FIT,8.435400157849093
2EC9,7.602659160770002
7FVP,7.650809990039442
5CGD,7.46084158881738
2ZND,8.099460376993985
3WEF,6.960293500872448
5X1W,7.418135143584787
7MRG,8.358226525381154
9CT3,8.716648468706445
9DTQ,7.06258708168347
6VWC,8.28613284216845
5LAW,8.667628188216659
7G8X,7.385511115569506
5MQG,7.22183052011341
3ENE,7.617410135718264
7ZH8,8.137149719776005
4O04,9.449523248494677
4ZNV,7.483940615495899
2JAW,7.7078153832140766
7FT4,8.62799543582938
5HP2,8.043586891241086
6J5Z,7.031655757815832
7UGE,6.662936249240441
4C3P,7.9794161499905485
1IB1,7.642432148385395
4YC4,7.80296235359834
5IPC,8.455492226995444
6LUQ,8.25578647171488
6GWR,8.683950548542528
5C18,7.536348759351403
7A55,7.663726719640699
2PIX,8.169609240643432
6AFG,7.946439714284009
7OUB,7.837958615013971
3HEK,5.966220845329579
7U4R,8.40078071476183
7FVA,7.5775762675694
8R8E,8.29492790639781
5Q1D,8.93065125184899
3SXR,9.005765436732897
6F2L,7.799785070980314
2HI4,8.487057459264022
4A4W,6.879986160689999
5M8P,7.581210519355676
9CBM,8.892725270090118
4CVA,8.914077451011675
8T5G,8.34418400374572
5XR8,7.544960935964337
6HD1,8.207157837617396
8FYY,7.0355646999293215
4F9G,7.620855483833222
1W7G,8.863107151563344
6W45,7.9204848372535475
3VI8,7.813140067468723
4CFH,8.187426623276135
5DY8,7.682938890208006
2Y1Z,7.817372352045079
6P68,7.526558124571751
6MA3,7.741406114660254
5MRB,7.669367187177909
3EPF,7.44158470805355
7FSM,8.320946894237595
7G07,7.649065849283347
7NFB,7.938096365639852
3L3L,8.283926397808372
7WTB,7.788681222041737
7JJG,8.103586261525606
5XHY,8.766640019504598
4CCU,7.667184535178282
5VRZ,6.610947594109672
7G1O,7.796124749942026
6O9D,8.502792555863424
7AAD,7.575175669820869
3G8I,7.91395199634138
3FME,8.25870174677107
8F7V,7.188646034424532
1LQF,6.946522416411731
6HGH,6.8468574479063475
7FYH,8.951447125990038
5RJK,8.315302896162752
4NST,7.624640861148769
6EIF,8.672833382657995
9DF1,7.425129369573865
7WQV,7.820388810545527
4O0B,8.606570329875733
5SXF,7.25447287049273
1UKI,8.497362045456173
1P5Z,8.331235231113531
6BQP,8.429872661654441
7CGP,6.9815975858461155
6MCZ,6.867179240011247
2XYW,8.78884912867311
6PC4,7.500313068755523
6YDB,7.668987563368521
7DSQ,8.506676281440313
4D90,7.551882830503218
7TD3,7.066111601156434
7G8Z,7.477940377257857
2R6W,7.271647838034756
5MOW,8.604831126871003
7AAY,8.61428132429262
5NK2,8.791471255766872
5S9A,8.345291067589592
3QFR,8.798027694735952
8IRS,7.393659157629061
7KPA,7.379166167478535
3FAA,9.116607727230015
6AFF,8.322243283475869
1L5R,7.718458068808195
2D7I,6.8504234625345335
1XOW,8.178005958833474
3ZC5,8.264387907486737
3GCU,8.912741063958675
2O02,8.517313596043044
5TWY,7.72084124918811
7V2J,8.350046683587736
9CIV,7.659541954583958
7ZTZ,8.169609240643432
5XRE,8.090770872034247
7FTB,7.898700543867495
7WQS,8.170154156274476
7S3P,8.040575637811424
2UW0,7.939977104374519
5FQT,7.436476793777931
7UJ8,7.200593927232038
9D61,8.18950143634754
5SCF,7.54943576092152
6RSB,8.393153476530298
6NTG,7.855191918292728
3JRX,8.576285415726856
5DPV,9.068350564875457
7S1S,7.813583495042663
6LZL,7.951752772672677
5DXH,8.299170323533337
7O1Y,8.80061458978521
5TET,7.383082304916619
2XQI,7.915340700689755
3HU1,7.70893131718847
6IJR,8.581566830274006
5HG8,8.05293760398064
4ZGK,8.241063526834933
6D3E,8.480737771120827
6R6E,7.208353068607219
1TKR,7.222790683959904
3LQL,7.959929578572634
5DXT,7.978202989712552
6JEY,7.2509685348946835
3VW7,8.280386048615123
4O9R,7.980558012773203
9B3A,8.649342973801112
5TQE,8.28632871006491
3H3R,6.843248274213925
7M0L,8.210963096188054
6VMS,8.20813450488673
8FXO,7.663821197473791
3QX3,8.47508231437988
7A4Z,8.306833810085262
4HY6,8.330784116155527
7A5L,8.725089057106587
7KK3,8.160655801214153
5LR7,8.501827808352923
8PSY,8.078665016369644
8DUC,7.364048927817576
6DGO,9.23096907407709
1GZR,7.348522182237751
6D06,8.063543148122642
1YIN,7.451996065099873
5HBJ,8.984377380994998
7AVL,9.117783099581661
3Q95,7.922057197506074
9ETB,8.618054077580513
6R6J,6.741643642126754
5TM2,6.900808336719407
9DMC,7.587336934998512
2G1O,8.128052297765358
5DFD,7.4164694405874085
5TRF,8.390594747698312
5W0E,7.90266972694597
7UC6,7.521552412597033
3B65,8.231849423948733
6ZUW,7.182530010588094
4TN6,8.364309447286566
7LQ1,8.90438286925507
6TO7,8.713600581893756
5NWZ,8.305909580139664
6DGL,8.436895412775929
3LM0,8.141278330661796
3R6I,7.98062732355015
7G8L,8.271061609915455
4PES,8.677526169016119
1QIZ,7.387871290872927
3BIV,8.7891516053303
5LNZ,6.605881344281303
5QCY,7.244382594437143
3CF6,8.12697501372507
2XQF,7.915340700689755
5LPJ,8.504879638422759
7G0G,7.4186640916976465
8G4A,8.03670156996196
4UYD,7.9096055645567915
3T03,7.928949865749121
6Q49,8.085733599425101
7UHF,8.054477056675761
7KIE,7.888474316702439
8PPW,8.109114638612457
5YVA,8.074680534375473
5N68,8.068267891376896
5WR0,7.1486830085516
6UPF,7.172753432592578
6YLC,8.627847552541047
1WAY,8.049767336382502
3FR0,7.485022810726779
7E5G,7.6444278827889365
9GJ2,7.408654985155735
7C7G,7.84160314218004
2AYR,7.9675823717298275
1T9G,7.698777438095296
8CDW,7.792025017228427
7XHE,8.494221386388565
7JXY,9.085998141933674
7W5A,7.102986058923027
4KS8,7.776044193938781
2P2I,8.961958802494005
7MH0,7.208119135277669
2PRG,7.543892181244008
5FQR,7.31171058556464
5O4E,7.514892266055226
5URU,7.659541954583958
5J6M,7.850761803854358
5C7G,7.371740813318899
8W9W,7.5880466211871225
5NXD,7.806301148545009
3LMY,7.230923035128994
4AIY,8.047835491524216
3RH6,7.498345903010945
6GQ7,9.25402341326141
6ZQS,7.631918248148975
4F64,8.472387725529554
2XJF,7.554635679750953
7HA0,8.027702089860064
7YAI,7.937219935538195
3OS8,7.5700841426148955
3HYY,9.336379432562321
5UCH,7.474124936801699
7KAC,7.20673217660814
5VC3,8.266193945824142
5Q18,7.579342134850011
7M0M,8.567285711713664
3EPD,8.133352255278009
6BSD,8.94093426690957
2E5C,7.246390210296499
6EDS,7.823679067918046
4GWT,7.5925354931430205
2A2C,6.75370357780744
8DUK,6.754713776479592
1YI4,7.669549743810914
6YB6,7.222294270197244
8YHW,7.593330913257437
5L4Q,9.733116184000561
8PBP,7.672060369571374
7WOX,8.34026054374152
3RAW,8.124777284771346
6SYT,7.304111716117606
3L38,7.625410602166216
6OMO,7.747124197319171
7VFS,7.933039283240119
3W2T,7.815809848860469
6MD0,7.305844539160232
7UJW,7.668825886005053
7UPG,7.597435555241236
3TPP,7.963374282332968
7R4L,7.496679739339335
8SC4,7.883648429518404
2OZ7,8.505274894431425
5KCE,7.844442570348174
7RL7,7.770603352960492
6WI2,7.513365556039231
5QD5,7.49793725125475
4HXO,8.64094747067182
6APL,8.204125352847415
4F9M,7.541327183655186
4JV7,7.4654127960257535
1TGJ,8.451386225239043
7CCW,7.183035359273241
3ORZ,7.957745546250084
8FHD,8.285462063163333
7YMJ,8.015262726433937
7R4O,8.159942111974333
7FYQ,7.883992800212283
2XYX,7.428720887268451
8HUN,7.6044761714731415
3SQ6,7.8857478364407445
3CBL,8.196859345278856
7UJC,7.459501609203314
7D0S,7.4630082335651595
7ONT,8.314153717415062
5QEJ,7.844036114979536
1WVX,8.736900272800183
6Q8Z,7.694825309309184
7W7Y,9.19457311959223
6EI5,7.94252620662943
4D88,8.502584653124812
7NIZ,8.08862505699989
7WQQ,7.468307374749545
7JYR,8.276683677860767
6PRT,8.32210027117644
1DWB,8.911627367099594
2F8A,6.91065727131941
4P6W,7.770859181140099
3HMI,8.93118747185863
8VYJ,7.276739472539066
7A4W,8.782810944951725
8HMT,7.669387960870779
3C7I,8.921411757883057
4CV9,8.73929691578059
4E4L,7.741382737894986
5S8C,6.877403766414551
7S9F,8.100300634742696
8C1E,7.553244863097746
5HNT,7.840109855162457
5OWK,7.722625115316064
5EQG,8.927949972028872
8XSN,7.439191554533472
6A94,7.772888386323496
2AZ5,8.41211637994607
4QQC,7.847370701442066
2UZS,6.928504540765107
4JS3,7.58935089994646
3HU3,7.770603352960492
1UVS,8.421766432399338
6AWP,7.181837464834168
2G2F,8.2371231273531
8P6X,7.954775257562127
4MQF,7.752746569243239
6DDH,7.239502870195084
7PWD,7.792422808992827
7QUE,8.205714618098956
1FKI,8.057026341384395
5HYR,8.099348469573865
7JX0,8.668341213321726
4L94,7.675232725784524
3L5B,8.21213857533935
9D3C,7.52963121759397
6MQ3,7.626917951253714
3VUC,8.589588628319618
7G93,9.031469789208067
5U2B,8.10759824168599
5UXH,7.028882500571915
7VCV,7.718133658716056
3MY0,7.54876748037505
5ZYL,7.594339716026415
8AQG,7.959929578572634
7NRY,9.058413171725356
3BLA,8.677385160381604
5RKJ,8.71719444380036
5S83,8.282838154294394
7AKH,9.685295710631154
7CR7,8.199863621022265
6CJG,7.58935089994646
5ABW,7.281797356920962
4YH4,8.595257450757664
5UVF,7.4951892318010485
6F7R,7.959929578572634
2I0J,7.961247173000974
4JYU,8.040310015702165
7RP4,8.276744631971313
5WA8,8.260618802056191
6Y0A,8.167087050554814
8TZQ,6.935205339636947
7NZY,7.269446204165062
7G85,8.134883136628972
8AQP,7.959929578572634
2J9M,8.240695660757886
8V74,8.071674417090312
5C1Q,8.06083878931896
5RKP,8.266647878512376
8AHG,8.447486640858221
3ID8,7.485022810726779
6SAM,7.5802451522108925
2QXW,7.722732910079278
7KK6,8.825503400450657
5FE4,8.16051598696071
5K13,7.892651456149513
5S9D,7.791035380928464
7GT2,7.365883886223254
5U3W,6.794538400524659
7AKB,9.598155920355026
5T92,7.814193169609083
8K14,7.9505240516357425
6OPH,8.088824058672921
1GFY,7.690753525015619
4FAD,8.9285705345575
5BQE,7.8967476442216595
5HQ0,8.85127291494905
7FVZ,7.6949722134486915
8S8A,7.093131669828823
5QD2,7.125180663593572
7E5H,7.36085736382062
5E0W,7.524267659831168
6ZC0,6.967060817781984
6JQR,8.235285590282375
6Q4E,8.262993156419247
9CXC,7.689069187306308
5S9B,7.633485444969582
5J6S,7.69173532267083
2WMT,7.529336495848446
4NG9,8.404784231929325
7UDQ,7.797791167203436
5AUT,7.039461425585221
8DZR,7.28506228238483
5U3R,6.956368395037016
4XZ0,8.140166320569993
3HC6,7.741357603516553
7OAK,8.564027693799613
8OUS,7.999129442873196
4FUL,8.89657572515598
8S0T,7.447713121552609
4XI3,7.223491969843975
5SB0,8.506468439144598
6Q4D,7.065164873206969
8YEV,7.848975635649881
3WJ5,8.186982241890219
5TI6,8.932702631293468
5NDZ,8.742195325664271
2XQJ,7.915340700689755
8V73,8.370024398469859
6XE6,7.475101811796086
1QJ7,7.351271646362369
6P38,7.064526304167241
2YIY,8.626366250332273
8YXB,6.55538560376033
8T98,7.911629249467474
4M0E,7.915340700689755
8GW0,7.445837395031918
9IYP,6.5473384589149575
6BMW,8.96968308198196
6UKM,8.235897259403679
9ET3,8.506315240774928
7ZTX,8.045341101996078
8HLR,6.738333158302539
1NSG,8.311712104861845
6FNA,7.040987840861392
4DIJ,8.588163479934394
4BAM,8.814649693856902
3TNH,8.213149653992724
5TDE,7.306668696838338
5C8W,6.892825885899111
6YLA,7.563475041894074
4LWG,6.365046705293305
7XPY,7.7637637572677205
5CF0,7.866835322211205
4GZ5,7.430588057461894
5GWI,8.327140441253238
6CQH,7.37073993337868
8PNQ,8.520782571160531
7UJ7,7.435077221230015
3FMD,8.099527752892534
2E3O,7.247147124416982
8HV9,8.244737336781151
7G8R,7.941204535439265
7U8U,7.402929268017722
6DH9,7.9259983720360445
4PPP,8.197283070605693
6ID0,7.1117005299140805
5HP3,8.008353790753803
1ERR,7.470670941642335
5WR7,9.497118156749403
2OLZ,7.525158363368987
5HRQ,7.7426079042871
4C6D,7.3938615053131285
4I22,7.576010545940518
1UDW,7.565861053242435
7KP6,7.535703088923421
3QCI,7.644683972406724
7AKE,9.68013957635474
8BZB,7.5624159664356725
4C5D,8.501310591588991
2G49,8.545112696524177
8C2F,7.521679111128282
5VC4,8.542376893590946
5TLY,8.281047235940251
1G5Y,7.305649930483545
3OOK,8.098619892804225
7BGV,8.66470636624034
6CUD,7.339820007250736
1K3A,7.783180176131814
7Y99,8.489102200738959
5C1D,7.862473332667086
5XRA,7.584403789801035
4L90,7.729519620368165
1U4D,8.822669876719196
6YF8,8.64285480114308
7G96,8.001604958092662
8P74,7.2907182017036245
7RNM,7.976982056807577
7MM1,7.821678932062701
5QFV,9.276576510687566
5QCR,7.706518301767942
7FUZ,7.260083496509113
4D0M,7.82803296467664
5UWG,7.438918331648664
6J3O,8.216994887581992
8J81,6.6219479187522206
6NCO,8.255352922141473
6NV7,6.561872876380957
3WAL,7.599642683616802
7AEQ,8.130428603920304
8VYK,7.472261642147646
4TNZ,8.514457185780847
6MD1,7.602481916501738
2P8S,8.6813340741073
6ZUH,8.067108581124737
5MKS,7.777099617340754
1EFH,7.917878142914697
9AS8,6.7409533575312635
2CIA,8.71248821216829
6GJI,7.728700584248475
5XRB,7.560293921028272
5VBQ,7.050655363898335
6RLC,7.859073771897598
6VFF,8.229297061620132
7Y8D,8.450485243454605
6T57,8.706991701114127
3VN9,8.496159878821873
1M4B,7.145795546422279
2ZNK,9.196359884186444
6CK6,9.14051830002297
6V8K,7.010256635867356
8QLT,7.356838536037165
1X96,7.961422865590217
5EW9,8.156959059055616
6WXM,7.939851796872461
2AR9,7.626856551195465
3SP8,8.319090590737977
6TU9,8.310387346430597
4LL5,8.960816061387254
5XQE,7.565765080939857
7ER9,8.39500359352708
7W9T,7.240149577770552
4PX2,8.349156806660417
4QOI,7.495141544215048
5RK1,8.645415052781056
7CCV,7.236354512255321
7EM3,6.895652706428079
7OLV,8.944614314936791
3BQD,7.523086654587312
7RHG,7.921259010308536
4U97,8.243557063778665
5M4P,7.650236177744616
1FAP,8.396863520429514
8T1F,8.091518427785456
4QVX,7.626751285728062
4P36,7.612404016568513
8TSD,7.333363331133091
8DZS,7.231757639248363
7KHL,8.5838140511763
5G15,8.058339350562717
6V0X,8.75700880039643
4RWJ,8.054806503443658
2Q5S,6.988049083429294
8SXT,7.759774270071307
3F68,8.231528651580845
1FKH,7.550347820994606
8AHH,8.614708234294104
4FRA,6.590804117088094
7MSA,8.42365548913166
8X62,7.954577874739772
2CN0,8.785486856682862
6GU7,8.989640833881936
6ST3,7.890439767155856
8OUR,8.210825793483158
5ORH,7.886377954882579
7MZK,7.85434148282981
8WSW,9.189917569733419
3Q9X,8.338081011176016
5AM9,7.255661688659098
6MA2,7.96522333811495
3S9S,8.186718841501468
4WDT,8.03465558802058
4V0U,8.343476081731492
3X02,8.245713736730965
4ZYI,7.998755597853314
5W0Q,8.42522016870433
7VFW,7.924538849325554
8YPY,8.324222928620522
1OSH,7.788475716607024
5DP0,8.352624591321737
2P54,8.242865634338676
6OAC,8.34854861613355
6CYM,8.418186366895958
3FGU,7.485022810726779
2CKE,8.655853075189986
8C0L,7.411885329261025
7FSQ,8.118735166812034
7G8W,8.3838604101494
3O0I,8.07879226701904
8T8Q,7.8531965724888995
8BXO,7.607673200239476
4FSQ,8.37176065753359
8DVB,7.4076023464604415
7QG2,8.521934441095402
6G6W,7.770776507724561
7YNP,7.872138906864478
3K23,8.447629710703817
4MPN,7.316818681746564
9B3C,8.622968176508822
6THA,6.795767647890452
6T56,7.544982317986343
7ER7,7.936121151610336
5I46,8.315922304962715
4YHJ,8.103004540353862
1CJ1,7.510507805926264
9B7A,6.874945678622069
8AQN,6.887752082118506
6DW4,8.473939299698577
7JRA,8.31195477091394
3SPF,7.51598072315656
2PNR,7.21843823097382
8V6U,7.552881061045602
1WBG,7.263998651680598
7BQ3,8.397600987532284
5E0X,7.415367029193237
8P75,7.274017035507945
3BZ3,7.455665883616807
7KPF,8.68963435795167
1KI0,7.570296462364091
5NEI,8.648368834910777
5SXE,7.9668697891762275
1E8Z,8.041657069408263
1X7R,7.938096365639852
5X2F,7.337353842605697
4HBM,7.597995323116479
8DHF,7.584046338670273
6AN1,7.1284964477279384
6K05,7.963890167465923
7Y7Z,8.533948163045954
8BJL,7.959929578572634
7EM4,7.804904198935823
6O9G,8.331244036636422
1L7X,7.667304325653844
7SII,8.09731152916995
8HF8,7.385919185311907
1T8T,8.433359596034668
6YM3,7.729346895275788
4N7E,8.701066460235532
4TUH,7.32786948859217
5WIU,8.040558981301073
9FAP,7.52809639933487
3GID,8.732749180588486
8T2H,8.278965275412082
6FZP,7.215044933831789
9AU5,7.035037104222236
8ZBU,8.900051505552092
8PQ9,7.58465278999439
5OC8,7.8886506335972895
4D6Z,8.083192953841602
3KPV,8.374362371499291
6QTJ,8.931004258331521
4ASX,8.21837712007779
3A0I,7.485022810726779
1W9O,8.350047208471707
5OOH,8.07562055589211
5JCW,7.350580175845099
2AER,7.423108710456717
8SGV,7.805280992506488
3VF3,8.092806713775163
8C3U,7.962146079882977
5WRZ,7.9138688458060065
8CWL,8.094820831124636
5DZI,7.813775791299911
4CCB,8.468024596920399
4H2F,7.975512023110572
4LWH,7.228928176229231
8PPB,7.151626785510881
7NA3,8.835083842350466
6N8X,8.34817706778926
1QKU,7.9325867258763125
2IOK,7.740169771644701
4XUM,8.157290487097207
7DSX,7.838809291074236
1NHZ,8.392117946400106
5TM8,7.473506506285092
7SI4,7.292522140867651
5EHP,8.431508630794243
7TUN,7.917628670336318
4MGB,8.173303595073468
8ORM,8.185548672855413
4ISI,8.511691990201728
1M2Z,7.446380222295392
7VWE,6.729658854150804
7SD0,7.541566099634289
7O7J,8.924833079057063
4F5D,8.338653126364864
3DV5,8.23912961068201
1O5A,8.952469474437148
7G8J,7.837076288237593
7SXJ,8.2617693875247
6ZY6,8.300272056224637
8PWC,7.197675641137474
7NJ8,8.72992736981321
5J31,8.426987101226148
2H4X,7.192971830634096
4QG0,8.056634806600574
7QND,8.36964134668417
3CDP,7.505802322071636
7OAL,8.612203098995229
5WQX,7.477819832866302
4TQN,7.822047582058553
7A51,8.071155981833645
1A5H,8.991114629000972
4NZW,8.373943040666504
6VZM,8.183787654815154
4AP7,7.833701301115355
7FQI,7.821357955792428
3DEH,8.35017698486459
3L4U,7.034661063306601
6NSL,8.584633549274152
6GR3,8.415629209451232
6DGR,7.853440556376092
8VA6,7.9478759526837
2OM0,7.525158363368987
3DD1,7.718458068808195
7CMV,7.908577015257336
5LPL,8.181165788978712
7GSZ,8.161542292902224
3S7M,7.753671257982049
8H7B,7.559208564044876
8Z6H,7.241634100706423
6TBE,8.108990997192826
5JHB,8.192756278683772
6CJ2,8.046687588793615
6OJQ,7.3716199356171055
5ENI,7.452912228675692
4PZS,7.276858866675396
3UQX,7.265945254395179
3HZ1,7.435791941499764
2CHL,8.811361419859685
6W0Y,8.547543679938679
8CVN,8.475374601885443
6QTY,8.310165734687999
8DUD,7.916942017930555
6Z8X,7.9979885071183885
6WLW,7.00594248917255
9B0T,6.804513978602999
7U2P,8.060365490066667
4MLH,7.485022810726779
6YP3,8.201865241690525
5EDU,7.83457922103144
8V76,7.704592202163076
3FJO,7.229384865404912
5LPM,7.748490013569878
4UMP,9.303606775770296
8QNG,6.433643749569454
5J86,7.433128723707989
3WF3,7.4753605649626635
5UVZ,8.811620667199623
5DVS,8.347663205714456
1EMJ,7.440217424643502
6XED,8.788119004513181
2RD6,8.789773703907692
4TNY,7.738073374209896
4IWC,8.584951909879825
2AIY,7.891696504091989
8KF1,7.353312894122031
3TCZ,7.874801435716195
7MRH,8.172952001606975
4CWQ,8.203086723807177
8B2J,8.522572569706412
2VQ3,8.058426121171342
7TYW,7.779009367829707
5S8T,7.949931226974576
6JME,7.58935089994646
6RSC,8.414120595262602
8R4V,7.817217059796064
8JL1,8.424528338931863
8WYW,7.958263356590679
7QAA,7.05599504615568
4A5S,8.06656762224192
6DMJ,8.667447919574851
4Z77,7.919600569343789
2VST,7.010433192946126
6NTU,7.061454839974189
5DYB,7.504871529074012
6GVG,9.012971634009082
7OQ7,8.126135989045597
4YT1,7.864374538887727
2C6T,7.1026618004848885
4USD,8.825148432291213
6FXI,8.719680769298586
6NCN,8.924774036255483
1YXV,7.687988900562988
3NVN,6.857494082949217
6THZ,8.695152418375642
3CEH,7.611734295447136
6DWS,7.811973159768566
1QHR,7.000032102745473
7B30,8.748141854602833
8P81,7.237467785046549
5KMK,9.09429454274972
6VRU,8.289344156560782
2F3E,7.788443091990569
5CYI,7.628650793577713
7UYW,8.653419394776787
6LN1,8.154140213626924
5DKB,8.755265476185127
2F90,7.136709232109723
7MRD,8.677487944902111
6T8X,8.888380496917149
5YA5,7.2893532517133774
7YNO,8.100923373208577
5RK0,7.723805739864508
7ZWL,7.55821030709201
7FWW,7.690466542828842
9QB5,8.263673842735201
4GB9,7.8462636558125824
6JOK,8.891425697504383
8FF8,7.11097600628731
2ZNO,6.901399026259829
7FUY,6.922963268964717
3D49,8.240375035135239
5VAL,9.136584550611662
8DSY,8.003846587656339
7YAZ,6.634934630592984
4IKI,7.9878979237028975
6UWY,8.951442317537666
7G8M,7.881625644988564
3OW6,7.406154683470175
6IQN,7.411740209449707
3ZK6,8.451697727520298
6L14,8.20249267706656
5BTR,7.3186832178166235
3Q9Y,8.093000261388637
6HL1,7.731819374189237
1UK0,7.8334056600250115
8DHH,7.584046338670273
6GNQ,8.639459115676893
6V0P,7.969770282815172
7FXU,7.585671001719192
5HU1,8.614503016252906
7VFV,7.924538849325554
3B25,9.107830368832424
4M6L,8.220945731879173
6GHK,8.124695140606576
4ZNS,8.086004968001395
6QBA,7.369802278999845
6QJU,8.551697873424859
6LKN,7.739274455570418
5QIS,9.07404775490802
6XNP,8.594141769734577
4P10,7.986619582880094
7LJE,8.246049989560985
2O0U,8.837748267260116
7LB0,8.292685506789883
3GOI,7.449744783462151
2RG3,7.238730284674521
3LBO,7.959929578572634
8PIQ,7.168746896306809
4XLV,8.075104210216239
5NRW,8.702373722624827
7CCU,7.261170667230986
2PUQ,7.693954230683948
5UU3,7.857722581822608
7V3Z,7.232232256366463
7Q1N,7.420046191226558
7BEN,8.035710790927034
7G89,7.468910381914236
1BMN,8.40689544100563
6AH0,7.0139125080323
8BDN,7.817200259219759
6XF3,7.47117434300414
5W0O,7.792828956310716
5HNB,7.437180570859526
7UAH,7.27695222111661
9CTF,7.637484168465438
6U8R,7.9624899568084775
6HLO,7.904010072445465
5QIZ,8.082868128399946
6C42,7.020782384594044
4HLE,7.943376353310179
1HDO,8.50746130453114
4PMT,8.41479007090486
8TDU,7.898422146597274
5EM8,7.599678729544318
6SBO,7.2970184906691635
3SVF,8.113042270738866
6Q9H,8.466353564765026
7W59,7.1117005299140805
5BX6,8.038708322837902
5S9R,8.515632596799394
1RV6,8.226048106293831
4ZGM,8.42570731703168
7NVQ,8.270759424673933
5U5L,7.6448698199394025
8PLZ,6.924416641612542
2P15,7.743519150311078
3Q8S,7.104853081976595
4P5Z,8.16134418125609
4YJ5,7.376856393276742
6FN9,7.0660948187246975
1CEB,7.808906620240614
3UG8,8.114632604786463
7MGJ,8.401769412820459
6X82,7.870420219580816
7AFW,8.853825880248152
3HCP,7.376576375845805
5TIO,8.226844880824405
7B5Q,7.531352835613611
8EXO,7.730745761408302
6YTE,7.6433069520936625
1RDT,7.635138777275338
3MIY,8.499884167687197
4JDD,7.1518589952346
6X3O,9.069960119262666
7LD4,8.521732253445705
6I44,8.902637908893514
1HE5,8.04491580470505
6AUI,8.082661435463413
7JVR,8.115477624865525
2BJ4,7.216081545112106
7F83,7.086389427603284
5HFA,7.915567766099531
6GQO,8.234203642317027
5S8M,8.12143597843496
7LLA,7.5555212476138305
9FAS,7.9767217070202605
4X4V,7.381973485930158
3L5E,7.929906109093887
5GTN,7.910523742849763
2ZDU,7.945648356621183
3S95,8.344481769376708
6B73,8.226676489963252
6ZX0,7.6826488035228895
6SLX,8.706682472875807
2VGB,7.416684621757673
5Q15,8.0046963102794
3GVU,8.638067066012995
7KK4,7.521406805291058
8GUD,9.014008945218087
4GFM,7.704701212992228
5QFZ,8.468647055947644
3CD8,8.28630565053995
8EX0,7.915336595000642
5S9J,8.161239629410572
6VXU,7.293600538033053
8W8K,6.833484735891129
5M4N,7.9285040646377745
2C95,7.772821178608704
6FZF,7.215044933831789
8FHG,6.553862998297002
7FSL,7.534516273689655
7VDQ,7.651167888236668
7WI6,7.6382012284646335
8JTS,7.836008590650927
3UTU,8.559774856050389
3LD5,7.959929578572634
7BSP,7.723667869401257
7SED,7.952971824786084
5S8U,7.8894844757942355
8P6Z,7.8014581280652395
6WPP,8.426004789719737
5CFB,8.73807698188899
6BQQ,7.796771658128273
3KDU,8.234040333730466
6WBG,6.604446888166242
8B87,7.30529217356447
7U9A,8.214597600918488
6RLQ,8.404299908478343
7KTR,7.211040421664989
6P3A,7.364417101881428
5SAV,7.875394224707904
3EDZ,7.683795930393709
8BA3,8.130053501341767
1V4S,7.485022810726779
8A92,7.229639399832779
9CFM,6.978819254862405
9GFE,7.123460287102843
6U1N,7.951708334392232
5Q0I,8.224239223761268
2Y23,7.535203187006629
5TN4,7.945392226886218
5FHZ,7.66540763034491
7DHV,8.242842409344657
7FV7,7.769347318155646
7LQD,7.9954692188668925
7UXV,7.058773404461732
8DMQ,7.240636111229722
3DCT,7.251652587056543
3EQ0,8.619757341710113
1NYX,7.7517043141186
2J14,8.205415978729508
4FME,7.167577391910525
8QTG,7.292824224537835
7G88,9.45949154910838
1KTT,8.006208594737608
5NK5,8.982090202217874
7FCG,8.000280494460306
8GOF,7.511086875872974
5MXD,8.23861841586744
8U5C,8.029640177580276
7F9Y,7.050591381125753
7AO9,7.301089257377989
6CCY,7.957503859714494
6VRV,9.104457287693421
1MU6,8.891657251769773
6GVI,8.525779158125754
7DVQ,7.056711471297247
5BVW,8.956875929047232
3R1N,7.985453456421337
6Y9H,7.960043042320268
3V9V,7.074100249584635
9AU9,7.470603427196763
6YVS,8.831060774147419
8EUC,7.561699815753126
6I0M,7.502896347657612
2W7O,7.956095399078281
2XYJ,7.621480841019013
5OWQ,8.820853679243905
1LHF,6.84475772058638
4UYH,7.977929231842694
4NTJ,8.389943728064368
4F7S,8.183087945028179
4FMB,7.617971930215631
8V6W,7.468429241512176
2GTK,8.119653037629249
4N6Z,8.698111331839126
5TMR,8.204481552274938
7WQR,7.979134036532567
3W69,8.568012316323038
6MOA,8.35818772104667
8STI,8.155897180118565
7T4I,7.868438860318437
5WU2,7.666375939795879
7JOU,8.074958102983414
4TO5,7.622977414237625
5DUG,7.905195600052572
5MME,7.873454995927656
8ARJ,7.333599413890147
8DU6,8.060014851413499
8BZI,7.13118159709757
3TU7,8.403129510456976
4GS8,8.25914341539955
3ZDU,8.169039813493347
8E8D,6.917143982105284
4MLE,7.485022810726779
9EEA,8.132386681044968
2Q61,7.557758121332659
7G8G,7.694478727674002
5RK4,8.253234319786078
4MNE,8.954278113404888
2LRR,7.266198324972465
2YI7,7.324268844057329
7MFF,7.267055218633663
9FZQ,6.934249970504
3KMZ,8.061314776905926
9JBH,7.046778489944285
2VGI,7.39575298057599
2QA8,7.938096365639852
8IPZ,8.007399709785279
4CI5,6.763599697975319
3H9R,7.38959374210154
7FUX,7.542045182527385
6TOS,8.322596077259053
5KRL,8.085190325305192
5T97,7.023315052743551
8AM2,7.853557985925637
5Z90,8.084842882816416
6X3D,7.471232737578522
7RS4,7.652688370285973
5UC3,8.525343907973333
5QFB,7.988416509093294
6IIQ,7.068145444670684
6UV5,7.620501586952674
7MYJ,7.199673846816527
2ZK3,7.413225464711175
8QLS,8.01637889190995
3R6N,7.927844688541353
7KT4,8.193966173554765
3FI4,8.673625196446006
6TUC,8.267611628208844
5N4Y,7.880187784913656
5ZF8,7.62810826963686
7D0P,7.792516239079058
3ONB,7.959929578572634
2XB7,8.316536320090172
6PDN,7.3562348091204
6YF3,8.002162961897533
6L17,8.499418987281453
2C9Y,7.873899220532926
3SXE,7.775381999000728
2ZWL,7.5930665527968015
3F98,7.924636245859597
8ASF,7.097425124088032
8R9O,6.922932570133154
6BYY,7.562927752287733
6VEZ,7.687990364470278
3IXK,7.407680549730757
7G0L,7.174339921894445
3KVF,7.438940226985582
4OGV,7.667936340113436
4PX5,9.086567204949079
4IO8,8.204581665525122
4AOT,7.872464590621892
3SMM,7.916856145679887
5DL4,8.3643576205168
8PPI,6.959775154095937
5U43,7.358231069637432
7O7K,9.062428651018811
5RKC,7.70345559923979
7O1W,8.686248892800801
5TMT,7.5127905808724
4RSY,7.327294958792737
4PRG,7.366910966236922
5S8V,8.572057767813538
7FV3,7.827923199313213
4NGS,7.409156908255299
8BYF,7.986491754461985
3DEI,8.454384503753491
1RRJ,7.5794519959493
5MZA,7.61491556533711
8HUK,7.920385866334966
8QSK,8.031269181774775
8XWD,7.049537420530035
7MH1,7.891560681762976
8E5B,8.461623899813498
2VIZ,7.3771495327528385
1T4V,7.722286764149619
3KAB,8.356512029151705
6JUU,8.539559677221245
3EJ8,7.033614817381944
5QDL,7.636910172376598
5H24,8.58187687794656
6T3C,8.701308818399605
8FKE,6.722361499251355
5W55,7.6058007328647115
6QST,8.383378715198152
4JYV,8.14160329784111
5KRM,8.000367369212329
4QUH,7.917403801210942
7AVU,8.666458639103091
5YCP,7.3686592207234725
1QJ6,7.286484984794819
6Z88,8.587321942221703
4IBL,7.642472076200931
3P17,8.256722864880723
3R8A,8.147145769292337
5JLZ,6.880382884848849
8Y8B,7.922373477447364
6Q9L,8.160773274628593
5Z12,8.308824192443138
6J65,8.05627567199753
5KO1,9.351185356730822
7G82,8.176591609109865
6YIL,7.505824946757439
6FCX,7.634354566448566
5VO1,8.6555923495958
5TN9,7.1364551823540925
3VJL,7.984745475395658
3GI3,8.307114927775343
6MC1,8.41638729591545
4CLJ,8.263989985694002
5ZKP,8.370690028432238
5UF0,7.6779208778490124
1W9E,8.575253770230795
6CNJ,7.896089688668212
1PCG,7.8320673991051395
6G0E,7.994813330959437
6MH7,8.367210094004161
2ZI7,7.653378374128335
5DXG,7.829880910939802
1GS4,7.919319962089039
7BJD,9.135780666203532
5Y2T,7.583932013091713
7RUW,7.714820122851621
1ZEH,8.623836968738456
4LOH,8.22205036401793
8CNP,7.959929578572634
7H9U,7.628550691722083
7Z6L,7.016319390369205
3UWJ,8.758323849515493
5Z5U,7.9907694869371095
4KS7,8.177560402691503
4N6H,7.84986318684467
7G1V,7.659971675742961
5UAB,8.535561206082459
6T1V,7.319705939226449
4XIP,9.26093544164227
5BXC,7.457103113079971
7RKE,8.31827491174624
4D2R,8.31184164471853
7C7B,7.434500280626897
6R8J,8.29874631247663
6L6N,6.952201709747561
7G1C,7.645058638815191
9LVC,8.000843993370742
6SFR,8.548087523904025
5JMM,8.199661778395276
2QU3,8.736182446480074
8DMS,7.1122592440861725
4IVC,8.012556998628654
7OY5,7.094499581856068
3QCL,7.783936633906672
8PQ0,7.410281099637795
3PGF,7.764027739284427
4KE0,7.84843549368796
7E5I,7.369614203708257
6DWK,8.53961773549879
7E2H,8.54619324228718
5KCD,7.979302695067055
7R7S,7.307617721383451
3BCJ,7.961422865590217
4X4R,7.455684662851589
7NRB,9.066723615116132
2D06,8.053118208791448
2BXU,7.2667006727682315
4CTB,8.29360789519848
2G47,8.512896164174375
1T5Z,8.045341101996078
8EOI,7.520685068104196
6ILZ,8.90380397650401
8K78,8.58077937201239
7FST,7.82964311605167
3BC5,8.460154750030235
5VCW,7.456531496344784
3BGQ,7.9218008405407145
6LQX,8.700729918509355
9AS4,8.189029634434455
2OJ9,8.78322437874439
2V4L,7.509553180111368
7QHG,8.22294046593259
4BC4,7.352287854277092
5U2E,8.02951068124098
5HZE,9.252053348878482
3D0B,7.919742215590089
6PMB,8.86907074892357
8TK3,7.556490004905565
8X7R,7.783418089892383
6WY5,7.952931017098309
6DI9,8.449930545142452
7MSR,8.02622521765862
4DJH,8.523880418588682
7KX6,8.51082593428359
8E2M,7.003648201739915
8JFL,7.455381516048832
6QBH,8.375092730069246
4N9E,8.363237008117128
2WIJ,7.855191918292728
8UC9,8.502524256411363
3VRI,8.29818815307721
5HKG,8.067600681158085
4TO0,7.747823078901812
8OTT,7.669789934336565
7SCD,7.422348399445624
4WHU,7.644550576551868
5DIG,8.037593760553694
5QDZ,7.673612921260162
7RXV,7.642331814374379
7M43,7.622330128166081
7RAN,8.270722367517806
7OLX,7.840257600661277
7G19,7.810138612199521
6IJS,8.498718902250978
3RNJ,7.715073061156022
8P7J,7.829763041079954
6HMR,8.89454006776408
3AQA,8.559767288818326
6UKX,7.828949774627186
7ZUN,7.393970762791031
6WNH,7.820120338355165
3TU1,8.77379611468676
5QEQ,8.775342645570337
6SQE,7.916494979204217
6DXK,8.251955789997217
4AWO,8.40445011315824
7G8I,7.6569405553992045
8PO4,7.611963616134405
7G8A,8.024884227501712
4POK,7.247338913040527
1O5D,7.4736279064597
8CIJ,7.925116976170346
5UUI,7.758779587297579
3VBG,8.094514453424122
6VUM,7.198498161089565
5IN4,8.159848747062597
8W03,8.229353825851353
4RZV,8.158014246177013
5EG3,8.090584658332798
9DNM,8.324156055829878
7VBT,8.227276962984375
4GWK,7.568807897565586
5Q1F,7.840175113092413
4FRD,7.986590258767254
8DUG,7.362258108558932
6S89,7.974978388167133
4AGC,7.839896651359492
6MXE,8.102731306274233
7FZ3,7.945122677887232
6VGH,6.858993529926394
4L2Y,8.128753447577061
5W8J,7.684401626305633
6Q7F,8.687928811529876
1FA9,7.5226734980704695
7REK,8.648735933380355
1RY0,7.92008687192834
7B8W,8.39318550975279
4HHY,8.108509269675494
4L44,7.254005218726288
6UQG,8.480940689093805
5DMF,8.443040838978726
2C0I,7.9616431632010105
4QXQ,7.947479455291791
4ZWG,7.844029108921223
7QVJ,6.985439073663107
6CD4,8.079257226461346
8AQC,7.720418007540658
8BWJ,8.062423091219385
4TO4,7.608380232533863
3DZQ,9.057076024640732
8X7Q,7.463979015485578
8G0H,7.721005314562113
7MU7,8.223413707075496
2YIX,8.198943120411064
4BTK,8.176154204519714
6FZG,7.087106048520737
7MHZ,7.50603311227904
5XST,8.721047588278072
8CQK,7.4900252073713744
5FI4,8.33400465874804
7G84,7.526999264260508
2ZP0,7.910067743000499
4WV7,7.835906029704664
5TMO,7.417683599785679
3SP6,8.054808605291562
3B27,7.805643356489154
3B3K,7.595146181767848
2ANK,8.197204884371034
2YJ8,7.474881467315281
3QJZ,8.545068328126685
6T90,7.773299825548189
2WID,7.915567766099531
7AK3,8.709181764355819
7WGN,7.692183514917566
7F80,8.753431232641775
8EXU,8.163519701001487
4WDU,8.036148875038164
3HNG,8.711350209421994
4YBT,8.362124982819422
5W9C,7.741424149941368
2QGW,8.246893647511536
7VPI,8.726274391556167
2OCP,7.672538447448201
4MR9,7.752746569243239
2B8O,7.77821159470736
8P72,7.794266222573906
3WC9,6.760013996336627
3AHQ,8.069299490777498
3EE5,9.072077090778757
5AOJ,8.69555037343959
8B66,7.959929578572634
1Q1M,8.310656083196672
7FVC,7.183512321445683
4ASE,8.81531645661295
3HLV,7.885537147403836
7EJV,8.511387701022562
8SO1,7.926140000932941
9EY2,7.534796893061513
4FMD,7.275676182976702
7XN5,8.78923065004102
8B3R,7.959929578572634
2YLO,7.952581660921165
8C3G,8.127113143875476
7RS7,7.455316213702168
7G8F,8.054569612946889
7UUU,8.211709931247864
7AW4,8.944547701715535
2HVC,8.060131028324198
8BW3,8.069703217413792
6CQU,7.915340700689755
2QCT,7.157443330446412
3R4M,7.904562434020651
7L0G,7.910244447354222
4JTQ,8.594940916261267
5KZ7,8.923900086122773
5QD1,7.829822050576821
8PQF,7.919157952249185
3UIV,8.335530817123637
7M3J,7.714681320462922
7VD9,7.702655258595557
4Z1V,7.6674099862901075
5HF6,7.915567766099531
1G30,8.164089109215732
3PDF,8.25653448623102
6B2E,7.3803477299488005
4NEM,7.108499605050264
3O23,7.836828545214127
7KBS,7.48048916179147
8RB6,7.840109855162457
4XUF,8.125625470479065
6EL5,8.250905796390354
8JD0,8.54701875349895
4ZYF,8.374691295333388
7G8T,7.4607341470004895
6NW2,8.64740439289117
8PWK,7.581796110843093
4CWP,8.334256348538773
7FUU,7.565391442826482
2VV1,7.455916203045769
8BZJ,7.661054071941987
6X40,7.61123433314181
5TBM,7.44363445671166
3NZ0,8.700173178495792
6QAV,7.84990109177947
7FUS,7.0912246735928735
2CF8,8.872456525393206
5Y2O,7.576148010954482
4BB9,7.422159545674787
5Q1C,8.22496830086599
3OTB,7.396348391574306
5WGD,7.960871658221453
2WBI,8.058363604739695
1H1B,7.641063725855774
7A1B,8.504922624206822
3VWK,7.878101377898814
6ZY5,7.998878687368306
8HNC,6.900435298963413
7OB3,7.927852038483081
8V77,8.33716086890601
8CHF,7.336537983877171
6TD3,8.08759557408918
8GMC,8.575442260255144
8I0C,8.113139317768882
9C18,8.386289122536027
7ATU,7.8677407644954025
7PRX,6.8396468312726535
5S8W,8.825149254359044
6XIH,8.562923598348139
6I99,9.519909403984984
7S99,7.508919538805377
6Q4C,9.122938048341291
2QSE,7.798931534785305
3OPM,8.854504470511893
2H6H,6.922336120980959
6BMY,8.803910800111204
5WA5,7.98770897060586
7DPO,8.83848178188592
7AKF,9.521357594957426
4KNB,7.874337492126109
7EFQ,7.513262146439253
6BJO,7.874115636718834
7DH9,7.82681095038952
5AQW,7.414756080133302
4FTK,7.0412357863218284
6AF9,8.391095312261221
8PVD,8.513715474902178
4JVG,8.73182725954519
8BX0,7.7924279282309
3DT0,8.192482529225273
6GMR,7.429780209992521
6FYR,8.763009810744506
7AJ8,8.867755820861033
5DWG,8.177802657624435
8CSR,7.647261564081056
7Q13,6.701977241784202
3LXN,8.035486599715686
5DRJ,8.188050375137601
7CHN,8.14972438134121
5HMH,7.1814503163947405
1ZQ5,8.399129760027408
6DZW,8.491179190790122
3I81,8.297563024654314
7YAJ,7.795671327991894
5UCI,6.6304148106694045
5D24,9.00466728666258
5TLF,7.223455222622879
6PIT,7.938854042362476
2E2X,6.964376808506882
3D5F,6.81466259247753
7FVK,7.844033787574819
3OMK,8.68564605306065
7FVD,7.325143562993497
6FR0,8.645773589839528
5HNI,9.2647781104955
5S93,8.183099947948588
4GJ7,7.633661083315068
2YHW,7.501685620972818
5EI1,8.905266878325252
2B7D,8.49337225095019
5DXB,8.133112328130808
5CS8,7.942184250418759
8V1F,7.218955112699674
9CFZ,6.978819254862405
6EEB,8.855560162961266
7R9N,8.33754038475856
6JJ3,8.342781031916225
5EXA,7.65039701319921
1IMX,7.202432288140703
7HAP,7.286806600674628
4U41,8.66560862359532
7X3O,7.7860815906920235
4ODF,7.536814021732813
3T9F,7.987822515159385
2O28,6.717001235245317
2YFX,8.117494168797398
7T9N,7.51699729404474
2R3H,8.93153544356599
5DKS,7.7260704109633975
1J9C,7.659948013895428
6XRM,8.234791565556664
9GEK,7.529552443741192
4YLW,8.864785637045587
1GWQ,8.243046667015909
5AK2,7.633516352699721
4V24,7.615123960904729
3BV2,8.690502207482185
8IMY,7.544178331386911
8FEC,7.557617726837279
5URV,7.349013282566932
5URY,7.8616284793158515
2JC6,8.2769490877534
7AVY,8.022888373472375
6NFY,8.647873529105805
3CLY,8.097247222019949
2E3N,7.1565228374070795
8ZMY,6.93134566008113
6WZV,7.751991705553109
8IVG,7.03474711676298
4O38,7.535553901012751
7EM7,7.410433347807392
6J0O,7.987676975800675
7CHM,8.736223459424101
5S8Z,8.323760220134853
7PJN,8.97237810332965
5TM1,8.436416115349113
7NN2,8.858921468614861
7M0T,7.881538213613663
8T3R,7.353983646099886
2D4Q,7.804267316426631
2V4M,6.942237771455763
5ACL,7.242665642467441
5X79,7.343201988745818
3HCN,7.399560046496356
1SSP,7.431281731341014
7JXH,8.526930565874455
7VWF,6.901294299909266
4CWT,8.100599014320839
7AB2,7.275836474599749
6BRC,8.138403838392222
9B3N,7.487004438661862
8C6M,6.456584526716345
5RKE,7.822176395891064
3ML8,7.710221253922126
8JCX,8.260336979003647
8YGW,8.88732629013344
4QFY,7.589068594481086
6Q9O,8.443411531825728
8BZF,7.7718771714500505
7G9G,7.233589884809289
7UP5,9.207933225149874
7DHO,8.813262538876916
7O9Y,8.388826572861289
6RQ7,7.86775854597522
6N7D,8.00462339322945
5C50,8.497648626889363
8X5K,8.408244429626164
3ZLR,8.312337501780107
3B5R,7.586885618684857
8A62,7.51487794420032
6EIJ,8.635376467451707
4OTQ,8.542231947518635
6L1Z,7.892427527022729
4ZW1,7.947727507596881
1NZQ,8.081537677359014
2VJ6,7.381232778323495
3DUX,8.979439451365726
4ZI1,8.1220985830064
5DUH,8.375872991477378
4WDX,7.80697284958918
3R8H,8.114632604786463
8V78,8.12700860959708
5CJ7,7.441000131015493
8DUI,6.84347273884869
7N7L,7.808409551893274
1LHE,8.080457005472484
3ZLN,8.832087542946287
4RXR,7.4536479152875215
2LZG,8.471930134302248
4U42,8.393044128115479
5S8X,8.082824457979163
2QE4,7.54879771545171
7OVJ,7.870621939858517
7G8B,8.232077825572532
5M4H,7.893974109898709
4QG1,8.200770651913576
7K6O,8.583770560087268
9C57,7.923528618247289
7LOT,8.414442714108288
5S8F,8.229273003509755
5DWE,7.999303438308029
4DWK,7.892338565113598
5IPJ,7.778110347146723
6PDO,8.028745195106541
4KO8,7.770603352960492
2WF1,7.126868461758794
2Q6S,8.44173345091229
6U9A,8.820191163754592
4ZTH,8.093523453374827
6M4U,7.875267621412569
7ULL,7.7372766386076
3JYA,8.101488015633427
4X8U,8.388475743951116
5DWI,7.358073706987915
1XBO,7.365469755856547
5RJP,7.559096813063514
8TBS,7.334730915123867
8D6F,9.07879580335262
5OWR,8.850397734572978
3GJR,7.747150499949991
5KPQ,8.132420304608601
5FDX,7.756323962153072
2YFE,6.910145639620596
5AZT,6.9258281591790904
6H3E,7.840317226663657
4YQU,8.455089621474421
5T4H,8.07737439272549
1AWH,8.51584806200164
9BQE,7.533300026693621
6UKV,7.788563302037504
6UIP,8.432133710771097
2VX3,8.654477071032616
4MG6,8.021901239565846
2XE8,7.609264044317148
6CPG,7.744716782529314
3KTM,8.003149329334697
5LAZ,8.619569314146606
5HOX,8.089844284946633
7FZO,7.206003149145976
7G8V,7.6939554955871445
6MD9,7.09304835377899
2KQD,7.699530493520746
5AEN,8.020117898364248
5I3O,7.463494105919797
5IH9,8.235100350245666
2IZS,8.725511575758254
8UOJ,7.15087192556126
7O2V,7.695736301567651
7RRX,7.304606710556549
5EHO,7.903024434084916
6HWV,8.89873364694013
9AXF,8.044327985670275
3CKX,8.60038040574427
8X73,8.227315411109918
6HMU,7.541814071199414
7WQM,8.113139317768882
4AYY,8.076724876945473
5ZYK,7.677031476799623
7UJY,7.069625549799943
7O9X,7.693507411851686
7UG1,7.670929997430649
4EQU,8.981525017708103
5U2D,7.844288692495337
3HUB,8.06187958418312
3VJK,8.569422618306302
3RLJ,7.98411890053387
2JF9,7.473977898989702
4ERE,7.948297585582191
8YF1,7.141437795942363
1FIT,7.361161950567501
3MDY,8.169542242999924
6Z2V,8.81931465070534
5MPN,7.982519258610661
6ZPT,7.395367440863256
1H8I,6.920550672362918
7M2K,8.68806364927121
2CMW,8.122998558118278
2POG,8.077300111442414
4MH0,8.370977154170944
7RS2,8.286402152237093
7R9V,8.590665064970588
4HLW,7.952581660921165
5NWD,7.657260360154544
7MXG,8.112600422016653
2CHW,7.497914458360464
9C56,7.023495365063194
7NMX,8.37967022531275
7NPB,8.532477586391998
6RP6,8.151037211729868
6DO2,7.064824419224802
7OVN,8.51670783906745
7SU0,7.7367356316197435
6VZL,7.780727480898842
5X28,7.370465562939873
6YT6,7.939408045540885
4MXZ,8.433928095289033
1LD7,7.653741245719314
8FLM,8.05689294323749
4K0Y,8.558860737110827
4OJB,7.920797791653518
5GWJ,8.310656896361362
4GK3,7.824890412812032
1WSS,7.910067743000499
2I4J,7.842039315103029
7FVL,7.452033282651473
3T8M,8.34065457522671
7R9Y,8.337161636938186
3TH4,7.5979269227342145
2FVJ,8.282915727458452
3GHS,7.722732910079278
7RLJ,7.564840751265855
3MB3,7.745352963775121
7AJV,9.265160032702708
3KWF,8.231558478958057
2VGG,7.419053172534188
4HGE,8.548913284187325
4DJX,8.325161547820894
5UWD,7.970885760049097
7D0E,7.724673217349285
4JQ4,8.502657177498515
6HHJ,8.698121963607493
2BKA,7.210576714821744
5N4N,8.404544204302203
5RJS,8.360533366436027
4TUZ,7.547862374496403
5IA5,8.394739285626645
5RKA,7.88394674884033
8BYB,8.060298272488906
1G50,7.960871658221453
2QA6,8.024256649639781
6F8O,7.982314124487376
3LFD,8.750018540788123
7PVS,7.721986135133559
5UU4,7.659541954583958
6X81,8.539948551295277
7P6T,7.885497340276493
6DW7,7.576417406678339
6ALC,8.63156134483445
3GU8,7.597710269408212
3U6J,8.786707191359394
4JQ2,8.426136479921686
6WXN,7.642203541481285
8UAP,7.104050834572187
2V3H,9.017686276717102
3ADS,8.053265293263017
7KHH,7.914811090205109
4C6F,7.396230056089643
5H19,8.050503238408062
3BHH,7.990766150234885
8WTA,6.694369938218539
7FVY,7.5572946919968125
5CGP,7.878203417584953
5T8F,8.79617197438781
3Q8R,6.1319952900820835
1WQV,7.9004519349145275
1M17,8.450810386026511
6YF2,8.002516680861715
7FVN,7.520016186136716
6BQL,7.958648682509054
8HNH,8.209980579752832
3GHU,7.722732910079278
4OFU,8.045341101996078
6LP7,7.58935089994646
1JCQ,7.653741245719314
5JFX,8.151636047232731
3QI1,8.281179897377726
5RJW,8.01322967143009
6W89,7.574461737228375
2ZK4,7.033357187751271
5NYH,7.3852943579522465
5Q0M,7.83100684888498
8EL9,8.210974640988935
6EO6,7.769774663225411
5TN3,7.989321247951024
2C3I,8.658237076222601
4LWI,8.082303732685919
5WS1,8.27433742325177
3OZ0,7.581426677701653
6GVA,8.481300433096406
5S94,8.141740988701228
7UAF,7.915057835926141
5HE3,8.395207464303933
2F0Y,7.034594215884149
8GJX,7.3305730857994815
4DI2,7.54673947243469
8BX4,8.04201541014193
2W4O,8.326627641769404
4BAK,8.399939558232493
7Q7K,8.282638324271522
3UG2,7.637558578399077
2L84,7.774984228347462
5J95,8.193350651309272
5DYW,7.4882149227052
5U3X,7.505602171539525
6PFM,7.596620630986621
1J96,7.7845883036744405
8AAO,6.648661215752858
7QQG,7.44914694637496
5NN4,7.8616284793158515
7AW1,8.828642894876678
5UEU,8.287155326667202
8FCA,7.287769116363126
6G73,6.867037633903538
7L99,8.651503353374313
7QJG,7.512197914884593
7B32,8.453986011352319
7Q7I,8.134123267295413
5QIW,9.415493368019613
6HDP,7.019400637871178
2NPA,8.218386378388926
6LCB,7.030309751460173
6AFD,8.990954467278534
4P5Q,7.832015414987296
7RBE,7.27261314093388
1GWR,7.960871658221453
6ZPQ,7.860820617633197
7FVQ,6.799341598620616
5N4Z,7.103414950618868
7FZL,7.690892788436515
4TV1,7.2306027380566915
6KHD,8.950643703049371
3QFA,6.777075460427251
6LX5,8.324712522825948
7RRZ,7.372070288917879
7C9W,7.923585359870599
5ZYM,7.664891197773427
2FAI,7.982480764142785
5UI4,8.571826984807068
3FJL,7.58935089994646
8FD8,7.804566953868602
7YIT,7.525282157363334
5O13,8.461232169075844
3PEQ,7.513891795266803
8U57,7.813404786698633
7RTK,7.985508132208179
5VCJ,7.636857395012863
6J81,7.383203284148218
4WMT,7.764027739284427
3LW0,8.604358688949521
4EMA,7.622163201758067
5YXD,8.303720353747357
8X71,8.023986786638758
8U02,6.952761211014413
3AN3,7.009458207919218
5KCT,7.853451214455395
1C88,7.81119014915892
5ACB,8.110893283328242
6OVA,9.477454441056976
4QTC,8.668372468829851
4CD0,7.572498481361472
3GD2,7.201557446068758
5HGZ,7.78393084563019
4FGY,6.967183287423278
6CQX,7.879814046632027
5QEZ,8.19838481515037
5HYK,7.963430877558134
2WI4,7.858482552292389
8UBZ,8.582518329793297
6IF0,7.812924948584307
4V3D,6.790167418980952
6TDC,7.117359522767133
7VJL,8.413203716437144
5Z5S,7.65899956882966
6DWN,8.612968002135043
3A9E,6.650676537307367
3PBA,7.610188267439248
6CPF,8.219395818719127
3X08,7.1876048578135645
5NK0,8.54942035126218
6NRG,7.988728027467104
4I24,8.074611359209815
7G90,8.17378301320244
7JWN,7.912441712095305
8Q7R,7.951291245417083
8TYQ,6.815505548570046
2BAW,7.034045439073114
3P89,7.618474436762003
6Q4F,8.436678751330925
9LIZ,7.401132825153703
1WM0,8.411829127865664
4PY0,6.522858489656832
5Y44,8.060882471204284
3I0F,7.137641134739375
5KM6,7.60985169723978
1FHI,7.996299649786421
7FRK,8.898771809152258
8BD8,7.256338998644014
3H3Q,6.843248274213925
2BVS,8.232388577533435
5CJ6,8.538694357637537
5RKH,7.857835728122135
7SIU,8.868107415467726
5LQ9,8.761241722282715
7L24,8.962876979800567
2VZ6,7.9941962260251405
7CHT,8.825627705782152
5UOO,8.578581310956388
5N64,8.202384668283873
2Y7J,8.10597439092743
5HBH,8.257975147618764
4OEA,8.169609240643432
7BU4,7.725200323455489
5EQI,8.714890821518274
5EQE,7.3811521207923025
7H9W,8.631897614395683
7XHY,7.956390471286776
5LO0,9.069605511226497
4F70,9.370908499569248
3W3M,8.11353272176593
7WGO,7.840016064646828
3R92,9.104042218619057
6VI4,7.497773576998773
3UGR,7.7860815906920235
2YDO,8.494083438204424
5UES,8.76744103706229
7HB6,8.731930164421925
6GGA,7.74812941704336
7VXG,8.473085393090436
5W0F,7.637405871440597
8TX8,7.839792069321532
6M93,7.816803182324707
7FUT,7.6707051819449275
3VSP,7.220315325359088
7JWE,8.8723026118033
1QPF,8.101870804754338
4NKG,7.973098428004862
8Q6R,7.513923589539482
4F7L,9.149156316571519
5S98,8.56840904532603
5HMI,7.795016799621318
5QE4,8.336597337882187
1YUK,7.1272945290221905
3VSO,7.772506834539414
3FAL,7.4446644327439975
5VDA,6.8625332574412985
6TNC,7.818574676921637
4CI4,6.89230010446593
7THS,7.234704437430696
9IJP,7.706988365780999
1FF7,7.796984927007365
4JWR,7.65270426943509
5W5Q,9.288759201531366
5Q0X,8.088440066487522
6VXR,7.863574972657369
8X7P,8.33227239319169
8P73,7.151587171644938
8Z7W,8.328919728313084
2PRM,7.45265204196207
5DDD,7.272127455938702
5BYB,8.566144045735312
7R60,8.634227144056526
4B77,8.709972601046543
5FXR,8.881761987246598
6VP0,6.821040881586863
9AS7,6.7409533575312635
7ONR,8.170098861067434
4P6X,7.662420123357131
5S91,8.119801826443727
1L2I,7.87532209141915
4I41,8.160754795644221
6V1K,9.19890422563902
4NYV,8.06002002760464
6FDZ,9.011194253593649
8JL4,7.8560213165315504
2IOG,7.229288627388687
5HZI,8.08889098651794
2ZVT,8.106781607640958
6ZMJ,6.754091444965484
2A0Q,6.890226345886978
9JD3,7.879109627658338
1T4E,8.385783899345292
5UYJ,7.865824485242077
4F6U,9.427334487158271
2WMS,7.97023193173342
5HBE,8.24404735393857
2YEG,7.578160492987652
1WV7,7.8767474712105985
7FHT,8.700474819623752
8AUU,7.959929578572634
4Z2W,7.6857592177374725
6EO8,7.682556115379901
5RKF,7.434195888887645
2M9S,7.769863589402116
5DXQ,8.065650662567
6KHF,9.197485676824268
5BN9,7.643639357134353
5DX3,7.845412261669192
4YZC,8.523712764448996
6OAV,8.797096863285018
4MTA,8.593523873390644
3KMX,8.578869607462583
7SZD,7.433530926956847
4G2F,7.8756876260927235
8WZJ,8.294808098685646
3F3Y,8.092000180280445
8CK8,7.308382222229944
6LS5,7.85925612133842
7G11,8.143728056819342
8IT6,7.128434300131223
5DDC,7.1289909742109785
5H2Z,7.58935089994646
7AVZ,8.206182504447892
6TGU,7.766900683632182
7YMK,7.613774474449624
8FP1,7.928217907581281
5OAI,8.717701084513191
7FZB,7.270300539046049
6XE8,8.788119004513181
5NK1,8.799994226998482
3R5N,7.038495759758746
6D8X,7.399350402254162
4HXN,9.006406653057311
1DGB,8.40024727534451
4EM9,6.857002608631115
7KTH,8.031083453405701
6OD6,9.066948986321062
9C42,8.627703260694936
7BAC,7.705019209046045
5J6L,7.472259274392428
3SML,7.928120482374394
2H6F,7.139408078291782
5Z0S,7.932763336345336
7FVW,7.487172515190654
7A7H,8.38748544841002
8BIK,8.178722579875366
5RKN,8.599931674051735
1RHR,7.558918238547226
2JDR,8.030047970075223
8EXV,7.785906969171725
8CZA,8.618071454050432
3S5Z,7.349542550740027
5CXY,7.847608912029184
7S2Y,8.286190665694845
5Q0P,8.04395529854821
8BYY,8.270354178570773
7BQ4,7.7182043081449825
7QGB,8.30577603181751
6BQ8,7.704422708308309
4M12,8.086040019489685
5LLH,8.6753367372186
6GYO,7.860416271394199
3X0C,8.365445707799319
8FKC,6.906625383470799
7TJ9,6.85646056636355
2ACS,7.959929578572634
8UAQ,7.982567239791841
1JUJ,8.21397815841786
5S7C,8.465046897767564
7PGU,7.224831560675723
6ZUN,6.966376441440026
8X7H,7.443013466483774
5TLL,7.741418878187916
6Q1U,8.0950351928964
6NO8,8.540485952874262
7S9X,7.530091127769126
5AV4,7.8697515108310565
6JJU,8.077365998547336
4XX5,8.23808210832219
6Z50,8.269240901967336
5N93,9.451893243997816
5ENG,8.226392631148592
7G8E,7.788994027635574
5RKY,8.33369012939721
7JGW,8.167171094011078
4HXM,7.782804370990883
5KCF,7.892870409900402
8BYN,8.419288749064128
4JZD,8.790573508495001
6Z8W,8.311120433645879
6ZPD,7.487524461553591
8UN3,7.644865513038892
4X2K,8.248419592381705
3DEJ,8.327018318785127
2Q6J,7.848639022751822
8UOL,6.979707740486078
6EGD,8.467646134149351
4BG6,7.55588966694614
3CGO,7.830610840086252
6Y1P,7.850834446775097
1YC3,7.073313659763976
7SR6,7.0245777016910225
3K22,8.079018543897996
3EPB,8.315335326966402
7KTD,8.031591440896097
8U0H,7.321092540150861
9LJ1,7.0569899961255205
8TUC,7.455848539365107
4GK4,7.348349532599218
7JUO,8.644099457328855
7UP6,8.895990352261881
3TN8,8.37226798270369
6M3I,8.46031440634373
4CYG,8.28491364042089
5S9E,8.145736635937789
2F9P,7.8616284793158515
5TMW,7.980004645722802
1FKB,7.814549208012289
1SNU,8.135988486180835
4PPS,7.894622189250429
6HP9,8.497318225795528
5C91,8.479125544865994
7FQH,7.904945362691027
7QRB,7.201434665430307
7H9P,7.718624041519106
5N1X,8.085490695194375
4M13,8.086040019489685
6XBM,8.427534352588985
2VAG,8.436705761271332
2ZNN,7.365447654977361
6DW5,7.778208516085174
6WNY,8.889991158370764
9BMH,7.452149669799679
3WZE,8.807864645358283
6RJL,8.358675342474907
3SVH,8.371423927664122
5RKT,8.114033525210218
8DV7,7.362550980532341
2R3J,8.419559466586266
8DC8,9.099966447581059
5KJ2,8.506630026450235
4OCC,7.35654934516449
5KM3,7.287028144679766
2I4Z,7.778022912835977
5JFS,9.722000629460322
2P4Y,7.901860843011068
8TBU,7.355570798808901
6Q96,8.47432374854295
7K15,7.9415547639416815
7YI7,7.247098907223329
4YKQ,6.465386552252633
3N8I,8.009832348607762
1LHD,7.601652318878828
7TE7,7.245248748943021
7QVL,7.66414385353697
4TO2,7.827997133931776
3H44,8.691629154077638
7JYS,8.294138746189821
4G8L,8.72839869737297
7BR3,7.2582716964206
6KUW,8.570263001989003
8T99,7.831164894302917
5UVW,8.095511284461297
1EV3,8.697303614712345
4XCT,8.400595163131108
8Q9S,8.129451409083684
8WM9,8.160736429778732
6ZFH,7.694825309309184
7AJ5,8.929556856021922
7FRZ,7.5274634644004035
8OG9,7.757200088324409
2QD1,7.126648393845196
6CBZ,7.845412261669192
5RK8,8.534783467517155
4RER,7.787252050523456
5Q0L,8.173319290421277
5QIP,7.377613085130526
6Y99,7.790563558050601
5SAU,9.121491761792571
9B14,6.812554139791952
2BRM,7.750890915708591
8X7M,8.569229350817341
5I9V,8.206202644469142
6CZ5,7.450946767936305
2ACU,8.11781269274127
8PA6,7.759107889658416
1E2E,7.798678381547899
6KBA,9.243248367097722
2IZT,7.60822526140499
6E5A,8.565643575843614
6BFD,6.920629441622342
1HE4,8.426455887045762
5KTW,8.342606290814073
6SUO,8.003960725486845
7AO8,7.301089257377989
2XCV,7.762048618337515
5TVT,8.89069049938582
8HND,7.6074869098439315
8T47,7.255463077891219
3QDD,8.129380346948688
3POO,7.571877561605276
7GSF,7.985347508646031
4WMX,7.764027739284427
4TNR,7.957294607340865
8BYE,8.02192220083793
4TNB,7.668315546226214
5TEL,8.0431999376857
2JFL,8.705748240491861
7OQW,8.257729532177832
4RN0,6.9945988988230745
3L4W,7.251959736082624
5ACC,7.390269930856867
2R2J,7.405884014537297
8W6C,8.574003344348874
8TRW,7.389956473479206
7SQL,7.425684700323667
7YNQ,7.939172434615752
3HG4,7.8616284793158515
4KXB,8.140656391112028
8EBT,8.11888208711479
9ESZ,8.84576647267934
4GJ3,8.5219266973221
6QXK,8.326341867051926
3FC6,7.381871240477896
2D7R,6.908104242124725
3X1I,7.174015264852133
6A4I,7.850434491452142
3BL9,9.212849496150087
6YVK,7.6826488035228895
7YXR,7.549726069715433
5Y49,8.067165840237287
6QCD,7.570685169651837
6WFK,8.227237104050216
3SP5,7.207436611738602
7LAZ,7.504547214110664
5TF8,7.849842955244492
4ZNH,8.047894516466393
6JWA,8.27277038082856
8G1U,8.100502957543366
5AQZ,7.752866353332287
6FW2,7.124745912280087
2VUW,7.956927856000208
7MIH,8.402791955629409
1DGH,8.66319314803621
7B4C,8.477134605487064
6AY3,8.213665060872007
3A7I,7.927250680428278
2V7A,8.243836822614504
5RK3,8.408984949577892
6WH4,8.109186918084092
7BG3,9.03839015983565
5DXR,8.138972835873325
3DKO,8.969816463469403
6IZM,7.986186045873374
5Q1I,8.382542891762458
5ENH,7.856291161076748
4RWA,7.180284741001365
5U3S,7.89758580771624
7WTC,8.073938527177951
6RQ4,8.363275100504652
6EYB,6.829743930607731
2FJM,7.463989779610561
8HUL,8.12944550384946
5KTX,8.413076405019256
6CM4,7.9436523099088365
3WZJ,8.299541194238634
7M5Z,7.443395973814827
6LIL,7.417184266409102
8G5D,8.94546684975272
6S39,8.68049046627125
7R4M,7.496679739339335
2JBU,8.537306634679025
6LKM,8.22283954974468
7PW8,7.465627086549632
7RUX,7.466518411543786
5VDH,8.12285815673461
7AB1,8.183435428610027
5K7G,7.940205619474544
4X8T,8.70686809904041
5TN7,8.6179164342829
4JOC,6.926737863835121
7NKE,7.932611389666991
8HUO,7.5912743802449985
5AAU,6.875373698884275
6N79,7.793662042755674
6LP6,7.58935089994646
3QCF,6.97665637347663
6SQF,8.566034331561989
6L13,8.202618293430683
6N8G,8.144871798941317
5S97,8.851460034367463
5OLG,8.020454826961446
7UGL,6.479015435003973
7UJM,7.137181175094172
8G67,8.310624011778925
1T84,7.366290719041312
3FT8,8.191038117211408
3FVU,7.778614890812343
8PM3,7.428104547189735
6Y9R,8.020421790162656
5TM9,8.430998819199964
3ZSI,8.334971984496567
5I3R,8.179770931043779
7G99,7.951559117372998
8S88,7.279503715812782
5EQH,8.153966619591875
1OIP,7.502862155168121
3QCJ,7.243922779078426
9FSH,7.964746435871456
4G0V,8.170884179952752
6C99,8.786438859498828
5WU3,8.34416671043823
5ZXF,8.607794077981337
7FYF,8.155117921884763
5O8V,8.265399424155627
6R6X,8.325371510698508
6GVH,8.394591908881806
9CTV,7.886229574892053
3FEI,7.7379256005509
5U2C,7.925780617509722
7LAK,7.4530481075421315
5TM3,6.7149811432639686
2YE5,7.724907775198319
8HLP,8.145486773944848
7FVF,6.838231932963988
7KK5,7.981428446868491
3U10,8.06274555480479
6SMA,7.694219784880702
5U3T,7.710489826830306
8JEW,7.681114818810037
5OCI,8.053177162891277
7S1R,8.1475853785981
8AKA,7.189959179227534
6ZOQ,7.369517363153675
5XQD,6.919876092142126
6NUB,7.482311226035173
4M0Y,8.375150493481128
7BSU,7.739274455570418
7X3M,7.84160314218004
3OP5,8.378345025669315
7ATS,8.607595043146606
7DHN,7.839233051963921
7YBP,7.324755668439314
2BVX,6.876829150977768
5S8I,8.207836723317
6ZGV,7.694825309309184
2V3O,8.995502404545503
2QZL,8.236215805059155
4UDW,8.37226243892932
2H55,8.311122137031637
2JH0,8.216391847145934
9FET,8.438516639712969
6HMP,8.871213926995875
7FSV,8.578800605202648
7FS1,7.394712325236556
5ENB,7.7411217493133595
7AVT,9.005184644471482
6ZMK,6.5991130135867895
5FTO,7.949444296665605
6L15,8.371245196086408
6FBO,7.524335528926694
3GOK,8.933587369205384
5O0Y,7.698056322103184
8UO9,7.220484498892239
1M48,8.961540215011796
8DHG,7.584046338670273
6NF1,7.615348861831622
5KPP,8.134856807762182
6B0F,7.719172217158055
8E8C,6.9262139428102865
6WFV,8.086009997405068
5ZGG,7.923916508643617
3KMR,6.921432565306035
8REJ,7.423596686830264
5H15,8.41014951151644
6F3I,7.700780268253914
2XJ2,7.7139088929809105
8T82,8.004046833247008
2UVZ,8.620960497800752
6YVL,7.6826488035228895
6F84,7.961422865590217
5WGQ,8.099348469573865
3Q6E,7.750112771831503
5Y3O,8.378087814375895
5HF5,7.915567766099531
5FGK,9.242714567265187
7Z6H,7.23347548058815
8R1A,7.891905293980171
7G95,8.264837415246252
5Q1G,8.108171648339734
7BQ2,8.00913295313611
1ZKY,8.164595773806397
4B99,8.423070637874545
5N5M,8.102528491381689
5EGV,7.407189952008414
1I0Z,7.687413400936538
3QCG,6.985660658218196
2I17,7.722732910079278
3OTF,7.666026770729152
5RKX,8.456369252098304
3RT3,8.398240827888074
1LHG,7.599663026083054
5A1I,7.482907850153667
2BZ6,8.172929082338829
8X92,7.29109423496989
1AI8,7.447680518024882
8XY7,7.455381516048832
6MH1,8.927524061147249
2PKL,8.045341101996078
6MXZ,7.373137254634131
7FVB,7.5661373679030595
5WRY,7.651775647978794
2XJC,7.647169702825375
7AQT,7.412587608789583
7FVJ,7.183621310507058
3O8X,7.636857395012863
2BIL,8.057474128777757
2RKZ,7.407978341861647
6S86,8.328955303154094
1PYN,7.475162147945013
7ZI3,7.122255299590259
8DSZ,8.233967727342453
7SZC,6.985260456313029
8D0Q,7.0421411279058335
5EXW,7.463566969559833
6IAR,8.032806575705228
4NYX,7.378606208250308
5U6J,7.728305063522766
5U2F,8.211260481669099
2BXT,7.038577682180327
3IFW,7.5998272814178645
5QD0,7.358494930190544
8OP9,7.7322823190300864
9BU7,7.837958828366285
6PSJ,7.398267514758176
1XK5,7.294539933613028
2HZQ,7.860843792978754
7KKE,8.30506615602569
7G9I,7.723035404182431
9F7W,7.685775909040745
3I25,7.463834849251508
3ZS2,7.7426079042871
8XSM,7.441736616936477
4ZNT,7.804924175440827
3V49,7.881197292504269
9ET7,8.083891402994025
6JJ5,8.040147756766345
8JCV,8.113509936614667
7MTB,7.62431281783525
8BX9,7.485049289591427
1MU8,9.200938397522489
5RJZ,7.823480893717156
3PO9,7.97354743886093
5TLV,8.42052236255177
4ZNW,7.917524390443308
5C5A,8.573526615139466
6FQT,7.926908249699859
6ITM,8.357675519107968
6QE1,8.747237976459914
5Q16,8.233529362383537
7DH3,8.205073070288693
8T5K,7.377663056061598
7ERA,7.981616691956779
6Q4A,8.854523312566975
8E8B,6.821298097105597
1CBS,7.909612639813892
7ONS,7.913025239193884
1H8D,6.691594716942801
2VSL,7.704544597126951
7O20,8.868586155047597
6AWO,7.8506464351410905
9INV,7.42331013811313
2FWZ,8.633819643888076
4JXF,7.260103595211388
9LJ5,7.932044122689574
6UKW,7.545351703757402
7ZU2,8.169609240643432
3O8T,8.873761398056327
2DOH,8.704931905446779
1A3B,8.021925650748004
6G34,7.875166133304736
1GCQ,8.233439255013039
3KDT,7.914796331225702
4N3B,7.455282917845945
7O70,8.45653063978503
2VO7,7.541070192938253
5WIJ,8.073139782736147
2RJ8,7.170746777943678
7B1Q,9.101098740401358
4FSN,7.971427044231785
4WZV,7.582418340554702
6L11,7.417839077381837
7N3R,7.3460997924916995
7AEI,8.33749815285585
8PAU,8.113341639774836
6M2B,7.58935089994646
3KA0,8.48508784891687
4V26,8.104420697274506
6C5T,8.045783890545454
6XEE,8.564349987901585
5Q0S,8.77258599139207
6NJA,7.873454982004157
1O0D,8.197204884371034
4FV1,7.32581695292044
6CJF,7.636242163029019
4XZ4,8.374117705049896
8HL7,8.47092975252496
8HCK,8.25983737304055
5AND,8.163133526480863
6TND,8.647011252286523
8BYD,8.02192220083793
6UO8,6.823231467241969
1YND,7.18473031087314
5Q12,8.907681395900152
5QQM,8.69652544338212
5ED2,8.086333189385293
2WIK,7.855418983702504
7KT3,7.603492529003634
1QKM,7.802186048675129
2RCW,8.125224130922668
4HG7,8.336519017411895
5NLK,8.127694781210161
5J3J,8.863198465334271
8AAP,6.8334522955623545
3E3E,8.242488919592287
1K22,9.35367504144592
4W8D,7.94794858509201
4O0Y,9.194842905219726
1NMQ,7.13143142325629
5W0L,7.780632961745837
4R07,7.581821103555259
8JNZ,8.055895396465756
5VD3,7.628359554823186
9BC7,7.300484401375217
5S7V,8.282838154294394
6XLO,8.852902085799332
9CGB,6.895222640492579
1FAK,7.710111474014713
3TO4,7.655197474453248
2FES,8.308083660620117
1XJD,8.374507772979229
7LU5,7.525258815189016
4RXS,8.121616657210039
7P4E,8.46070478090104
2ZO3,9.429800036209741
5AFZ,9.369836652077632
6HMC,8.110314578411497
3FD5,7.482902676652739
5Z1R,7.937639118065162
5DTV,8.088584852738084
5T1W,8.105587665249836
4ISH,8.254881080355572
7GTR,7.786616482195384
7E0G,7.983007614574484
4CTC,8.814504086693914
5DIE,7.888527952905391
4IW8,7.713369536590988
8QTH,7.1407264877444705
6ENQ,7.4556277585976325
6W44,7.35428430512924
5BO6,7.699926924163465
7LH7,7.866263969103924
8FVF,8.122558874263527
6P3D,8.886753666940894
6AF5,8.674955088491512
5I88,7.880567636495504
5DKE,8.094330318113698
7CD9,7.623211878848203
3CDS,7.322377920853393
5QE3,8.195898425215288
7SFL,7.009161307173723
7NWK,8.277455999510286
3LZ5,7.959929578572634
6UKY,7.391872507015579
6WUZ,7.891906080130289
2XKW,7.064240747562941
3X1H,7.395944825735943
6F2U,8.03465558802058
4AYT,7.939733636777223
4A4V,7.158490322071819
5HNU,7.7860815906920235
9CQC,6.824437856172533
7XYH,8.485340660048331
2IL2,8.58186296686575
8KEI,7.9216875815508585
7APO,6.921432565306035
1ERE,7.757899298711936
6SLW,8.604003087146937
5RKO,8.623297824084379
6HXF,7.962229987752066
8P71,7.724572206724494
3FEJ,7.793253629766657
3SW4,8.871314494544292
7NEL,7.970544210457549
7ERB,7.797086426356955
2ZK1,7.73053292671418
3HMP,8.935969238444004
6AFA,8.268131665985509
8V72,8.332119531878204
9IWO,8.614037303861801
5Y93,8.230173758765842
5S76,8.402460730515548
4QXR,8.446103470017071
5KPZ,6.967356061624964
7G1R,7.220647747894476
4PNZ,9.01211246072941
4RFM,8.12149592288965
3BHT,7.915898472319627
6DCU,7.453355834285162
3U6H,8.685010673631428
5O8U,8.102627218686782
1BHX,8.42583923352232
4V3E,6.974282154010916
8DV5,7.861135315494512
6YIJ,7.406404758191454
7C2Z,8.4216286059139
4TO1,7.680997582470311
2VEY,7.756011490789547
4Z6A,7.560988316422279
9GR0,7.999363978113123
6X1M,7.345287458877214
7G9B,7.89700413319103
6BTY,8.819270794221952
5S8E,8.068167803306057
5G6V,9.289238400501038
3EB1,7.815367055085088
4XVD,7.840109855162457
4BC6,7.9288969241699725
5TMS,8.443704100357493
1UZE,6.865850158527816
8JPF,7.456247524443153
8REV,7.821369818190567
5DV2,7.3393992408094135
3JYJ,6.773387381227391
4MPV,7.743286885514477
8RHG,8.014465683038914
2WF2,7.368666252381849
6IEZ,8.013260902385847
7LA9,8.249198656356233
5MQK,7.973999703415512
7UN7,7.557908608893128
8OV6,7.370339830157616
4IAA,7.615397439185781
2NRY,8.26896513092706
6OQA,8.225314423968603
6NTN,7.915567766099531
1GZY,7.348522182237751
3VEY,7.485022810726779
2A9J,7.192971830634096
5QIG,7.26767471468878
8OME,7.428744494534538
2PX6,6.824839649395765
2VGL,7.855404713802444
3L3M,9.01466996003824
6CZ1,8.207299266143512
1PKD,7.723460029216264
2QAB,7.901986086945933
7VWH,8.369766255272703
3T42,7.959929578572634
5JJM,8.045341101996078
7HB1,7.627483210546722
6IN1,8.021835463254261
7D3E,7.097051356097344
8AOY,7.237676814052511
4PP6,7.618301880392483
8SS7,9.205957583978298
9KRH,7.363647968026493
5XF1,7.337488767850902
6UX9,8.750228969862016
3LXP,8.695125219145702
7K71,8.719855827169658
5TES,7.649649433235759
8JL3,8.342124290266678
2H52,7.093515917960027
7G8P,7.716221620078607
6YMO,7.680721473640537
7ZVT,6.977677148008948
8TSB,6.95779000957987
4IU7,7.257893367032251
4LSJ,7.890735047150146
2FHI,7.6505597627725805
5DXM,8.086135174388739
5H1U,7.338943279578179
6NN4,7.393384429799475
6W2L,7.603301613965236
8UQ7,7.9740132371092685
2HRQ,7.027610249595352
5RKI,8.389680392775777
6Y6F,7.440808835797142
5TLX,8.53000465413846
3SOA,7.99722751354014
4KIK,7.994129653963062
4IVY,7.587757315021246
5LO1,8.670437054482525
3ADT,7.385510714752883
6V87,7.128559750677773
6PZP,7.3830433473024355
7AAC,8.746943295111171
2X7F,8.24366358039825
6X85,7.455686309547342
8U56,8.096082416953983
6FNC,6.513116961381167
3OQF,7.800412821314794
7OBL,7.537301976995926
3HO0,7.437446456786998
3QPV,7.263096709030165
6AFC,8.864356216923882
6YTG,8.369798011920373
2BU7,8.061115022361502
8QNH,6.854120316468392
9JD9,7.020256273870286
1BCU,8.839667806364645
3I4B,8.979066347417369
5IA4,8.149058713660803
4A9F,8.22180030054628
4W7T,8.808498724977207
8WEJ,7.777593765041872
4K33,7.883252212107289
5TMQ,7.084289242472584
5TMZ,7.923797320874028
7NFY,7.738781092547868
5QCX,8.19049593535426
5Q0V,8.68641594478976
6ZOS,7.424316895523519
6HLP,8.910257915772679
3R58,7.84160314218004
7DG4,8.701974710816701
8HHP,6.945153027676815
3GZ9,6.890267317557506
5YV9,7.406384795233933
6EIR,8.035573667763806
8X2A,8.547100092250975
5DLR,8.393944826460395
7FVO,6.718428986149462
8BY9,7.625363277626525
4Q93,7.640348075232117
3HOD,7.2053676965265945
3VZV,8.84020910761777
6WGT,8.631291103735684
6YIM,7.467773241891104
5Y1J,8.239771762219386
6TLP,8.234620116204617
6ZUU,7.325394383037395
7DPN,8.372788735680835
6V0U,7.908857977431045
3HU2,7.550770220706446
4E5W,8.30220891460859
3F8S,8.609864817135989
7FQO,7.527848809468355
7TRB,7.604448429816474
2BIK,8.064813921750668
8BDM,7.610290039823644
7JGV,8.08626149108144
3LS8,7.8959732960315865
5UR1,8.304460992400585
7NV1,7.077141717402674
5H25,8.301433850450282
1KV1,9.064256548944238
5KRO,7.940808362993762
4BJX,8.028810718437743
5DZ1,7.994994019385418
7JP3,7.7426079042871
9EWY,7.5118194699645775
5TM4,7.712351039491113
4R95,7.43266754541233
5Z8R,7.691093271665465
8DGS,7.1673498961983695
7R4P,7.378805176782957
7W7X,8.803735585085123
1AIX,7.7096121594220985
6VKQ,8.195042954405503
8IJR,7.6532163608373915
7KSJ,8.582941705150715
7FJF,7.9947907923349835
2OUZ,7.071783421992544
8VNX,7.318370756284011
5FBX,8.41353339458426
4F7J,8.72680438968502
6QCN,7.145303471005948
8J03,7.867474333777425
6DWJ,7.755336700060729
6KXX,8.552395719177113
2FKE,7.53949649011129
7MR5,8.124556377229371
5Q0W,7.5380092089285125
6CNX,7.443601298840483
5TMU,7.577576125741552
1O7S,7.608674926826657
7FIC,7.580157833627242
5S90,7.6990883262559695
7RS9,7.076529133072282
3WMH,7.555417225610278
5S8R,8.220099423832908
7UKZ,6.311388541950606
7U99,8.490209006937697
7NEZ,8.48856667291969
5AM7,8.208386403359698
7Z5X,7.664830770332567
4TQB,7.471323817308332
2VWX,8.592555910620506
6P0M,7.8445992320712215
4JVS,7.537290005246629
3GBK,7.236372306028891
4PVU,6.76083051742146
5GSA,7.628996981740551
5RJJ,8.86529224989078
6F7Q,7.4882149227052
4AGL,7.87078252304633
5LRZ,8.8516464742245
6F81,7.959929578572634
7G81,7.863925740802387
7FT0,8.22464049893579
7TD4,8.154522022951397
6VKK,8.093855983224953
4IUI,7.684945198549109
6GGN,8.59574101100457
3OWD,6.484326889080756
4MS1,7.623465191809652
2VEV,7.7065020078018485
6NQ2,7.085578987880253
6L12,8.33999404363893
6KZI,7.590764862378302
4GSS,6.837026734044532
5DKG,8.026357800792029
5SCD,7.5274634644004035
5U3V,6.794538400524659
6WI3,7.527557550934369
6L96,7.414056950338688
4XI9,7.626325867979464
4OIV,7.176100220769885
7V3S,8.696958495203628
3CST,8.575522164014268
4OFR,8.124333537722832
7U8D,8.219574885814719
3BUH,7.274744444332368
2WIG,8.437123402878825
5UVX,7.374137069456892
5UEP,8.744094236233138
5MMG,7.759274515606377
5DYX,7.9546730263439
6OPI,7.820763872454771
7CR4,8.951516801040832
7ZRB,7.8558868805183595
5F9B,8.949180937823002
7WEU,8.661480599905692
5RKQ,9.154026852905723
3V2W,7.348944442919327
2YJA,7.845412261669192
6ZCD,8.398117337766125
6DWD,8.686053967322634
5H1V,8.334431327488923
4CRL,8.42437922199947
8BDX,7.877159490030675
4AGM,7.971914363521162
1QKT,7.850197514895576
8ARW,7.162519233031541
4MGK,8.073487139091203
5EP7,8.235288915838844
3G2S,7.649730123916805
5J2X,7.666796710926522
5WUU,7.699936329577245
6MDB,8.618536244872761
7D3Y,7.357196111335215
8HLT,7.686443313643735
5MO3,7.565472405454147
8F7U,7.03787925394118
6CJH,7.886731391539754
5H85,8.182109491776185
7AVS,8.719781113892216
4Y03,7.46815768737204
4ZNU,8.588265206280898
5VO4,8.13064756646446
3JS2,8.078362896114848
6DF6,7.85417536693234
4GK2,8.219355586536258
4H3J,8.793189423043362
7BDI,6.9793273656935115
3EJ1,8.40132374427457
8ENJ,7.440796743696954
7AOS,8.44249714303654
7CQE,9.119529031634617
8DBE,7.506269452177307
2RDU,7.4035504581249
3OS9,7.335584326974883
1V1T,8.494136299762959
5JFV,8.788977503331022
7N3N,7.3771384487461935
2NO6,7.9192131841732065
7G9J,8.133428878138291
2VGF,7.416684621757673
7LM2,8.110661326341303
5VD7,7.475041244968754
8BFF,7.602424510953031
4QIM,6.905735443669161
5TN5,8.063227008244704
1W8C,7.854848290123527
6T6F,7.957770335121286
6GQQ,8.398495579160933
7DHK,8.538160324276229
8V70,8.107638798064675
7KHJ,7.921574792446012
3TNW,8.519358903158995
5Y94,8.739756469701687
6Z5B,7.732380864432064
7R62,7.789342720221832
7YAW,6.361624416992323
7XI0,8.432416304158528
7ZLP,7.342366917042767
7W0G,8.962197066190376
7FXF,7.316999986065692
7P1L,7.997321685585406
4U6Q,7.500366613079797
6MA1,7.821754592887988
2VD5,8.159138001959887
7SHP,7.517219288992746
8UH0,7.90153009546403
2G94,7.724018224941604
6Y3U,7.521599452186115
7T0Q,6.918126562235052
7KW1,8.029237003190138
6BRJ,8.317731867887332
8K6L,7.896802530081425
8BI5,7.937978234871194
5AAV,7.278124818051871
8F5X,7.428933687941582
7C7F,7.98062732355015
3ADW,8.40126942333446
7ERE,7.763341309554667
6TJM,8.232893721317279
6A5W,8.649914734371611
7OTP,7.974851532818532
1RW8,8.892929516135613
6FCJ,7.502871162518035
1XU9,7.476831791718994
7BZT,7.774576618540776
8BXQ,7.673995182341634
2BU6,7.86477724928085
4HBN,7.94729173933611
9FGC,7.87434655464015
8WGB,7.750464289399246
5QE9,8.42265115686863
5S95,8.377137009463736
8BF2,7.447569466474052
8U27,7.315545457273613
3LBK,7.812974912271607
3W33,7.447050357498963
3NPC,8.774276135457669
1UEI,8.175320232357262
1ZNJ,7.7426079042871
6X4H,8.32175003292993
4L1X,7.773702445299299
4N3C,7.336055679478255
1WUN,7.888206457293338
7BDP,9.024448220476607
5U98,7.757571221881618
3R91,8.93492127270054
6G38,7.664948609037633
9CTG,7.929537085594983
6X5P,8.988593088626548
6FNI,8.653671395395376
5YAK,7.28360154528922
6LLE,7.846654904797815
6X86,7.769787532957658
3NAY,7.437476403727325
5MPZ,8.360802630386782
7M3G,7.645254053057359
7QFO,8.204717179403756
4O7C,8.608563320024405
3EPA,8.315335326966402
3UWE,7.98062732355015
6N3Y,8.156839675499397
5TGZ,8.504598229732235
7CLH,8.738052655877029
6OLX,8.505088258237679
5TN6,7.863804420136769
2AOA,8.345311252077252
5LRQ,8.274989067543688
6NPN,8.071290070300794
6PDI,8.025467889275868
7OQG,8.415884143920243
6O67,8.043092349699906
7EM2,7.334736897463285
6AXQ,8.300297826871995
2ZMF,8.57360248930129
2PQF,7.758090357125532
4LZ1,7.824786747799268
7EM8,7.164936417147792
3RDH,7.781572769613903
5HDU,8.846826792236355
5U3Z,7.807983813597199
3PRE,8.547107963629811
4FM8,8.680334608508835
2RFS,8.300208651758666
5OKO,7.95768177342435
7G8K,8.108226674062346
7SQB,7.853096901142081
4QOF,7.21518590833967
8OFA,8.666005933789654
7AJM,8.838528330798804
1YIM,7.15167523558228
8BOX,6.9814536689229625
5Q13,8.973339681454963
4X93,7.488924191590945
2XYD,7.63818784304723
3OMM,8.295246697219106
4AZ2,8.803629951027846
3U9Q,6.906964430905146
3U11,8.339204079064526
1PXO,8.880578159522683
2QH6,8.397010531542296
7N2M,7.193676615513899
7FV8,6.9872719297206825
1T2A,7.974055189361305
3IA6,7.810142508792963
6C1B,7.778640028128078
5N5L,7.625275372963122
1UNQ,6.77648358468395
4EUT,8.599982513676698
5C27,8.316811684437813
4US0,8.394292813898847
3R8I,7.992240135490165
6IO0,7.894894265624497
7Q7L,7.987741725134886
7G97,7.955393096068262
8ADF,7.351192166258557
5MAF,7.947857252201881
7AJ7,8.345876156677685
2RDT,7.426702183738324
5RKW,8.506942789804947
8BXN,7.830098461398331
5RJV,8.301746036426723
4L8Z,7.256404445930519
7G9A,8.33910422707035
5RKV,7.608735169308155
5I8A,8.27238594453109
5BV6,7.868110323488934
4X3J,9.317209202002692
4XUD,7.522050491788637
5RKR,8.9043725974224
8FJZ,8.597263901559034
6W4C,7.378805176782957
2VJ9,8.194789210318977
6K0T,7.474334930098064
8F1Z,8.07202348505142
6OPL,8.140682066147058
7XYD,9.126079850778284
4RKA,7.58935089994646
3DHK,8.300773016895588
4HMN,7.84160314218004
5MRH,7.818661404395839
1HTI,7.0494529895052755
5TBE,8.659063511075216
7RCL,7.694825309309184
3ET3,7.335099891750764
7FX8,7.756769792651433
7SSE,8.862263803998452
8PT9,8.420808018623593
3F2N,9.4659899447288
8PTZ,8.051051445726285
5QDR,7.2849948882462225
4OLM,7.828937463755774
9CBL,7.6656002280585875
6M91,7.8934396754593905
4KLR,7.401267529553991
6G36,7.208732087733556
6EL9,8.861237512944406
6XDB,8.748240946101117
6TEC,8.67952459618287
4JKV,8.389184502323674
8C1K,6.712758792899381
5TDF,7.389135735470653
4ZMA,7.642472076200931
4JQA,8.303355177761055
8T4Y,8.075399750751016
4GV7,8.746539709082345
6R3D,7.994968417643201
7PGQ,6.837368227297368
7FXR,7.518593444805938
1A52,7.817127329324051
2Q7I,7.952581660921165
6MOM,8.973818357739468
4AS0,8.720792585663942
3EPC,7.982232906933538
3DKJ,7.127940715354192
4YJQ,8.050525662663997
6GTT,8.980448166612394
8BEM,8.767158682847999
4QIA,7.384768360558049
5S8H,8.788883132715531
8ILR,7.2954277113406025
7AJW,9.357605101274409
8GVZ,9.105381004550653
4EHZ,7.833625296406412
5UGM,8.208963167980578
5KRF,7.726323188942102
4ISF,7.071206238087958
5I2E,7.860702432982062
8JTV,7.870221521332519
4PXZ,6.553612158851081
7UGI,7.408474577917193
3LM5,8.053888073128146
7FY5,7.880410051560876
7EAT,8.641181016882511
6UBW,8.423374504872156
8GVX,6.381184235218689
4BB4,8.731918959345094
5HOY,7.878677504609457
7BJ6,7.693414950410052
6A5X,8.122077386461829
5KRJ,8.016981043185785
5Q1B,8.430240864013987
6GIN,8.718238765237825
