PDB_CODE,Predicted_Value
4CWF,8.100000381469727
6ZRC,8.100000381469727
1L5Q,7.684999942779541
5RK9,8.100000381469727
8CPH,8.100000381469727
4MGI,5.585000038146973
7ER8,6.9049999713897705
3FUR,8.100000381469727
8EYO,6.9049999713897705
5LO5,8.100000381469727
6NWK,8.100000381469727
6B1U,8.100000381469727
3NOX,8.100000381469727
4O76,5.585000038146973
7B31,8.100000381469727
5IAW,8.100000381469727
8U4W,7.684999942779541
3BGP,8.100000381469727
5TM6,8.100000381469727
5P9J,8.100000381469727
4MGA,8.100000381469727
6JOJ,8.100000381469727
7R4K,6.9049999713897705
3BF6,5.585000038146973
3U2C,6.9049999713897705
7UBO,8.100000381469727
3W3K,8.100000381469727
6YOJ,6.9049999713897705
4MG7,8.100000381469727
6I2Y,8.100000381469727
8A31,7.684999942779541
5N5N,6.9049999713897705
5NK8,8.100000381469727
6XRL,8.100000381469727
4L98,8.100000381469727
2ZIQ,8.100000381469727
3SMO,8.100000381469727
6WHA,8.100000381469727
4O75,8.100000381469727
3K65,7.684999942779541
3GWX,7.684999942779541
5RK2,8.100000381469727
9AS3,8.100000381469727
5WIN,5.585000038146973
5J7F,8.100000381469727
7R9L,8.100000381469727
2RAK,5.585000038146973
7AW3,8.100000381469727
5KRK,8.100000381469727
5TB6,8.100000381469727
6YB8,5.585000038146973
6YV4,8.100000381469727
4RC2,8.100000381469727
5DXP,8.100000381469727
2QGT,8.100000381469727
2FLB,8.100000381469727
5R8K,7.684999942779541
1AZ2,6.9049999713897705
1X7J,8.100000381469727
7VUE,8.100000381469727
2YKB,8.100000381469727
5MKR,8.100000381469727
7R9W,8.100000381469727
6PKC,8.100000381469727
7ZLR,6.9049999713897705
4D9T,8.100000381469727
6DXL,8.100000381469727
1T4U,8.100000381469727
2XQK,6.9049999713897705
7G14,7.684999942779541
5DEY,8.100000381469727
7CKF,6.9049999713897705
4OJ4,8.100000381469727
7RLF,6.9049999713897705
8DU9,7.684999942779541
5JZY,8.100000381469727
4ZN9,8.100000381469727
6A6P,8.100000381469727
8V6Y,7.684999942779541
3NOA,8.100000381469727
6NJS,6.9049999713897705
6HCY,6.9049999713897705
9CHU,8.100000381469727
4LXA,8.100000381469727
6DFM,8.100000381469727
8SS6,8.100000381469727
8EV1,5.585000038146973
4FMC,6.9049999713897705
3QCE,8.100000381469727
6DW3,5.585000038146973
6KHE,8.100000381469727
5XMX,8.100000381469727
6BMU,8.100000381469727
5S96,8.100000381469727
8GZ3,8.100000381469727
5S8Y,8.100000381469727
1NM6,8.100000381469727
4FA6,8.100000381469727
8IMX,7.684999942779541
1TOM,8.100000381469727
7RUZ,7.684999942779541
5TM5,8.100000381469727
3IMX,7.684999942779541
4XVE,6.9049999713897705
7DBK,6.9049999713897705
8TU9,6.9049999713897705
7MRC,6.9049999713897705
5TB5,7.684999942779541
3FT5,8.100000381469727
7X9D,8.100000381469727
4CIK,8.100000381469727
7FT7,8.100000381469727
5WS0,8.100000381469727
3CLD,8.100000381469727
7FV2,7.684999942779541
7M44,5.585000038146973
5MVC,8.100000381469727
4USE,8.100000381469727
4PYX,6.9049999713897705
7BGQ,8.100000381469727
3H0W,7.684999942779541
7WGP,8.100000381469727
3ELA,7.684999942779541
4C67,8.100000381469727
5VD1,8.100000381469727
5XGN,8.100000381469727
5UGB,8.100000381469727
2Y48,8.100000381469727
4EY6,7.684999942779541
4G9R,8.100000381469727
5QIE,8.100000381469727
6ZC9,7.684999942779541
7FQL,7.684999942779541
4CWN,8.100000381469727
4ODR,8.100000381469727
5RKL,8.100000381469727
7WMM,7.684999942779541
7WNV,7.684999942779541
5VD5,8.100000381469727
4NGA,8.100000381469727
4IM2,8.100000381469727
7FVE,7.684999942779541
8YP5,8.100000381469727
6TFV,8.100000381469727
3DT3,8.100000381469727
5U3U,8.100000381469727
7EVJ,8.100000381469727
3ZXT,6.9049999713897705
3ZLO,8.100000381469727
5IN5,6.9049999713897705
4BQG,8.100000381469727
1Q3F,5.585000038146973
1DWD,8.100000381469727
9JD4,7.684999942779541
3FMJ,8.100000381469727
7ZXB,5.585000038146973
4APD,7.684999942779541
8T4M,5.585000038146973
5NMM,8.100000381469727
1WOK,8.100000381469727
5L2Y,8.100000381469727
5WUK,8.100000381469727
3M4H,6.9049999713897705
6X83,8.100000381469727
1EVR,8.100000381469727
6QZR,7.684999942779541
7VNQ,8.100000381469727
7QJU,8.100000381469727
1M49,8.100000381469727
3F66,8.100000381469727
1GIH,8.100000381469727
7CBX,8.100000381469727
5QIX,8.100000381469727
7P3B,5.585000038146973
7FV1,7.684999942779541
5IZQ,8.100000381469727
8JTT,7.684999942779541
7VNR,8.100000381469727
6KXY,8.100000381469727
1T65,8.100000381469727
5HM0,8.100000381469727
6TR5,8.100000381469727
1KTS,8.100000381469727
4QFZ,6.9049999713897705
2QZO,8.100000381469727
6T2D,8.100000381469727
6SNW,7.684999942779541
2JG4,7.684999942779541
6H22,8.100000381469727
7AAZ,8.100000381469727
5Q0J,8.100000381469727
4FSM,8.100000381469727
4ODE,6.9049999713897705
7EM5,6.9049999713897705
5DRM,8.100000381469727
8U2E,7.684999942779541
8OKU,7.684999942779541
5IA3,8.100000381469727
7AVX,8.100000381469727
8J61,7.684999942779541
6TW2,8.100000381469727
5S80,8.100000381469727
5KR9,8.100000381469727
7M0K,8.100000381469727
7EZF,8.100000381469727
5Z8Z,6.9049999713897705
5UC4,8.100000381469727
5DDB,8.100000381469727
4RBL,8.100000381469727
6DHC,7.684999942779541
4ZN7,8.100000381469727
4MGD,8.100000381469727
6LG8,8.100000381469727
7M45,5.585000038146973
8P77,8.100000381469727
3CGF,8.100000381469727
3Q4T,8.100000381469727
7A2H,8.100000381469727
6TI8,8.100000381469727
7G87,7.684999942779541
7R9T,8.100000381469727
5KOT,8.100000381469727
5SCJ,6.9049999713897705
5IA0,8.100000381469727
4OAS,6.9049999713897705
4U43,8.100000381469727
4BAO,8.100000381469727
9L3T,8.100000381469727
5GTY,8.100000381469727
1ND5,6.9049999713897705
4JV9,8.100000381469727
7MIG,8.100000381469727
8P70,7.684999942779541
5TYV,5.585000038146973
8DZQ,7.684999942779541
3O64,8.100000381469727
6YLL,8.100000381469727
8A9G,7.684999942779541
5UU1,8.100000381469727
4XXS,8.100000381469727
3V9T,8.100000381469727
4XUC,8.100000381469727
2CDZ,8.100000381469727
9CHX,8.100000381469727
6O8C,8.100000381469727
7VFU,7.684999942779541
3DDQ,8.100000381469727
6S1B,8.100000381469727
3L1B,8.100000381469727
8CQL,7.684999942779541
2BAK,8.100000381469727
6I3S,8.100000381469727
5RK6,8.100000381469727
7LTT,6.9049999713897705
4LWE,8.100000381469727
3X0A,5.585000038146973
7UL3,6.9049999713897705
5JWL,7.684999942779541
8Q6G,7.684999942779541
8DUB,7.684999942779541
6YXI,8.100000381469727
6MWR,8.100000381469727
8RBC,7.684999942779541
5LS1,8.100000381469727
3DZY,8.100000381469727
6YEA,5.585000038146973
7U8V,7.684999942779541
3EAX,8.100000381469727
6X3Y,8.100000381469727
5KRC,8.100000381469727
7L9A,8.100000381469727
4FCR,8.100000381469727
6XD3,8.100000381469727
5Q0R,6.9049999713897705
4GZM,6.9049999713897705
6PNX,6.9049999713897705
4ZWE,5.585000038146973
5L30,8.100000381469727
1YXX,8.100000381469727
7QK4,8.100000381469727
8J5W,7.684999942779541
5RJU,7.684999942779541
3G6Z,8.100000381469727
8GMD,7.684999942779541
4UYA,6.9049999713897705
6JX0,8.100000381469727
7KVZ,8.100000381469727
3BEG,6.9049999713897705
8VO4,7.684999942779541
9BCV,6.9049999713897705
5FQV,8.100000381469727
2WTV,8.100000381469727
8C13,7.684999942779541
1LQ8,7.684999942779541
8QHQ,6.9049999713897705
5ED1,5.585000038146973
5TLG,8.100000381469727
6QY9,8.100000381469727
5DEU,6.9049999713897705
1AWF,7.684999942779541
4ANS,8.100000381469727
4XBM,7.684999942779541
2Q8S,8.100000381469727
3QGY,8.100000381469727
7AW0,8.100000381469727
8CSG,8.100000381469727
3QTF,8.100000381469727
5KHM,8.100000381469727
7HBL,8.100000381469727
5S7Q,8.100000381469727
6FRF,8.100000381469727
3C0G,6.9049999713897705
6I29,8.100000381469727
7KTB,6.9049999713897705
7T4V,7.684999942779541
7MDP,8.100000381469727
6VQM,8.100000381469727
8PO1,7.684999942779541
5ZYJ,8.100000381469727
4YKT,8.100000381469727
6TEZ,5.585000038146973
7M05,5.585000038146973
6N0Q,8.100000381469727
8TSA,7.684999942779541
8XB1,7.684999942779541
4OD9,8.100000381469727
5QIF,8.100000381469727
4EGI,8.100000381469727
6K3E,8.100000381469727
8J3W,8.100000381469727
6VF2,6.9049999713897705
7UL2,8.100000381469727
3HY8,8.100000381469727
5WTC,8.100000381469727
3UUC,8.100000381469727
8B34,6.9049999713897705
3QT0,8.100000381469727
3L4V,6.9049999713897705
7GTF,8.100000381469727
3TKM,8.100000381469727
3QCH,6.9049999713897705
5DZH,8.100000381469727
3QQU,8.100000381469727
8EWV,7.684999942779541
7T2X,8.100000381469727
5Q19,8.100000381469727
5TTO,8.100000381469727
7OVI,8.100000381469727
4EK5,8.100000381469727
9NC2,8.100000381469727
6CZN,8.100000381469727
2FIR,7.684999942779541
2VWZ,8.100000381469727
4SKN,5.585000038146973
6S8X,7.684999942779541
4UBA,8.100000381469727
6RL6,8.100000381469727
5HIE,8.100000381469727
1GI7,8.100000381469727
6AFI,8.100000381469727
7NM9,8.100000381469727
7X0T,6.9049999713897705
5QDQ,8.100000381469727
6A1G,8.100000381469727
5ZYG,8.100000381469727
6WK0,6.9049999713897705
2QXM,8.100000381469727
5OOR,8.100000381469727
4NR6,8.100000381469727
7R04,6.9049999713897705
4KSY,5.585000038146973
8P4Z,7.684999942779541
5YCN,8.100000381469727
3RML,6.9049999713897705
6PCW,8.100000381469727
9D5J,5.585000038146973
3C27,8.100000381469727
5FEQ,8.100000381469727
7N9G,8.100000381469727
6FIT,8.100000381469727
5PAT,8.100000381469727
4OKT,8.100000381469727
5UVU,8.100000381469727
5UG9,8.100000381469727
7MXC,8.100000381469727
7BDT,8.100000381469727
7D42,8.100000381469727
4FM7,8.100000381469727
5ULW,6.9049999713897705
4DCH,7.684999942779541
6CHW,8.100000381469727
4FKG,8.100000381469727
9JDG,7.684999942779541
4C52,8.100000381469727
7T0P,8.100000381469727
3ZEW,8.100000381469727
4Y16,7.684999942779541
5S9C,8.100000381469727
5TQF,5.585000038146973
2G1R,8.100000381469727
7ORT,8.100000381469727
7HB7,8.100000381469727
4OAV,6.9049999713897705
5ENJ,8.100000381469727
6V8B,6.9049999713897705
5YQZ,7.684999942779541
5QIY,8.100000381469727
5WNG,8.100000381469727
4YK0,8.100000381469727
4Q50,8.100000381469727
1G1Q,7.684999942779541
8FXE,7.684999942779541
7EFJ,8.100000381469727
3NUP,8.100000381469727
8R58,8.100000381469727
1WUU,7.684999942779541
7Z77,8.100000381469727
8JVI,7.684999942779541
7K6N,8.100000381469727
7LW1,8.100000381469727
3GHT,6.9049999713897705
1XQC,8.100000381469727
4QFX,6.9049999713897705
5AOM,8.100000381469727
6XDS,7.684999942779541
8EXL,8.100000381469727
3OSA,8.100000381469727
1GZZ,6.9049999713897705
7Y7Y,7.684999942779541
8CYI,7.684999942779541
2ZM3,8.100000381469727
8CD0,6.9049999713897705
7UP4,8.100000381469727
5CP9,8.100000381469727
3NC2,8.100000381469727
5NU3,8.100000381469727
8WF6,7.684999942779541
5RJT,8.100000381469727
4JVR,8.100000381469727
7AAB,8.100000381469727
2X4F,8.100000381469727
5OD7,8.100000381469727
6YWB,5.585000038146973
7REC,8.100000381469727
6CYG,8.100000381469727
1D8E,6.9049999713897705
8B4W,8.100000381469727
7N7N,8.100000381469727
7YNL,5.585000038146973
6D0F,8.100000381469727
6HEV,8.100000381469727
7SCE,6.9049999713897705
6V80,7.684999942779541
6T2F,8.100000381469727
1HE2,6.9049999713897705
7F29,7.684999942779541
9BLH,8.100000381469727
4IVW,8.100000381469727
5J7G,8.100000381469727
4J51,8.100000381469727
8PQI,7.684999942779541
5TMM,8.100000381469727
5LR1,8.100000381469727
9EK7,7.684999942779541
5UBR,8.100000381469727
7R9Z,8.100000381469727
5NDD,8.100000381469727
5ZYH,8.100000381469727
5MQE,8.100000381469727
8STH,7.684999942779541
6RJQ,8.100000381469727
3C3A,6.9049999713897705
7X3L,6.9049999713897705
9CGA,7.684999942779541
6FVG,6.9049999713897705
5EYM,8.100000381469727
3F1Q,8.100000381469727
8IRT,7.684999942779541
5MO6,8.100000381469727
4QSB,6.9049999713897705
5S9G,8.100000381469727
1HE3,6.9049999713897705
2QLU,8.100000381469727
4AQD,7.684999942779541
7FSO,8.100000381469727
7EL4,7.684999942779541
5N4U,8.100000381469727
1S2A,6.9049999713897705
4UZL,7.684999942779541
5DVV,8.100000381469727
8DUH,7.684999942779541
7M5L,8.100000381469727
4MDD,8.100000381469727
8GLI,7.684999942779541
7F7W,8.100000381469727
2P4I,8.100000381469727
7Z4V,5.585000038146973
6N7B,8.100000381469727
7M18,8.100000381469727
7WX2,8.100000381469727
4AYX,6.9049999713897705
5NOT,8.100000381469727
2FAP,8.100000381469727
7R9P,8.100000381469727
7BGC,7.684999942779541
5KAE,8.100000381469727
6HDR,8.100000381469727
9FRE,8.100000381469727
7CIL,8.100000381469727
5KTU,8.100000381469727
6A60,8.100000381469727
6UF0,8.100000381469727
9FS4,8.100000381469727
4NFN,8.100000381469727
3UUD,8.100000381469727
3OFM,8.100000381469727
2L85,8.100000381469727
3GV7,5.585000038146973
1RY8,6.9049999713897705
8FP3,7.684999942779541
6T7Q,8.100000381469727
7DUA,8.100000381469727
7Q8V,8.100000381469727
1ZGY,8.100000381469727
5W9D,8.100000381469727
4GZ6,6.9049999713897705
7EJA,8.100000381469727
7UKW,7.684999942779541
5LPK,8.100000381469727
5RJQ,8.100000381469727
6OOY,7.684999942779541
4NA9,8.100000381469727
1UOM,8.100000381469727
6DHA,8.100000381469727
5ZXI,8.100000381469727
6YID,8.100000381469727
1LHC,6.9049999713897705
6PCK,5.585000038146973
6Z59,8.100000381469727
7T4T,5.585000038146973
6WW8,8.100000381469727
8PAS,7.684999942779541
5DXK,8.100000381469727
8C1G,7.684999942779541
6TLW,8.100000381469727
5D3F,8.100000381469727
4YKZ,8.100000381469727
5ANE,8.100000381469727
8HUP,7.684999942779541
6A5Y,8.100000381469727
5A7C,7.684999942779541
7QGP,8.100000381469727
3IW6,8.100000381469727
6AAR,8.100000381469727
5DMC,8.100000381469727
3U3O,8.100000381469727
4GFG,8.100000381469727
7FVH,7.684999942779541
2V7O,8.100000381469727
6EJ3,8.100000381469727
5QFK,8.100000381469727
2OHF,5.585000038146973
2CNI,8.100000381469727
8AEU,7.684999942779541
1SJ0,8.100000381469727
6SYW,6.9049999713897705
5CEQ,8.100000381469727
8SO2,8.100000381469727
6YG5,8.100000381469727
4ZHX,8.100000381469727
4TWO,8.100000381469727
4B8W,6.9049999713897705
4AAA,5.585000038146973
6DNK,5.585000038146973
5RKM,8.100000381469727
7FTD,7.684999942779541
6NTM,7.684999942779541
5UFW,8.100000381469727
8V79,7.684999942779541
5TE1,7.684999942779541
3INW,8.100000381469727
7YNF,7.684999942779541
3BGZ,8.100000381469727
7Y0A,8.100000381469727
4AOJ,8.100000381469727
7M0A,5.585000038146973
7AK2,8.100000381469727
7FT5,7.684999942779541
4PXM,8.100000381469727
3OD0,5.585000038146973
4TO3,5.585000038146973
6LN5,6.9049999713897705
7X6I,6.9049999713897705
3FLI,8.100000381469727
6NUQ,6.9049999713897705
2YKJ,8.100000381469727
2LP8,5.585000038146973
7OY6,8.100000381469727
8X8Z,7.684999942779541
7WGQ,8.100000381469727
6TE2,8.100000381469727
4L7S,8.100000381469727
8P6V,8.100000381469727
4LXK,8.100000381469727
2E3R,7.684999942779541
5S92,8.100000381469727
4E4K,8.100000381469727
5Q0U,8.100000381469727
6CIS,8.100000381469727
7DHC,8.100000381469727
4US2,8.100000381469727
6Q3F,8.100000381469727
6UWV,8.100000381469727
1P4F,8.100000381469727
6V2E,7.684999942779541
6GVF,8.100000381469727
8G8O,7.684999942779541
5KMB,6.9049999713897705
5QIC,8.100000381469727
9BGH,7.684999942779541
6PJJ,8.100000381469727
4QPL,5.585000038146973
8AXZ,5.585000038146973
7GS7,8.100000381469727
5J1X,7.684999942779541
2XVD,6.9049999713897705
8HDP,8.100000381469727
7FH2,8.100000381469727
2XE7,6.9049999713897705
2EVA,8.100000381469727
4FZF,5.585000038146973
6AFL,8.100000381469727
2VJ7,8.100000381469727
7B87,8.100000381469727
7MFC,8.100000381469727
9CJ4,8.100000381469727
2PIU,8.100000381469727
3MQL,7.684999942779541
8XV9,8.100000381469727
4B0O,7.684999942779541
7BCM,6.9049999713897705
7SSM,8.100000381469727
1G32,8.100000381469727
7M2O,8.100000381469727
7W9M,8.100000381469727
5BNW,6.9049999713897705
2WAL,7.684999942779541
4MGY,5.585000038146973
7KSK,8.100000381469727
7B35,8.100000381469727
8ARX,7.684999942779541
4YJP,6.9049999713897705
3U3K,5.585000038146973
3V4A,8.100000381469727
4QOC,6.9049999713897705
4XUS,6.9049999713897705
9DUQ,6.9049999713897705
8T1B,7.684999942779541
5USS,8.100000381469727
8C44,6.9049999713897705
8R9U,6.9049999713897705
3SXS,8.100000381469727
1JVQ,7.684999942779541
5FE0,7.684999942779541
8FKO,7.684999942779541
6RA5,8.100000381469727
6FNK,8.100000381469727
5Q0N,8.100000381469727
5RKS,8.100000381469727
5J6N,8.100000381469727
7G86,7.684999942779541
7Z5N,8.100000381469727
5SWP,7.684999942779541
7JYT,8.100000381469727
6I6R,7.684999942779541
3KMG,8.100000381469727
3ONC,6.9049999713897705
8AAI,7.684999942779541
7OPG,8.100000381469727
6DLZ,5.585000038146973
7RN6,8.100000381469727
3R7M,6.9049999713897705
4QIN,8.100000381469727
9CFI,7.684999942779541
8UTB,7.684999942779541
8P04,7.684999942779541
5XR9,8.100000381469727
5P9M,8.100000381469727
3FEP,8.100000381469727
5VD2,8.100000381469727
7BA7,8.100000381469727
5TMV,8.100000381469727
3VJH,8.100000381469727
6GWE,8.100000381469727
3ORX,8.100000381469727
5KRI,8.100000381469727
8UWL,8.100000381469727
7NXJ,8.100000381469727
7RS3,8.100000381469727
7NA4,8.100000381469727
5ZJW,8.100000381469727
7KXQ,8.100000381469727
5GRN,8.100000381469727
8B3N,6.9049999713897705
2VWY,8.100000381469727
6VIW,8.100000381469727
1G3M,5.585000038146973
2G0H,8.100000381469727
4EFT,8.100000381469727
2B1Z,8.100000381469727
7BPY,8.100000381469727
7Q9O,8.100000381469727
7ZVU,8.100000381469727
4AGQ,8.100000381469727
2RFN,8.100000381469727
7ZU1,8.100000381469727
5TLP,8.100000381469727
6D9H,8.100000381469727
4OVV,5.585000038146973
5KCC,8.100000381469727
8EQ5,8.100000381469727
8S0E,6.9049999713897705
8AHI,8.100000381469727
5RKD,8.100000381469727
3ADU,8.100000381469727
6S26,5.585000038146973
5VD9,8.100000381469727
7ZVK,5.585000038146973
4TNP,5.585000038146973
3Q3T,8.100000381469727
2B1V,8.100000381469727
4ZP5,8.100000381469727
3OSI,8.100000381469727
2G0G,8.100000381469727
8DEG,7.684999942779541
6DM1,5.585000038146973
2J7Y,8.100000381469727
6L16,8.100000381469727
7FXZ,7.684999942779541
4GBP,7.684999942779541
6Z4B,8.100000381469727
8P6Y,6.9049999713897705
4IG7,7.684999942779541
3D7T,8.100000381469727
5O12,8.100000381469727
2BBW,6.9049999713897705
1QFK,7.684999942779541
5T21,8.100000381469727
5JIZ,5.585000038146973
8HID,7.684999942779541
4LQM,8.100000381469727
1YC4,8.100000381469727
5A00,8.100000381469727
2ZMD,8.100000381469727
7G8Y,8.100000381469727
6TLL,8.100000381469727
4N4W,8.100000381469727
6IGK,7.684999942779541
7CJA,8.100000381469727
9FL8,7.684999942779541
1ZEO,8.100000381469727
7JXI,8.100000381469727
5Q0Y,8.100000381469727
6R7S,8.100000381469727
4AKJ,8.100000381469727
8R9S,7.684999942779541
5W4X,7.684999942779541
8FXN,7.684999942779541
5DS3,8.100000381469727
8DJE,7.684999942779541
6NKP,8.100000381469727
5VJA,8.100000381469727
4KKH,8.100000381469727
7WSM,8.100000381469727
5ICN,5.585000038146973
8P6W,7.684999942779541
6CHZ,8.100000381469727
2OO8,8.100000381469727
3SGP,7.684999942779541
6CQV,7.684999942779541
4FKW,6.9049999713897705
1YC1,8.100000381469727
7MII,8.100000381469727
4FAL,6.9049999713897705
5MKX,8.100000381469727
3E7C,8.100000381469727
6LTI,8.100000381469727
3CTH,8.100000381469727
1NXK,8.100000381469727
5LBZ,8.100000381469727
7ER6,6.9049999713897705
2IZR,8.100000381469727
5WZX,8.100000381469727
5XR5,8.100000381469727
2G5O,8.100000381469727
3GJW,8.100000381469727
9EVJ,6.9049999713897705
5HMK,8.100000381469727
9DME,8.100000381469727
6QY8,8.100000381469727
7C7H,6.9049999713897705
8CTG,7.684999942779541
5MJT,8.100000381469727
4QDV,8.100000381469727
3OLF,8.100000381469727
5Q17,6.9049999713897705
7NNE,7.684999942779541
7YL2,6.9049999713897705
5EHL,8.100000381469727
6CM2,5.585000038146973
3DBS,8.100000381469727
3T10,6.9049999713897705
5DN2,7.684999942779541
7O1U,8.100000381469727
6DGQ,8.100000381469727
1I7I,8.100000381469727
8AGJ,8.100000381469727
5DI7,8.100000381469727
5FQP,8.100000381469727
2A1T,8.100000381469727
5J6A,8.100000381469727
1UYI,8.100000381469727
4PFC,8.100000381469727
6NRH,8.100000381469727
5J20,8.100000381469727
4JPG,6.9049999713897705
4F7N,8.100000381469727
6XRN,8.100000381469727
6EO7,5.585000038146973
4M5S,7.684999942779541
7FSH,8.100000381469727
3HCR,7.684999942779541
2Z9Z,7.684999942779541
6ZUX,8.100000381469727
6Z8V,6.9049999713897705
3EGK,8.100000381469727
5FE3,8.100000381469727
5A1P,8.100000381469727
5EIT,8.100000381469727
8AV4,7.684999942779541
6RWU,8.100000381469727
4MRM,6.9049999713897705
3OOF,8.100000381469727
7B3V,8.100000381469727
5HQ5,8.100000381469727
4BUZ,8.100000381469727
6K0J,8.100000381469727
7A4R,8.100000381469727
8BM2,7.684999942779541
4FPA,7.684999942779541
6F0X,5.585000038146973
5NYI,8.100000381469727
4PF9,8.100000381469727
6W7G,8.100000381469727
6NQ0,6.9049999713897705
7BDH,8.100000381469727
4EY5,7.684999942779541
7FWE,7.684999942779541
2BVR,8.100000381469727
6VF6,6.9049999713897705
6PJX,8.100000381469727
5AFG,8.100000381469727
6FFG,8.100000381469727
4OK1,8.100000381469727
5DB2,7.684999942779541
2WH5,7.684999942779541
8FUP,7.684999942779541
5N84,8.100000381469727
4PZT,6.9049999713897705
7UJF,8.100000381469727
7JQG,8.100000381469727
7FY6,7.684999942779541
4NH8,8.100000381469727
5HZC,8.100000381469727
3TY0,8.100000381469727
6TEW,8.100000381469727
6RSD,8.100000381469727
6DUV,8.100000381469727
4X8V,8.100000381469727
5S7A,8.100000381469727
7RLC,6.9049999713897705
7RLH,6.9049999713897705
7XH6,8.100000381469727
5TMK,8.100000381469727
7DHH,8.100000381469727
7P2L,8.100000381469727
6F82,6.9049999713897705
7ERK,8.100000381469727
8WZH,6.9049999713897705
2UVX,8.100000381469727
9B83,6.9049999713897705
5KD9,8.100000381469727
8JP1,6.9049999713897705
3FXV,8.100000381469727
1YSG,8.100000381469727
5M8M,7.684999942779541
7G8U,7.684999942779541
4FT0,8.100000381469727
4O7F,8.100000381469727
2R2M,8.100000381469727
7ERD,6.9049999713897705
6GXK,6.9049999713897705
7CMB,8.100000381469727
2FWY,8.100000381469727
7CMW,8.100000381469727
1YPK,8.100000381469727
2Z7Q,6.9049999713897705
3NR9,8.100000381469727
6Y6N,8.100000381469727
3J9F,7.684999942779541
8P08,7.684999942779541
6JMD,8.100000381469727
6Q3W,7.684999942779541
8JFK,7.684999942779541
5S8D,8.100000381469727
2E3Q,7.684999942779541
7B4B,8.100000381469727
8JF1,7.684999942779541
3RHX,8.100000381469727
6M92,8.100000381469727
7FSJ,7.684999942779541
7L9L,8.100000381469727
6A93,8.100000381469727
8P01,5.585000038146973
3TH2,7.684999942779541
5W8K,8.100000381469727
4L96,8.100000381469727
3HA8,8.100000381469727
2VX0,8.100000381469727
5H17,8.100000381469727
5UAD,8.100000381469727
7QPN,8.100000381469727
6VGG,7.684999942779541
4QO4,8.100000381469727
7G0V,7.684999942779541
8V6Z,7.684999942779541
4ID7,8.100000381469727
7FVG,7.684999942779541
6YVM,6.9049999713897705
7FUW,7.684999942779541
6FYO,8.100000381469727
2WQO,8.100000381469727
3L4T,6.9049999713897705
5WRQ,8.100000381469727
1XP6,8.100000381469727
5S99,8.100000381469727
5A1G,5.585000038146973
7FSN,7.684999942779541
3P2B,8.100000381469727
9AUC,8.100000381469727
7DDZ,8.100000381469727
6X28,8.100000381469727
4NR4,8.100000381469727
7AJ2,8.100000381469727
6JOI,8.100000381469727
6JUT,8.100000381469727
8Q1Z,7.684999942779541
7G94,7.684999942779541
7FSX,7.684999942779541
5I1Q,8.100000381469727
5AJZ,6.9049999713897705
5Q0Z,8.100000381469727
5AJQ,8.100000381469727
2FL5,8.100000381469727
7FZ1,7.684999942779541
7FVM,7.684999942779541
5ENN,8.100000381469727
2YEK,8.100000381469727
2FEQ,8.100000381469727
2ATH,8.100000381469727
8XU4,7.684999942779541
2XZO,6.9049999713897705
3HM1,8.100000381469727
6YVO,6.9049999713897705
7U36,8.100000381469727
5VCY,8.100000381469727
7RUY,7.684999942779541
7VRI,8.100000381469727
3VN2,8.100000381469727
6FIO,8.100000381469727
6Z2J,5.585000038146973
2WIL,7.684999942779541
6R3S,8.100000381469727
7FV5,7.684999942779541
4JS8,8.100000381469727
8ZLO,7.684999942779541
5LN2,8.100000381469727
7LEM,8.100000381469727
8B4V,8.100000381469727
4NO7,7.684999942779541
1DGG,6.9049999713897705
4DM8,8.100000381469727
6FFI,7.684999942779541
6VJD,8.100000381469727
1OSF,8.100000381469727
5RJM,8.100000381469727
1GIJ,8.100000381469727
8PT3,7.684999942779541
5WRI,5.585000038146973
3IDH,7.684999942779541
5DUE,8.100000381469727
7YAH,6.9049999713897705
7KSI,8.100000381469727
7KFN,5.585000038146973
7NIG,8.100000381469727
8C3R,7.684999942779541
7BIQ,5.585000038146973
7FV9,7.684999942779541
5SY3,8.100000381469727
4TTB,8.100000381469727
7A1Z,8.100000381469727
3UFL,8.100000381469727
5CU0,8.100000381469727
4CWO,8.100000381469727
4MG9,8.100000381469727
3H3T,8.100000381469727
7EPB,7.684999942779541
6SNY,6.9049999713897705
6T6B,6.9049999713897705
7A5B,8.100000381469727
1LD8,7.684999942779541
6AY5,8.100000381469727
7SFO,8.100000381469727
6TNB,8.100000381469727
6V5N,8.100000381469727
7TYX,8.100000381469727
2VV4,7.684999942779541
6W1D,7.684999942779541
1AHT,8.100000381469727
7MIF,8.100000381469727
8CQE,7.684999942779541
3GUB,8.100000381469727
6UL0,8.100000381469727
3A61,8.100000381469727
4EY7,7.684999942779541
2QL6,5.585000038146973
6AAM,8.100000381469727
8UCB,7.684999942779541
3EQP,8.100000381469727
1TF0,7.684999942779541
6UKZ,8.100000381469727
7K2U,8.100000381469727
7URF,6.9049999713897705
4KLN,6.9049999713897705
3LDP,8.100000381469727
6EQP,7.684999942779541
3DEK,8.100000381469727
4F6W,8.100000381469727
5ZYI,8.100000381469727
4XUH,8.100000381469727
8T1D,7.684999942779541
3UQW,6.9049999713897705
5UY6,8.100000381469727
7SIN,8.100000381469727
8TU3,7.684999942779541
5KKN,8.100000381469727
7EM1,6.9049999713897705
7NPG,8.100000381469727
8HV2,7.684999942779541
1IHI,6.9049999713897705
2M9R,8.100000381469727
2I4P,8.100000381469727
7EHY,8.100000381469727
7QDN,6.9049999713897705
6LTK,8.100000381469727
7EVY,8.100000381469727
6YOV,7.684999942779541
4AGU,8.100000381469727
5MAI,8.100000381469727
6Y4Q,8.100000381469727
1DVS,8.100000381469727
7F1Z,8.100000381469727
6VNE,8.100000381469727
6CWA,6.9049999713897705
8G2E,7.684999942779541
7LF9,7.684999942779541
3HMO,8.100000381469727
7Z5W,8.100000381469727
8GVJ,7.684999942779541
7XIJ,8.100000381469727
2IZU,8.100000381469727
1DVA,7.684999942779541
6X3U,7.684999942779541
4PUW,8.100000381469727
8BJU,7.684999942779541
5JUY,6.9049999713897705
7DJO,8.100000381469727
6NRJ,8.100000381469727
6JLR,8.100000381469727
3KJN,8.100000381469727
7KT7,6.9049999713897705
5EBZ,5.585000038146973
4F9Y,8.100000381469727
5XDO,7.684999942779541
8QSE,6.9049999713897705
3APD,8.100000381469727
5VD0,8.100000381469727
6TN9,8.100000381469727
6PAY,7.684999942779541
3NTP,6.9049999713897705
7CP4,8.100000381469727
7R7R,8.100000381469727
8FCB,6.9049999713897705
1C1U,8.100000381469727
4PWL,8.100000381469727
9C55,8.100000381469727
1XJ7,8.100000381469727
7G8N,7.684999942779541
5JCO,6.9049999713897705
6A5Z,8.100000381469727
4RH7,6.9049999713897705
2VX1,8.100000381469727
5SAW,8.100000381469727
8BQ4,5.585000038146973
5MPK,8.100000381469727
5I3X,8.100000381469727
5ISO,8.100000381469727
6S75,8.100000381469727
5DWJ,8.100000381469727
4WMU,7.684999942779541
5AA9,8.100000381469727
2QZK,8.100000381469727
3QGW,8.100000381469727
6D20,8.100000381469727
8C0C,7.684999942779541
6TN8,7.684999942779541
5FXQ,8.100000381469727
6VKO,8.100000381469727
4CMO,8.100000381469727
5RJO,8.100000381469727
5LAX,7.684999942779541
6Q4G,8.100000381469727
3UU7,8.100000381469727
4BZB,5.585000038146973
5L2S,8.100000381469727
3GCS,8.100000381469727
6JF0,8.100000381469727
2XMY,8.100000381469727
7SUG,8.100000381469727
8UUD,7.684999942779541
2CLQ,8.100000381469727
3B1M,8.100000381469727
3KVL,8.100000381469727
5FBQ,8.100000381469727
4EUU,8.100000381469727
7AJY,8.100000381469727
7CP3,8.100000381469727
2JH5,5.585000038146973
3BFX,5.585000038146973
6HK6,8.100000381469727
3RGF,8.100000381469727
1FKJ,8.100000381469727
6ZRD,8.100000381469727
1Y8Y,5.585000038146973
6BKU,8.100000381469727
5XFJ,8.100000381469727
1X98,6.9049999713897705
5K75,8.100000381469727
3QIC,7.684999942779541
3HG5,7.684999942779541
4NEJ,8.100000381469727
2A98,5.585000038146973
8HNN,7.684999942779541
3H0V,7.684999942779541
9BRE,7.684999942779541
9ET2,7.684999942779541
4CRS,6.9049999713897705
5O9H,8.100000381469727
7K1F,8.100000381469727
8FY1,6.9049999713897705
5CEP,8.100000381469727
6ZZ1,8.100000381469727
7JHD,8.100000381469727
4CWS,8.100000381469727
8UBW,8.100000381469727
5TOL,8.100000381469727
7Z61,8.100000381469727
5KZ0,8.100000381469727
3SHE,8.100000381469727
6KZD,8.100000381469727
6CJE,8.100000381469727
7G8O,8.100000381469727
7YL1,7.684999942779541
8FKF,7.684999942779541
1B0F,7.684999942779541
3WQ9,8.100000381469727
3DCU,8.100000381469727
2Y1Y,7.684999942779541
4XO6,6.9049999713897705
6Z57,8.100000381469727
7VCU,6.9049999713897705
2R3M,8.100000381469727
5AK0,6.9049999713897705
8BXS,7.684999942779541
7E5F,8.100000381469727
8ADM,7.684999942779541
8BZD,7.684999942779541
8PTX,8.100000381469727
5DZ0,8.100000381469727
8BW4,8.100000381469727
6FD4,6.9049999713897705
6FMK,8.100000381469727
8FKD,7.684999942779541
3LMP,8.100000381469727
8S0C,5.585000038146973
7TVA,6.9049999713897705
8UBY,8.100000381469727
7VCT,6.9049999713897705
3G6X,6.9049999713897705
6VQL,8.100000381469727
8RCE,7.684999942779541
6FNB,8.100000381469727
3MNR,8.100000381469727
6N3N,8.100000381469727
2WF3,8.100000381469727
4G1W,8.100000381469727
8PUY,7.684999942779541
5BT3,8.100000381469727
4IV4,8.100000381469727
7Y28,7.684999942779541
3TX7,6.9049999713897705
8W42,8.100000381469727
8PQL,7.684999942779541
7ERC,6.9049999713897705
8IO0,5.585000038146973
5TLT,8.100000381469727
7AW2,8.100000381469727
3IN3,8.100000381469727
8SS3,5.585000038146973
2H9T,5.585000038146973
8V6X,7.684999942779541
5N4X,8.100000381469727
3H67,7.684999942779541
5DK9,8.100000381469727
5LO6,8.100000381469727
5MAG,8.100000381469727
7NZN,8.100000381469727
2YJC,5.585000038146973
2Q11,8.100000381469727
8X2L,8.100000381469727
4USF,8.100000381469727
4O7A,8.100000381469727
4RC3,8.100000381469727
9BPY,6.9049999713897705
3HCO,7.684999942779541
4ZXY,8.100000381469727
1W2K,8.100000381469727
7AM9,6.9049999713897705
6B99,8.100000381469727
8T45,6.9049999713897705
7R7K,8.100000381469727
7TVB,6.9049999713897705
5FA6,8.100000381469727
5T4F,8.100000381469727
4D2M,7.684999942779541
6BHV,6.9049999713897705
5IGL,8.100000381469727
5VD8,8.100000381469727
5S8L,8.100000381469727
6UYA,8.100000381469727
5TNB,8.100000381469727
1W0Y,8.100000381469727
6XXJ,6.9049999713897705
7K7O,8.100000381469727
4EQ1,7.684999942779541
6OP0,8.100000381469727
7G0P,6.9049999713897705
5HF9,7.684999942779541
8RBB,7.684999942779541
8EV2,8.100000381469727
4OKW,8.100000381469727
3ET1,8.100000381469727
3HZ5,8.100000381469727
9B4L,7.684999942779541
4I5C,8.100000381469727
5S8N,8.100000381469727
6SQM,8.100000381469727
5U46,7.684999942779541
8C1Y,6.9049999713897705
3P70,8.100000381469727
7VWG,7.684999942779541
5S7L,8.100000381469727
5LAV,8.100000381469727
4DQM,8.100000381469727
1OZ1,8.100000381469727
4QXP,8.100000381469727
5AV3,8.100000381469727
7E2G,8.100000381469727
7NMW,8.100000381469727
4TNX,6.9049999713897705
5ICK,8.100000381469727
2WA3,8.100000381469727
5RK7,7.684999942779541
5F5Z,5.585000038146973
3FLY,8.100000381469727
5VCZ,8.100000381469727
5U42,7.684999942779541
5S8G,8.100000381469727
5TN8,8.100000381469727
6LO2,8.100000381469727
8P45,5.585000038146973
7RY1,8.100000381469727
2QR9,8.100000381469727
8AGI,8.100000381469727
3SOC,8.100000381469727
2VSR,7.684999942779541
8DUS,7.684999942779541
8PQH,7.684999942779541
8BYG,7.684999942779541
6IZN,8.100000381469727
6SIN,8.100000381469727
4U9A,8.100000381469727
2AH9,5.585000038146973
7BGR,8.100000381469727
1XP9,8.100000381469727
4Q6R,7.684999942779541
8STE,6.9049999713897705
7Y1G,8.100000381469727
4FC7,6.9049999713897705
5AOL,8.100000381469727
3EQR,8.100000381469727
5CA7,5.585000038146973
3VRJ,8.100000381469727
6EO9,8.100000381469727
7FV0,7.684999942779541
7UP8,8.100000381469727
4G55,7.684999942779541
7FHS,8.100000381469727
5TLU,8.100000381469727
6ELP,8.100000381469727
8PBO,7.684999942779541
6KAY,8.100000381469727
6HR2,8.100000381469727
5DU5,8.100000381469727
3G9E,8.100000381469727
5KZ8,8.100000381469727
7RV0,7.684999942779541
6THX,8.100000381469727
3L4Z,6.9049999713897705
3LBL,8.100000381469727
4FT5,8.100000381469727
9FFC,6.9049999713897705
2HWR,8.100000381469727
7VSG,6.9049999713897705
4M15,8.100000381469727
5EMK,8.100000381469727
7K6M,8.100000381469727
2PIW,8.100000381469727
6QTG,8.100000381469727
4MG8,8.100000381469727
3VS2,8.100000381469727
5U6P,5.585000038146973
8R4Q,8.100000381469727
7OAJ,8.100000381469727
3L4Y,6.9049999713897705
5XFF,8.100000381469727
6QGJ,8.100000381469727
7G0Q,7.684999942779541
8GUA,8.100000381469727
6KTN,8.100000381469727
7G1L,7.684999942779541
5J82,8.100000381469727
7ZI0,8.100000381469727
6XBL,8.100000381469727
8EDW,7.684999942779541
3OKH,8.100000381469727
6OSP,8.100000381469727
4OGT,6.9049999713897705
6UQF,5.585000038146973
6CCF,6.9049999713897705
5LJJ,8.100000381469727
8BZP,7.684999942779541
2VJ0,8.100000381469727
9CHV,8.100000381469727
7ULJ,8.100000381469727
8G1F,6.9049999713897705
5KMC,6.9049999713897705
8ONE,6.9049999713897705
4YT7,8.100000381469727
8TWY,7.684999942779541
3H3S,8.100000381469727
8QCD,8.100000381469727
1YPJ,8.100000381469727
3DDS,7.684999942779541
2HWQ,8.100000381469727
6MS7,8.100000381469727
9IOL,5.585000038146973
8F0J,7.684999942779541
6F08,7.684999942779541
5U5T,8.100000381469727
6FIQ,8.100000381469727
4L91,8.100000381469727
3UUA,8.100000381469727
7AOA,5.585000038146973
6FQO,8.100000381469727
3C39,6.9049999713897705
3HLL,8.100000381469727
5ZQM,6.9049999713897705
3C5N,5.585000038146973
6SQ0,8.100000381469727
7FZP,7.684999942779541
7LGS,8.100000381469727
4PYP,7.684999942779541
4W8E,8.100000381469727
5RJL,8.100000381469727
8PPC,5.585000038146973
1QZU,8.100000381469727
3P7Z,6.9049999713897705
6T41,8.100000381469727
5UEW,8.100000381469727
1W9Q,8.100000381469727
2NZL,8.100000381469727
4B0P,7.684999942779541
4K7A,8.100000381469727
7RS8,8.100000381469727
3UP2,8.100000381469727
1R5K,8.100000381469727
4PMS,8.100000381469727
5RKG,8.100000381469727
4WGI,7.684999942779541
5SAY,8.100000381469727
3W16,8.100000381469727
4JGD,8.100000381469727
7PW7,5.585000038146973
7BEP,7.684999942779541
1PY2,8.100000381469727
7FUV,7.684999942779541
9F7X,8.100000381469727
2IWI,7.684999942779541
8V8I,7.684999942779541
8T50,5.585000038146973
5SB1,8.100000381469727
9B0U,7.684999942779541
7LEL,8.100000381469727
1GWX,8.100000381469727
4AFQ,7.684999942779541
8R4O,7.684999942779541
8X7O,7.684999942779541
7N3U,8.100000381469727
5Q0T,8.100000381469727
8EFG,5.585000038146973
5I73,8.100000381469727
4OQ3,8.100000381469727
2POB,8.100000381469727
3FSF,8.100000381469727
1FFM,7.684999942779541
3QE2,8.100000381469727
5CRM,6.9049999713897705
6FQU,8.100000381469727
7D73,6.9049999713897705
2FO0,8.100000381469727
5FE1,8.100000381469727
4R06,6.9049999713897705
3NSH,8.100000381469727
7G0T,7.684999942779541
3MJW,8.100000381469727
8D96,5.585000038146973
8X7G,7.684999942779541
7KP9,8.100000381469727
6YIK,8.100000381469727
5DZ3,8.100000381469727
8C2Z,7.684999942779541
6VPF,8.100000381469727
7FWH,7.684999942779541
5QDP,8.100000381469727
5O3H,8.100000381469727
5DWR,8.100000381469727
4ZFI,8.100000381469727
6V8T,8.100000381469727
4TNQ,5.585000038146973
5WMA,8.100000381469727
7U77,6.9049999713897705
6D09,8.100000381469727
8QJS,7.684999942779541
7BIR,8.100000381469727
7SUF,8.100000381469727
5U5K,8.100000381469727
2F57,8.100000381469727
5KRH,8.100000381469727
2R6Y,8.100000381469727
4NR5,8.100000381469727
8QXJ,5.585000038146973
7RR9,7.684999942779541
3VJI,8.100000381469727
2YJ2,5.585000038146973
6Z56,8.100000381469727
3EIO,8.100000381469727
4QE8,8.100000381469727
4J7X,6.9049999713897705
9LVX,7.684999942779541
9EE8,8.100000381469727
4LWF,8.100000381469727
7RS0,8.100000381469727
6K42,8.100000381469727
5RJR,6.9049999713897705
3RUL,7.684999942779541
5VXO,6.9049999713897705
5Y9M,8.100000381469727
2XP5,7.684999942779541
4X4S,6.9049999713897705
7NA1,8.100000381469727
7AAX,8.100000381469727
6U5L,8.100000381469727
7JIU,8.100000381469727
7VQG,7.684999942779541
7G98,7.684999942779541
6EZA,8.100000381469727
8G0L,6.9049999713897705
7G9D,8.100000381469727
8OW2,7.684999942779541
7LD3,8.100000381469727
9FAW,7.684999942779541
5XRD,8.100000381469727
3L4X,6.9049999713897705
5TML,8.100000381469727
3SI8,5.585000038146973
4JQ3,8.100000381469727
7C05,8.100000381469727
6DM0,5.585000038146973
7OBT,8.100000381469727
2CHZ,8.100000381469727
3KW5,7.684999942779541
1TN6,7.684999942779541
7E7O,6.9049999713897705
5WKI,7.684999942779541
7RA0,8.100000381469727
1M4A,8.100000381469727
2Q5G,8.100000381469727
2C47,8.100000381469727
8TXZ,8.100000381469727
5IEY,5.585000038146973
8JVJ,7.684999942779541
5QF3,8.100000381469727
2JFA,8.100000381469727
6MHD,8.100000381469727
3SP9,8.100000381469727
5Z58,5.585000038146973
4DMA,8.100000381469727
5RJN,8.100000381469727
4L6S,8.100000381469727
3LZ3,6.9049999713897705
5J0D,8.100000381469727
2I16,6.9049999713897705
2HW7,8.100000381469727
6DFO,8.100000381469727
6YKY,8.100000381469727
6PT3,8.100000381469727
3KEH,7.684999942779541
3JY0,8.100000381469727
2VV0,7.684999942779541
4R3M,8.100000381469727
1E3G,8.100000381469727
2I7N,6.9049999713897705
5EMN,8.100000381469727
4TWN,8.100000381469727
5UCJ,8.100000381469727
1XQ3,8.100000381469727
7G1H,7.684999942779541
5O5R,7.684999942779541
7OVL,8.100000381469727
7NTC,8.100000381469727
7G1K,7.684999942779541
4RXP,5.585000038146973
6FH5,8.100000381469727
5TLO,8.100000381469727
6S24,7.684999942779541
3TJP,8.100000381469727
5OMG,8.100000381469727
3K8S,5.585000038146973
5RKU,8.100000381469727
7LFN,7.684999942779541
7JNI,7.684999942779541
6MA5,8.100000381469727
5BQQ,8.100000381469727
6X7U,8.100000381469727
5VWZ,7.684999942779541
5QQK,8.100000381469727
2XYH,7.684999942779541
7ZKL,7.684999942779541
4FKT,8.100000381469727
8TFA,5.585000038146973
2Z9Y,7.684999942779541
7EZP,6.9049999713897705
5M4M,8.100000381469727
4Z07,5.585000038146973
6ZOR,8.100000381469727
6T3B,8.100000381469727
6SQU,8.100000381469727
5KCW,8.100000381469727
7FRO,8.100000381469727
3AHR,8.100000381469727
2OMI,8.100000381469727
1R5L,8.100000381469727
7XNG,8.100000381469727
7G8C,7.684999942779541
2G44,8.100000381469727
6IGL,8.100000381469727
3EKO,8.100000381469727
3H52,8.100000381469727
6TES,6.9049999713897705
2Q6R,8.100000381469727
5TM7,8.100000381469727
3OSW,8.100000381469727
4A9C,8.100000381469727
4FTI,8.100000381469727
6UEL,8.100000381469727
3GHR,6.9049999713897705
5AIK,8.100000381469727
8TBT,6.9049999713897705
4ERF,8.100000381469727
3QFB,8.100000381469727
6LR9,8.100000381469727
5TWO,8.100000381469727
3F9M,7.684999942779541
3OXT,8.100000381469727
7KVX,8.100000381469727
3WE8,8.100000381469727
5DBM,8.100000381469727
5AQY,8.100000381469727
8YH2,8.100000381469727
6ETJ,6.9049999713897705
8JN8,7.684999942779541
2YJ9,5.585000038146973
7DBJ,6.9049999713897705
8XB3,7.684999942779541
5FE5,8.100000381469727
9FPX,8.100000381469727
5FE2,8.100000381469727
5N67,8.100000381469727
4O6L,8.100000381469727
4QXO,8.100000381469727
5GTR,8.100000381469727
7FX9,7.684999942779541
7W9P,8.100000381469727
7G8S,7.684999942779541
6SGH,8.100000381469727
8QNI,7.684999942779541
7ZI2,6.9049999713897705
6I7K,6.9049999713897705
8BOG,7.684999942779541
2Q5P,8.100000381469727
4BF2,8.100000381469727
7F3G,8.100000381469727
7C2V,8.100000381469727
7WSN,8.100000381469727
2QFO,8.100000381469727
6U9B,8.100000381469727
3WE3,7.684999942779541
2Q59,8.100000381469727
5QFU,5.585000038146973
7G9E,7.684999942779541
6VRE,8.100000381469727
8HE7,7.684999942779541
1T49,8.100000381469727
2ZZU,7.684999942779541
2E3P,7.684999942779541
7FSW,7.684999942779541
2A2X,8.100000381469727
5CR7,8.100000381469727
7P3V,8.100000381469727
7A4S,8.100000381469727
2FLR,8.100000381469727
8CPI,8.100000381469727
6CK3,8.100000381469727
7ZLO,6.9049999713897705
8EVA,5.585000038146973
2Z8C,8.100000381469727
1GJ9,8.100000381469727
2HFP,8.100000381469727
8P76,7.684999942779541
4DZ5,6.9049999713897705
6FNJ,8.100000381469727
8W4A,7.684999942779541
6ZV8,8.100000381469727
7YXN,8.100000381469727
5H8X,8.100000381469727
7WLL,8.100000381469727
5S8K,8.100000381469727
9EE9,8.100000381469727
7KX8,8.100000381469727
3NCL,8.100000381469727
5TAR,7.684999942779541
2HRR,7.684999942779541
5J64,8.100000381469727
5K72,8.100000381469727
5KCU,8.100000381469727
7REM,5.585000038146973
7SZQ,7.684999942779541
7OXB,8.100000381469727
7WMQ,8.100000381469727
8CNO,6.9049999713897705
6SZM,8.100000381469727
6NCG,8.100000381469727
5TLD,8.100000381469727
5VBR,8.100000381469727
2V0Z,8.100000381469727
7EM6,6.9049999713897705
4IV2,8.100000381469727
7L26,8.100000381469727
7VCX,6.9049999713897705
5J27,8.100000381469727
4ISG,7.684999942779541
3CSF,7.684999942779541
5U28,8.100000381469727
8V8U,8.100000381469727
7UDP,7.684999942779541
7G8H,7.684999942779541
7AKA,8.100000381469727
5K5E,8.100000381469727
7JY4,8.100000381469727
5AQF,8.100000381469727
7AYI,8.100000381469727
1H02,5.585000038146973
6ITT,8.100000381469727
7FT6,5.585000038146973
5AQX,8.100000381469727
1BYG,8.100000381469727
7U2Z,8.100000381469727
5UKF,5.585000038146973
1Z57,8.100000381469727
5QQN,8.100000381469727
5S8S,8.100000381469727
1XP1,8.100000381469727
3VHC,8.100000381469727
8BDO,7.684999942779541
4OBA,6.9049999713897705
7A1Y,8.100000381469727
7RYN,6.9049999713897705
5MWB,7.684999942779541
1US0,6.9049999713897705
8C3Q,8.100000381469727
2Q70,8.100000381469727
6I3Y,7.684999942779541
3PG7,6.9049999713897705
1GMO,5.585000038146973
2J9H,7.684999942779541
2G56,7.684999942779541
7Y8G,5.585000038146973
5U44,7.684999942779541
8FHF,7.684999942779541
9FAQ,6.9049999713897705
1HKC,7.684999942779541
3LEP,6.9049999713897705
6ICZ,5.585000038146973
7NA2,8.100000381469727
1WVY,8.100000381469727
2BUB,8.100000381469727
5TN1,8.100000381469727
7ORF,8.100000381469727
4YJR,8.100000381469727
8PU0,6.9049999713897705
7NRL,8.100000381469727
1BMM,6.9049999713897705
3H1V,7.684999942779541
6XXK,7.684999942779541
8W5C,7.684999942779541
3R94,6.9049999713897705
5RK5,8.100000381469727
5W8H,8.100000381469727
1O86,8.100000381469727
6S73,8.100000381469727
5EQY,8.100000381469727
5T4S,7.684999942779541
1LK6,7.684999942779541
7T47,8.100000381469727
5U41,8.100000381469727
6SCM,8.100000381469727
6ELO,8.100000381469727
6IL3,8.100000381469727
6YQZ,8.100000381469727
7FYO,7.684999942779541
3VJM,8.100000381469727
6WM2,7.684999942779541
8JU6,7.684999942779541
8PTY,8.100000381469727
5O2B,8.100000381469727
6NEC,8.100000381469727
6TFY,8.100000381469727
5FQS,8.100000381469727
6PET,8.100000381469727
8AQ1,7.684999942779541
7L9P,5.585000038146973
8FV4,7.684999942779541
1YET,8.100000381469727
6WOK,8.100000381469727
3SKF,8.100000381469727
3MTL,8.100000381469727
6KEG,8.100000381469727
8S99,7.684999942779541
8FC8,6.9049999713897705
6O68,8.100000381469727
5DLX,8.100000381469727
1DWC,8.100000381469727
5LSG,7.684999942779541
3R2F,8.100000381469727
7OVM,8.100000381469727
5L2Z,8.100000381469727
3OKI,8.100000381469727
7XLQ,8.100000381469727
5VEF,5.585000038146973
1DAN,7.684999942779541
8C8C,7.684999942779541
4CWR,8.100000381469727
6TTP,8.100000381469727
4JVE,8.100000381469727
8TYV,5.585000038146973
4ZYC,8.100000381469727
5TLM,8.100000381469727
4D9U,8.100000381469727
7B5O,8.100000381469727
5VED,8.100000381469727
4AGO,8.100000381469727
6ZGO,8.100000381469727
3O8U,8.100000381469727
5U3Q,8.100000381469727
2ZB2,7.684999942779541
4HEE,8.100000381469727
6HVJ,8.100000381469727
8QYT,8.100000381469727
6N0M,7.684999942779541
5Q1E,8.100000381469727
8JU5,6.9049999713897705
1XPC,8.100000381469727
5RJX,5.585000038146973
5C9C,8.100000381469727
1UEJ,8.100000381469727
2ZNP,7.684999942779541
7CMU,8.100000381469727
7RS1,8.100000381469727
3PE2,8.100000381469727
2F9N,7.684999942779541
5XSR,8.100000381469727
5SC9,6.9049999713897705
2ZNQ,7.684999942779541
2QXS,8.100000381469727
5LVR,8.100000381469727
6WJ3,5.585000038146973
7Y7W,7.684999942779541
8UW9,7.684999942779541
3DZI,8.100000381469727
3DM6,8.100000381469727
4X2J,8.100000381469727
6UAB,7.684999942779541
7MCE,8.100000381469727
7S1N,8.100000381469727
7MGZ,6.9049999713897705
7G1G,7.684999942779541
8RPS,6.9049999713897705
5KRA,8.100000381469727
5Q11,8.100000381469727
5Q10,8.100000381469727
8U5Q,8.100000381469727
4UJ1,8.100000381469727
7FWK,8.100000381469727
3W10,8.100000381469727
6KO5,8.100000381469727
5WVE,6.9049999713897705
7OQU,8.100000381469727
4UAL,8.100000381469727
9N0X,6.9049999713897705
3FEC,6.9049999713897705
7KTI,6.9049999713897705
7WET,7.684999942779541
7DFP,8.100000381469727
6EL7,8.100000381469727
5O38,7.684999942779541
6EIS,8.100000381469727
5OS7,8.100000381469727
7KP8,8.100000381469727
3FMN,8.100000381469727
8RH8,7.684999942779541
5RJY,8.100000381469727
7MLK,8.100000381469727
5DID,8.100000381469727
5C1B,6.9049999713897705
7DL6,8.100000381469727
4IW6,8.100000381469727
6FDY,8.100000381469727
6FNM,8.100000381469727
7N9O,8.100000381469727
1X7E,8.100000381469727
8F0Q,6.9049999713897705
8P7L,7.684999942779541
2AWH,7.684999942779541
8S5W,8.100000381469727
5QIT,8.100000381469727
3ML9,8.100000381469727
7G9H,7.684999942779541
4C59,8.100000381469727
7A53,8.100000381469727
7SX4,6.9049999713897705
5U3Y,7.684999942779541
8FLK,5.585000038146973
7S84,8.100000381469727
6UKU,8.100000381469727
7FVI,7.684999942779541
7UAD,6.9049999713897705
6MHB,8.100000381469727
2Z7S,8.100000381469727
6EKJ,6.9049999713897705
4R6E,8.100000381469727
5YVB,8.100000381469727
6YTD,8.100000381469727
3TH3,7.684999942779541
4O0X,8.100000381469727
3FXI,7.684999942779541
2YGQ,5.585000038146973
1PXH,6.9049999713897705
7OPW,8.100000381469727
5RKB,8.100000381469727
4JQL,8.100000381469727
8T8M,8.100000381469727
6EIV,8.100000381469727
6TSZ,6.9049999713897705
7Q8W,8.100000381469727
5R8I,8.100000381469727
8X7L,5.585000038146973
6EYA,8.100000381469727
7XM7,8.100000381469727
8W9B,7.684999942779541
2REW,7.684999942779541
5EQP,8.100000381469727
4QSA,6.9049999713897705
8AGL,8.100000381469727
2YI1,6.9049999713897705
4YKU,8.100000381469727
7W7E,8.100000381469727
4M14,8.100000381469727
5IMX,8.100000381469727
5DXE,8.100000381469727
5FE9,5.585000038146973
3P88,8.100000381469727
1DKF,7.684999942779541
5Q1H,8.100000381469727
4E4Q,8.100000381469727
5EHJ,8.100000381469727
4FR4,8.100000381469727
1P93,8.100000381469727
7OAI,8.100000381469727
6EIQ,8.100000381469727
8II0,7.684999942779541
4X4O,6.9049999713897705
3IOL,7.684999942779541
6FCF,8.100000381469727
5AV2,8.100000381469727
6EQQ,7.684999942779541
6CD5,8.100000381469727
5QIU,8.100000381469727
8JSR,7.684999942779541
5LCQ,6.9049999713897705
5DYD,8.100000381469727
1Z28,5.585000038146973
7G91,7.684999942779541
3RLL,8.100000381469727
5QD7,8.100000381469727
6RNU,8.100000381469727
2R3K,8.100000381469727
7ALE,8.100000381469727
3V9Y,8.100000381469727
7K7Q,8.100000381469727
5U40,8.100000381469727
5QIH,8.100000381469727
3QFC,8.100000381469727
3CIC,8.100000381469727
8DK4,7.684999942779541
8R4U,7.684999942779541
5ANL,8.100000381469727
2A2D,7.684999942779541
6GR2,7.684999942779541
4GQ4,8.100000381469727
5QID,8.100000381469727
5EGU,8.100000381469727
3D5E,6.9049999713897705
7MGK,8.100000381469727
6SIS,8.100000381469727
6TA0,5.585000038146973
17GS,7.684999942779541
4DES,8.100000381469727
4IK7,8.100000381469727
6Y6H,8.100000381469727
2FJP,8.100000381469727
2P0D,5.585000038146973
5D26,8.100000381469727
2W05,8.100000381469727
7X2U,6.9049999713897705
3OCP,5.585000038146973
4BBM,8.100000381469727
1CB0,8.100000381469727
4RC4,8.100000381469727
8GT6,7.684999942779541
6ZUG,8.100000381469727
7MXH,6.9049999713897705
8G6T,7.684999942779541
1UK1,8.100000381469727
5U45,7.684999942779541
7ZLN,6.9049999713897705
8GYO,7.684999942779541
6B1O,7.684999942779541
7R75,8.100000381469727
7FV4,7.684999942779541
8TF9,5.585000038146973
6AFH,8.100000381469727
4QD6,8.100000381469727
3ZU1,8.100000381469727
5NK4,8.100000381469727
8FY0,6.9049999713897705
7L25,8.100000381469727
8DV8,7.684999942779541
5E1C,8.100000381469727
5JWK,7.684999942779541
7G92,8.100000381469727
7DXL,8.100000381469727
7JUZ,6.9049999713897705
7QUF,8.100000381469727
3IIF,6.9049999713897705
8IK3,5.585000038146973
8CHS,5.585000038146973
5DI1,8.100000381469727
7SOL,5.585000038146973
8BWX,7.684999942779541
5Q1A,8.100000381469727
2A2Q,7.684999942779541
3GN7,8.100000381469727
5EWE,6.9049999713897705
5COR,7.684999942779541
3OWB,8.100000381469727
5S8J,8.100000381469727
3AN4,8.100000381469727
4WDW,6.9049999713897705
7FQN,5.585000038146973
2VV2,7.684999942779541
5Q0Q,8.100000381469727
3BL7,8.100000381469727
7B4E,8.100000381469727
7GS8,8.100000381469727
4CUD,7.684999942779541
5OYF,8.100000381469727
8WZK,6.9049999713897705
7G0Y,7.684999942779541
7UJO,8.100000381469727
5BO7,7.684999942779541
1C9H,8.100000381469727
2WOT,8.100000381469727
8P0F,7.684999942779541
8A5W,8.100000381469727
4HXP,8.100000381469727
1RV1,8.100000381469727
4ZXX,5.585000038146973
3B0Q,8.100000381469727
7FW0,7.684999942779541
2W2X,6.9049999713897705
5Z6S,8.100000381469727
1KNU,8.100000381469727
6YR9,5.585000038146973
7FVR,7.684999942779541
8FUG,7.684999942779541
4LKT,7.684999942779541
2QP4,8.100000381469727
5CS5,6.9049999713897705
3HC5,8.100000381469727
6ILQ,8.100000381469727
1C4Y,8.100000381469727
5ENE,8.100000381469727
8QZ7,7.684999942779541
8FY2,5.585000038146973
6W2J,8.100000381469727
4EZ7,8.100000381469727
5F9O,7.684999942779541
4JL4,8.100000381469727
2H00,7.684999942779541
2UW4,8.100000381469727
2VV3,7.684999942779541
6AFB,8.100000381469727
3ERT,8.100000381469727
7NRK,8.100000381469727
5ZXB,8.100000381469727
8X90,6.9049999713897705
1XW7,8.100000381469727
4RPP,6.9049999713897705
5LNY,8.100000381469727
8U2D,7.684999942779541
6J7X,6.9049999713897705
5LRL,8.100000381469727
5V60,6.9049999713897705
4RCH,7.684999942779541
3T5F,6.9049999713897705
2ACL,8.100000381469727
3ET2,8.100000381469727
1O5C,8.100000381469727
3ZWT,8.100000381469727
3D6D,8.100000381469727
4R4L,7.684999942779541
2I5C,5.585000038146973
2YJB,5.585000038146973
5RKK,8.100000381469727
7UP7,8.100000381469727
5MUG,8.100000381469727
8AWG,7.684999942779541
5Q14,8.100000381469727
7KT1,5.585000038146973
7NXK,8.100000381469727
4RWD,7.684999942779541
5NKB,8.100000381469727
7JWZ,8.100000381469727
8BW2,8.100000381469727
4RT7,8.100000381469727
6BXY,8.100000381469727
6AD9,8.100000381469727
6LP8,8.100000381469727
3A60,8.100000381469727
4CV8,8.100000381469727
3JVR,8.100000381469727
6AFE,8.100000381469727
3BE2,8.100000381469727
5UFX,8.100000381469727
5K56,6.9049999713897705
4IDQ,5.585000038146973
4EMT,5.585000038146973
7OBH,8.100000381469727
4GSF,8.100000381469727
5KMO,8.100000381469727
7HB5,5.585000038146973
8WZM,6.9049999713897705
6CIY,8.100000381469727
2ANM,8.100000381469727
7PW9,6.9049999713897705
1WTG,7.684999942779541
5T1Z,8.100000381469727
3JZK,8.100000381469727
7JHJ,8.100000381469727
7G1Y,7.684999942779541
8ATY,7.684999942779541
8V71,7.684999942779541
3X06,6.9049999713897705
7BTT,8.100000381469727
9FAU,7.684999942779541
3IN8,8.100000381469727
6L20,8.100000381469727
3OWL,8.100000381469727
7FV6,7.684999942779541
8BWZ,7.684999942779541
4X8S,8.100000381469727
3LDX,8.100000381469727
3OGJ,5.585000038146973
5IKW,8.100000381469727
7U8H,8.100000381469727
6U99,8.100000381469727
5Z02,8.100000381469727
4A55,8.100000381469727
4XII,7.684999942779541
9CXG,5.585000038146973
8SDF,7.684999942779541
4PMP,8.100000381469727
8YPZ,5.585000038146973
4UXU,8.100000381469727
6IB2,8.100000381469727
7MSD,8.100000381469727
4BCP,8.100000381469727
2FIT,7.684999942779541
4TTC,8.100000381469727
5CP5,6.9049999713897705
7AJS,8.100000381469727
6PYS,8.100000381469727
3P1C,7.684999942779541
2YN8,8.100000381469727
6BU6,8.100000381469727
6XNO,7.684999942779541
5OXG,8.100000381469727
3U6A,8.100000381469727
6OWC,8.100000381469727
4COF,8.100000381469727
1QJ1,8.100000381469727
6ZCQ,8.100000381469727
5AZV,7.684999942779541
6YLK,8.100000381469727
7SJ3,8.100000381469727
3GR4,6.9049999713897705
4IWF,8.100000381469727
5FIT,6.9049999713897705
2EC9,7.684999942779541
7FVP,7.684999942779541
5CGD,7.684999942779541
2ZND,7.684999942779541
3WEF,6.9049999713897705
5X1W,6.9049999713897705
7MRG,8.100000381469727
9CT3,8.100000381469727
9DTQ,5.585000038146973
6VWC,8.100000381469727
5LAW,8.100000381469727
7G8X,7.684999942779541
5MQG,7.684999942779541
3ENE,8.100000381469727
7ZH8,7.684999942779541
4O04,8.100000381469727
4ZNV,8.100000381469727
2JAW,5.585000038146973
7FT4,8.100000381469727
5HP2,5.585000038146973
6J5Z,5.585000038146973
7UGE,7.684999942779541
4C3P,6.9049999713897705
1IB1,6.9049999713897705
4YC4,8.100000381469727
5IPC,8.100000381469727
6LUQ,8.100000381469727
6GWR,8.100000381469727
5C18,6.9049999713897705
7A55,8.100000381469727
2PIX,8.100000381469727
6AFG,8.100000381469727
7OUB,8.100000381469727
3HEK,8.100000381469727
7U4R,8.100000381469727
7FVA,7.684999942779541
8R8E,7.684999942779541
5Q1D,8.100000381469727
3SXR,8.100000381469727
6F2L,8.100000381469727
2HI4,8.100000381469727
4A4W,8.100000381469727
5M8P,7.684999942779541
9CBM,8.100000381469727
4CVA,8.100000381469727
8T5G,8.100000381469727
5XR8,8.100000381469727
6HD1,6.9049999713897705
8FYY,7.684999942779541
4F9G,5.585000038146973
1W7G,8.100000381469727
6W45,8.100000381469727
3VI8,8.100000381469727
4CFH,8.100000381469727
5DY8,8.100000381469727
2Y1Z,7.684999942779541
6P68,8.100000381469727
6MA3,8.100000381469727
5MRB,8.100000381469727
3EPF,8.100000381469727
7FSM,6.9049999713897705
7G07,7.684999942779541
7NFB,8.100000381469727
3L3L,8.100000381469727
7WTB,8.100000381469727
7JJG,8.100000381469727
5XHY,5.585000038146973
4CCU,8.100000381469727
5VRZ,5.585000038146973
7G1O,7.684999942779541
6O9D,8.100000381469727
7AAD,8.100000381469727
3G8I,8.100000381469727
3FME,8.100000381469727
8F7V,6.9049999713897705
1LQF,6.9049999713897705
6HGH,7.684999942779541
7FYH,8.100000381469727
5RJK,8.100000381469727
4NST,6.9049999713897705
6EIF,8.100000381469727
9DF1,8.100000381469727
7WQV,7.684999942779541
4O0B,8.100000381469727
5SXF,8.100000381469727
1UKI,8.100000381469727
1P5Z,8.100000381469727
6BQP,8.100000381469727
7CGP,6.9049999713897705
6MCZ,7.684999942779541
2XYW,6.9049999713897705
6PC4,6.9049999713897705
6YDB,5.585000038146973
7DSQ,8.100000381469727
4D90,7.684999942779541
7TD3,6.9049999713897705
7G8Z,5.585000038146973
2R6W,8.100000381469727
5MOW,8.100000381469727
7AAY,8.100000381469727
5NK2,8.100000381469727
5S9A,8.100000381469727
3QFR,8.100000381469727
8IRS,7.684999942779541
7KPA,8.100000381469727
3FAA,8.100000381469727
6AFF,8.100000381469727
1L5R,7.684999942779541
2D7I,7.684999942779541
1XOW,8.100000381469727
3ZC5,8.100000381469727
3GCU,8.100000381469727
2O02,8.100000381469727
5TWY,8.100000381469727
7V2J,8.100000381469727
9CIV,8.100000381469727
7ZTZ,8.100000381469727
5XRE,8.100000381469727
7FTB,7.684999942779541
7WQS,6.9049999713897705
7S3P,8.100000381469727
2UW0,8.100000381469727
5FQT,8.100000381469727
7UJ8,8.100000381469727
9D61,8.100000381469727
5SCF,6.9049999713897705
6RSB,8.100000381469727
6NTG,7.684999942779541
3JRX,8.100000381469727
5DPV,8.100000381469727
7S1S,8.100000381469727
6LZL,8.100000381469727
5DXH,8.100000381469727
7O1Y,8.100000381469727
5TET,7.684999942779541
2XQI,7.684999942779541
3HU1,6.9049999713897705
6IJR,8.100000381469727
5HG8,8.100000381469727
4ZGK,8.100000381469727
6D3E,8.100000381469727
6R6E,8.100000381469727
1TKR,7.684999942779541
3LQL,6.9049999713897705
5DXT,8.100000381469727
6JEY,7.684999942779541
3VW7,8.100000381469727
4O9R,8.100000381469727
9B3A,8.100000381469727
5TQE,5.585000038146973
3H3R,8.100000381469727
7M0L,8.100000381469727
6VMS,8.100000381469727
8FXO,7.684999942779541
3QX3,8.100000381469727
7A4Z,8.100000381469727
4HY6,8.100000381469727
7A5L,8.100000381469727
7KK3,8.100000381469727
5LR7,8.100000381469727
8PSY,6.9049999713897705
8DUC,7.684999942779541
6DGO,8.100000381469727
1GZR,6.9049999713897705
6D06,5.585000038146973
1YIN,8.100000381469727
5HBJ,8.100000381469727
7AVL,8.100000381469727
3Q95,8.100000381469727
9ETB,8.100000381469727
6R6J,6.9049999713897705
5TM2,8.100000381469727
9DMC,6.9049999713897705
2G1O,8.100000381469727
5DFD,8.100000381469727
5TRF,8.100000381469727
5W0E,8.100000381469727
7UC6,6.9049999713897705
3B65,8.100000381469727
6ZUW,8.100000381469727
4TN6,8.100000381469727
7LQ1,8.100000381469727
6TO7,8.100000381469727
5NWZ,8.100000381469727
6DGL,8.100000381469727
3LM0,8.100000381469727
3R6I,6.9049999713897705
7G8L,8.100000381469727
4PES,8.100000381469727
1QIZ,8.100000381469727
3BIV,8.100000381469727
5LNZ,8.100000381469727
5QCY,8.100000381469727
3CF6,8.100000381469727
2XQF,7.684999942779541
5LPJ,8.100000381469727
7G0G,7.684999942779541
8G4A,7.684999942779541
4UYD,8.100000381469727
3T03,8.100000381469727
6Q49,8.100000381469727
7UHF,8.100000381469727
7KIE,8.100000381469727
8PPW,7.684999942779541
5YVA,8.100000381469727
5N68,8.100000381469727
5WR0,8.100000381469727
6UPF,6.9049999713897705
6YLC,8.100000381469727
1WAY,8.100000381469727
3FR0,7.684999942779541
7E5G,8.100000381469727
9GJ2,7.684999942779541
7C7G,6.9049999713897705
2AYR,8.100000381469727
1T9G,8.100000381469727
8CDW,7.684999942779541
7XHE,8.100000381469727
7JXY,8.100000381469727
7W5A,5.585000038146973
4KS8,8.100000381469727
2P2I,8.100000381469727
7MH0,5.585000038146973
2PRG,8.100000381469727
5FQR,8.100000381469727
5O4E,7.684999942779541
5URU,8.100000381469727
5J6M,8.100000381469727
5C7G,7.684999942779541
8W9W,7.684999942779541
5NXD,6.9049999713897705
3LMY,7.684999942779541
4AIY,8.100000381469727
3RH6,6.9049999713897705
6GQ7,8.100000381469727
6ZQS,8.100000381469727
4F64,8.100000381469727
2XJF,5.585000038146973
7HA0,8.100000381469727
7YAI,6.9049999713897705
3OS8,8.100000381469727
3HYY,8.100000381469727
5UCH,8.100000381469727
7KAC,8.100000381469727
5VC3,8.100000381469727
5Q18,8.100000381469727
7M0M,8.100000381469727
3EPD,7.684999942779541
6BSD,8.100000381469727
2E5C,5.585000038146973
6EDS,8.100000381469727
4GWT,7.684999942779541
2A2C,6.9049999713897705
8DUK,7.684999942779541
1YI4,8.100000381469727
6YB6,8.100000381469727
8YHW,6.9049999713897705
5L4Q,8.100000381469727
8PBP,7.684999942779541
7WOX,8.100000381469727
3RAW,8.100000381469727
6SYT,5.585000038146973
3L38,8.100000381469727
6OMO,7.684999942779541
7VFS,7.684999942779541
3W2T,7.684999942779541
6MD0,7.684999942779541
7UJW,8.100000381469727
7UPG,8.100000381469727
3TPP,6.9049999713897705
7R4L,6.9049999713897705
8SC4,7.684999942779541
2OZ7,8.100000381469727
5KCE,8.100000381469727
7RL7,6.9049999713897705
6WI2,7.684999942779541
5QD5,8.100000381469727
4HXO,8.100000381469727
6APL,6.9049999713897705
4F9M,8.100000381469727
4JV7,8.100000381469727
1TGJ,7.684999942779541
7CCW,8.100000381469727
3ORZ,8.100000381469727
8FHD,7.684999942779541
7YMJ,6.9049999713897705
7R4O,8.100000381469727
7FYQ,7.684999942779541
2XYX,6.9049999713897705
8HUN,7.684999942779541
3SQ6,8.100000381469727
3CBL,8.100000381469727
7UJC,8.100000381469727
7D0S,6.9049999713897705
7ONT,8.100000381469727
5QEJ,8.100000381469727
1WVX,8.100000381469727
6Q8Z,7.684999942779541
7W7Y,8.100000381469727
6EI5,8.100000381469727
4D88,6.9049999713897705
7NIZ,8.100000381469727
7WQQ,7.684999942779541
7JYR,8.100000381469727
6PRT,8.100000381469727
1DWB,8.100000381469727
2F8A,7.684999942779541
4P6W,8.100000381469727
3HMI,5.585000038146973
8VYJ,6.9049999713897705
7A4W,8.100000381469727
8HMT,7.684999942779541
3C7I,8.100000381469727
4CV9,8.100000381469727
4E4L,5.585000038146973
5S8C,8.100000381469727
7S9F,8.100000381469727
8C1E,7.684999942779541
5HNT,6.9049999713897705
5OWK,8.100000381469727
5EQG,8.100000381469727
8XSN,8.100000381469727
6A94,8.100000381469727
2AZ5,8.100000381469727
4QQC,8.100000381469727
2UZS,5.585000038146973
4JS3,8.100000381469727
3HU3,6.9049999713897705
1UVS,6.9049999713897705
6AWP,8.100000381469727
2G2F,6.9049999713897705
8P6X,8.100000381469727
4MQF,7.684999942779541
6DDH,6.9049999713897705
7PWD,8.100000381469727
7QUE,8.100000381469727
1FKI,8.100000381469727
5HYR,8.100000381469727
7JX0,8.100000381469727
4L94,8.100000381469727
3L5B,8.100000381469727
9D3C,7.684999942779541
6MQ3,8.100000381469727
3VUC,8.100000381469727
7G93,8.100000381469727
5U2B,8.100000381469727
5UXH,5.585000038146973
7VCV,6.9049999713897705
3MY0,8.100000381469727
5ZYL,8.100000381469727
8AQG,6.9049999713897705
7NRY,8.100000381469727
3BLA,8.100000381469727
5RKJ,8.100000381469727
5S83,8.100000381469727
7AKH,8.100000381469727
7CR7,8.100000381469727
6CJG,8.100000381469727
5ABW,7.684999942779541
4YH4,8.100000381469727
5UVF,8.100000381469727
6F7R,6.9049999713897705
2I0J,8.100000381469727
4JYU,8.100000381469727
7RP4,8.100000381469727
5WA8,6.9049999713897705
6Y0A,8.100000381469727
8TZQ,8.100000381469727
7NZY,8.100000381469727
7G85,8.100000381469727
8AQP,6.9049999713897705
2J9M,5.585000038146973
8V74,7.684999942779541
5C1Q,8.100000381469727
5RKP,8.100000381469727
8AHG,8.100000381469727
3ID8,7.684999942779541
6SAM,7.684999942779541
2QXW,6.9049999713897705
7KK6,8.100000381469727
5FE4,8.100000381469727
5K13,8.100000381469727
5S9D,8.100000381469727
7GT2,8.100000381469727
5U3W,7.684999942779541
7AKB,8.100000381469727
5T92,8.100000381469727
8K14,7.684999942779541
6OPH,8.100000381469727
1GFY,8.100000381469727
4FAD,8.100000381469727
5BQE,7.684999942779541
5HQ0,8.100000381469727
7FVZ,7.684999942779541
8S8A,7.684999942779541
5QD2,8.100000381469727
7E5H,8.100000381469727
5E0W,8.100000381469727
6ZC0,8.100000381469727
6JQR,8.100000381469727
6Q4E,8.100000381469727
9CXC,7.684999942779541
5S9B,8.100000381469727
5J6S,8.100000381469727
2WMT,8.100000381469727
4NG9,8.100000381469727
7UDQ,7.684999942779541
5AUT,5.585000038146973
8DZR,7.684999942779541
5U3R,7.684999942779541
4XZ0,8.100000381469727
3HC6,8.100000381469727
7OAK,8.100000381469727
8OUS,7.684999942779541
4FUL,8.100000381469727
8S0T,6.9049999713897705
4XI3,8.100000381469727
5SB0,8.100000381469727
6Q4D,8.100000381469727
8YEV,8.100000381469727
3WJ5,7.684999942779541
5TI6,5.585000038146973
5NDZ,8.100000381469727
2XQJ,7.684999942779541
8V73,7.684999942779541
6XE6,7.684999942779541
1QJ7,8.100000381469727
6P38,8.100000381469727
2YIY,8.100000381469727
8YXB,8.100000381469727
8T98,5.585000038146973
4M0E,7.684999942779541
8GW0,7.684999942779541
9IYP,6.9049999713897705
6BMW,8.100000381469727
6UKM,8.100000381469727
9ET3,8.100000381469727
7ZTX,8.100000381469727
8HLR,7.684999942779541
1NSG,8.100000381469727
6FNA,8.100000381469727
4DIJ,8.100000381469727
4BAM,8.100000381469727
3TNH,8.100000381469727
5TDE,5.585000038146973
5C8W,7.684999942779541
6YLA,7.684999942779541
4LWG,8.100000381469727
7XPY,8.100000381469727
5CF0,8.100000381469727
4GZ5,6.9049999713897705
5GWI,8.100000381469727
6CQH,8.100000381469727
8PNQ,6.9049999713897705
7UJ7,8.100000381469727
3FMD,6.9049999713897705
2E3O,7.684999942779541
8HV9,7.684999942779541
7G8R,7.684999942779541
7U8U,5.585000038146973
6DH9,8.100000381469727
4PPP,8.100000381469727
6ID0,5.585000038146973
5HP3,5.585000038146973
1ERR,8.100000381469727
5WR7,8.100000381469727
2OLZ,8.100000381469727
5HRQ,8.100000381469727
4C6D,8.100000381469727
4I22,8.100000381469727
1UDW,6.9049999713897705
7KP6,8.100000381469727
3QCI,6.9049999713897705
7AKE,8.100000381469727
8BZB,8.100000381469727
4C5D,8.100000381469727
2G49,7.684999942779541
8C2F,7.684999942779541
5VC4,8.100000381469727
5TLY,8.100000381469727
1G5Y,8.100000381469727
3OOK,8.100000381469727
7BGV,8.100000381469727
6CUD,6.9049999713897705
1K3A,6.9049999713897705
7Y99,8.100000381469727
5C1D,7.684999942779541
5XRA,8.100000381469727
4L90,8.100000381469727
1U4D,8.100000381469727
6YF8,8.100000381469727
7G96,7.684999942779541
8P74,7.684999942779541
7RNM,8.100000381469727
7MM1,8.100000381469727
5QFV,8.100000381469727
5QCR,8.100000381469727
7FUZ,7.684999942779541
4D0M,8.100000381469727
5UWG,7.684999942779541
6J3O,8.100000381469727
8J81,7.684999942779541
6NCO,8.100000381469727
6NV7,6.9049999713897705
3WAL,7.684999942779541
7AEQ,8.100000381469727
8VYK,6.9049999713897705
4TNZ,5.585000038146973
6MD1,7.684999942779541
2P8S,8.100000381469727
6ZUH,8.100000381469727
5MKS,8.100000381469727
1EFH,6.9049999713897705
9AS8,8.100000381469727
2CIA,8.100000381469727
6GJI,8.100000381469727
5XRB,8.100000381469727
5VBQ,8.100000381469727
6RLC,8.100000381469727
6VFF,5.585000038146973
7Y8D,8.100000381469727
6T57,8.100000381469727
3VN9,6.9049999713897705
1M4B,7.684999942779541
2ZNK,8.100000381469727
6CK6,8.100000381469727
6V8K,6.9049999713897705
8QLT,7.684999942779541
1X96,6.9049999713897705
5EW9,8.100000381469727
6WXM,7.684999942779541
2AR9,7.684999942779541
3SP8,7.684999942779541
6TU9,8.100000381469727
4LL5,8.100000381469727
5XQE,8.100000381469727
7ER9,6.9049999713897705
7W9T,8.100000381469727
4PX2,8.100000381469727
4QOI,8.100000381469727
5RK1,8.100000381469727
7CCV,8.100000381469727
7EM3,6.9049999713897705
7OLV,8.100000381469727
3BQD,8.100000381469727
7RHG,5.585000038146973
4U97,8.100000381469727
5M4P,8.100000381469727
1FAP,8.100000381469727
8T1F,7.684999942779541
4QVX,8.100000381469727
4P36,7.684999942779541
8TSD,7.684999942779541
8DZS,7.684999942779541
7KHL,8.100000381469727
5G15,6.9049999713897705
6V0X,8.100000381469727
4RWJ,8.100000381469727
2Q5S,8.100000381469727
8SXT,6.9049999713897705
3F68,8.100000381469727
1FKH,7.684999942779541
8AHH,8.100000381469727
4FRA,5.585000038146973
7MSA,8.100000381469727
8X62,7.684999942779541
2CN0,8.100000381469727
6GU7,8.100000381469727
6ST3,8.100000381469727
8OUR,7.684999942779541
5ORH,8.100000381469727
7MZK,7.684999942779541
8WSW,8.100000381469727
3Q9X,8.100000381469727
5AM9,7.684999942779541
6MA2,8.100000381469727
3S9S,8.100000381469727
4WDT,6.9049999713897705
4V0U,8.100000381469727
3X02,5.585000038146973
4ZYI,8.100000381469727
5W0Q,8.100000381469727
7VFW,7.684999942779541
8YPY,5.585000038146973
1OSH,8.100000381469727
5DP0,8.100000381469727
2P54,8.100000381469727
6OAC,8.100000381469727
6CYM,8.100000381469727
3FGU,7.684999942779541
2CKE,6.9049999713897705
8C0L,8.100000381469727
7FSQ,8.100000381469727
7G8W,7.684999942779541
3O0I,8.100000381469727
8T8Q,7.684999942779541
8BXO,7.684999942779541
4FSQ,8.100000381469727
8DVB,7.684999942779541
7QG2,8.100000381469727
6G6W,8.100000381469727
7YNP,7.684999942779541
3K23,8.100000381469727
4MPN,8.100000381469727
9B3C,8.100000381469727
6THA,7.684999942779541
6T56,8.100000381469727
7ER7,6.9049999713897705
5I46,8.100000381469727
4YHJ,6.9049999713897705
1CJ1,8.100000381469727
9B7A,8.100000381469727
8AQN,7.684999942779541
6DW4,5.585000038146973
7JRA,8.100000381469727
3SPF,8.100000381469727
2PNR,7.684999942779541
8V6U,7.684999942779541
1WBG,8.100000381469727
7BQ3,8.100000381469727
5E0X,8.100000381469727
8P75,7.684999942779541
3BZ3,6.9049999713897705
7KPF,6.9049999713897705
1KI0,7.684999942779541
5NEI,8.100000381469727
5SXE,8.100000381469727
1E8Z,8.100000381469727
1X7R,8.100000381469727
5X2F,8.100000381469727
4HBM,8.100000381469727
8DHF,8.100000381469727
6AN1,8.100000381469727
6K05,8.100000381469727
7Y7Z,8.100000381469727
8BJL,6.9049999713897705
7EM4,6.9049999713897705
6O9G,5.585000038146973
1L7X,7.684999942779541
7SII,8.100000381469727
8HF8,7.684999942779541
1T8T,5.585000038146973
6YM3,8.100000381469727
4N7E,8.100000381469727
4TUH,8.100000381469727
5WIU,8.100000381469727
9FAP,6.9049999713897705
3GID,8.100000381469727
8T2H,7.684999942779541
6FZP,8.100000381469727
9AU5,6.9049999713897705
8ZBU,8.100000381469727
8PQ9,7.684999942779541
5OC8,8.100000381469727
4D6Z,8.100000381469727
3KPV,8.100000381469727
6QTJ,8.100000381469727
4ASX,8.100000381469727
3A0I,7.684999942779541
1W9O,8.100000381469727
5OOH,6.9049999713897705
5JCW,8.100000381469727
2AER,7.684999942779541
8SGV,6.9049999713897705
3VF3,6.9049999713897705
8C3U,7.684999942779541
5WRZ,8.100000381469727
8CWL,6.9049999713897705
5DZI,8.100000381469727
4CCB,8.100000381469727
4H2F,8.100000381469727
4LWH,8.100000381469727
8PPB,5.585000038146973
7NA3,8.100000381469727
6N8X,8.100000381469727
1QKU,8.100000381469727
2IOK,8.100000381469727
4XUM,8.100000381469727
7DSX,7.684999942779541
1NHZ,8.100000381469727
5TM8,8.100000381469727
7SI4,7.684999942779541
5EHP,8.100000381469727
7TUN,7.684999942779541
4MGB,8.100000381469727
8ORM,8.100000381469727
4ISI,8.100000381469727
1M2Z,8.100000381469727
7VWE,7.684999942779541
7SD0,6.9049999713897705
7O7J,8.100000381469727
4F5D,5.585000038146973
3DV5,8.100000381469727
1O5A,8.100000381469727
7G8J,7.684999942779541
7SXJ,8.100000381469727
6ZY6,8.100000381469727
8PWC,7.684999942779541
7NJ8,8.100000381469727
5J31,8.100000381469727
2H4X,5.585000038146973
4QG0,6.9049999713897705
7QND,8.100000381469727
3CDP,8.100000381469727
7OAL,8.100000381469727
5WQX,7.684999942779541
4TQN,8.100000381469727
7A51,8.100000381469727
1A5H,8.100000381469727
4NZW,8.100000381469727
6VZM,8.100000381469727
4AP7,8.100000381469727
7FQI,7.684999942779541
3DEH,8.100000381469727
3L4U,6.9049999713897705
6NSL,8.100000381469727
6GR3,6.9049999713897705
6DGR,8.100000381469727
8VA6,7.684999942779541
2OM0,8.100000381469727
3DD1,7.684999942779541
7CMV,8.100000381469727
5LPL,8.100000381469727
7GSZ,7.684999942779541
3S7M,8.100000381469727
8H7B,7.684999942779541
8Z6H,6.9049999713897705
6TBE,8.100000381469727
5JHB,8.100000381469727
6CJ2,8.100000381469727
6OJQ,6.9049999713897705
5ENI,8.100000381469727
4PZS,6.9049999713897705
3UQX,6.9049999713897705
3HZ1,8.100000381469727
2CHL,5.585000038146973
6W0Y,8.100000381469727
8CVN,6.9049999713897705
6QTY,8.100000381469727
8DUD,7.684999942779541
6Z8X,6.9049999713897705
6WLW,7.684999942779541
9B0T,7.684999942779541
7U2P,6.9049999713897705
4MLH,7.684999942779541
6YP3,8.100000381469727
5EDU,7.684999942779541
8V76,7.684999942779541
3FJO,8.100000381469727
5LPM,8.100000381469727
4UMP,8.100000381469727
8QNG,7.684999942779541
5J86,8.100000381469727
3WF3,7.684999942779541
5UVZ,8.100000381469727
5DVS,8.100000381469727
1EMJ,5.585000038146973
6XED,8.100000381469727
2RD6,8.100000381469727
4TNY,5.585000038146973
4IWC,8.100000381469727
2AIY,8.100000381469727
8KF1,7.684999942779541
3TCZ,6.9049999713897705
7MRH,8.100000381469727
4CWQ,8.100000381469727
8B2J,8.100000381469727
2VQ3,6.9049999713897705
7TYW,7.684999942779541
5S8T,8.100000381469727
6JME,8.100000381469727
6RSC,8.100000381469727
8R4V,7.684999942779541
8JL1,6.9049999713897705
8WYW,7.684999942779541
7QAA,7.684999942779541
4A5S,8.100000381469727
6DMJ,8.100000381469727
4Z77,7.684999942779541
2VST,7.684999942779541
6NTU,7.684999942779541
5DYB,8.100000381469727
6GVG,8.100000381469727
7OQ7,8.100000381469727
4YT1,8.100000381469727
2C6T,8.100000381469727
4USD,8.100000381469727
6FXI,8.100000381469727
6NCN,8.100000381469727
1YXV,8.100000381469727
3NVN,7.684999942779541
6THZ,8.100000381469727
3CEH,7.684999942779541
6DWS,8.100000381469727
1QHR,7.684999942779541
7B30,8.100000381469727
8P81,7.684999942779541
5KMK,8.100000381469727
6VRU,8.100000381469727
2F3E,8.100000381469727
5CYI,8.100000381469727
7UYW,8.100000381469727
6LN1,8.100000381469727
5DKB,8.100000381469727
2F90,5.585000038146973
7MRD,6.9049999713897705
6T8X,8.100000381469727
5YA5,8.100000381469727
7YNO,7.684999942779541
5RK0,6.9049999713897705
7ZWL,5.585000038146973
7FWW,7.684999942779541
9QB5,8.100000381469727
4GB9,8.100000381469727
6JOK,8.100000381469727
8FF8,7.684999942779541
2ZNO,8.100000381469727
7FUY,7.684999942779541
3D49,8.100000381469727
5VAL,8.100000381469727
8DSY,8.100000381469727
7YAZ,5.585000038146973
4IKI,8.100000381469727
6UWY,8.100000381469727
7G8M,7.684999942779541
3OW6,8.100000381469727
6IQN,8.100000381469727
3ZK6,8.100000381469727
6L14,8.100000381469727
5BTR,8.100000381469727
3Q9Y,8.100000381469727
6HL1,7.684999942779541
1UK0,8.100000381469727
8DHH,8.100000381469727
6GNQ,8.100000381469727
6V0P,5.585000038146973
7FXU,7.684999942779541
5HU1,5.585000038146973
7VFV,7.684999942779541
3B25,5.585000038146973
4M6L,6.9049999713897705
6GHK,8.100000381469727
4ZNS,8.100000381469727
6QBA,8.100000381469727
6QJU,8.100000381469727
6LKN,7.684999942779541
5QIS,8.100000381469727
6XNP,8.100000381469727
4P10,8.100000381469727
7LJE,8.100000381469727
2O0U,8.100000381469727
7LB0,8.100000381469727
3GOI,7.684999942779541
2RG3,7.684999942779541
3LBO,6.9049999713897705
8PIQ,7.684999942779541
4XLV,6.9049999713897705
5NRW,8.100000381469727
7CCU,8.100000381469727
2PUQ,7.684999942779541
5UU3,8.100000381469727
7V3Z,8.100000381469727
7Q1N,7.684999942779541
7BEN,7.684999942779541
7G89,7.684999942779541
1BMN,6.9049999713897705
6AH0,5.585000038146973
8BDN,7.684999942779541
6XF3,8.100000381469727
5W0O,5.585000038146973
5HNB,8.100000381469727
7UAH,6.9049999713897705
9CTF,7.684999942779541
6U8R,6.9049999713897705
6HLO,8.100000381469727
5QIZ,8.100000381469727
6C42,8.100000381469727
4HLE,8.100000381469727
1HDO,6.9049999713897705
4PMT,8.100000381469727
8TDU,7.684999942779541
5EM8,8.100000381469727
6SBO,8.100000381469727
3SVF,8.100000381469727
6Q9H,8.100000381469727
7W59,5.585000038146973
5BX6,8.100000381469727
5S9R,8.100000381469727
1RV6,7.684999942779541
4ZGM,7.684999942779541
7NVQ,8.100000381469727
5U5L,8.100000381469727
8PLZ,7.684999942779541
2P15,8.100000381469727
3Q8S,6.9049999713897705
4P5Z,8.100000381469727
4YJ5,6.9049999713897705
6FN9,8.100000381469727
1CEB,7.684999942779541
3UG8,6.9049999713897705
7MGJ,8.100000381469727
6X82,8.100000381469727
7AFW,8.100000381469727
3HCP,7.684999942779541
5TIO,8.100000381469727
7B5Q,8.100000381469727
8EXO,7.684999942779541
6YTE,8.100000381469727
1RDT,8.100000381469727
3MIY,8.100000381469727
4JDD,8.100000381469727
6X3O,8.100000381469727
7LD4,8.100000381469727
6I44,8.100000381469727
1HE5,6.9049999713897705
6AUI,6.9049999713897705
7JVR,8.100000381469727
2BJ4,8.100000381469727
7F83,7.684999942779541
5HFA,7.684999942779541
6GQO,8.100000381469727
5S8M,8.100000381469727
7LLA,6.9049999713897705
9FAS,7.684999942779541
4X4V,6.9049999713897705
3L5E,8.100000381469727
5GTN,8.100000381469727
2ZDU,8.100000381469727
3S95,8.100000381469727
6B73,8.100000381469727
6ZX0,6.9049999713897705
6SLX,8.100000381469727
2VGB,6.9049999713897705
5Q15,8.100000381469727
3GVU,8.100000381469727
7KK4,8.100000381469727
8GUD,8.100000381469727
4GFM,8.100000381469727
5QFZ,8.100000381469727
3CD8,8.100000381469727
8EX0,8.100000381469727
5S9J,8.100000381469727
6VXU,8.100000381469727
8W8K,8.100000381469727
5M4N,8.100000381469727
2C95,6.9049999713897705
6FZF,8.100000381469727
8FHG,7.684999942779541
7FSL,8.100000381469727
7VDQ,8.100000381469727
7WI6,8.100000381469727
8JTS,7.684999942779541
3UTU,8.100000381469727
3LD5,6.9049999713897705
7BSP,6.9049999713897705
7SED,8.100000381469727
5S8U,8.100000381469727
8P6Z,7.684999942779541
6WPP,8.100000381469727
5CFB,8.100000381469727
6BQQ,8.100000381469727
3KDU,8.100000381469727
6WBG,6.9049999713897705
8B87,7.684999942779541
7U9A,7.684999942779541
6RLQ,8.100000381469727
7KTR,5.585000038146973
6P3A,8.100000381469727
5SAV,8.100000381469727
3EDZ,8.100000381469727
8BA3,7.684999942779541
1V4S,7.684999942779541
8A92,7.684999942779541
9CFM,7.684999942779541
9GFE,8.100000381469727
6U1N,8.100000381469727
5Q0I,8.100000381469727
2Y23,7.684999942779541
5TN4,8.100000381469727
5FHZ,6.9049999713897705
7DHV,8.100000381469727
7FV7,7.684999942779541
7LQD,8.100000381469727
7UXV,6.9049999713897705
8DMQ,7.684999942779541
3DCT,8.100000381469727
3EQ0,6.9049999713897705
1NYX,8.100000381469727
2J14,8.100000381469727
4FME,6.9049999713897705
8QTG,7.684999942779541
7G88,8.100000381469727
1KTT,6.9049999713897705
5NK5,8.100000381469727
7FCG,8.100000381469727
8GOF,8.100000381469727
5MXD,8.100000381469727
8U5C,8.100000381469727
7F9Y,7.684999942779541
7AO9,5.585000038146973
6CCY,8.100000381469727
6VRV,8.100000381469727
1MU6,8.100000381469727
6GVI,8.100000381469727
7DVQ,5.585000038146973
5BVW,8.100000381469727
3R1N,8.100000381469727
6Y9H,8.100000381469727
3V9V,8.100000381469727
9AU9,6.9049999713897705
6YVS,8.100000381469727
8EUC,5.585000038146973
6I0M,6.9049999713897705
2W7O,6.9049999713897705
2XYJ,8.100000381469727
5OWQ,8.100000381469727
1LHF,6.9049999713897705
4UYH,8.100000381469727
4NTJ,8.100000381469727
4F7S,8.100000381469727
4FMB,5.585000038146973
8V6W,7.684999942779541
2GTK,8.100000381469727
4N6Z,8.100000381469727
5TMR,8.100000381469727
7WQR,6.9049999713897705
3W69,8.100000381469727
6MOA,8.100000381469727
8STI,7.684999942779541
7T4I,8.100000381469727
5WU2,5.585000038146973
7JOU,8.100000381469727
4TO5,5.585000038146973
5DUG,8.100000381469727
5MME,8.100000381469727
8ARJ,8.100000381469727
8DU6,7.684999942779541
8BZI,7.684999942779541
3TU7,6.9049999713897705
4GS8,8.100000381469727
3ZDU,8.100000381469727
8E8D,6.9049999713897705
4MLE,7.684999942779541
9EEA,8.100000381469727
2Q61,8.100000381469727
7G8G,8.100000381469727
5RK4,8.100000381469727
4MNE,6.9049999713897705
2LRR,6.9049999713897705
2YI7,8.100000381469727
7MFF,8.100000381469727
9FZQ,5.585000038146973
3KMZ,8.100000381469727
9JBH,6.9049999713897705
2VGI,6.9049999713897705
2QA8,8.100000381469727
8IPZ,8.100000381469727
4CI5,8.100000381469727
3H9R,8.100000381469727
7FUX,7.684999942779541
6TOS,8.100000381469727
5KRL,8.100000381469727
5T97,8.100000381469727
8AM2,7.684999942779541
5Z90,6.9049999713897705
6X3D,8.100000381469727
7RS4,8.100000381469727
5UC3,8.100000381469727
5QFB,8.100000381469727
6IIQ,7.684999942779541
6UV5,6.9049999713897705
7MYJ,8.100000381469727
2ZK3,7.684999942779541
8QLS,7.684999942779541
3R6N,7.684999942779541
7KT4,6.9049999713897705
3FI4,8.100000381469727
6TUC,8.100000381469727
5N4Y,8.100000381469727
5ZF8,8.100000381469727
7D0P,6.9049999713897705
3ONB,6.9049999713897705
2XB7,8.100000381469727
6PDN,8.100000381469727
6YF3,8.100000381469727
6L17,8.100000381469727
2C9Y,5.585000038146973
3SXE,5.585000038146973
2ZWL,7.684999942779541
3F98,7.684999942779541
8ASF,7.684999942779541
8R9O,7.684999942779541
6BYY,7.684999942779541
6VEZ,5.585000038146973
3IXK,6.9049999713897705
7G0L,7.684999942779541
3KVF,7.684999942779541
4OGV,6.9049999713897705
4PX5,8.100000381469727
4IO8,8.100000381469727
4AOT,8.100000381469727
3SMM,8.100000381469727
5DL4,8.100000381469727
8PPI,6.9049999713897705
5U43,8.100000381469727
7O7K,8.100000381469727
5RKC,8.100000381469727
7O1W,8.100000381469727
5TMT,8.100000381469727
4RSY,8.100000381469727
4PRG,8.100000381469727
5S8V,8.100000381469727
7FV3,7.684999942779541
4NGS,8.100000381469727
8BYF,7.684999942779541
3DEI,8.100000381469727
1RRJ,8.100000381469727
5MZA,5.585000038146973
8HUK,6.9049999713897705
8QSK,8.100000381469727
8XWD,8.100000381469727
7MH1,5.585000038146973
8E5B,8.100000381469727
2VIZ,8.100000381469727
1T4V,8.100000381469727
3KAB,7.684999942779541
6JUU,8.100000381469727
3EJ8,8.100000381469727
5QDL,8.100000381469727
5H24,8.100000381469727
6T3C,8.100000381469727
8FKE,7.684999942779541
5W55,8.100000381469727
6QST,8.100000381469727
4JYV,8.100000381469727
5KRM,8.100000381469727
4QUH,7.684999942779541
7AVU,8.100000381469727
5YCP,8.100000381469727
1QJ6,8.100000381469727
6Z88,8.100000381469727
4IBL,7.684999942779541
3P17,8.100000381469727
3R8A,8.100000381469727
5JLZ,7.684999942779541
8Y8B,7.684999942779541
6Q9L,8.100000381469727
5Z12,8.100000381469727
6J65,6.9049999713897705
5KO1,8.100000381469727
7G82,8.100000381469727
6YIL,8.100000381469727
6FCX,8.100000381469727
5VO1,8.100000381469727
5TN9,8.100000381469727
3VJL,8.100000381469727
3GI3,8.100000381469727
6MC1,8.100000381469727
4CLJ,8.100000381469727
5ZKP,8.100000381469727
5UF0,8.100000381469727
1W9E,8.100000381469727
6CNJ,8.100000381469727
1PCG,8.100000381469727
6G0E,8.100000381469727
6MH7,8.100000381469727
2ZI7,8.100000381469727
5DXG,8.100000381469727
1GS4,8.100000381469727
7BJD,8.100000381469727
5Y2T,8.100000381469727
7RUW,7.684999942779541
1ZEH,8.100000381469727
4LOH,5.585000038146973
8CNP,6.9049999713897705
7H9U,5.585000038146973
7Z6L,8.100000381469727
3UWJ,6.9049999713897705
5Z5U,8.100000381469727
4KS7,8.100000381469727
4N6H,7.684999942779541
7G1V,7.684999942779541
5UAB,8.100000381469727
6T1V,8.100000381469727
4XIP,8.100000381469727
5BXC,7.684999942779541
7RKE,8.100000381469727
4D2R,8.100000381469727
7C7B,8.100000381469727
6R8J,8.100000381469727
6L6N,7.684999942779541
7G1C,7.684999942779541
9LVC,8.100000381469727
6SFR,8.100000381469727
5JMM,8.100000381469727
2QU3,8.100000381469727
8DMS,6.9049999713897705
4IVC,8.100000381469727
7OY5,8.100000381469727
3QCL,8.100000381469727
8PQ0,7.684999942779541
3PGF,7.684999942779541
4KE0,8.100000381469727
7E5I,8.100000381469727
6DWK,5.585000038146973
7E2H,8.100000381469727
5KCD,8.100000381469727
7R7S,6.9049999713897705
3BCJ,6.9049999713897705
4X4R,6.9049999713897705
7NRB,8.100000381469727
2D06,6.9049999713897705
2BXU,8.100000381469727
4CTB,8.100000381469727
2G47,7.684999942779541
1T5Z,8.100000381469727
8EOI,8.100000381469727
6ILZ,8.100000381469727
8K78,7.684999942779541
7FST,7.684999942779541
3BC5,8.100000381469727
5VCW,8.100000381469727
3BGQ,8.100000381469727
6LQX,8.100000381469727
9AS4,8.100000381469727
2OJ9,8.100000381469727
2V4L,8.100000381469727
7QHG,6.9049999713897705
4BC4,7.684999942779541
5U2E,8.100000381469727
5HZE,8.100000381469727
3D0B,8.100000381469727
6PMB,8.100000381469727
8TK3,7.684999942779541
8X7R,7.684999942779541
6WY5,7.684999942779541
6DI9,8.100000381469727
7MSR,6.9049999713897705
4DJH,8.100000381469727
7KX6,8.100000381469727
8E2M,7.684999942779541
8JFL,7.684999942779541
6QBH,8.100000381469727
4N9E,8.100000381469727
2WIJ,7.684999942779541
8UC9,7.684999942779541
3VRI,8.100000381469727
5HKG,8.100000381469727
4TO0,5.585000038146973
8OTT,7.684999942779541
7SCD,6.9049999713897705
4WHU,8.100000381469727
5DIG,8.100000381469727
5QDZ,8.100000381469727
7RXV,8.100000381469727
7M43,5.585000038146973
7RAN,8.100000381469727
7OLX,8.100000381469727
7G19,7.684999942779541
6IJS,8.100000381469727
3RNJ,7.684999942779541
8P7J,7.684999942779541
6HMR,8.100000381469727
3AQA,8.100000381469727
6UKX,8.100000381469727
7ZUN,8.100000381469727
6WNH,6.9049999713897705
3TU1,8.100000381469727
5QEQ,8.100000381469727
6SQE,8.100000381469727
6DXK,8.100000381469727
4AWO,8.100000381469727
7G8I,7.684999942779541
8PO4,7.684999942779541
7G8A,8.100000381469727
4POK,6.9049999713897705
1O5D,8.100000381469727
8CIJ,7.684999942779541
5UUI,8.100000381469727
3VBG,8.100000381469727
6VUM,7.684999942779541
5IN4,6.9049999713897705
8W03,8.100000381469727
4RZV,8.100000381469727
5EG3,6.9049999713897705
9DNM,8.100000381469727
7VBT,8.100000381469727
4GWK,5.585000038146973
5Q1F,8.100000381469727
4FRD,5.585000038146973
8DUG,7.684999942779541
6S89,8.100000381469727
4AGC,8.100000381469727
6MXE,8.100000381469727
7FZ3,7.684999942779541
6VGH,8.100000381469727
4L2Y,8.100000381469727
5W8J,8.100000381469727
6Q7F,8.100000381469727
1FA9,7.684999942779541
7REK,5.585000038146973
1RY0,6.9049999713897705
7B8W,6.9049999713897705
4HHY,8.100000381469727
4L44,8.100000381469727
6UQG,5.585000038146973
5DMF,8.100000381469727
2C0I,8.100000381469727
4QXQ,8.100000381469727
4ZWG,5.585000038146973
7QVJ,7.684999942779541
6CD4,8.100000381469727
8AQC,7.684999942779541
8BWJ,7.684999942779541
4TO4,5.585000038146973
3DZQ,8.100000381469727
8X7Q,8.100000381469727
8G0H,7.684999942779541
7MU7,8.100000381469727
2YIX,8.100000381469727
4BTK,8.100000381469727
6FZG,8.100000381469727
7MHZ,6.9049999713897705
5XST,8.100000381469727
8CQK,7.684999942779541
5FI4,8.100000381469727
7G84,7.684999942779541
2ZP0,7.684999942779541
4WV7,8.100000381469727
5TMO,8.100000381469727
3SP6,8.100000381469727
3B27,8.100000381469727
3B3K,8.100000381469727
2ANK,8.100000381469727
2YJ8,5.585000038146973
3QJZ,8.100000381469727
6T90,7.684999942779541
2WID,7.684999942779541
7AK3,8.100000381469727
7WGN,8.100000381469727
7F80,8.100000381469727
8EXU,7.684999942779541
4WDU,6.9049999713897705
3HNG,8.100000381469727
4YBT,8.100000381469727
5W9C,8.100000381469727
2QGW,8.100000381469727
7VPI,6.9049999713897705
2OCP,6.9049999713897705
4MR9,7.684999942779541
2B8O,7.684999942779541
8P72,7.684999942779541
3WC9,6.9049999713897705
3AHQ,8.100000381469727
3EE5,8.100000381469727
5AOJ,8.100000381469727
8B66,6.9049999713897705
1Q1M,8.100000381469727
7FVC,7.684999942779541
4ASE,8.100000381469727
3HLV,8.100000381469727
7EJV,8.100000381469727
8SO1,8.100000381469727
9EY2,5.585000038146973
4FMD,6.9049999713897705
7XN5,8.100000381469727
8B3R,6.9049999713897705
2YLO,8.100000381469727
8C3G,7.684999942779541
7RS7,8.100000381469727
7G8F,7.684999942779541
7UUU,8.100000381469727
7AW4,8.100000381469727
2HVC,8.100000381469727
8BW3,8.100000381469727
6CQU,7.684999942779541
2QCT,8.100000381469727
3R4M,8.100000381469727
7L0G,6.9049999713897705
4JTQ,8.100000381469727
5KZ7,8.100000381469727
5QD1,8.100000381469727
8PQF,7.684999942779541
3UIV,7.684999942779541
7M3J,8.100000381469727
7VD9,6.9049999713897705
4Z1V,7.684999942779541
5HF6,7.684999942779541
1G30,8.100000381469727
3PDF,5.585000038146973
6B2E,7.684999942779541
4NEM,8.100000381469727
3O23,6.9049999713897705
7KBS,8.100000381469727
8RB6,6.9049999713897705
4XUF,8.100000381469727
6EL5,8.100000381469727
8JD0,8.100000381469727
4ZYF,8.100000381469727
7G8T,7.684999942779541
6NW2,8.100000381469727
8PWK,5.585000038146973
4CWP,8.100000381469727
7FUU,7.684999942779541
2VV1,7.684999942779541
8BZJ,7.684999942779541
6X40,7.684999942779541
5TBM,8.100000381469727
3NZ0,8.100000381469727
6QAV,8.100000381469727
7FUS,7.684999942779541
2CF8,8.100000381469727
5Y2O,8.100000381469727
4BB9,6.9049999713897705
5Q1C,8.100000381469727
3OTB,5.585000038146973
5WGD,8.100000381469727
2WBI,8.100000381469727
1H1B,7.684999942779541
7A1B,8.100000381469727
3VWK,7.684999942779541
6ZY5,8.100000381469727
8HNC,8.100000381469727
7OB3,5.585000038146973
8V77,7.684999942779541
8CHF,8.100000381469727
6TD3,8.100000381469727
8GMC,8.100000381469727
8I0C,6.9049999713897705
9C18,6.9049999713897705
7ATU,8.100000381469727
7PRX,7.684999942779541
5S8W,8.100000381469727
6XIH,8.100000381469727
6I99,8.100000381469727
7S99,8.100000381469727
6Q4C,8.100000381469727
2QSE,8.100000381469727
3OPM,8.100000381469727
2H6H,7.684999942779541
6BMY,8.100000381469727
5WA5,8.100000381469727
7DPO,8.100000381469727
7AKF,8.100000381469727
4KNB,8.100000381469727
7EFQ,8.100000381469727
6BJO,8.100000381469727
7DH9,8.100000381469727
5AQW,8.100000381469727
4FTK,8.100000381469727
6AF9,8.100000381469727
8PVD,6.9049999713897705
4JVG,8.100000381469727
8BX0,7.684999942779541
3DT0,8.100000381469727
6GMR,8.100000381469727
6FYR,8.100000381469727
7AJ8,8.100000381469727
5DWG,8.100000381469727
8CSR,5.585000038146973
7Q13,6.9049999713897705
3LXN,8.100000381469727
5DRJ,8.100000381469727
7CHN,8.100000381469727
5HMH,8.100000381469727
1ZQ5,8.100000381469727
6DZW,8.100000381469727
3I81,8.100000381469727
7YAJ,6.9049999713897705
5UCI,8.100000381469727
5D24,8.100000381469727
5TLF,8.100000381469727
6PIT,7.684999942779541
2E2X,6.9049999713897705
3D5F,8.100000381469727
7FVK,7.684999942779541
3OMK,8.100000381469727
7FVD,7.684999942779541
6FR0,8.100000381469727
5HNI,8.100000381469727
5S93,8.100000381469727
4GJ7,8.100000381469727
2YHW,7.684999942779541
5EI1,8.100000381469727
2B7D,8.100000381469727
5DXB,8.100000381469727
5CS8,6.9049999713897705
8V1F,7.684999942779541
9CFZ,7.684999942779541
6EEB,8.100000381469727
7R9N,8.100000381469727
6JJ3,8.100000381469727
5EXA,8.100000381469727
1IMX,7.684999942779541
7HAP,8.100000381469727
4U41,8.100000381469727
7X3O,6.9049999713897705
4ODF,6.9049999713897705
3T9F,6.9049999713897705
2O28,6.9049999713897705
2YFX,8.100000381469727
7T9N,7.684999942779541
2R3H,8.100000381469727
5DKS,8.100000381469727
1J9C,7.684999942779541
6XRM,8.100000381469727
9GEK,7.684999942779541
4YLW,8.100000381469727
1GWQ,8.100000381469727
5AK2,8.100000381469727
4V24,8.100000381469727
3BV2,8.100000381469727
8IMY,7.684999942779541
8FEC,7.684999942779541
5URV,7.684999942779541
5URY,7.684999942779541
2JC6,8.100000381469727
7AVY,8.100000381469727
6NFY,8.100000381469727
3CLY,6.9049999713897705
2E3N,7.684999942779541
8ZMY,7.684999942779541
6WZV,6.9049999713897705
8IVG,7.684999942779541
4O38,7.684999942779541
7EM7,6.9049999713897705
6J0O,8.100000381469727
7CHM,8.100000381469727
5S8Z,8.100000381469727
7PJN,8.100000381469727
5TM1,8.100000381469727
7NN2,8.100000381469727
7M0T,8.100000381469727
8T3R,6.9049999713897705
2D4Q,8.100000381469727
2V4M,6.9049999713897705
5ACL,8.100000381469727
5X79,6.9049999713897705
3HCN,7.684999942779541
1SSP,5.585000038146973
7JXH,8.100000381469727
7VWF,7.684999942779541
4CWT,8.100000381469727
7AB2,8.100000381469727
6BRC,8.100000381469727
9B3N,7.684999942779541
8C6M,7.684999942779541
5RKE,8.100000381469727
3ML8,8.100000381469727
8JCX,8.100000381469727
8YGW,8.100000381469727
4QFY,6.9049999713897705
6Q9O,8.100000381469727
8BZF,7.684999942779541
7G9G,7.684999942779541
7UP5,8.100000381469727
7DHO,8.100000381469727
7O9Y,8.100000381469727
6RQ7,7.684999942779541
6N7D,8.100000381469727
5C50,8.100000381469727
8X5K,8.100000381469727
3ZLR,8.100000381469727
3B5R,8.100000381469727
8A62,7.684999942779541
6EIJ,8.100000381469727
4OTQ,8.100000381469727
6L1Z,8.100000381469727
4ZW1,8.100000381469727
1NZQ,8.100000381469727
2VJ6,8.100000381469727
3DUX,8.100000381469727
4ZI1,8.100000381469727
5DUH,8.100000381469727
4WDX,6.9049999713897705
3R8H,6.9049999713897705
8V78,7.684999942779541
5CJ7,5.585000038146973
8DUI,7.684999942779541
7N7L,8.100000381469727
1LHE,6.9049999713897705
3ZLN,8.100000381469727
4RXR,5.585000038146973
2LZG,8.100000381469727
4U42,8.100000381469727
5S8X,8.100000381469727
2QE4,8.100000381469727
7OVJ,8.100000381469727
7G8B,8.100000381469727
5M4H,8.100000381469727
4QG1,5.585000038146973
7K6O,8.100000381469727
9C57,6.9049999713897705
7LOT,8.100000381469727
5S8F,8.100000381469727
5DWE,8.100000381469727
4DWK,8.100000381469727
5IPJ,8.100000381469727
6PDO,8.100000381469727
4KO8,6.9049999713897705
2WF1,8.100000381469727
2Q6S,8.100000381469727
6U9A,8.100000381469727
4ZTH,8.100000381469727
6M4U,8.100000381469727
7ULL,8.100000381469727
3JYA,8.100000381469727
4X8U,8.100000381469727
5DWI,8.100000381469727
1XBO,8.100000381469727
5RJP,8.100000381469727
8TBS,6.9049999713897705
8D6F,8.100000381469727
5OWR,8.100000381469727
3GJR,7.684999942779541
5KPQ,8.100000381469727
5FDX,8.100000381469727
2YFE,8.100000381469727
5AZT,7.684999942779541
6H3E,7.684999942779541
4YQU,8.100000381469727
5T4H,8.100000381469727
1AWH,8.100000381469727
9BQE,7.684999942779541
6UKV,8.100000381469727
6UIP,8.100000381469727
2VX3,8.100000381469727
4MG6,8.100000381469727
2XE8,6.9049999713897705
6CPG,8.100000381469727
3KTM,7.684999942779541
5LAZ,8.100000381469727
5HOX,7.684999942779541
7FZO,7.684999942779541
7G8V,5.585000038146973
6MD9,8.100000381469727
2KQD,8.100000381469727
5AEN,8.100000381469727
5I3O,8.100000381469727
5IH9,8.100000381469727
2IZS,8.100000381469727
8UOJ,7.684999942779541
7O2V,8.100000381469727
7RRX,8.100000381469727
5EHO,8.100000381469727
6HWV,8.100000381469727
9AXF,8.100000381469727
3CKX,8.100000381469727
8X73,7.684999942779541
6HMU,8.100000381469727
7WQM,6.9049999713897705
4AYY,5.585000038146973
5ZYK,8.100000381469727
7UJY,8.100000381469727
7O9X,8.100000381469727
7UG1,5.585000038146973
4EQU,8.100000381469727
5U2D,8.100000381469727
3HUB,8.100000381469727
3VJK,8.100000381469727
3RLJ,8.100000381469727
2JF9,8.100000381469727
4ERE,8.100000381469727
8YF1,7.684999942779541
1FIT,7.684999942779541
3MDY,8.100000381469727
6Z2V,8.100000381469727
5MPN,8.100000381469727
6ZPT,7.684999942779541
1H8I,6.9049999713897705
7M2K,8.100000381469727
2CMW,8.100000381469727
2POG,8.100000381469727
4MH0,8.100000381469727
7RS2,8.100000381469727
7R9V,8.100000381469727
4HLW,8.100000381469727
5NWD,8.100000381469727
7MXG,8.100000381469727
2CHW,8.100000381469727
9C56,8.100000381469727
7NMX,8.100000381469727
7NPB,8.100000381469727
6RP6,8.100000381469727
6DO2,8.100000381469727
7OVN,8.100000381469727
7SU0,7.684999942779541
6VZL,8.100000381469727
5X28,8.100000381469727
6YT6,6.9049999713897705
4MXZ,8.100000381469727
1LD7,7.684999942779541
8FLM,7.684999942779541
4K0Y,8.100000381469727
4OJB,8.100000381469727
5GWJ,8.100000381469727
4GK3,8.100000381469727
1WSS,7.684999942779541
2I4J,8.100000381469727
7FVL,7.684999942779541
3T8M,8.100000381469727
7R9Y,8.100000381469727
3TH4,7.684999942779541
2FVJ,8.100000381469727
3GHS,6.9049999713897705
7RLJ,6.9049999713897705
3MB3,8.100000381469727
7AJV,8.100000381469727
3KWF,8.100000381469727
2VGG,6.9049999713897705
4HGE,8.100000381469727
4DJX,8.100000381469727
5UWD,8.100000381469727
7D0E,7.684999942779541
4JQ4,8.100000381469727
6HHJ,8.100000381469727
2BKA,6.9049999713897705
5N4N,8.100000381469727
5RJS,8.100000381469727
4TUZ,8.100000381469727
5IA5,8.100000381469727
5RKA,6.9049999713897705
8BYB,7.684999942779541
1G50,8.100000381469727
2QA6,8.100000381469727
6F8O,6.9049999713897705
3LFD,8.100000381469727
7PVS,7.684999942779541
5UU4,8.100000381469727
6X81,8.100000381469727
7P6T,7.684999942779541
6DW7,6.9049999713897705
6ALC,8.100000381469727
3GU8,8.100000381469727
3U6J,8.100000381469727
4JQ2,6.9049999713897705
6WXN,8.100000381469727
8UAP,7.684999942779541
2V3H,8.100000381469727
3ADS,8.100000381469727
7KHH,8.100000381469727
4C6F,8.100000381469727
5H19,8.100000381469727
3BHH,8.100000381469727
8WTA,6.9049999713897705
7FVY,7.684999942779541
5CGP,8.100000381469727
5T8F,8.100000381469727
3Q8R,6.9049999713897705
1WQV,7.684999942779541
1M17,8.100000381469727
6YF2,8.100000381469727
7FVN,7.684999942779541
6BQL,8.100000381469727
8HNH,8.100000381469727
3GHU,6.9049999713897705
4OFU,8.100000381469727
6LP7,8.100000381469727
1JCQ,7.684999942779541
5JFX,8.100000381469727
3QI1,8.100000381469727
5RJW,8.100000381469727
6W89,6.9049999713897705
2ZK4,7.684999942779541
5NYH,8.100000381469727
5Q0M,8.100000381469727
8EL9,6.9049999713897705
6EO6,6.9049999713897705
5TN3,8.100000381469727
2C3I,8.100000381469727
4LWI,8.100000381469727
5WS1,8.100000381469727
3OZ0,8.100000381469727
6GVA,8.100000381469727
5S94,8.100000381469727
7UAF,7.684999942779541
5HE3,8.100000381469727
2F0Y,5.585000038146973
8GJX,5.585000038146973
4DI2,8.100000381469727
8BX4,7.684999942779541
2W4O,5.585000038146973
4BAK,8.100000381469727
7Q7K,8.100000381469727
3UG2,8.100000381469727
2L84,8.100000381469727
5J95,8.100000381469727
5DYW,7.684999942779541
5U3X,8.100000381469727
6PFM,8.100000381469727
1J96,6.9049999713897705
8AAO,7.684999942779541
7QQG,7.684999942779541
5NN4,7.684999942779541
7AW1,8.100000381469727
5UEU,8.100000381469727
8FCA,7.684999942779541
6G73,6.9049999713897705
7L99,8.100000381469727
7QJG,8.100000381469727
7B32,8.100000381469727
7Q7I,8.100000381469727
5QIW,8.100000381469727
6HDP,8.100000381469727
2NPA,8.100000381469727
6LCB,5.585000038146973
6AFD,8.100000381469727
4P5Q,8.100000381469727
7RBE,5.585000038146973
1GWR,8.100000381469727
6ZPQ,7.684999942779541
7FVQ,7.684999942779541
5N4Z,8.100000381469727
7FZL,7.684999942779541
4TV1,8.100000381469727
6KHD,8.100000381469727
3QFA,8.100000381469727
6LX5,8.100000381469727
7RRZ,8.100000381469727
7C9W,7.684999942779541
5ZYM,8.100000381469727
2FAI,8.100000381469727
5UI4,8.100000381469727
3FJL,8.100000381469727
8FD8,6.9049999713897705
7YIT,7.684999942779541
5O13,8.100000381469727
3PEQ,8.100000381469727
8U57,7.684999942779541
7RTK,7.684999942779541
5VCJ,7.684999942779541
6J81,8.100000381469727
4WMT,7.684999942779541
3LW0,8.100000381469727
4EMA,8.100000381469727
5YXD,8.100000381469727
8X71,7.684999942779541
8U02,8.100000381469727
3AN3,8.100000381469727
5KCT,8.100000381469727
1C88,8.100000381469727
5ACB,8.100000381469727
6OVA,8.100000381469727
4QTC,8.100000381469727
4CD0,8.100000381469727
3GD2,8.100000381469727
5HGZ,6.9049999713897705
4FGY,7.684999942779541
6CQX,7.684999942779541
5QEZ,8.100000381469727
5HYK,8.100000381469727
2WI4,8.100000381469727
8UBZ,8.100000381469727
6IF0,8.100000381469727
4V3D,6.9049999713897705
6TDC,8.100000381469727
7VJL,8.100000381469727
5Z5S,8.100000381469727
6DWN,8.100000381469727
3A9E,8.100000381469727
3PBA,8.100000381469727
6CPF,6.9049999713897705
3X08,6.9049999713897705
5NK0,8.100000381469727
6NRG,8.100000381469727
4I24,8.100000381469727
7G90,7.684999942779541
7JWN,8.100000381469727
8Q7R,7.684999942779541
8TYQ,7.684999942779541
2BAW,7.684999942779541
3P89,8.100000381469727
6Q4F,8.100000381469727
9LIZ,6.9049999713897705
1WM0,8.100000381469727
4PY0,6.9049999713897705
5Y44,8.100000381469727
3I0F,7.684999942779541
5KM6,6.9049999713897705
1FHI,6.9049999713897705
7FRK,8.100000381469727
8BD8,7.684999942779541
3H3Q,8.100000381469727
2BVS,8.100000381469727
5CJ6,8.100000381469727
5RKH,8.100000381469727
7SIU,8.100000381469727
5LQ9,8.100000381469727
7L24,8.100000381469727
2VZ6,8.100000381469727
7CHT,8.100000381469727
5UOO,8.100000381469727
5N64,8.100000381469727
2Y7J,8.100000381469727
5HBH,8.100000381469727
4OEA,8.100000381469727
7BU4,8.100000381469727
5EQI,8.100000381469727
5EQE,8.100000381469727
7H9W,8.100000381469727
7XHY,7.684999942779541
5LO0,8.100000381469727
4F70,8.100000381469727
3W3M,8.100000381469727
7WGO,8.100000381469727
3R92,8.100000381469727
6VI4,8.100000381469727
3UGR,6.9049999713897705
2YDO,8.100000381469727
5UES,8.100000381469727
7HB6,8.100000381469727
6GGA,8.100000381469727
7VXG,8.100000381469727
5W0F,8.100000381469727
8TX8,7.684999942779541
6M93,8.100000381469727
7FUT,7.684999942779541
3VSP,8.100000381469727
7JWE,8.100000381469727
1QPF,8.100000381469727
4NKG,7.684999942779541
8Q6R,7.684999942779541
4F7L,8.100000381469727
5S98,8.100000381469727
5HMI,8.100000381469727
5QE4,8.100000381469727
1YUK,7.684999942779541
3VSO,8.100000381469727
3FAL,8.100000381469727
5VDA,8.100000381469727
6TNC,8.100000381469727
4CI4,8.100000381469727
7THS,6.9049999713897705
9IJP,5.585000038146973
1FF7,7.684999942779541
4JWR,8.100000381469727
5W5Q,8.100000381469727
5Q0X,8.100000381469727
6VXR,8.100000381469727
8X7P,7.684999942779541
8P73,7.684999942779541
8Z7W,7.684999942779541
2PRM,8.100000381469727
5DDD,8.100000381469727
5BYB,6.9049999713897705
7R60,8.100000381469727
4B77,8.100000381469727
5FXR,8.100000381469727
6VP0,6.9049999713897705
9AS7,8.100000381469727
7ONR,8.100000381469727
4P6X,8.100000381469727
5S91,8.100000381469727
1L2I,8.100000381469727
4I41,8.100000381469727
6V1K,8.100000381469727
4NYV,8.100000381469727
6FDZ,8.100000381469727
8JL4,7.684999942779541
2IOG,8.100000381469727
5HZI,8.100000381469727
2ZVT,8.100000381469727
6ZMJ,6.9049999713897705
2A0Q,7.684999942779541
9JD3,7.684999942779541
1T4E,8.100000381469727
5UYJ,8.100000381469727
4F6U,8.100000381469727
2WMS,8.100000381469727
5HBE,8.100000381469727
2YEG,8.100000381469727
1WV7,7.684999942779541
7FHT,8.100000381469727
8AUU,6.9049999713897705
4Z2W,7.684999942779541
6EO8,8.100000381469727
5RKF,8.100000381469727
2M9S,8.100000381469727
5DXQ,8.100000381469727
6KHF,8.100000381469727
5BN9,6.9049999713897705
5DX3,8.100000381469727
4YZC,8.100000381469727
6OAV,8.100000381469727
4MTA,8.100000381469727
3KMX,8.100000381469727
7SZD,7.684999942779541
4G2F,8.100000381469727
8WZJ,6.9049999713897705
3F3Y,7.684999942779541
8CK8,5.585000038146973
6LS5,6.9049999713897705
7G11,5.585000038146973
8IT6,5.585000038146973
5DDC,8.100000381469727
5H2Z,8.100000381469727
7AVZ,8.100000381469727
6TGU,8.100000381469727
7YMK,7.684999942779541
8FP1,7.684999942779541
5OAI,8.100000381469727
7FZB,7.684999942779541
6XE8,8.100000381469727
5NK1,8.100000381469727
3R5N,8.100000381469727
6D8X,8.100000381469727
4HXN,8.100000381469727
1DGB,6.9049999713897705
4EM9,7.684999942779541
7KTH,6.9049999713897705
6OD6,8.100000381469727
9C42,8.100000381469727
7BAC,8.100000381469727
5J6L,8.100000381469727
3SML,8.100000381469727
2H6F,7.684999942779541
5Z0S,8.100000381469727
7FVW,7.684999942779541
7A7H,8.100000381469727
8BIK,8.100000381469727
5RKN,8.100000381469727
1RHR,8.100000381469727
2JDR,8.100000381469727
8EXV,7.684999942779541
8CZA,6.9049999713897705
3S5Z,7.684999942779541
5CXY,7.684999942779541
7S2Y,8.100000381469727
5Q0P,8.100000381469727
8BYY,7.684999942779541
7BQ4,7.684999942779541
7QGB,8.100000381469727
6BQ8,5.585000038146973
4M12,8.100000381469727
5LLH,5.585000038146973
6GYO,5.585000038146973
3X0C,5.585000038146973
8FKC,7.684999942779541
7TJ9,6.9049999713897705
2ACS,6.9049999713897705
8UAQ,7.684999942779541
1JUJ,6.9049999713897705
5S7C,8.100000381469727
7PGU,6.9049999713897705
6ZUN,8.100000381469727
8X7H,7.684999942779541
5TLL,8.100000381469727
6Q1U,8.100000381469727
6NO8,8.100000381469727
7S9X,8.100000381469727
5AV4,8.100000381469727
6JJU,6.9049999713897705
4XX5,8.100000381469727
6Z50,8.100000381469727
5N93,8.100000381469727
5ENG,8.100000381469727
7G8E,7.684999942779541
5RKY,8.100000381469727
7JGW,8.100000381469727
4HXM,8.100000381469727
5KCF,8.100000381469727
8BYN,7.684999942779541
4JZD,8.100000381469727
6Z8W,6.9049999713897705
6ZPD,8.100000381469727
8UN3,7.684999942779541
4X2K,8.100000381469727
3DEJ,8.100000381469727
2Q6J,8.100000381469727
8UOL,7.684999942779541
6EGD,8.100000381469727
4BG6,6.9049999713897705
3CGO,8.100000381469727
6Y1P,8.100000381469727
1YC3,8.100000381469727
7SR6,6.9049999713897705
3K22,8.100000381469727
3EPB,7.684999942779541
7KTD,6.9049999713897705
8U0H,6.9049999713897705
9LJ1,7.684999942779541
8TUC,7.684999942779541
4GK4,8.100000381469727
7JUO,8.100000381469727
7UP6,8.100000381469727
3TN8,8.100000381469727
6M3I,8.100000381469727
4CYG,8.100000381469727
5S9E,8.100000381469727
2F9P,7.684999942779541
5TMW,8.100000381469727
1FKB,8.100000381469727
1SNU,8.100000381469727
4PPS,8.100000381469727
6HP9,8.100000381469727
5C91,8.100000381469727
7FQH,7.684999942779541
7QRB,7.684999942779541
7H9P,8.100000381469727
5N1X,8.100000381469727
4M13,8.100000381469727
6XBM,8.100000381469727
2VAG,8.100000381469727
2ZNN,8.100000381469727
6DW5,5.585000038146973
6WNY,8.100000381469727
9BMH,6.9049999713897705
3WZE,8.100000381469727
6RJL,8.100000381469727
3SVH,8.100000381469727
5RKT,8.100000381469727
8DV7,7.684999942779541
2R3J,8.100000381469727
8DC8,8.100000381469727
5KJ2,8.100000381469727
4OCC,6.9049999713897705
5KM3,6.9049999713897705
2I4Z,8.100000381469727
5JFS,8.100000381469727
2P4Y,8.100000381469727
8TBU,7.684999942779541
6Q96,8.100000381469727
7K15,8.100000381469727
7YI7,7.684999942779541
4YKQ,8.100000381469727
3N8I,8.100000381469727
1LHD,6.9049999713897705
7TE7,8.100000381469727
7QVL,7.684999942779541
4TO2,5.585000038146973
3H44,7.684999942779541
7JYS,8.100000381469727
4G8L,5.585000038146973
7BR3,7.684999942779541
6KUW,8.100000381469727
8T99,5.585000038146973
5UVW,8.100000381469727
1EV3,8.100000381469727
4XCT,8.100000381469727
8Q9S,8.100000381469727
8WM9,8.100000381469727
6ZFH,7.684999942779541
7AJ5,8.100000381469727
7FRZ,6.9049999713897705
8OG9,7.684999942779541
2QD1,8.100000381469727
6CBZ,8.100000381469727
5RK8,8.100000381469727
4RER,7.684999942779541
5Q0L,8.100000381469727
5QIP,8.100000381469727
6Y99,5.585000038146973
5SAU,8.100000381469727
9B14,7.684999942779541
2BRM,8.100000381469727
8X7M,5.585000038146973
5I9V,6.9049999713897705
6CZ5,5.585000038146973
2ACU,6.9049999713897705
8PA6,7.684999942779541
1E2E,6.9049999713897705
6KBA,8.100000381469727
2IZT,8.100000381469727
6E5A,8.100000381469727
6BFD,6.9049999713897705
1HE4,6.9049999713897705
5KTW,8.100000381469727
6SUO,8.100000381469727
7AO8,5.585000038146973
2XCV,5.585000038146973
5TVT,8.100000381469727
8HND,8.100000381469727
8T47,5.585000038146973
3QDD,8.100000381469727
3POO,8.100000381469727
7GSF,8.100000381469727
4WMX,7.684999942779541
4TNR,5.585000038146973
8BYE,7.684999942779541
4TNB,8.100000381469727
5TEL,8.100000381469727
2JFL,5.585000038146973
7OQW,8.100000381469727
4RN0,8.100000381469727
3L4W,7.684999942779541
5ACC,8.100000381469727
2R2J,7.684999942779541
8W6C,8.100000381469727
8TRW,7.684999942779541
7SQL,7.684999942779541
7YNQ,7.684999942779541
3HG4,7.684999942779541
4KXB,8.100000381469727
8EBT,5.585000038146973
9ESZ,8.100000381469727
4GJ3,8.100000381469727
6QXK,8.100000381469727
3FC6,8.100000381469727
2D7R,7.684999942779541
3X1I,7.684999942779541
6A4I,8.100000381469727
3BL9,8.100000381469727
6YVK,6.9049999713897705
7YXR,8.100000381469727
5Y49,8.100000381469727
6QCD,6.9049999713897705
6WFK,6.9049999713897705
3SP5,8.100000381469727
7LAZ,8.100000381469727
5TF8,6.9049999713897705
4ZNH,8.100000381469727
6JWA,8.100000381469727
8G1U,8.100000381469727
5AQZ,8.100000381469727
6FW2,6.9049999713897705
2VUW,8.100000381469727
7MIH,8.100000381469727
1DGH,6.9049999713897705
7B4C,8.100000381469727
6AY3,8.100000381469727
3A7I,8.100000381469727
2V7A,8.100000381469727
5RK3,8.100000381469727
6WH4,8.100000381469727
7BG3,8.100000381469727
5DXR,8.100000381469727
3DKO,8.100000381469727
6IZM,8.100000381469727
5Q1I,8.100000381469727
5ENH,8.100000381469727
4RWA,7.684999942779541
5U3S,8.100000381469727
7WTC,8.100000381469727
6RQ4,8.100000381469727
6EYB,8.100000381469727
2FJM,6.9049999713897705
8HUL,6.9049999713897705
5KTX,8.100000381469727
6CM4,8.100000381469727
3WZJ,8.100000381469727
7M5Z,8.100000381469727
6LIL,7.684999942779541
8G5D,6.9049999713897705
6S39,8.100000381469727
7R4M,6.9049999713897705
2JBU,7.684999942779541
6LKM,6.9049999713897705
7PW8,5.585000038146973
7RUX,7.684999942779541
5VDH,8.100000381469727
7AB1,8.100000381469727
5K7G,8.100000381469727
4X8T,8.100000381469727
5TN7,8.100000381469727
4JOC,7.684999942779541
7NKE,8.100000381469727
8HUO,7.684999942779541
5AAU,8.100000381469727
6N79,8.100000381469727
6LP6,8.100000381469727
3QCF,8.100000381469727
6SQF,8.100000381469727
6L13,8.100000381469727
6N8G,8.100000381469727
5S97,8.100000381469727
5OLG,8.100000381469727
7UGL,7.684999942779541
7UJM,8.100000381469727
8G67,8.100000381469727
1T84,8.100000381469727
3FT8,8.100000381469727
3FVU,8.100000381469727
8PM3,7.684999942779541
6Y9R,8.100000381469727
5TM9,8.100000381469727
3ZSI,8.100000381469727
5I3R,8.100000381469727
7G99,7.684999942779541
8S88,8.100000381469727
5EQH,8.100000381469727
1OIP,8.100000381469727
3QCJ,8.100000381469727
9FSH,7.684999942779541
4G0V,8.100000381469727
6C99,8.100000381469727
5WU3,5.585000038146973
5ZXF,8.100000381469727
7FYF,7.684999942779541
5O8V,8.100000381469727
6R6X,8.100000381469727
6GVH,8.100000381469727
9CTV,6.9049999713897705
3FEI,8.100000381469727
5U2C,8.100000381469727
7LAK,8.100000381469727
5TM3,8.100000381469727
2YE5,8.100000381469727
8HLP,7.684999942779541
7FVF,7.684999942779541
7KK5,8.100000381469727
3U10,5.585000038146973
6SMA,7.684999942779541
5U3T,8.100000381469727
8JEW,8.100000381469727
5OCI,8.100000381469727
7S1R,8.100000381469727
8AKA,6.9049999713897705
6ZOQ,8.100000381469727
5XQD,8.100000381469727
6NUB,7.684999942779541
4M0Y,8.100000381469727
7BSU,7.684999942779541
7X3M,6.9049999713897705
3OP5,8.100000381469727
7ATS,8.100000381469727
7DHN,8.100000381469727
7YBP,7.684999942779541
2BVX,8.100000381469727
5S8I,8.100000381469727
6ZGV,7.684999942779541
2V3O,8.100000381469727
2QZL,6.9049999713897705
4UDW,8.100000381469727
2H55,8.100000381469727
2JH0,5.585000038146973
9FET,8.100000381469727
6HMP,8.100000381469727
7FSV,8.100000381469727
7FS1,6.9049999713897705
5ENB,8.100000381469727
7AVT,8.100000381469727
6ZMK,6.9049999713897705
5FTO,8.100000381469727
6L15,8.100000381469727
6FBO,5.585000038146973
3GOK,8.100000381469727
5O0Y,6.9049999713897705
8UO9,7.684999942779541
1M48,8.100000381469727
8DHG,8.100000381469727
6NF1,8.100000381469727
5KPP,8.100000381469727
6B0F,8.100000381469727
8E8C,6.9049999713897705
6WFV,5.585000038146973
5ZGG,8.100000381469727
3KMR,8.100000381469727
8REJ,7.684999942779541
5H15,8.100000381469727
6F3I,8.100000381469727
2XJ2,8.100000381469727
8T82,7.684999942779541
2UVZ,8.100000381469727
6YVL,6.9049999713897705
6F84,6.9049999713897705
5WGQ,8.100000381469727
3Q6E,8.100000381469727
5Y3O,8.100000381469727
5HF5,7.684999942779541
5FGK,8.100000381469727
7Z6H,6.9049999713897705
8R1A,6.9049999713897705
7G95,5.585000038146973
5Q1G,8.100000381469727
7BQ2,8.100000381469727
1ZKY,8.100000381469727
4B99,8.100000381469727
5N5M,8.100000381469727
5EGV,8.100000381469727
1I0Z,6.9049999713897705
3QCG,8.100000381469727
2I17,6.9049999713897705
3OTF,5.585000038146973
5RKX,5.585000038146973
3RT3,7.684999942779541
1LHG,6.9049999713897705
5A1I,5.585000038146973
2BZ6,8.100000381469727
8X92,7.684999942779541
1AI8,8.100000381469727
8XY7,7.684999942779541
6MH1,8.100000381469727
2PKL,8.100000381469727
6MXZ,8.100000381469727
7FVB,7.684999942779541
5WRY,8.100000381469727
2XJC,6.9049999713897705
7AQT,8.100000381469727
7FVJ,7.684999942779541
3O8X,7.684999942779541
2BIL,8.100000381469727
2RKZ,7.684999942779541
6S86,5.585000038146973
1PYN,8.100000381469727
7ZI3,6.9049999713897705
8DSZ,8.100000381469727
7SZC,7.684999942779541
8D0Q,7.684999942779541
5EXW,6.9049999713897705
6IAR,8.100000381469727
4NYX,8.100000381469727
5U6J,6.9049999713897705
5U2F,8.100000381469727
2BXT,8.100000381469727
3IFW,7.684999942779541
5QD0,8.100000381469727
8OP9,7.684999942779541
9BU7,6.9049999713897705
6PSJ,8.100000381469727
1XK5,5.585000038146973
2HZQ,7.684999942779541
7KKE,8.100000381469727
7G9I,7.684999942779541
9F7W,8.100000381469727
3I25,8.100000381469727
3ZS2,8.100000381469727
8XSM,8.100000381469727
4ZNT,8.100000381469727
3V49,8.100000381469727
9ET7,8.100000381469727
6JJ5,8.100000381469727
8JCV,8.100000381469727
7MTB,8.100000381469727
8BX9,7.684999942779541
1MU8,8.100000381469727
5RJZ,8.100000381469727
3PO9,7.684999942779541
5TLV,8.100000381469727
4ZNW,8.100000381469727
5C5A,8.100000381469727
6FQT,8.100000381469727
6ITM,8.100000381469727
6QE1,8.100000381469727
5Q16,8.100000381469727
7DH3,8.100000381469727
8T5K,7.684999942779541
7ERA,6.9049999713897705
6Q4A,8.100000381469727
8E8B,6.9049999713897705
1CBS,8.100000381469727
7ONS,8.100000381469727
1H8D,8.100000381469727
2VSL,7.684999942779541
7O20,8.100000381469727
6AWO,8.100000381469727
9INV,8.100000381469727
2FWZ,8.100000381469727
4JXF,8.100000381469727
9LJ5,6.9049999713897705
6UKW,8.100000381469727
7ZU2,8.100000381469727
3O8T,8.100000381469727
2DOH,7.684999942779541
1A3B,6.9049999713897705
6G34,8.100000381469727
1GCQ,7.684999942779541
3KDT,8.100000381469727
4N3B,6.9049999713897705
7O70,8.100000381469727
2VO7,8.100000381469727
5WIJ,8.100000381469727
2RJ8,7.684999942779541
7B1Q,8.100000381469727
4FSN,8.100000381469727
4WZV,8.100000381469727
6L11,8.100000381469727
7N3R,5.585000038146973
7AEI,8.100000381469727
8PAU,7.684999942779541
6M2B,8.100000381469727
3KA0,8.100000381469727
4V26,8.100000381469727
6C5T,8.100000381469727
6XEE,8.100000381469727
5Q0S,8.100000381469727
6NJA,8.100000381469727
1O0D,8.100000381469727
4FV1,8.100000381469727
6CJF,8.100000381469727
4XZ4,8.100000381469727
8HL7,6.9049999713897705
8HCK,8.100000381469727
5AND,8.100000381469727
6TND,8.100000381469727
8BYD,7.684999942779541
6UO8,5.585000038146973
1YND,8.100000381469727
5Q12,8.100000381469727
5QQM,8.100000381469727
5ED2,5.585000038146973
2WIK,7.684999942779541
7KT3,5.585000038146973
1QKM,8.100000381469727
2RCW,8.100000381469727
4HG7,8.100000381469727
5NLK,8.100000381469727
5J3J,8.100000381469727
8AAP,7.684999942779541
3E3E,7.684999942779541
1K22,8.100000381469727
4W8D,8.100000381469727
4O0Y,8.100000381469727
1NMQ,6.9049999713897705
5W0L,8.100000381469727
4R07,8.100000381469727
8JNZ,7.684999942779541
5VD3,8.100000381469727
9BC7,7.684999942779541
5S7V,8.100000381469727
6XLO,8.100000381469727
9CGB,7.684999942779541
1FAK,7.684999942779541
3TO4,7.684999942779541
2FES,8.100000381469727
1XJD,8.100000381469727
7LU5,6.9049999713897705
4RXS,6.9049999713897705
7P4E,6.9049999713897705
2ZO3,8.100000381469727
5AFZ,6.9049999713897705
6HMC,8.100000381469727
3FD5,6.9049999713897705
5Z1R,8.100000381469727
5DTV,8.100000381469727
5T1W,8.100000381469727
4ISH,8.100000381469727
7GTR,8.100000381469727
7E0G,6.9049999713897705
4CTC,8.100000381469727
5DIE,8.100000381469727
4IW8,8.100000381469727
8QTH,7.684999942779541
6ENQ,6.9049999713897705
6W44,8.100000381469727
5BO6,7.684999942779541
7LH7,5.585000038146973
8FVF,8.100000381469727
6P3D,8.100000381469727
6AF5,8.100000381469727
5I88,8.100000381469727
5DKE,8.100000381469727
7CD9,8.100000381469727
3CDS,8.100000381469727
5QE3,8.100000381469727
7SFL,6.9049999713897705
7NWK,8.100000381469727
3LZ5,6.9049999713897705
6UKY,8.100000381469727
6WUZ,7.684999942779541
2XKW,8.100000381469727
3X1H,7.684999942779541
6F2U,6.9049999713897705
4AYT,6.9049999713897705
4A4V,8.100000381469727
5HNU,6.9049999713897705
9CQC,5.585000038146973
7XYH,7.684999942779541
2IL2,8.100000381469727
8KEI,6.9049999713897705
7APO,8.100000381469727
1ERE,8.100000381469727
6SLW,8.100000381469727
5RKO,8.100000381469727
6HXF,8.100000381469727
8P71,7.684999942779541
3FEJ,8.100000381469727
3SW4,8.100000381469727
7NEL,8.100000381469727
7ERB,6.9049999713897705
2ZK1,8.100000381469727
3HMP,8.100000381469727
6AFA,8.100000381469727
8V72,7.684999942779541
9IWO,8.100000381469727
5Y93,8.100000381469727
5S76,8.100000381469727
4QXR,8.100000381469727
5KPZ,5.585000038146973
7G1R,7.684999942779541
4PNZ,5.585000038146973
4RFM,5.585000038146973
3BHT,8.100000381469727
6DCU,8.100000381469727
3U6H,8.100000381469727
5O8U,8.100000381469727
1BHX,6.9049999713897705
4V3E,6.9049999713897705
8DV5,7.684999942779541
6YIJ,8.100000381469727
7C2Z,8.100000381469727
4TO1,5.585000038146973
2VEY,6.9049999713897705
4Z6A,7.684999942779541
9GR0,8.100000381469727
6X1M,6.9049999713897705
7G9B,7.684999942779541
6BTY,7.684999942779541
5S8E,8.100000381469727
5G6V,8.100000381469727
3EB1,8.100000381469727
4XVD,6.9049999713897705
4BC6,8.100000381469727
5TMS,8.100000381469727
1UZE,8.100000381469727
8JPF,7.684999942779541
8REV,5.585000038146973
5DV2,6.9049999713897705
3JYJ,8.100000381469727
4MPV,8.100000381469727
8RHG,7.684999942779541
2WF2,8.100000381469727
6IEZ,8.100000381469727
7LA9,8.100000381469727
5MQK,8.100000381469727
7UN7,5.585000038146973
8OV6,6.9049999713897705
4IAA,8.100000381469727
2NRY,8.100000381469727
6OQA,8.100000381469727
6NTN,7.684999942779541
1GZY,6.9049999713897705
3VEY,7.684999942779541
2A9J,5.585000038146973
5QIG,8.100000381469727
8OME,6.9049999713897705
2PX6,7.684999942779541
2VGL,5.585000038146973
3L3M,8.100000381469727
6CZ1,8.100000381469727
1PKD,8.100000381469727
2QAB,8.100000381469727
7VWH,8.100000381469727
3T42,6.9049999713897705
5JJM,8.100000381469727
7HB1,8.100000381469727
6IN1,8.100000381469727
7D3E,6.9049999713897705
8AOY,7.684999942779541
4PP6,8.100000381469727
8SS7,8.100000381469727
9KRH,7.684999942779541
5XF1,6.9049999713897705
6UX9,8.100000381469727
3LXP,8.100000381469727
7K71,8.100000381469727
5TES,6.9049999713897705
8JL3,6.9049999713897705
2H52,5.585000038146973
7G8P,5.585000038146973
6YMO,8.100000381469727
7ZVT,5.585000038146973
8TSB,7.684999942779541
4IU7,8.100000381469727
4LSJ,8.100000381469727
2FHI,6.9049999713897705
5DXM,8.100000381469727
5H1U,7.684999942779541
6NN4,6.9049999713897705
6W2L,6.9049999713897705
8UQ7,7.684999942779541
2HRQ,7.684999942779541
5RKI,8.100000381469727
6Y6F,8.100000381469727
5TLX,8.100000381469727
3SOA,8.100000381469727
4KIK,8.100000381469727
4IVY,8.100000381469727
5LO1,8.100000381469727
3ADT,8.100000381469727
6V87,8.100000381469727
6PZP,8.100000381469727
7AAC,8.100000381469727
2X7F,8.100000381469727
6X85,8.100000381469727
8U56,7.684999942779541
6FNC,8.100000381469727
3OQF,8.100000381469727
7OBL,8.100000381469727
3HO0,8.100000381469727
3QPV,6.9049999713897705
6AFC,8.100000381469727
6YTG,8.100000381469727
2BU7,8.100000381469727
8QNH,7.684999942779541
9JD9,6.9049999713897705
1BCU,8.100000381469727
3I4B,8.100000381469727
5IA4,8.100000381469727
4A9F,8.100000381469727
4W7T,8.100000381469727
8WEJ,6.9049999713897705
4K33,6.9049999713897705
5TMQ,8.100000381469727
5TMZ,8.100000381469727
7NFY,5.585000038146973
5QCX,8.100000381469727
5Q0V,8.100000381469727
6ZOS,8.100000381469727
6HLP,8.100000381469727
3R58,6.9049999713897705
7DG4,8.100000381469727
8HHP,8.100000381469727
3GZ9,7.684999942779541
5YV9,8.100000381469727
6EIR,8.100000381469727
8X2A,8.100000381469727
5DLR,8.100000381469727
7FVO,7.684999942779541
8BY9,7.684999942779541
4Q93,8.100000381469727
3HOD,8.100000381469727
3VZV,8.100000381469727
6WGT,8.100000381469727
6YIM,8.100000381469727
5Y1J,8.100000381469727
6TLP,8.100000381469727
6ZUU,8.100000381469727
7DPN,8.100000381469727
6V0U,8.100000381469727
3HU2,6.9049999713897705
4E5W,8.100000381469727
3F8S,8.100000381469727
7FQO,7.684999942779541
7TRB,8.100000381469727
2BIK,8.100000381469727
8BDM,7.684999942779541
7JGV,8.100000381469727
3LS8,8.100000381469727
5UR1,8.100000381469727
7NV1,5.585000038146973
5H25,8.100000381469727
1KV1,8.100000381469727
5KRO,8.100000381469727
4BJX,8.100000381469727
5DZ1,8.100000381469727
7JP3,8.100000381469727
9EWY,8.100000381469727
5TM4,8.100000381469727
4R95,8.100000381469727
5Z8R,6.9049999713897705
8DGS,6.9049999713897705
7R4P,8.100000381469727
7W7X,8.100000381469727
1AIX,5.585000038146973
6VKQ,8.100000381469727
8IJR,7.684999942779541
7KSJ,8.100000381469727
7FJF,6.9049999713897705
2OUZ,8.100000381469727
8VNX,7.684999942779541
5FBX,8.100000381469727
4F7J,8.100000381469727
6QCN,6.9049999713897705
8J03,8.100000381469727
6DWJ,5.585000038146973
6KXX,8.100000381469727
2FKE,8.100000381469727
7MR5,5.585000038146973
5Q0W,6.9049999713897705
6CNX,8.100000381469727
5TMU,8.100000381469727
1O7S,7.684999942779541
7FIC,8.100000381469727
5S90,8.100000381469727
7RS9,8.100000381469727
3WMH,8.100000381469727
5S8R,8.100000381469727
7UKZ,7.684999942779541
7U99,7.684999942779541
7NEZ,8.100000381469727
5AM7,8.100000381469727
7Z5X,8.100000381469727
4TQB,5.585000038146973
2VWX,8.100000381469727
6P0M,5.585000038146973
4JVS,5.585000038146973
3GBK,8.100000381469727
4PVU,8.100000381469727
5GSA,8.100000381469727
5RJJ,8.100000381469727
6F7Q,7.684999942779541
4AGL,8.100000381469727
5LRZ,8.100000381469727
6F81,6.9049999713897705
7G81,8.100000381469727
7FT0,8.100000381469727
7TD4,8.100000381469727
6VKK,8.100000381469727
4IUI,8.100000381469727
6GGN,8.100000381469727
3OWD,8.100000381469727
4MS1,7.684999942779541
2VEV,6.9049999713897705
6NQ2,6.9049999713897705
6L12,8.100000381469727
6KZI,8.100000381469727
4GSS,7.684999942779541
5DKG,8.100000381469727
5SCD,6.9049999713897705
5U3V,7.684999942779541
6WI3,5.585000038146973
6L96,8.100000381469727
4XI9,7.684999942779541
4OIV,8.100000381469727
7V3S,8.100000381469727
3CST,8.100000381469727
4OFR,8.100000381469727
7U8D,8.100000381469727
3BUH,8.100000381469727
2WIG,7.684999942779541
5UVX,8.100000381469727
5UEP,8.100000381469727
5MMG,8.100000381469727
5DYX,8.100000381469727
6OPI,8.100000381469727
7CR4,8.100000381469727
7ZRB,5.585000038146973
5F9B,8.100000381469727
7WEU,7.684999942779541
5RKQ,8.100000381469727
3V2W,6.9049999713897705
2YJA,8.100000381469727
6ZCD,8.100000381469727
6DWD,5.585000038146973
5H1V,8.100000381469727
4CRL,8.100000381469727
8BDX,7.684999942779541
4AGM,8.100000381469727
1QKT,8.100000381469727
8ARW,7.684999942779541
4MGK,5.585000038146973
5EP7,8.100000381469727
3G2S,7.684999942779541
5J2X,8.100000381469727
5WUU,8.100000381469727
6MDB,8.100000381469727
7D3Y,5.585000038146973
8HLT,7.684999942779541
5MO3,7.684999942779541
8F7U,6.9049999713897705
6CJH,8.100000381469727
5H85,8.100000381469727
7AVS,8.100000381469727
4Y03,8.100000381469727
4ZNU,8.100000381469727
5VO4,8.100000381469727
3JS2,8.100000381469727
6DF6,8.100000381469727
4GK2,8.100000381469727
4H3J,8.100000381469727
7BDI,5.585000038146973
3EJ1,8.100000381469727
8ENJ,6.9049999713897705
7AOS,8.100000381469727
7CQE,8.100000381469727
8DBE,6.9049999713897705
2RDU,8.100000381469727
3OS9,8.100000381469727
1V1T,8.100000381469727
5JFV,8.100000381469727
7N3N,6.9049999713897705
2NO6,6.9049999713897705
7G9J,7.684999942779541
2VGF,6.9049999713897705
7LM2,8.100000381469727
5VD7,8.100000381469727
8BFF,7.684999942779541
4QIM,8.100000381469727
5TN5,8.100000381469727
1W8C,8.100000381469727
6T6F,7.684999942779541
6GQQ,8.100000381469727
7DHK,8.100000381469727
8V70,7.684999942779541
7KHJ,8.100000381469727
3TNW,8.100000381469727
5Y94,8.100000381469727
6Z5B,8.100000381469727
7R62,8.100000381469727
7YAW,6.9049999713897705
7XI0,8.100000381469727
7ZLP,6.9049999713897705
7W0G,8.100000381469727
7FXF,7.684999942779541
7P1L,8.100000381469727
4U6Q,6.9049999713897705
6MA1,8.100000381469727
2VD5,8.100000381469727
7SHP,5.585000038146973
8UH0,7.684999942779541
2G94,6.9049999713897705
6Y3U,6.9049999713897705
7T0Q,6.9049999713897705
7KW1,8.100000381469727
6BRJ,8.100000381469727
8K6L,7.684999942779541
8BI5,7.684999942779541
5AAV,8.100000381469727
8F5X,7.684999942779541
7C7F,6.9049999713897705
3ADW,8.100000381469727
7ERE,6.9049999713897705
6TJM,8.100000381469727
6A5W,8.100000381469727
7OTP,6.9049999713897705
1RW8,8.100000381469727
6FCJ,8.100000381469727
1XU9,6.9049999713897705
7BZT,7.684999942779541
8BXQ,7.684999942779541
2BU6,6.9049999713897705
4HBN,5.585000038146973
9FGC,7.684999942779541
8WGB,7.684999942779541
5QE9,8.100000381469727
5S95,8.100000381469727
8BF2,7.684999942779541
8U27,7.684999942779541
3LBK,8.100000381469727
3W33,8.100000381469727
3NPC,8.100000381469727
1UEI,6.9049999713897705
1ZNJ,8.100000381469727
6X4H,8.100000381469727
4L1X,6.9049999713897705
4N3C,6.9049999713897705
1WUN,7.684999942779541
7BDP,8.100000381469727
5U98,8.100000381469727
3R91,8.100000381469727
6G38,8.100000381469727
9CTG,7.684999942779541
6X5P,8.100000381469727
6FNI,8.100000381469727
5YAK,8.100000381469727
6LLE,6.9049999713897705
6X86,8.100000381469727
3NAY,8.100000381469727
5MPZ,8.100000381469727
7M3G,8.100000381469727
7QFO,6.9049999713897705
4O7C,8.100000381469727
3EPA,7.684999942779541
3UWE,6.9049999713897705
6N3Y,8.100000381469727
5TGZ,8.100000381469727
7CLH,8.100000381469727
6OLX,8.100000381469727
5TN6,8.100000381469727
2AOA,8.100000381469727
5LRQ,8.100000381469727
6NPN,8.100000381469727
6PDI,8.100000381469727
7OQG,8.100000381469727
6O67,8.100000381469727
7EM2,6.9049999713897705
6AXQ,8.100000381469727
2ZMF,5.585000038146973
2PQF,8.100000381469727
4LZ1,5.585000038146973
7EM8,6.9049999713897705
3RDH,8.100000381469727
5HDU,8.100000381469727
5U3Z,8.100000381469727
3PRE,8.100000381469727
4FM8,8.100000381469727
2RFS,6.9049999713897705
5OKO,7.684999942779541
7G8K,7.684999942779541
7SQB,7.684999942779541
4QOF,8.100000381469727
8OFA,5.585000038146973
7AJM,8.100000381469727
1YIM,8.100000381469727
8BOX,6.9049999713897705
5Q13,8.100000381469727
4X93,7.684999942779541
2XYD,7.684999942779541
3OMM,8.100000381469727
4AZ2,5.585000038146973
3U9Q,7.684999942779541
3U11,5.585000038146973
1PXO,8.100000381469727
2QH6,8.100000381469727
7N2M,6.9049999713897705
7FV8,7.684999942779541
1T2A,6.9049999713897705
3IA6,8.100000381469727
6C1B,8.100000381469727
5N5L,8.100000381469727
1UNQ,5.585000038146973
4EUT,8.100000381469727
5C27,8.100000381469727
4US0,8.100000381469727
3R8I,8.100000381469727
6IO0,8.100000381469727
7Q7L,8.100000381469727
7G97,8.100000381469727
8ADF,7.684999942779541
5MAF,8.100000381469727
7AJ7,8.100000381469727
2RDT,8.100000381469727
5RKW,8.100000381469727
8BXN,7.684999942779541
5RJV,8.100000381469727
4L8Z,8.100000381469727
7G9A,7.684999942779541
5RKV,8.100000381469727
5I8A,8.100000381469727
5BV6,5.585000038146973
4X3J,8.100000381469727
4XUD,8.100000381469727
5RKR,8.100000381469727
8FJZ,7.684999942779541
6W4C,8.100000381469727
2VJ9,8.100000381469727
6K0T,8.100000381469727
8F1Z,7.684999942779541
6OPL,6.9049999713897705
7XYD,8.100000381469727
4RKA,8.100000381469727
3DHK,8.100000381469727
4HMN,6.9049999713897705
5MRH,8.100000381469727
1HTI,6.9049999713897705
5TBE,8.100000381469727
7RCL,7.684999942779541
3ET3,8.100000381469727
7FX8,7.684999942779541
7SSE,8.100000381469727
8PT9,7.684999942779541
3F2N,8.100000381469727
8PTZ,8.100000381469727
5QDR,5.585000038146973
4OLM,8.100000381469727
9CBL,8.100000381469727
6M91,8.100000381469727
4KLR,7.684999942779541
6G36,8.100000381469727
6EL9,8.100000381469727
6XDB,8.100000381469727
6TEC,6.9049999713897705
4JKV,8.100000381469727
8C1K,7.684999942779541
5TDF,7.684999942779541
4ZMA,7.684999942779541
4JQA,8.100000381469727
8T4Y,5.585000038146973
4GV7,8.100000381469727
6R3D,8.100000381469727
7PGQ,6.9049999713897705
7FXR,7.684999942779541
1A52,8.100000381469727
2Q7I,8.100000381469727
6MOM,8.100000381469727
4AS0,8.100000381469727
3EPC,7.684999942779541
3DKJ,5.585000038146973
4YJQ,8.100000381469727
6GTT,8.100000381469727
8BEM,8.100000381469727
4QIA,8.100000381469727
5S8H,8.100000381469727
8ILR,7.684999942779541
7AJW,8.100000381469727
8GVZ,8.100000381469727
4EHZ,8.100000381469727
5UGM,8.100000381469727
5KRF,8.100000381469727
4ISF,7.684999942779541
5I2E,6.9049999713897705
8JTV,7.684999942779541
4PXZ,6.9049999713897705
7UGI,7.684999942779541
3LM5,8.100000381469727
7FY5,7.684999942779541
7EAT,8.100000381469727
6UBW,8.100000381469727
8GVX,6.9049999713897705
4BB4,8.100000381469727
5HOY,7.684999942779541
7BJ6,8.100000381469727
6A5X,8.100000381469727
5KRJ,8.100000381469727
5Q1B,8.100000381469727
6GIN,8.100000381469727
